"","hexid","population","fips"
"1","2",1274.95641413628,"06045"
"2","3",617.342732510328,"06023"
"3","4",318.170671465345,"06023"
"4","5",0,"06075"
"5","6",3985.68527468373,"06045"
"6","6",3985.68527468373,"06097"
"7","7",17679.2438276395,"06045"
"8","8",78.316141546474,"06045"
"9","9",4258.0545513517,"06023"
"10","10",836.422746841054,"06023"
"11","11",441.163827519976,"06041"
"12","12",1919.26412062544,"06097"
"13","13",3111.08766634026,"06045"
"14","14",4071.7506273253,"06045"
"15","15",6508.77607791026,"06023"
"16","15",6508.77607791026,"06045"
"17","16",72933.2967069947,"06023"
"18","17",520.320903872546,"06023"
"19","18",1279.14046266525,"06081"
"20","19",2667.04184236383,"06041"
"21","20",48332.7118093032,"06097"
"22","20",48332.7118093032,"06041"
"23","21",12421.5762738484,"06033"
"24","21",12421.5762738484,"06045"
"25","21",12421.5762738484,"06097"
"26","22",15359.576863395,"06045"
"27","23",1264.22464433505,"06023"
"28","23",1264.22464433505,"06045"
"29","23",1264.22464433505,"06105"
"30","24",1865.02159383366,"06023"
"31","24",1865.02159383366,"06105"
"32","25",42854.4715378404,"06023"
"33","26",1303.96554017197,"06023"
"34","26",1303.96554017197,"06015"
"35","27",13524.8923437854,"41015"
"36","27",13524.8923437854,"06015"
"37","28",171.258074789496,"41015"
"38","29",45083.2239786696,"06053"
"39","30",27584.1442862714,"06081"
"40","30",27584.1442862714,"06087"
"41","31",758318.917056986,"06081"
"42","31",758318.917056986,"06075"
"43","32",189882.033128208,"06097"
"44","32",189882.033128208,"06041"
"45","33",65623.1883515084,"06033"
"46","33",65623.1883515084,"06055"
"47","33",65623.1883515084,"06097"
"48","34",48436.4933547425,"06033"
"49","34",48436.4933547425,"06045"
"50","35",2641.37213029291,"06045"
"51","36",971.174278745853,"06023"
"52","36",971.174278745853,"06105"
"53","37",1232.53955265138,"06023"
"54","37",1232.53955265138,"06105"
"55","38",694.830616180896,"06023"
"56","38",694.830616180896,"06015"
"57","39",27050.2635160701,"06015"
"58","40",4784.33994326519,"41015"
"59","41",3197.88895899953,"41015"
"60","41",3197.88895899953,"41011"
"61","42",27.2635545306312,"06053"
"62","43",1954.45926681018,"06053"
"63","44",116232.339409142,"06053"
"64","44",116232.339409142,"06087"
"65","45",789685.452548473,"06001"
"66","45",789685.452548473,"06081"
"67","45",789685.452548473,"06085"
"68","45",789685.452548473,"06087"
"69","46",1418592.0305105,"06001"
"70","46",1418592.0305105,"06013"
"71","46",1418592.0305105,"06041"
"72","46",1418592.0305105,"06075"
"73","47",316344.638303911,"06055"
"74","47",316344.638303911,"06097"
"75","48",47222.3404144425,"06033"
"76","48",47222.3404144425,"06045"
"77","48",47222.3404144425,"06097"
"78","49",343.685428523998,"06033"
"79","49",343.685428523998,"06045"
"80","49",343.685428523998,"06021"
"81","50",75.502289709921,"06045"
"82","50",75.502289709921,"06103"
"83","50",75.502289709921,"06105"
"84","51",2818.72869596729,"06023"
"85","51",2818.72869596729,"06105"
"86","52",5007.9193824154,"06023"
"87","52",5007.9193824154,"06093"
"88","52",5007.9193824154,"06105"
"89","53",33.2232890702208,"06023"
"90","53",33.2232890702208,"06093"
"91","53",33.2232890702208,"06015"
"92","54",824.663127563624,"41033"
"93","54",824.663127563624,"41015"
"94","54",824.663127563624,"06015"
"95","55",526.756790144021,"41015"
"96","55",526.756790144021,"41011"
"97","56",7331.71778316337,"41011"
"98","57",360.511995651186,"06079"
"99","58",402.006859279681,"06053"
"100","59",261461.839279429,"06053"
"101","60",534101.004599636,"06085"
"102","60",534101.004599636,"06087"
"103","61",1023413.84617074,"06001"
"104","61",1023413.84617074,"06013"
"105","61",1023413.84617074,"06081"
"106","62",293208.692347443,"06013"
"107","62",293208.692347443,"06055"
"108","62",293208.692347443,"06097"
"109","62",293208.692347443,"06095"
"110","63",13604.493242365,"06033"
"111","63",13604.493242365,"06055"
"112","63",13604.493242365,"06097"
"113","63",13604.493242365,"06113"
"114","64",636.064733119295,"06033"
"115","64",636.064733119295,"06011"
"116","64",636.064733119295,"06021"
"117","65",54.5635666410281,"06045"
"118","65",54.5635666410281,"06021"
"119","65",54.5635666410281,"06103"
"120","66",288.538637698941,"06089"
"121","66",288.538637698941,"06103"
"122","66",288.538637698941,"06105"
"123","67",477.081498895413,"06105"
"124","68",736.415499999386,"06023"
"125","68",736.415499999386,"06093"
"126","68",736.415499999386,"06015"
"127","69",859.674851736309,"41033"
"128","69",859.674851736309,"41015"
"129","69",859.674851736309,"06093"
"130","69",859.674851736309,"06015"
"131","70",28.4735398786886,"41033"
"132","70",28.4735398786886,"41015"
"133","71",5338.69604558946,"41015"
"134","71",5338.69604558946,"41011"
"135","72",32261.86578965,"41019"
"136","72",32261.86578965,"41011"
"137","73",7664.67638307373,"06079"
"138","74",1283.46173828024,"06079"
"139","74",1283.46173828024,"06053"
"140","75",53468.0604692974,"06069"
"141","75",53468.0604692974,"06053"
"142","76",186686.278014686,"06085"
"143","76",186686.278014686,"06069"
"144","76",186686.278014686,"06053"
"145","76",186686.278014686,"06087"
"146","77",703063.573371717,"06001"
"147","77",703063.573371717,"06085"
"148","78",599366.29013879,"06013"
"149","78",599366.29013879,"06095"
"150","78",599366.29013879,"06067"
"151","79",14490.412830289,"06055"
"152","79",14490.412830289,"06113"
"153","79",14490.412830289,"06095"
"154","80",436.900554495141,"06033"
"155","80",436.900554495141,"06113"
"156","80",436.900554495141,"06011"
"157","81",701.337467645995,"06033"
"158","81",701.337467645995,"06021"
"159","82",41.2023742170975,"06045"
"160","82",41.2023742170975,"06103"
"161","82",41.2023742170975,"06105"
"162","83",7479.38524032594,"06089"
"163","83",7479.38524032594,"06105"
"164","84",172.416031046801,"06093"
"165","84",172.416031046801,"06105"
"166","85",1218.38052211176,"06093"
"167","86",9692.15600593027,"41033"
"168","86",9692.15600593027,"41015"
"169","87",4.10732676781827,"41033"
"170","87",4.10732676781827,"41019"
"171","87",4.10732676781827,"41015"
"172","87",4.10732676781827,"41011"
"173","88",15501.6694781952,"41011"
"174","89",6465.62561830133,"41039"
"175","89",6465.62561830133,"41019"
"176","90",0.150845561936505,"06083"
"177","91",49436.5095540993,"06083"
"178","92",58187.35192229,"06079"
"179","92",58187.35192229,"06083"
"180","93",11573.4538973667,"06079"
"181","93",11573.4538973667,"06053"
"182","94",16422.7756773262,"06069"
"183","94",16422.7756773262,"06053"
"184","95",26992.7455116378,"06069"
"185","95",26992.7455116378,"06053"
"186","96",43891.599116721,"06085"
"187","96",43891.599116721,"06099"
"188","97",171593.473063845,"06001"
"189","97",171593.473063845,"06013"
"190","97",171593.473063845,"06077"
"191","98",219099.506216293,"06055"
"192","98",219099.506216293,"06113"
"193","98",219099.506216293,"06095"
"194","99",8991.62130888481,"06055"
"195","99",8991.62130888481,"06113"
"196","99",8991.62130888481,"06011"
"197","100",2036.66793310567,"06011"
"198","100",2036.66793310567,"06021"
"199","101",2808.52438079179,"06021"
"200","101",2808.52438079179,"06103"
"201","102",3049.76300093319,"06089"
"202","102",3049.76300093319,"06103"
"203","102",3049.76300093319,"06105"
"204","103",769.410045320196,"06093"
"205","103",769.410045320196,"06105"
"206","104",2611.52839750172,"06093"
"207","105",509.137347627783,"41033"
"208","105",509.137347627783,"06093"
"209","105",509.137347627783,"41029"
"210","106",56978.8970119856,"41033"
"211","107",2890.34432265994,"41019"
"212","107",2890.34432265994,"41011"
"213","108",1214.79069919764,"41019"
"214","108",1214.79069919764,"41011"
"215","109",13147.3378381667,"41039"
"216","110",1.0056370795767,"06083"
"217","111",165.371549503877,"06083"
"218","112",167311.271652065,"06079"
"219","112",167311.271652065,"06083"
"220","113",131312.43001382,"06079"
"221","114",1298.59885084251,"06079"
"222","114",1298.59885084251,"06053"
"223","115",261.692817359318,"06069"
"224","115",261.692817359318,"06053"
"225","116",2627.54763617584,"06047"
"226","116",2627.54763617584,"06085"
"227","116",2627.54763617584,"06069"
"228","116",2627.54763617584,"06099"
"229","117",15668.3041450863,"06001"
"230","117",15668.3041450863,"06085"
"231","117",15668.3041450863,"06099"
"232","117",15668.3041450863,"06077"
"233","118",138296.672918208,"06013"
"234","118",138296.672918208,"06095"
"235","118",138296.672918208,"06077"
"236","118",138296.672918208,"06067"
"237","119",193100.83256102,"06113"
"238","119",193100.83256102,"06095"
"239","119",193100.83256102,"06067"
"240","120",21647.2045214551,"06101"
"241","120",21647.2045214551,"06011"
"242","121",27647.127375334,"06021"
"243","121",27647.127375334,"06103"
"244","121",27647.127375334,"06007"
"245","122",34915.0279804801,"06103"
"246","123",25905.1046475006,"06089"
"247","123",25905.1046475006,"06105"
"248","124",473.454114470455,"06093"
"249","124",473.454114470455,"06105"
"250","125",1045.11197292468,"06093"
"251","126",36925.163506364,"41033"
"252","126",36925.163506364,"41029"
"253","127",10805.8508169062,"41033"
"254","127",10805.8508169062,"41019"
"255","128",5538.74821851169,"41019"
"256","128",5538.74821851169,"41011"
"257","129",1147.33949489518,"41039"
"258","129",1147.33949489518,"41019"
"259","130",9135.17967852426,"41039"
"260","130",9135.17967852426,"41041"
"261","131",8.56769760827937,"41041"
"262","132",2.98632311089298,"06083"
"263","133",23562.4289194989,"06083"
"264","134",13448.7661172949,"06079"
"265","134",13448.7661172949,"06083"
"266","135",47337.7640054429,"06079"
"267","135",47337.7640054429,"06053"
"268","136",246.387516703287,"06019"
"269","136",246.387516703287,"06069"
"270","136",246.387516703287,"06053"
"271","137",191.844339152453,"06019"
"272","137",191.844339152453,"06047"
"273","137",191.844339152453,"06069"
"274","138",45791.0256797075,"06047"
"275","138",45791.0256797075,"06099"
"276","139",479076.651534354,"06099"
"277","139",479076.651534354,"06077"
"278","140",532201.792297432,"06113"
"279","140",532201.792297432,"06095"
"280","140",532201.792297432,"06077"
"281","140",532201.792297432,"06067"
"282","141",14120.666435491,"06115"
"283","141",14120.666435491,"06101"
"284","141",14120.666435491,"06113"
"285","141",14120.666435491,"06011"
"286","141",14120.666435491,"06061"
"287","141",14120.666435491,"06067"
"288","142",14988.2103820113,"06101"
"289","142",14988.2103820113,"06011"
"290","142",14988.2103820113,"06021"
"291","142",14988.2103820113,"06007"
"292","143",26045.4548640557,"06021"
"293","143",26045.4548640557,"06103"
"294","143",26045.4548640557,"06007"
"295","144",140878.074187723,"06089"
"296","144",140878.074187723,"06103"
"297","145",803.022161379491,"06093"
"298","145",803.022161379491,"06089"
"299","145",803.022161379491,"06105"
"300","146",5419.93943959771,"06093"
"301","147",23363.928601463,"06093"
"302","147",23363.928601463,"41029"
"303","148",7654.97786742884,"41033"
"304","148",7654.97786742884,"41019"
"305","148",7654.97786742884,"41029"
"306","149",61877.7857599637,"41019"
"307","150",3449.58933519801,"41039"
"308","150",3449.58933519801,"41019"
"309","151",1723.12568342505,"41039"
"310","151",1723.12568342505,"41003"
"311","151",1723.12568342505,"41041"
"312","152",23547.2368136952,"41041"
"313","152",23547.2368136952,"41053"
"314","153",941.502089829019,"41057"
"315","154",56.6897977347142,"06111"
"316","155",6.43377272431686,"06083"
"317","156",98018.8912410967,"06083"
"318","157",383.183237438996,"06079"
"319","157",383.183237438996,"06083"
"320","158",946.557555174873,"06079"
"321","158",946.557555174873,"06029"
"322","159",14220.8376030621,"06019"
"323","159",14220.8376030621,"06053"
"324","159",14220.8376030621,"06031"
"325","160",312.270694212415,"06019"
"326","160",312.270694212415,"06069"
"327","161",49964.7582490915,"06047"
"328","162",455886.90439916,"06099"
"329","162",455886.90439916,"06077"
"330","163",247939.471629572,"06005"
"331","163",247939.471629572,"06009"
"332","163",247939.471629572,"06077"
"333","163",247939.471629572,"06067"
"334","164",1259711.56540311,"06101"
"335","164",1259711.56540311,"06113"
"336","164",1259711.56540311,"06061"
"337","164",1259711.56540311,"06067"
"338","165",165367.111849135,"06115"
"339","165",165367.111849135,"06101"
"340","165",165367.111849135,"06007"
"341","166",154984.743849531,"06021"
"342","166",154984.743849531,"06103"
"343","166",154984.743849531,"06007"
"344","167",622.885902245241,"06089"
"345","167",622.885902245241,"06103"
"346","168",5851.32204025488,"06089"
"347","169",14162.9228720497,"06093"
"348","169",14162.9228720497,"06089"
"349","169",14162.9228720497,"06105"
"350","170",10916.7181706783,"06093"
"351","170",10916.7181706783,"41029"
"352","171",158812.223615318,"41029"
"353","172",1233.23639455235,"41019"
"354","172",1233.23639455235,"41029"
"355","173",17210.9794335709,"41039"
"356","173",17210.9794335709,"41019"
"357","174",19633.7710929941,"41039"
"358","174",19633.7710929941,"41019"
"359","175",3803.82890607953,"41003"
"360","175",3803.82890607953,"41041"
"361","176",14787.7670004775,"41057"
"362","176",14787.7670004775,"41041"
"363","176",14787.7670004775,"41053"
"364","176",14787.7670004775,"41071"
"365","177",5986.13567842753,"41057"
"366","178",2.74305472909908,"06111"
"367","179",0.240514868198761,"06083"
"368","180",134.70052939726,"06083"
"369","181",494.279496145601,"06079"
"370","181",494.279496145601,"06083"
"371","181",494.279496145601,"06029"
"372","182",102.966548553514,"06079"
"373","182",102.966548553514,"06053"
"374","182",102.966548553514,"06031"
"375","182",102.966548553514,"06029"
"376","183",1952.81552206763,"06019"
"377","184",32619.050131553,"06019"
"378","184",32619.050131553,"06047"
"379","184",32619.050131553,"06039"
"380","185",162323.683255707,"06047"
"381","185",162323.683255707,"06099"
"382","186",45076.7909775503,"06009"
"383","186",45076.7909775503,"06099"
"384","186",45076.7909775503,"06077"
"385","187",32830.0739301182,"06005"
"386","187",32830.0739301182,"06077"
"387","187",32830.0739301182,"06017"
"388","187",32830.0739301182,"06067"
"389","188",150799.773257666,"06057"
"390","188",150799.773257666,"06115"
"391","188",150799.773257666,"06101"
"392","188",150799.773257666,"06061"
"393","189",55220.843064609,"06115"
"394","189",55220.843064609,"06007"
"395","190",1568.84138518201,"06063"
"396","190",1568.84138518201,"06103"
"397","190",1568.84138518201,"06007"
"398","191",5983.22547027476,"06089"
"399","191",5983.22547027476,"06103"
"400","192",1275.3557820919,"06093"
"401","192",1275.3557820919,"06089"
"402","193",2867.64248730736,"06093"
"403","194",4740.53602633101,"41035"
"404","194",4740.53602633101,"06093"
"405","194",4740.53602633101,"41029"
"406","195",7445.30641117901,"41019"
"407","195",7445.30641117901,"41029"
"408","196",1769.3231856459,"41019"
"409","197",25294.7853268462,"41039"
"410","197",25294.7853268462,"41019"
"411","198",22135.9284576121,"41039"
"412","198",22135.9284576121,"41043"
"413","198",22135.9284576121,"41003"
"414","199",10987.1598137156,"41003"
"415","199",10987.1598137156,"41041"
"416","199",10987.1598137156,"41053"
"417","200",13691.5722623538,"41057"
"418","200",13691.5722623538,"41071"
"419","201",12400.1603755984,"41007"
"420","201",12400.1603755984,"41057"
"421","202",8252.75754375439,"53049"
"422","203",0,"53009"
"423","204",0,"06083"
"424","205",0.420901019347833,"06083"
"425","205",0.420901019347833,"06111"
"426","206",111334.098001477,"06083"
"427","206",111334.098001477,"06111"
"428","207",753.772338221527,"06079"
"429","207",753.772338221527,"06083"
"430","207",753.772338221527,"06029"
"431","208",445.210034717785,"06079"
"432","208",445.210034717785,"06029"
"433","209",34179.8722953417,"06019"
"434","209",34179.8722953417,"06031"
"435","210",17586.4370178782,"06019"
"436","210",17586.4370178782,"06039"
"437","211",119779.661421734,"06019"
"438","211",119779.661421734,"06047"
"439","211",119779.661421734,"06039"
"440","212",15722.2049533458,"06047"
"441","212",15722.2049533458,"06009"
"442","212",15722.2049533458,"06043"
"443","212",15722.2049533458,"06099"
"444","212",15722.2049533458,"06109"
"445","213",34314.5999013095,"06005"
"446","213",34314.5999013095,"06009"
"447","213",34314.5999013095,"06077"
"448","214",204669.544871422,"06061"
"449","214",204669.544871422,"06017"
"450","214",204669.544871422,"06067"
"451","215",65340.4850014053,"06057"
"452","215",65340.4850014053,"06115"
"453","215",65340.4850014053,"06091"
"454","216",1443.03813906244,"06063"
"455","216",1443.03813906244,"06007"
"456","217",164.875947510689,"06063"
"457","217",164.875947510689,"06089"
"458","217",164.875947510689,"06103"
"459","218",5444.38195775335,"06089"
"460","219",75.7674852225858,"06093"
"461","220",1421.92612967398,"41035"
"462","220",1421.92612967398,"06093"
"463","220",1421.92612967398,"41029"
"464","221",389.60506534608,"41035"
"465","221",389.60506534608,"41029"
"466","222",14.6277710321651,"41019"
"467","222",14.6277710321651,"41029"
"468","223",360.729075499159,"41039"
"469","223",360.729075499159,"41019"
"470","224",282770.183802058,"41039"
"471","224",282770.183802058,"41043"
"472","225",145355.410083859,"41043"
"473","225",145355.410083859,"41047"
"474","225",145355.410083859,"41003"
"475","225",145355.410083859,"41053"
"476","226",37425.4079886831,"41057"
"477","226",37425.4079886831,"41053"
"478","226",37425.4079886831,"41071"
"479","227",1346.29041793515,"41007"
"480","227",1346.29041793515,"41057"
"481","227",1346.29041793515,"41067"
"482","228",24475.2873025482,"53049"
"483","228",24475.2873025482,"41007"
"484","228",24475.2873025482,"53069"
"485","229",5630.16006351464,"53049"
"486","229",5630.16006351464,"53027"
"487","230",1792.33822295998,"53027"
"488","231",1593.25796892402,"53009"
"489","231",1593.25796892402,"53031"
"490","232",1501.32560516926,"53009"
"491","233",382206.255435601,"06111"
"492","234",520.813666279574,"06079"
"493","234",520.813666279574,"06083"
"494","234",520.813666279574,"06111"
"495","234",520.813666279574,"06029"
"496","235",3101.72103019275,"06079"
"497","235",3101.72103019275,"06029"
"498","236",82.3444274892466,"06031"
"499","236",82.3444274892466,"06029"
"500","237",28607.13772425,"06019"
"501","237",28607.13772425,"06031"
"502","238",117810.481738318,"06019"
"503","238",117810.481738318,"06039"
"504","239",8467.68091489337,"06047"
"505","239",8467.68091489337,"06043"
"506","239",8467.68091489337,"06099"
"507","239",8467.68091489337,"06109"
"508","240",46107.4083000804,"06009"
"509","240",46107.4083000804,"06109"
"510","241",30915.5204269541,"06005"
"511","241",30915.5204269541,"06009"
"512","241",30915.5204269541,"06017"
"513","242",50259.3128677296,"06057"
"514","242",50259.3128677296,"06061"
"515","242",50259.3128677296,"06017"
"516","243",1143.82830526529,"06115"
"517","243",1143.82830526529,"06063"
"518","243",1143.82830526529,"06091"
"519","243",1143.82830526529,"06007"
"520","244",1357.44898055353,"06063"
"521","244",1357.44898055353,"06103"
"522","244",1357.44898055353,"06007"
"523","245",338.44226553511,"06089"
"524","245",338.44226553511,"06035"
"525","246",529.205572175709,"06093"
"526","246",529.205572175709,"06089"
"527","246",529.205572175709,"06049"
"528","247",458.324873343491,"06093"
"529","248",8618.37761216575,"41035"
"530","249",43.8145464435797,"41035"
"531","249",43.8145464435797,"41029"
"532","250",112.481048542599,"41039"
"533","250",112.481048542599,"41019"
"534","251",5696.63783048839,"41039"
"535","252",46527.1141035787,"41039"
"536","252",46527.1141035787,"41043"
"537","253",316434.763793924,"41043"
"538","253",316434.763793924,"41047"
"539","253",316434.763793924,"41053"
"540","253",316434.763793924,"41071"
"541","254",28345.4245275772,"41057"
"542","254",28345.4245275772,"41071"
"543","254",28345.4245275772,"41067"
"544","255",1513.15797638666,"41007"
"545","255",1513.15797638666,"41009"
"546","256",5750.03160085502,"53049"
"547","256",5750.03160085502,"53069"
"548","257",39025.8597959352,"53027"
"549","258",390.642221080462,"53031"
"550","258",390.642221080462,"53027"
"551","259",4796.26160566512,"53009"
"552","260",5.41517315393712,"06037"
"553","261",0,"06083"
"554","262",44611.9666881918,"06037"
"555","262",44611.9666881918,"06111"
"556","263",18536.6041768149,"06111"
"557","264",25573.7772315085,"06079"
"558","264",25573.7772315085,"06029"
"559","265",36428.4850440947,"06107"
"560","265",36428.4850440947,"06031"
"561","265",36428.4850440947,"06029"
"562","266",89710.5418058079,"06107"
"563","266",89710.5418058079,"06031"
"564","267",675638.40393132,"06019"
"565","267",675638.40393132,"06039"
"566","268",2497.68481856953,"06047"
"567","268",2497.68481856953,"06039"
"568","268",2497.68481856953,"06043"
"569","269",8265.86552988463,"06043"
"570","269",8265.86552988463,"06109"
"571","270",12748.5727251311,"06005"
"572","270",12748.5727251311,"06009"
"573","270",12748.5727251311,"06109"
"574","271",18841.385577698,"06061"
"575","271",18841.385577698,"06017"
"576","272",2097.86217554842,"06057"
"577","272",2097.86217554842,"06091"
"578","272",2097.86217554842,"06061"
"579","273",5998.16853269379,"06063"
"580","273",5998.16853269379,"06091"
"581","274",2833.86192824667,"06063"
"582","274",2833.86192824667,"06089"
"583","274",2833.86192824667,"06035"
"584","275",2604.85090274543,"06089"
"585","275",2604.85090274543,"06035"
"586","276",0,"06093"
"587","276",0,"06049"
"588","277",21634.1489018868,"41035"
"589","277",21634.1489018868,"06093"
"590","278",3202.09003112323,"41035"
"591","279",60.7248506617977,"41035"
"592","279",60.7248506617977,"41019"
"593","279",60.7248506617977,"41029"
"594","280",3354.49780945772,"41035"
"595","280",3354.49780945772,"41039"
"596","281",2831.8100567563,"41039"
"597","281",2831.8100567563,"41043"
"598","282",33649.8048749309,"41043"
"599","282",33649.8048749309,"41047"
"600","283",154442.33565932,"41005"
"601","283",154442.33565932,"41047"
"602","283",154442.33565932,"41071"
"603","283",154442.33565932,"41067"
"604","284",12142.3694871021,"41007"
"605","284",12142.3694871021,"41009"
"606","284",12142.3694871021,"41057"
"607","284",12142.3694871021,"41067"
"608","285",5614.92019695822,"53015"
"609","285",5614.92019695822,"53049"
"610","285",5614.92019695822,"41007"
"611","285",5614.92019695822,"53041"
"612","285",5614.92019695822,"41009"
"613","285",5614.92019695822,"53069"
"614","286",13169.8712577917,"53049"
"615","286",13169.8712577917,"53027"
"616","287",1163.67506053524,"53031"
"617","287",1163.67506053524,"53027"
"618","288",1870.98027385198,"53009"
"619","288",1870.98027385198,"53031"
"620","289",375.862898023267,"53009"
"621","290",0.208777760151793,"06037"
"622","291",34.6776180304573,"06037"
"623","292",361561.773101848,"06111"
"624","293",10727.0578812955,"06037"
"625","293",10727.0578812955,"06111"
"626","293",10727.0578812955,"06029"
"627","294",279449.380860894,"06029"
"628","295",31910.0892302292,"06107"
"629","295",31910.0892302292,"06031"
"630","295",31910.0892302292,"06029"
"631","296",172925.624818286,"06019"
"632","296",172925.624818286,"06107"
"633","296",172925.624818286,"06031"
"634","297",85843.2626040103,"06019"
"635","297",85843.2626040103,"06039"
"636","298",12101.4910613681,"06043"
"637","299",15767.3695520969,"06109"
"638","300",167.847441216675,"06003"
"639","300",167.847441216675,"06005"
"640","300",167.847441216675,"06009"
"641","300",167.847441216675,"06017"
"642","301",100.836219213888,"06057"
"643","301",100.836219213888,"06061"
"644","301",100.836219213888,"06017"
"645","302",4217.20746588576,"06057"
"646","302",4217.20746588576,"06063"
"647","302",4217.20746588576,"06091"
"648","303",3651.84103200183,"06063"
"649","303",3651.84103200183,"06035"
"650","304",5.4925327452104,"06035"
"651","305",1023.59930091551,"06093"
"652","305",1023.59930091551,"06089"
"653","305",1023.59930091551,"06035"
"654","305",1023.59930091551,"06049"
"655","306",2041.77455327089,"06093"
"656","306",2041.77455327089,"06049"
"657","307",26075.486994314,"41035"
"658","308",65.881195117037,"41035"
"659","309",232.796429251392,"41035"
"660","309",232.796429251392,"41039"
"661","309",232.796429251392,"41019"
"662","310",4.12130859068773,"41039"
"663","311",507.152875338662,"41043"
"664","312",40036.9155859107,"41005"
"665","312",40036.9155859107,"41047"
"666","313",862750.297772826,"41005"
"667","313",862750.297772826,"41051"
"668","313",862750.297772826,"53011"
"669","313",862750.297772826,"41071"
"670","313",862750.297772826,"41067"
"671","314",84933.0389603246,"53015"
"672","314",84933.0389603246,"41009"
"673","314",84933.0389603246,"53069"
"674","315",4319.1469346389,"53049"
"675","315",4319.1469346389,"53041"
"676","316",10379.2829360217,"53045"
"677","316",10379.2829360217,"53027"
"678","317",279.069352113584,"53031"
"679","317",279.069352113584,"53027"
"680","318",830.844487104157,"53009"
"681","319",0,"06037"
"682","320",195.323593669901,"06037"
"683","321",903961.424745155,"06037"
"684","321",903961.424745155,"06111"
"685","322",416.109608103008,"06037"
"686","322",416.109608103008,"06111"
"687","322",416.109608103008,"06029"
"688","323",236650.329091279,"06029"
"689","324",89133.0568206214,"06107"
"690","324",89133.0568206214,"06029"
"691","325",290224.593198544,"06107"
"692","325",290224.593198544,"06031"
"693","326",88763.292542538,"06019"
"694","327",27905.5408841062,"06039"
"695","327",27905.5408841062,"06043"
"696","328",118.443795837379,"06043"
"697","328",118.443795837379,"06109"
"698","329",197.554222343924,"06003"
"699","329",197.554222343924,"06005"
"700","329",197.554222343924,"06009"
"701","329",197.554222343924,"06109"
"702","330",28747.9601094416,"06061"
"703","330",28747.9601094416,"32005"
"704","330",28747.9601094416,"06017"
"705","331",6716.6937168538,"06057"
"706","331",6716.6937168538,"06091"
"707","331",6716.6937168538,"06061"
"708","332",946.876548930014,"06063"
"709","333",12727.6969611721,"06035"
"710","334",638.333185124016,"06035"
"711","334",638.333185124016,"06049"
"712","335",41.7164878658333,"06049"
"713","336",3012.10996757172,"41035"
"714","336",3012.10996757172,"06093"
"715","336",3012.10996757172,"06049"
"716","337",490.306793637569,"41035"
"717","337",490.306793637569,"41037"
"718","338",234.396538780913,"41035"
"719","339",11.0286984327785,"41035"
"720","339",11.0286984327785,"41039"
"721","339",11.0286984327785,"41017"
"722","340",696.69806452123,"41039"
"723","340",696.69806452123,"41043"
"724","341",4021.52275591286,"41005"
"725","341",4021.52275591286,"41043"
"726","341",4021.52275591286,"41047"
"727","342",428925.126664586,"41005"
"728","342",428925.126664586,"41051"
"729","342",428925.126664586,"41047"
"730","342",428925.126664586,"41067"
"731","343",152444.103527444,"41051"
"732","343",152444.103527444,"53015"
"733","343",152444.103527444,"53011"
"734","343",152444.103527444,"41009"
"735","343",152444.103527444,"41067"
"736","344",22341.3033478352,"53015"
"737","344",22341.3033478352,"53041"
"738","344",22341.3033478352,"53069"
"739","345",30118.4149273369,"53049"
"740","345",30118.4149273369,"53045"
"741","345",30118.4149273369,"53027"
"742","345",30118.4149273369,"53067"
"743","345",30118.4149273369,"53041"
"744","346",1289.04791705191,"53031"
"745","346",1289.04791705191,"53045"
"746","346",1289.04791705191,"53027"
"747","347",5765.25752370135,"53009"
"748","347",5765.25752370135,"53031"
"749","348",3776.91401707695,"06037"
"750","349",2642111.57156032,"06037"
"751","350",506691.877871274,"06037"
"752","350",506691.877871274,"06111"
"753","351",3834.9083746288,"06037"
"754","351",3834.9083746288,"06029"
"755","352",196058.845461833,"06029"
"756","353",108383.075576134,"06107"
"757","354",62671.2696418678,"06019"
"758","354",62671.2696418678,"06107"
"759","355",10251.2140672516,"06019"
"760","355",10251.2140672516,"06039"
"761","356",1154.53821284364,"06039"
"762","356",1154.53821284364,"06043"
"763","357",16.2536777005051,"06051"
"764","357",16.2536777005051,"06109"
"765","358",1235.67146157282,"06003"
"766","358",1235.67146157282,"06005"
"767","358",1235.67146157282,"32005"
"768","358",1235.67146157282,"06017"
"769","359",39917.2030273586,"06057"
"770","359",39917.2030273586,"32031"
"771","359",39917.2030273586,"06061"
"772","359",39917.2030273586,"32510"
"773","359",39917.2030273586,"32005"
"774","359",39917.2030273586,"06017"
"775","360",3059.49536386447,"06063"
"776","360",3059.49536386447,"06091"
"777","360",3059.49536386447,"06035"
"778","361",15025.4448993042,"06063"
"779","361",15025.4448993042,"06035"
"780","362",158.203830831085,"06035"
"781","363",1373.30527220762,"06049"
"782","364",0.252669356272728,"41035"
"783","364",0.252669356272728,"06049"
"784","364",0.252669356272728,"41037"
"785","365",1023.48803247468,"41035"
"786","366",12.0250831780003,"41035"
"787","366",12.0250831780003,"41037"
"788","367",2983.65879002314,"41035"
"789","367",2983.65879002314,"41017"
"790","368",9.28518855223645,"41039"
"791","368",9.28518855223645,"41017"
"792","369",201.874548650608,"41043"
"793","369",201.874548650608,"41031"
"794","369",201.874548650608,"41047"
"795","370",3303.01140543727,"41005"
"796","371",787683.282894782,"41005"
"797","371",787683.282894782,"41051"
"798","371",787683.282894782,"53011"
"799","371",787683.282894782,"53059"
"800","372",9648.89111679887,"53015"
"801","373",62260.1527805405,"53067"
"802","373",62260.1527805405,"53041"
"803","374",56008.9677581835,"53045"
"804","374",56008.9677581835,"53027"
"805","374",56008.9677581835,"53067"
"806","375",1.54648674622036,"53009"
"807","375",1.54648674622036,"53031"
"808","375",1.54648674622036,"53045"
"809","376",628.463101565647,"53009"
"810","377",892874.406527108,"06037"
"811","377",892874.406527108,"06059"
"812","378",2626290.51931822,"06037"
"813","379",39520.2833212083,"06037"
"814","379",39520.2833212083,"06029"
"815","380",27771.4621992574,"06029"
"816","381",1239.95493499174,"06107"
"817","381",1239.95493499174,"06029"
"818","382",8008.95293869848,"06107"
"819","383",1796.26044630895,"06019"
"820","383",1796.26044630895,"06107"
"821","384",7.76690881373341,"06019"
"822","384",7.76690881373341,"06039"
"823","385",4.53034059769249,"06051"
"824","385",4.53034059769249,"06043"
"825","385",4.53034059769249,"06109"
"826","386",1337.31760852122,"06003"
"827","386",1337.31760852122,"06051"
"828","386",1337.31760852122,"06109"
"829","386",1337.31760852122,"32005"
"830","387",78143.5598548258,"06003"
"831","387",78143.5598548258,"32510"
"832","387",78143.5598548258,"32005"
"833","387",78143.5598548258,"06017"
"834","388",353719.307328178,"06057"
"835","388",353719.307328178,"06091"
"836","388",353719.307328178,"32031"
"837","389",2058.67861038393,"06063"
"838","389",2058.67861038393,"32031"
"839","389",2058.67861038393,"06035"
"840","390",53.8082604044236,"06035"
"841","391",274.789213559626,"06035"
"842","391",274.789213559626,"06049"
"843","392",184.116665291992,"06049"
"844","393",46.5536137913339,"41035"
"845","393",46.5536137913339,"41037"
"846","394",10.129068111634,"41035"
"847","394",10.129068111634,"41037"
"848","395",65.0709261852243,"41035"
"849","395",65.0709261852243,"41037"
"850","396",19805.3872037775,"41017"
"851","397",7817.68668252629,"41039"
"852","397",7817.68668252629,"41043"
"853","397",7817.68668252629,"41017"
"854","397",7817.68668252629,"41031"
"855","398",49.4448969746147,"41005"
"856","398",49.4448969746147,"41065"
"857","398",49.4448969746147,"41031"
"858","398",49.4448969746147,"41047"
"859","399",32418.2000463112,"41005"
"860","399",32418.2000463112,"41051"
"861","399",32418.2000463112,"53059"
"862","400",16292.1687397288,"53015"
"863","400",16292.1687397288,"53011"
"864","400",16292.1687397288,"53059"
"865","401",9307.27534203694,"53015"
"866","401",9307.27534203694,"53041"
"867","402",276154.287835695,"53053"
"868","402",276154.287835695,"53045"
"869","402",276154.287835695,"53067"
"870","403",24564.5758087915,"53031"
"871","403",24564.5758087915,"53045"
"872","403",24564.5758087915,"53035"
"873","404",57214.7116846146,"53009"
"874","405",1.29137029361788,"53055"
"875","406",130425.57362907,"06059"
"876","407",2846418.42044946,"06037"
"877","407",2846418.42044946,"06059"
"878","407",2846418.42044946,"06071"
"879","408",196789.181312612,"06037"
"880","409",19584.0258121541,"06029"
"881","410",15120.4127213426,"06029"
"882","411",3004.60517839477,"06107"
"883","412",328.551329881206,"06019"
"884","412",328.551329881206,"06107"
"885","413",24.5329642969091,"06019"
"886","414",9305.97644200933,"06019"
"887","414",9305.97644200933,"06051"
"888","414",9305.97644200933,"06039"
"889","414",9305.97644200933,"06043"
"890","414",9305.97644200933,"06109"
"891","415",703.333408624344,"06051"
"892","415",703.333408624344,"06109"
"893","416",5461.68785177395,"06003"
"894","416",5461.68785177395,"06051"
"895","416",5461.68785177395,"32005"
"896","416",5461.68785177395,"32019"
"897","417",109293.715338773,"32031"
"898","417",109293.715338773,"32510"
"899","417",109293.715338773,"32029"
"900","417",109293.715338773,"32019"
"901","418",4737.452611493,"06091"
"902","418",4737.452611493,"32031"
"903","418",4737.452611493,"06035"
"904","419",54.0336791830682,"32031"
"905","419",54.0336791830682,"06035"
"906","420",66.6912923698052,"32031"
"907","420",66.6912923698052,"06035"
"908","421",4455.70106753581,"06049"
"909","422",305.132353128378,"06049"
"910","422",305.132353128378,"41037"
"911","423",0,"41035"
"912","423",0,"41037"
"913","424",376.539047732665,"41037"
"914","425",1.74665478048772,"41035"
"915","425",1.74665478048772,"41017"
"916","425",1.74665478048772,"41037"
"917","426",133977.51229232,"41017"
"918","427",114.114419160601,"41043"
"919","427",114.114419160601,"41031"
"920","427",114.114419160601,"41047"
"921","428",232.271383575273,"41005"
"922","428",232.271383575273,"41065"
"923","428",232.271383575273,"41027"
"924","429",9419.93406294429,"41051"
"925","429",9419.93406294429,"53059"
"926","429",9419.93406294429,"41027"
"927","430",3.6817196059277,"53015"
"928","430",3.6817196059277,"53059"
"929","430",3.6817196059277,"53041"
"930","431",24015.1198369316,"53053"
"931","431",24015.1198369316,"53067"
"932","431",24015.1198369316,"53041"
"933","432",300568.42714432,"53053"
"934","432",300568.42714432,"53045"
"935","432",300568.42714432,"53033"
"936","432",300568.42714432,"53035"
"937","433",15702.5249690504,"53009"
"938","433",15702.5249690504,"53031"
"939","433",15702.5249690504,"53035"
"940","434",7286.54409082126,"53055"
"941","435",2649.96109659211,"06073"
"942","436",10155.1567422954,"06073"
"943","437",1435121.39261987,"06059"
"944","437",1435121.39261987,"06071"
"945","437",1435121.39261987,"06065"
"946","438",262032.071100301,"06037"
"947","438",262032.071100301,"06071"
"948","439",146559.944793643,"06037"
"949","439",146559.944793643,"06029"
"950","440",460.79834869025,"06029"
"951","441",1781.13523991021,"06107"
"952","441",1781.13523991021,"06029"
"953","442",9.4025415665877,"06107"
"954","443",0,"06019"
"955","444",1449.8359066487,"06019"
"956","444",1449.8359066487,"06051"
"957","444",1449.8359066487,"06027"
"958","445",475.472863206882,"06051"
"959","446",34.0948899464633,"06051"
"960","446",34.0948899464633,"32021"
"961","446",34.0948899464633,"32005"
"962","446",34.0948899464633,"32019"
"963","447",2505.88939480605,"32510"
"964","447",2505.88939480605,"32005"
"965","447",2505.88939480605,"32019"
"966","448",83963.7977436645,"32031"
"967","448",83963.7977436645,"32029"
"968","448",83963.7977436645,"32019"
"969","449",45.520152275758,"32031"
"970","450",3.61589912164009,"32031"
"971","450",3.61589912164009,"06035"
"972","451",160.994218515439,"32031"
"973","451",160.994218515439,"06035"
"974","451",160.994218515439,"06049"
"975","452",519.546885193024,"06049"
"976","453",4767.49982468367,"41037"
"977","454",386.566785287812,"41037"
"978","455",926.39830212115,"41037"
"979","456",1548.8008727749,"41017"
"980","456",1548.8008727749,"41013"
"981","457",51626.9043562851,"41017"
"982","457",51626.9043562851,"41031"
"983","457",51626.9043562851,"41013"
"984","458",581.749133688259,"41065"
"985","458",581.749133688259,"41031"
"986","459",7208.35480860064,"41005"
"987","459",7208.35480860064,"41051"
"988","459",7208.35480860064,"41065"
"989","459",7208.35480860064,"41027"
"990","460",25.0134789428472,"53059"
"991","461",5092.82000745436,"53059"
"992","461",5092.82000745436,"53041"
"993","462",543604.108679035,"53053"
"994","462",543604.108679035,"53033"
"995","463",695416.424417566,"53031"
"996","463",695416.424417566,"53061"
"997","463",695416.424417566,"53033"
"998","463",695416.424417566,"53035"
"999","464",63303.9216312352,"53009"
"1000","464",63303.9216312352,"53031"
"1001","464",63303.9216312352,"53029"
"1002","465",7848.44462623275,"53055"
"1003","466",2705.46681217326,"06073"
"1004","467",488832.58685152,"06073"
"1005","468",138670.457217449,"06059"
"1006","468",138670.457217449,"06073"
"1007","468",138670.457217449,"06065"
"1008","469",1607623.13434156,"06037"
"1009","469",1607623.13434156,"06059"
"1010","469",1607623.13434156,"06071"
"1011","469",1607623.13434156,"06065"
"1012","470",30274.3486891052,"06037"
"1013","470",30274.3486891052,"06071"
"1014","471",18899.7111999651,"06029"
"1015","472",1881.32106360152,"06107"
"1016","472",1881.32106360152,"06027"
"1017","472",1881.32106360152,"06029"
"1018","473",5.24973398106518,"06107"
"1019","473",5.24973398106518,"06027"
"1020","474",5.60089240237679,"06019"
"1021","474",5.60089240237679,"06107"
"1022","474",5.60089240237679,"06027"
"1023","475",9132.1631500189,"06019"
"1024","475",9132.1631500189,"06027"
"1025","476",75.2353551249927,"06051"
"1026","477",3.97583000885492,"06051"
"1027","477",3.97583000885492,"32021"
"1028","477",3.97583000885492,"32019"
"1029","478",8417.86395426869,"32021"
"1030","478",8417.86395426869,"32019"
"1031","479",10687.9771174058,"32001"
"1032","479",10687.9771174058,"32029"
"1033","479",10687.9771174058,"32019"
"1034","480",835.756633937771,"32001"
"1035","480",835.756633937771,"32031"
"1036","480",835.756633937771,"32027"
"1037","481",21.3510233849225,"32031"
"1038","482",7.23179824328017,"32031"
"1039","482",7.23179824328017,"06035"
"1040","483",709.429119321737,"32031"
"1041","483",709.429119321737,"06049"
"1042","484",385.040007895742,"32031"
"1043","484",385.040007895742,"06049"
"1044","484",385.040007895742,"41037"
"1045","485",92.2001114893606,"41037"
"1046","486",572.466181734851,"41037"
"1047","487",0,"41017"
"1048","487",0,"41037"
"1049","488",20827.2563468105,"41017"
"1050","488",20827.2563468105,"41013"
"1051","489",16622.0630110364,"41065"
"1052","489",16622.0630110364,"41031"
"1053","490",1507.94156366567,"41065"
"1054","490",1507.94156366567,"41027"
"1055","491",24422.1430456043,"41065"
"1056","491",24422.1430456043,"53059"
"1057","491",24422.1430456043,"41027"
"1058","491",24422.1430456043,"53039"
"1059","492",105.714751079742,"53077"
"1060","492",105.714751079742,"53059"
"1061","492",105.714751079742,"53041"
"1062","493",1044.06371731855,"53053"
"1063","493",1044.06371731855,"53041"
"1064","494",922795.966357249,"53053"
"1065","494",922795.966357249,"53033"
"1066","495",372152.553036331,"53031"
"1067","495",372152.553036331,"53061"
"1068","495",372152.553036331,"53033"
"1069","495",372152.553036331,"53029"
"1070","495",372152.553036331,"53035"
"1071","496",40400.6380231376,"53073"
"1072","496",40400.6380231376,"53057"
"1073","496",40400.6380231376,"53055"
"1074","496",40400.6380231376,"53029"
"1075","497",19909.6012711934,"53073"
"1076","498",1710989.27253389,"06073"
"1077","499",616216.792551945,"06073"
"1078","499",616216.792551945,"06065"
"1079","500",825586.871052178,"06059"
"1080","500",825586.871052178,"06065"
"1081","501",95496.179297181,"06037"
"1082","501",95496.179297181,"06071"
"1083","502",2907.5101148175,"06037"
"1084","502",2907.5101148175,"06029"
"1085","502",2907.5101148175,"06071"
"1086","503",515.195624268006,"06029"
"1087","503",515.195624268006,"06071"
"1088","504",85.0056244617067,"06107"
"1089","504",85.0056244617067,"06027"
"1090","504",85.0056244617067,"06029"
"1091","505",2071.42530685196,"06107"
"1092","505",2071.42530685196,"06027"
"1093","506",1884.34872402916,"06019"
"1094","506",1884.34872402916,"06027"
"1095","507",3478.35162495118,"06051"
"1096","507",3478.35162495118,"06027"
"1097","508",1.46221422919708,"06051"
"1098","508",1.46221422919708,"32021"
"1099","509",2298.77122206398,"32021"
"1100","509",2298.77122206398,"32019"
"1101","510",601.935614920837,"32001"
"1102","510",601.935614920837,"32021"
"1103","510",601.935614920837,"32019"
"1104","511",29804.6475126814,"32001"
"1105","511",29804.6475126814,"32031"
"1106","511",29804.6475126814,"32029"
"1107","511",29804.6475126814,"32019"
"1108","512",2.51391081790216,"32031"
"1109","512",2.51391081790216,"32027"
"1110","513",259.139437050873,"32031"
"1111","513",259.139437050873,"32027"
"1112","514",0,"32031"
"1113","515",10.7045010933381,"32031"
"1114","515",10.7045010933381,"06049"
"1115","515",10.7045010933381,"41037"
"1116","516",90.668001986163,"41037"
"1117","517",0.158918659356281,"41037"
"1118","518",162.560546287984,"41037"
"1119","519",213.165278496505,"41017"
"1120","519",213.165278496505,"41013"
"1121","520",1539.59360378523,"41031"
"1122","520",1539.59360378523,"41013"
"1123","521",504.029798463219,"41055"
"1124","521",504.029798463219,"41065"
"1125","522",24289.9395212888,"41065"
"1126","522",24289.9395212888,"41027"
"1127","522",24289.9395212888,"53039"
"1128","523",1258.06389525727,"53077"
"1129","523",1258.06389525727,"53059"
"1130","523",1258.06389525727,"53039"
"1131","524",1430.50791817431,"53053"
"1132","524",1430.50791817431,"53077"
"1133","524",1430.50791817431,"53041"
"1134","525",36732.5345849426,"53053"
"1135","525",36732.5345849426,"53033"
"1136","526",794534.584112628,"53061"
"1137","526",794534.584112628,"53033"
"1138","527",115517.784435868,"53061"
"1139","527",115517.784435868,"53057"
"1140","527",115517.784435868,"53029"
"1141","528",185381.948446935,"53073"
"1142","528",185381.948446935,"53057"
"1143","529",9189.72839316792,"06073"
"1144","530",376497.05024818,"06073"
"1145","531",452170.137840002,"06073"
"1146","531",452170.137840002,"06065"
"1147","532",1013305.56900117,"06071"
"1148","532",1013305.56900117,"06065"
"1149","533",185907.57256448,"06071"
"1150","534",3.38620846937587,"06029"
"1151","534",3.38620846937587,"06071"
"1152","535",42863.9825038958,"06027"
"1153","535",42863.9825038958,"06029"
"1154","535",42863.9825038958,"06071"
"1155","536",325.050601671566,"06027"
"1156","537",637.37647413406,"06027"
"1157","538",1139.60937825349,"06051"
"1158","538",1139.60937825349,"06027"
"1159","539",268.797763452458,"06051"
"1160","539",268.797763452458,"32009"
"1161","539",268.797763452458,"32021"
"1162","540",1117.54610303206,"32021"
"1163","541",679.92961657664,"32001"
"1164","541",679.92961657664,"32021"
"1165","541",679.92961657664,"32019"
"1166","542",24031.4038713473,"32001"
"1167","543",0.839254523322945,"32001"
"1168","543",0.839254523322945,"32031"
"1169","543",0.839254523322945,"32027"
"1170","544",260.116467407542,"32031"
"1171","544",260.116467407542,"32027"
"1172","545",20.8892722791538,"32031"
"1173","545",20.8892722791538,"32013"
"1174","545",20.8892722791538,"32027"
"1175","546",0,"32031"
"1176","546",0,"32013"
"1177","547",85.4973140975167,"32031"
"1178","547",85.4973140975167,"41037"
"1179","548",3.09891385744748,"41025"
"1180","548",3.09891385744748,"41037"
"1181","549",17.64751112494,"41025"
"1182","549",17.64751112494,"41037"
"1183","550",37.3020347637717,"41017"
"1184","550",37.3020347637717,"41037"
"1185","550",37.3020347637717,"41013"
"1186","551",517.43112212034,"41013"
"1187","552",169.012874949494,"41065"
"1188","552",169.012874949494,"41031"
"1189","553",483.877799497025,"41055"
"1190","553",483.877799497025,"41065"
"1191","554",2307.34803766887,"53077"
"1192","554",2307.34803766887,"53039"
"1193","555",34.8306820517749,"53077"
"1194","555",34.8306820517749,"53059"
"1195","555",34.8306820517749,"53041"
"1196","556",297.5150898344,"53037"
"1197","556",297.5150898344,"53053"
"1198","556",297.5150898344,"53077"
"1199","556",297.5150898344,"53033"
"1200","556",297.5150898344,"53041"
"1201","557",41473.910659646,"53033"
"1202","558",189396.544246743,"53061"
"1203","559",61174.8019457253,"53073"
"1204","559",61174.8019457253,"53057"
"1205","560",10113.3851242104,"53073"
"1206","561",41643.6179807784,"06073"
"1207","562",13576.3093347901,"06073"
"1208","562",13576.3093347901,"06065"
"1209","563",390361.496953573,"06071"
"1210","563",390361.496953573,"06065"
"1211","564",166870.280564704,"06071"
"1212","565",8515.77762474472,"06071"
"1213","566",0,"06029"
"1214","566",0,"06071"
"1215","567",0,"06027"
"1216","568",65.1893644132237,"06027"
"1217","569",1.85538960253021,"06027"
"1218","570",245.76018855561,"06051"
"1219","570",245.76018855561,"06027"
"1220","570",245.76018855561,"32009"
"1221","571",0.929184113941833,"32009"
"1222","571",0.929184113941833,"32021"
"1223","572",1.14605980126257,"32021"
"1224","573",167.179501045931,"32001"
"1225","573",167.179501045931,"32021"
"1226","574",0.049367913136644,"32001"
"1227","575",0,"32027"
"1228","576",0,"32013"
"1229","576",0,"32027"
"1230","577",0.59876588478978,"32031"
"1231","577",0.59876588478978,"32013"
"1232","578",0,"32031"
"1233","578",0,"41025"
"1234","578",0,"32013"
"1235","578",0,"41037"
"1236","579",4.74290429347486,"41037"
"1237","580",5.16485642907913,"41025"
"1238","580",5.16485642907913,"41037"
"1239","581",2.06594257163166,"41017"
"1240","581",2.06594257163166,"41025"
"1241","581",2.06594257163166,"41037"
"1242","582",62.3728669974111,"41013"
"1243","583",269.637418977405,"41031"
"1244","583",269.637418977405,"41013"
"1245","583",269.637418977405,"41069"
"1246","584",135.737435891798,"41021"
"1247","584",135.737435891798,"41055"
"1248","584",135.737435891798,"41065"
"1249","584",135.737435891798,"41069"
"1250","585",5970.54918121547,"41021"
"1251","585",5970.54918121547,"41055"
"1252","585",5970.54918121547,"41065"
"1253","585",5970.54918121547,"53039"
"1254","586",1.29223545850939,"53077"
"1255","586",1.29223545850939,"53039"
"1256","587",106.677214219677,"53077"
"1257","587",106.677214219677,"53041"
"1258","588",1173.11668807781,"53037"
"1259","588",1173.11668807781,"53033"
"1260","589",15088.3494979077,"53061"
"1261","589",15088.3494979077,"53033"
"1262","590",3923.92904759073,"53061"
"1263","590",3923.92904759073,"53057"
"1264","591",13317.0655659755,"53073"
"1265","592",5843.31745392413,"06073"
"1266","593",5082.15991072902,"06073"
"1267","594",16402.985676266,"06065"
"1268","595",24457.5469957011,"06071"
"1269","595",24457.5469957011,"06065"
"1270","596",7279.61566703074,"06071"
"1271","597",0,"06071"
"1272","598",2149.00035720685,"06027"
"1273","598",2149.00035720685,"06071"
"1274","599",51.148578231914,"06027"
"1275","600",0.167152216444164,"06027"
"1276","601",30.7024007881593,"06051"
"1277","601",30.7024007881593,"06027"
"1278","601",30.7024007881593,"32009"
"1279","602",32.0064998573479,"32009"
"1280","603",175.977482483868,"32021"
"1281","604",1.80338401389727,"32001"
"1282","604",1.80338401389727,"32023"
"1283","604",1.80338401389727,"32021"
"1284","605",353.887774413394,"32001"
"1285","606",2692.56243156633,"32001"
"1286","606",2692.56243156633,"32027"
"1287","607",0,"32027"
"1288","608",1.88943901422553,"32013"
"1289","609",0,"32031"
"1290","609",0,"32013"
"1291","610",0,"41025"
"1292","610",0,"41037"
"1293","611",1.0710473870294,"41025"
"1294","611",1.0710473870294,"41037"
"1295","612",2.84239498865494,"41025"
"1296","612",2.84239498865494,"41037"
"1297","613",6.90463317127009,"41017"
"1298","613",6.90463317127009,"41025"
"1299","613",6.90463317127009,"41013"
"1300","614",1.97909653101512,"41013"
"1301","614",1.97909653101512,"41069"
"1302","615",594.835597335396,"41021"
"1303","615",594.835597335396,"41065"
"1304","615",594.835597335396,"41031"
"1305","615",594.835597335396,"41069"
"1306","616",150.470821176555,"41021"
"1307","616",150.470821176555,"41055"
"1308","617",2203.45485652816,"53077"
"1309","617",2203.45485652816,"53039"
"1310","618",8290.28733559608,"53077"
"1311","619",3240.34979240098,"53037"
"1312","619",3240.34979240098,"53077"
"1313","620",338.853026818768,"53007"
"1314","620",338.853026818768,"53037"
"1315","620",338.853026818768,"53033"
"1316","621",2076.38232320068,"53061"
"1317","621",2076.38232320068,"53057"
"1318","622",3595.92290520272,"53073"
"1319","622",3595.92290520272,"53057"
"1320","623",603.373813065089,"06073"
"1321","623",603.373813065089,"06025"
"1322","624",2681.77913719634,"06073"
"1323","624",2681.77913719634,"06065"
"1324","625",163849.288587065,"06071"
"1325","625",163849.288587065,"06065"
"1326","626",3047.38700647606,"06071"
"1327","627",25928.8912585542,"06071"
"1328","628",0,"06071"
"1329","629",13.7064817484213,"06027"
"1330","630",20.5040052171506,"06027"
"1331","631",0.167152216444164,"06027"
"1332","631",0.167152216444164,"32009"
"1333","632",83.7770079393673,"32009"
"1334","633",0.402108913029195,"32009"
"1335","633",0.402108913029195,"32021"
"1336","634",364.135790412215,"32023"
"1337","634",364.135790412215,"32021"
"1338","635",8.71865556229206,"32001"
"1339","636",0,"32001"
"1340","636",0,"32027"
"1341","637",580.130006877624,"32027"
"1342","638",0.119753176957956,"32013"
"1343","638",0.119753176957956,"32027"
"1344","639",21.6886309379409,"32013"
"1345","640",0.972994562783391,"41025"
"1346","640",0.972994562783391,"32013"
"1347","641",9.44841322445142,"41025"
"1348","641",9.44841322445142,"41037"
"1349","642",0,"41025"
"1350","643",76.7446646936833,"41025"
"1351","644",123.593918973323,"41023"
"1352","644",123.593918973323,"41025"
"1353","644",123.593918973323,"41013"
"1354","644",123.593918973323,"41069"
"1355","645",100.837715241258,"41069"
"1356","646",839.982516567193,"41021"
"1357","646",839.982516567193,"41049"
"1358","646",839.982516567193,"41069"
"1359","647",935.790411445223,"41021"
"1360","647",935.790411445223,"41055"
"1361","647",935.790411445223,"53039"
"1362","648",7315.30336645169,"53077"
"1363","649",10429.8497222006,"53037"
"1364","649",10429.8497222006,"53077"
"1365","650",4799.49646506449,"53007"
"1366","650",4799.49646506449,"53037"
"1367","651",21.3412530893214,"53007"
"1368","651",21.3412530893214,"53061"
"1369","651",21.3412530893214,"53033"
"1370","652",1409.97046063782,"53061"
"1371","652",1409.97046063782,"53057"
"1372","653",0.895181425877085,"53073"
"1373","654",1245.07342627537,"06073"
"1374","654",1245.07342627537,"06025"
"1375","655",1793.75034836373,"06073"
"1376","655",1793.75034836373,"06025"
"1377","656",389085.581241862,"06065"
"1378","657",36713.0282210122,"06071"
"1379","658",2648.33598597504,"06071"
"1380","659",10224.4947824533,"06071"
"1381","660",0,"06027"
"1382","660",0,"06071"
"1383","661",22.5098318144806,"06027"
"1384","662",2.67443546310661,"06027"
"1385","662",2.67443546310661,"32009"
"1386","662",2.67443546310661,"32023"
"1387","663",10.1785149832876,"32009"
"1388","663",10.1785149832876,"32023"
"1389","664",0,"32009"
"1390","665",0,"32009"
"1391","665",0,"32023"
"1392","665",0,"32021"
"1393","666",6.5601028637975,"32001"
"1394","666",6.5601028637975,"32015"
"1395","666",6.5601028637975,"32023"
"1396","666",6.5601028637975,"32021"
"1397","667",13.9556037878273,"32001"
"1398","668",1581.98698445762,"32001"
"1399","668",1581.98698445762,"32027"
"1400","669",141.951916518872,"32013"
"1401","669",141.951916518872,"32027"
"1402","670",15.1221650680797,"32013"
"1403","671",35.7673718928041,"32013"
"1404","672",21.3908443376981,"41025"
"1405","673",30.2666516066789,"41025"
"1406","674",113.49456885028,"41025"
"1407","675",11.7484213139895,"41023"
"1408","675",11.7484213139895,"41025"
"1409","675",11.7484213139895,"41013"
"1410","676",253.274897682541,"41023"
"1411","676",253.274897682541,"41013"
"1412","676",253.274897682541,"41069"
"1413","677",346.704825791156,"41021"
"1414","677",346.704825791156,"41023"
"1415","677",346.704825791156,"41049"
"1416","677",346.704825791156,"41069"
"1417","678",635.685166268852,"41021"
"1418","678",635.685166268852,"41049"
"1419","679",337.441252224881,"53077"
"1420","679",337.441252224881,"53039"
"1421","680",162143.374894566,"53037"
"1422","680",162143.374894566,"53077"
"1423","681",32650.1912943706,"53037"
"1424","682",6144.21287060988,"53007"
"1425","682",6144.21287060988,"53033"
"1426","683",29.2392227620508,"53007"
"1427","683",29.2392227620508,"53061"
"1428","683",29.2392227620508,"53057"
"1429","684",100.922279883277,"53073"
"1430","684",100.922279883277,"53057"
"1431","685",25.4150293101568,"06073"
"1432","685",25.4150293101568,"06025"
"1433","686",34905.114771413,"06073"
"1434","686",34905.114771413,"06025"
"1435","686",34905.114771413,"06065"
"1436","687",13492.9463669029,"06071"
"1437","687",13492.9463669029,"06065"
"1438","688",0,"06071"
"1439","689",208.135671734769,"06071"
"1440","690",0,"06027"
"1441","690",0,"06071"
"1442","691",0,"06027"
"1443","692",52.7623193832636,"06027"
"1444","692",52.7623193832636,"32023"
"1445","693",29.6474152917311,"32009"
"1446","693",29.6474152917311,"32023"
"1447","694",205.136225047797,"32009"
"1448","694",205.136225047797,"32023"
"1449","695",145.634283576305,"32009"
"1450","695",145.634283576305,"32023"
"1451","696",86.1758967107945,"32023"
"1452","697",36.3591934374111,"32001"
"1453","697",36.3591934374111,"32015"
"1454","698",1.00318569538796,"32001"
"1455","698",1.00318569538796,"32027"
"1456","699",199.814922400367,"32027"
"1457","700",0,"32013"
"1458","700",0,"32027"
"1459","701",59.161969424909,"32013"
"1460","702",125.728907528099,"41025"
"1461","702",125.728907528099,"32013"
"1462","703",32.3529217954706,"41025"
"1463","704",41.1998534737036,"41025"
"1464","705",5188.47993467534,"41025"
"1465","706",54.0565715556103,"41023"
"1466","707",404.779814673046,"41023"
"1467","707",404.779814673046,"41069"
"1468","708",1996.531848817,"41021"
"1469","708",1996.531848817,"41049"
"1470","709",4225.95714031529,"41021"
"1471","709",4225.95714031529,"53005"
"1472","709",4225.95714031529,"41049"
"1473","709",4225.95714031529,"53039"
"1474","710",56311.310741037,"53005"
"1475","710",56311.310741037,"53077"
"1476","711",6443.30056147229,"53037"
"1477","711",6443.30056147229,"53077"
"1478","712",80944.3322286065,"53007"
"1479","712",80944.3322286065,"53037"
"1480","712",80944.3322286065,"53017"
"1481","713",300.763607019746,"53007"
"1482","714",0.940021353460276,"53007"
"1483","714",0.940021353460276,"53047"
"1484","714",0.940021353460276,"53073"
"1485","714",0.940021353460276,"53057"
"1486","715",0.308522438515554,"53073"
"1487","716",111888.435216863,"06025"
"1488","717",2581.857661324,"06025"
"1489","718",73.4532791438202,"06065"
"1490","719",25675.5645133726,"06071"
"1491","720",13.8715587777772,"06071"
"1492","721",0,"06071"
"1493","722",0,"06027"
"1494","722",0,"06071"
"1495","723",1148.83593287815,"06027"
"1496","723",1148.83593287815,"32023"
"1497","724",1276.59601729499,"32023"
"1498","725",0,"32009"
"1499","725",0,"32023"
"1500","726",3236.9236647543,"32009"
"1501","726",3236.9236647543,"32023"
"1502","727",1252.11461828402,"32023"
"1503","728",78.3127725052317,"32015"
"1504","728",78.3127725052317,"32023"
"1505","729",3.6831284223544,"32001"
"1506","729",3.6831284223544,"32015"
"1507","730",4.16025829291137,"32027"
"1508","731",1114.26992733635,"32013"
"1509","731",1114.26992733635,"32027"
"1510","732",17.7633879154302,"32013"
"1511","733",140.061587014198,"41025"
"1512","733",140.061587014198,"32013"
"1513","734",26.0289689238864,"41025"
"1514","735",70.7891704317397,"41025"
"1515","736",492.543791408931,"41025"
"1516","737",165.068265099354,"41023"
"1517","737",165.068265099354,"41025"
"1518","738",1082.30642592592,"41023"
"1519","739",53.7139468432913,"41023"
"1520","739",53.7139468432913,"41049"
"1521","739",53.7139468432913,"41059"
"1522","740",380.123780693763,"41049"
"1523","740",380.123780693763,"41059"
"1524","741",28585.2167029228,"53005"
"1525","741",28585.2167029228,"53077"
"1526","741",28585.2167029228,"53039"
"1527","742",9610.32098337794,"53005"
"1528","742",9610.32098337794,"53025"
"1529","742",9610.32098337794,"53037"
"1530","742",9610.32098337794,"53077"
"1531","743",5029.36765193445,"53007"
"1532","743",5029.36765193445,"53025"
"1533","743",5029.36765193445,"53037"
"1534","743",5029.36765193445,"53017"
"1535","744",4082.05395293985,"53007"
"1536","744",4082.05395293985,"53017"
"1537","745",161.904585663308,"53007"
"1538","745",161.904585663308,"53047"
"1539","746",0.807250857521885,"53047"
"1540","746",0.807250857521885,"53073"
"1541","747",54295.9930064132,"06025"
"1542","748",683.619674486439,"06025"
"1543","748",683.619674486439,"06065"
"1544","749",2840.21188121255,"06071"
"1545","749",2840.21188121255,"06065"
"1546","750",5.19203824309458,"06071"
"1547","751",866.972423611073,"06071"
"1548","752",25.6644982486411,"06027"
"1549","752",25.6644982486411,"06071"
"1550","753",8.38505510385824,"06027"
"1551","753",8.38505510385824,"32023"
"1552","754",0,"32023"
"1553","755",0,"32023"
"1554","756",0,"32023"
"1555","757",73.4787590000567,"32023"
"1556","758",556.88174390449,"32023"
"1557","759",30.3228800894813,"32001"
"1558","759",30.3228800894813,"32015"
"1559","760",77.335051413665,"32001"
"1560","760",77.335051413665,"32015"
"1561","760",77.335051413665,"32027"
"1562","761",4.85363467506327,"32013"
"1563","761",4.85363467506327,"32027"
"1564","762",13197.3037834368,"32013"
"1565","763",262.851761601587,"32013"
"1566","764",12.7458470208843,"41025"
"1567","764",12.7458470208843,"32013"
"1568","764",12.7458470208843,"41045"
"1569","765",14.5277966086808,"41025"
"1570","765",14.5277966086808,"41045"
"1571","766",180.129164971613,"41025"
"1572","767",211.947619732987,"41025"
"1573","768",3358.31844584024,"41023"
"1574","769",297.448716630097,"41023"
"1575","769",297.448716630097,"41059"
"1576","770",165.864103543295,"41049"
"1577","770",165.864103543295,"41059"
"1578","771",38365.4625216928,"53005"
"1579","771",38365.4625216928,"41049"
"1580","771",38365.4625216928,"41059"
"1581","772",1047.58918642921,"53005"
"1582","772",1047.58918642921,"53077"
"1583","773",5412.07068781244,"53025"
"1584","773",5412.07068781244,"53037"
"1585","774",7447.98087674756,"53007"
"1586","774",7447.98087674756,"53025"
"1587","774",7447.98087674756,"53017"
"1588","775",1483.61168033241,"53007"
"1589","775",1483.61168033241,"53047"
"1590","776",535.704441665682,"53007"
"1591","776",535.704441665682,"53047"
"1592","776",535.704441665682,"53057"
"1593","777",0,"53047"
"1594","778",22243.7695331432,"06025"
"1595","779",6837.41903628589,"06025"
"1596","779",6837.41903628589,"06065"
"1597","780",35.3391520133776,"06065"
"1598","781",0.910688569915425,"06071"
"1599","782",0.097962985718765,"06071"
"1600","783",2.27792754438988,"06071"
"1601","784",556.295489145067,"06027"
"1602","784",556.295489145067,"32023"
"1603","785",1242.54710805077,"06027"
"1604","785",1242.54710805077,"32023"
"1605","786",0,"32023"
"1606","787",0,"32023"
"1607","788",24.9283908824305,"32023"
"1608","789",43.7988912203031,"32023"
"1609","790",198.054215169408,"32015"
"1610","790",198.054215169408,"32023"
"1611","791",0.96843832791104,"32015"
"1612","792",2.14927284498154,"32015"
"1613","792",2.14927284498154,"32027"
"1614","793",1254.83053148463,"32013"
"1615","793",1254.83053148463,"32027"
"1616","794",605.387964417475,"32013"
"1617","795",470.581990283593,"32013"
"1618","795",470.581990283593,"41045"
"1619","796",6.73111282758832,"41025"
"1620","796",6.73111282758832,"41045"
"1621","797",11.0654748268905,"41025"
"1622","797",11.0654748268905,"41045"
"1623","798",264.656869787892,"41025"
"1624","798",264.656869787892,"41045"
"1625","799",21.7390579687869,"41023"
"1626","799",21.7390579687869,"41025"
"1627","800",961.53921561822,"41023"
"1628","801",260.167012103431,"41023"
"1629","801",260.167012103431,"41049"
"1630","801",260.167012103431,"41059"
"1631","802",3807.15684848777,"41049"
"1632","802",3807.15684848777,"41059"
"1633","803",259376.643773842,"53005"
"1634","803",259376.643773842,"53021"
"1635","804",3427.03435547643,"53005"
"1636","804",3427.03435547643,"53025"
"1637","804",3427.03435547643,"53021"
"1638","804",3427.03435547643,"53001"
"1639","805",23303.4803728694,"53025"
"1640","805",23303.4803728694,"53017"
"1641","806",10097.1655258492,"53007"
"1642","806",10097.1655258492,"53047"
"1643","806",10097.1655258492,"53017"
"1644","807",4618.67494104612,"53047"
"1645","808",0,"53047"
"1646","809",100.560686514382,"06025"
"1647","810",258.910178101885,"06025"
"1648","810",258.910178101885,"06065"
"1649","811",1.19078140110436,"06071"
"1650","811",1.19078140110436,"06065"
"1651","812",23.4827108178634,"06071"
"1652","813",2.31192646296287,"06071"
"1653","814",81.9608555752099,"32003"
"1654","814",81.9608555752099,"06027"
"1655","814",81.9608555752099,"06071"
"1656","815",41880.5599960681,"32003"
"1657","815",41880.5599960681,"06027"
"1658","815",41880.5599960681,"32023"
"1659","816",0,"32023"
"1660","817",0,"32023"
"1661","818",2.87635279412659,"32023"
"1662","819",0.699744305471734,"32023"
"1663","820",21.1543752138402,"32015"
"1664","820",21.1543752138402,"32023"
"1665","821",197.807930468229,"32015"
"1666","822",36.8788178217304,"32015"
"1667","823",0.492814193367365,"32015"
"1668","823",0.492814193367365,"32013"
"1669","823",0.492814193367365,"32027"
"1670","824",54.3620996803497,"32013"
"1671","825",53.3311135475743,"32013"
"1672","826",25.0974349714365,"41045"
"1673","827",15.2022412160498,"41045"
"1674","828",9.91355012646297,"41025"
"1675","828",9.91355012646297,"41045"
"1676","829",175.962639331086,"41025"
"1677","829",175.962639331086,"41045"
"1678","830",65.1251181812902,"41023"
"1679","830",65.1251181812902,"41001"
"1680","831",5.64608884619094,"41061"
"1681","831",5.64608884619094,"41023"
"1682","831",5.64608884619094,"41059"
"1683","832",2527.81207101045,"41061"
"1684","832",2527.81207101045,"41059"
"1685","833",2806.862658545,"53005"
"1686","833",2806.862658545,"53071"
"1687","833",2806.862658545,"41059"
"1688","834",9509.15336023914,"53005"
"1689","834",9509.15336023914,"53021"
"1690","835",46004.8893850049,"53025"
"1691","835",46004.8893850049,"53001"
"1692","836",424.250394009057,"53025"
"1693","836",424.250394009057,"53017"
"1694","837",9336.63233566631,"53047"
"1695","837",9336.63233566631,"53017"
"1696","838",23.5567838546091,"53047"
"1697","839",79.5574243269397,"06025"
"1698","840",11.0855771138468,"06025"
"1699","840",11.0855771138468,"06065"
"1700","841",18.055643091189,"06065"
"1701","842",7.88463066945166,"06071"
"1702","843",27.2176797230628,"06071"
"1703","844",48.8851612922259,"06071"
"1704","845",5444.24688390009,"32003"
"1705","845",5444.24688390009,"06027"
"1706","845",5444.24688390009,"32023"
"1707","846",11.2234470689815,"32003"
"1708","846",11.2234470689815,"32023"
"1709","847",0,"32023"
"1710","847",0,"32017"
"1711","848",0,"32023"
"1712","849",20.7400175155444,"32023"
"1713","850",0,"32023"
"1714","851",3.04238870822024,"32015"
"1715","851",3.04238870822024,"32011"
"1716","851",3.04238870822024,"32023"
"1717","852",7.44952559931569,"32015"
"1718","852",7.44952559931569,"32011"
"1719","853",34.0448588286431,"32015"
"1720","854",78.3641079927965,"32015"
"1721","854",78.3641079927965,"32013"
"1722","854",78.3641079927965,"32007"
"1723","855",48.2203358091041,"32013"
"1724","856",132.651151236019,"32013"
"1725","856",132.651151236019,"41045"
"1726","857",0,"41045"
"1727","858",0,"41045"
"1728","859",14.6642100886746,"41045"
"1729","860",10.5573722522628,"41023"
"1730","860",10.5573722522628,"41025"
"1731","860",10.5573722522628,"41001"
"1732","860",10.5573722522628,"41045"
"1733","861",430.061017920489,"41023"
"1734","861",430.061017920489,"41001"
"1735","862",73.347713837116,"41061"
"1736","862",73.347713837116,"41059"
"1737","863",23897.1555954345,"41059"
"1738","864",34658.4900636817,"53005"
"1739","864",34658.4900636817,"53071"
"1740","864",34658.4900636817,"53021"
"1741","865",20891.6906573647,"53025"
"1742","865",20891.6906573647,"53021"
"1743","865",20891.6906573647,"53001"
"1744","866",6256.18166736256,"53025"
"1745","867",1436.09593402606,"53025"
"1746","867",1436.09593402606,"53047"
"1747","867",1436.09593402606,"53017"
"1748","868",14102.7088035242,"53047"
"1749","869",44.4370582046305,"53047"
"1750","870",177077.158451041,"06025"
"1751","870",177077.158451041,"04027"
"1752","871",7.6366574686255,"06025"
"1753","871",7.6366574686255,"04012"
"1754","872",11224.9027263254,"06065"
"1755","873",23.3421009152154,"06071"
"1756","873",23.3421009152154,"06065"
"1757","874",8.43119214072569,"06071"
"1758","875",28.1043560653923,"06071"
"1759","876",3272.07023921836,"32003"
"1760","876",3272.07023921836,"06027"
"1761","876",3272.07023921836,"06071"
"1762","877",982.386765512555,"32003"
"1763","878",0,"32003"
"1764","878",0,"32023"
"1765","878",0,"32017"
"1766","879",0,"32023"
"1767","879",0,"32017"
"1768","880",0,"32023"
"1769","880",0,"32017"
"1770","881",3.23631741280677,"32023"
"1771","882",0,"32011"
"1772","882",0,"32023"
"1773","883",5.40665113084748,"32015"
"1774","883",5.40665113084748,"32011"
"1775","884",8.71594495119935,"32015"
"1776","884",8.71594495119935,"32011"
"1777","885",4896.23203621332,"32015"
"1778","885",4896.23203621332,"32013"
"1779","886",49.4494033091258,"32013"
"1780","886",49.4494033091258,"32007"
"1781","887",0,"32013"
"1782","887",0,"32007"
"1783","888",0,"41045"
"1784","889",131.04606667534,"41045"
"1785","890",1.12185213793139,"41045"
"1786","891",164.046835483795,"41045"
"1787","892",260.453216660246,"41001"
"1788","892",260.453216660246,"41045"
"1789","893",464.692554365962,"41061"
"1790","893",464.692554365962,"41023"
"1791","893",464.692554365962,"41001"
"1792","894",259.760408946055,"41061"
"1793","894",259.760408946055,"41059"
"1794","895",39030.4046861666,"53071"
"1795","895",39030.4046861666,"41059"
"1796","896",7591.71276487304,"53071"
"1797","896",7591.71276487304,"53021"
"1798","896",7591.71276487304,"53001"
"1799","897",1638.38930819929,"53025"
"1800","897",1638.38930819929,"53043"
"1801","897",1638.38930819929,"53001"
"1802","898",1655.04147304772,"53025"
"1803","898",1655.04147304772,"53043"
"1804","898",1655.04147304772,"53017"
"1805","899",518.616063151748,"53047"
"1806","899",518.616063151748,"53017"
"1807","900",5510.77158603148,"53047"
"1808","901",0,"04027"
"1809","902",6353.07245316897,"06025"
"1810","902",6353.07245316897,"04027"
"1811","902",6353.07245316897,"04012"
"1812","903",1884.4323624226,"06025"
"1813","903",1884.4323624226,"06065"
"1814","903",1884.4323624226,"04012"
"1815","904",0,"06071"
"1816","904",0,"06065"
"1817","905",0,"06071"
"1818","906",27.1022710562834,"06071"
"1819","907",520.103260036945,"32003"
"1820","907",520.103260036945,"06071"
"1821","908",990463.277052086,"32003"
"1822","909",1369.0017092049,"32003"
"1823","910",0,"32017"
"1824","911",83.4845422035566,"32023"
"1825","911",83.4845422035566,"32017"
"1826","912",12.3400853870353,"32023"
"1827","913",0,"32023"
"1828","914",5.9540684081166,"32011"
"1829","915",25.8056002267671,"32015"
"1830","915",25.8056002267671,"32011"
"1831","916",544.949163755195,"32015"
"1832","916",544.949163755195,"32011"
"1833","917",3.17267023842668,"32015"
"1834","917",3.17267023842668,"32011"
"1835","917",3.17267023842668,"32007"
"1836","918",3.99177256526521,"32013"
"1837","918",3.99177256526521,"32007"
"1838","919",0,"16073"
"1839","919",0,"32013"
"1840","919",0,"41045"
"1841","919",0,"32007"
"1842","920",9.90447714370457,"16073"
"1843","920",9.90447714370457,"41045"
"1844","921",12.6330124979376,"41045"
"1845","922",1.52987354796776,"41045"
"1846","923",138.269655520371,"41045"
"1847","924",11505.1567114842,"41001"
"1848","925",19691.2621416512,"41061"
"1849","926",7517.55864147367,"41061"
"1850","926",7517.55864147367,"53071"
"1851","926",7517.55864147367,"41059"
"1852","927",785.08797192037,"53071"
"1853","927",785.08797192037,"53021"
"1854","927",785.08797192037,"53013"
"1855","928",1069.73549611364,"53021"
"1856","928",1069.73549611364,"53001"
"1857","929",1284.94406166081,"53025"
"1858","929",1284.94406166081,"53043"
"1859","930",5124.33809425901,"53025"
"1860","930",5124.33809425901,"53043"
"1861","930",5124.33809425901,"53047"
"1862","930",5124.33809425901,"53019"
"1863","930",5124.33809425901,"53017"
"1864","931",1182.1502767448,"53047"
"1865","932",2919.45408448953,"53047"
"1866","933",45952.028904151,"04027"
"1867","934",0.659969145904687,"04027"
"1868","934",0.659969145904687,"04012"
"1869","935",22208.7955895169,"06065"
"1870","935",22208.7955895169,"04012"
"1871","936",5.57582264596926,"06071"
"1872","937",127.879930758213,"06071"
"1873","938",1078.09099547497,"32003"
"1874","938",1078.09099547497,"06071"
"1875","939",387952.646165212,"32003"
"1876","940",224592.153767623,"32003"
"1877","941",0,"32003"
"1878","941",0,"32017"
"1879","942",9.9683035466933,"32017"
"1880","943",5.11611703219234,"32023"
"1881","943",5.11611703219234,"32017"
"1882","944",0.512042623531006,"32023"
"1883","945",6.67745989695319,"32033"
"1884","945",6.67745989695319,"32011"
"1885","945",6.67745989695319,"32023"
"1886","946",684.89658621569,"32011"
"1887","947",22.5450617986355,"32011"
"1888","948",58.8974405228925,"32015"
"1889","948",58.8974405228925,"32011"
"1890","949",8.189133117722,"32007"
"1891","950",0,"32007"
"1892","951",0.250335824649225,"16073"
"1893","951",0.250335824649225,"41045"
"1894","952",357.318909236393,"16073"
"1895","952",357.318909236393,"41045"
"1896","953",39.2870624981386,"16073"
"1897","953",39.2870624981386,"41045"
"1898","954",4143.82639796199,"41045"
"1899","955",172.214795430913,"41001"
"1900","955",172.214795430913,"41045"
"1901","956",960.637501201098,"41061"
"1902","956",960.637501201098,"41001"
"1903","957",4018.17958999693,"41061"
"1904","957",4018.17958999693,"41059"
"1905","957",4018.17958999693,"41063"
"1906","958",22365.5525235681,"53071"
"1907","958",22365.5525235681,"41059"
"1908","958",22365.5525235681,"53013"
"1909","958",22365.5525235681,"41063"
"1910","959",498.035338451678,"53071"
"1911","959",498.035338451678,"53075"
"1912","959",498.035338451678,"53021"
"1913","959",498.035338451678,"53013"
"1914","959",498.035338451678,"53001"
"1915","960",2477.55096354485,"53043"
"1916","960",2477.55096354485,"53001"
"1917","961",1659.37348152537,"53043"
"1918","961",1659.37348152537,"53019"
"1919","962",966.875621088852,"53047"
"1920","962",966.875621088852,"53019"
"1921","963",1233.87820142805,"53047"
"1922","963",1233.87820142805,"53019"
"1923","964",0,"04027"
"1924","965",7.1276667757706,"04027"
"1925","965",7.1276667757706,"04012"
"1926","966",668.765734223619,"04027"
"1927","966",668.765734223619,"04012"
"1928","967",6868.11464791724,"06071"
"1929","967",6868.11464791724,"06065"
"1930","967",6868.11464791724,"04012"
"1931","968",4945.11401535956,"04015"
"1932","968",4945.11401535956,"06071"
"1933","969",76660.8473275939,"32003"
"1934","969",76660.8473275939,"04015"
"1935","969",76660.8473275939,"06071"
"1936","970",69.094752391271,"32003"
"1937","970",69.094752391271,"04015"
"1938","971",998893.512091908,"32003"
"1939","972",1.05483283307225,"32003"
"1940","972",1.05483283307225,"32017"
"1941","973",1380.21474642121,"32017"
"1942","974",0,"32017"
"1943","975",0.425520185759839,"32023"
"1944","976",207.299250496001,"32033"
"1945","976",207.299250496001,"32023"
"1946","977",761.067802113685,"32033"
"1947","977",761.067802113685,"32011"
"1948","978",39.966164511689,"32033"
"1949","978",39.966164511689,"32011"
"1950","978",39.966164511689,"32007"
"1951","979",67.5544899544381,"32011"
"1952","979",67.5544899544381,"32007"
"1953","980",2.18053840412717,"32011"
"1954","980",2.18053840412717,"32007"
"1955","981",6.13458137694441,"32007"
"1956","982",0,"16073"
"1957","982",0,"32007"
"1958","983",14.8815019453016,"16073"
"1959","984",102.641550514164,"16073"
"1960","984",102.641550514164,"41045"
"1961","985",15444.6026289452,"16027"
"1962","985",15444.6026289452,"16073"
"1963","985",15444.6026289452,"16075"
"1964","985",15444.6026289452,"41045"
"1965","986",1260.0410634265,"16087"
"1966","986",1260.0410634265,"41001"
"1967","986",1260.0410634265,"41045"
"1968","987",290.860758550344,"41001"
"1969","988",1591.89584645699,"41061"
"1970","988",1591.89584645699,"41063"
"1971","989",0.243574644061494,"41061"
"1972","989",0.243574644061494,"41059"
"1973","989",0.243574644061494,"53013"
"1974","989",0.243574644061494,"53023"
"1975","989",0.243574644061494,"41063"
"1976","990",3217.86476472614,"53075"
"1977","990",3217.86476472614,"53013"
"1978","990",3217.86476472614,"53023"
"1979","991",305.467470589333,"53075"
"1980","991",305.467470589333,"53001"
"1981","992",1022.18706383139,"53043"
"1982","993",498.466671111266,"53065"
"1983","993",498.466671111266,"53043"
"1984","993",498.466671111266,"53019"
"1985","994",3081.82146915078,"53047"
"1986","994",3081.82146915078,"53019"
"1987","995",0,"53047"
"1988","995",0,"53019"
"1989","996",0,"04027"
"1990","997",2236.17188404698,"04027"
"1991","998",0.395981487542812,"04027"
"1992","998",0.395981487542812,"04012"
"1993","999",3717.18349653836,"04012"
"1994","1000",43109.1789670517,"04015"
"1995","1000",43109.1789670517,"06071"
"1996","1000",43109.1789670517,"04012"
"1997","1001",17637.8016347449,"04015"
"1998","1001",17637.8016347449,"06071"
"1999","1002",251.9679986107,"32003"
"2000","1002",251.9679986107,"04015"
"2001","1003",20647.2053147278,"32003"
"2002","1003",20647.2053147278,"04015"
"2003","1004",3.16449849921676,"32003"
"2004","1005",1.24603794333667,"32003"
"2005","1005",1.24603794333667,"32017"
"2006","1006",215.95985899306,"32017"
"2007","1007",4.98415177334668,"32023"
"2008","1007",4.98415177334668,"32017"
"2009","1008",45.7632775778513,"32023"
"2010","1009",0,"32033"
"2011","1009",0,"32023"
"2012","1010",52.3341153576796,"32033"
"2013","1010",52.3341153576796,"32011"
"2014","1011",15.6031869606752,"32033"
"2015","1011",15.6031869606752,"32011"
"2016","1011",15.6031869606752,"32007"
"2017","1012",5673.3920054179,"32011"
"2018","1012",5673.3920054179,"32007"
"2019","1013",110.964666498119,"32007"
"2020","1014",552.770995965467,"16073"
"2021","1014",552.770995965467,"32007"
"2022","1015",0,"16073"
"2023","1016",24.8597847225464,"16073"
"2024","1017",74254.3272364164,"16027"
"2025","1017",74254.3272364164,"16073"
"2026","1017",74254.3272364164,"41045"
"2027","1018",43350.8095658278,"16027"
"2028","1018",43350.8095658278,"16087"
"2029","1018",43350.8095658278,"16075"
"2030","1018",43350.8095658278,"41045"
"2031","1019",34.2893785360781,"16087"
"2032","1019",34.2893785360781,"41001"
"2033","1020",12.0964559996097,"41061"
"2034","1020",12.0964559996097,"41001"
"2035","1020",12.0964559996097,"41063"
"2036","1021",1512.70647462415,"41063"
"2037","1022",245.09620574695,"53013"
"2038","1022",245.09620574695,"53023"
"2039","1022",245.09620574695,"53003"
"2040","1023",753.131456670224,"53075"
"2041","1023",753.131456670224,"53013"
"2042","1023",753.131456670224,"53001"
"2043","1023",753.131456670224,"53023"
"2044","1024",932.465355890069,"53043"
"2045","1024",932.465355890069,"53075"
"2046","1024",932.465355890069,"53001"
"2047","1024",932.465355890069,"53063"
"2048","1025",2773.90952832421,"53065"
"2049","1025",2773.90952832421,"53043"
"2050","1025",2773.90952832421,"53019"
"2051","1026",1028.96999781729,"53065"
"2052","1026",1028.96999781729,"53019"
"2053","1027",1615.17264783929,"53047"
"2054","1027",1615.17264783929,"53019"
"2055","1028",0,"04027"
"2056","1029",0,"04027"
"2057","1030",848.836400173802,"04027"
"2058","1030",848.836400173802,"04012"
"2059","1031",952.502248226011,"04012"
"2060","1032",27345.070950159,"04015"
"2061","1033",13999.9556248523,"04015"
"2062","1034",830.565391642072,"04015"
"2063","1035",222.01468478751,"32003"
"2064","1035",222.01468478751,"04015"
"2065","1036",1791.80327041284,"32003"
"2066","1036",1791.80327041284,"32017"
"2067","1037",0,"32017"
"2068","1038",0,"32017"
"2069","1039",24.9283908824305,"32023"
"2070","1039",24.9283908824305,"32017"
"2071","1040",164.712172185951,"32033"
"2072","1040",164.712172185951,"32023"
"2073","1041",4.24759183287552,"32033"
"2074","1042",8.21347229108783,"32033"
"2075","1042",8.21347229108783,"32007"
"2076","1043",955.751909646269,"32007"
"2077","1044",119.319061473838,"32007"
"2078","1045",79.6081515656191,"32007"
"2079","1046",265.174170799077,"16073"
"2080","1047",2.10282092705349,"16073"
"2081","1048",3832.90585259439,"16027"
"2082","1048",3832.90585259439,"16073"
"2083","1048",3832.90585259439,"16001"
"2084","1049",94910.6475606123,"16027"
"2085","1049",94910.6475606123,"16045"
"2086","1049",94910.6475606123,"16075"
"2087","1049",94910.6475606123,"16001"
"2088","1050",8405.41744287622,"16087"
"2089","1050",8405.41744287622,"41045"
"2090","1051",1419.27495878289,"16087"
"2091","1051",1419.27495878289,"41001"
"2092","1051",1419.27495878289,"16003"
"2093","1052",4571.81261832097,"41063"
"2094","1053",163.161851877544,"53013"
"2095","1053",163.161851877544,"53023"
"2096","1053",163.161851877544,"53003"
"2097","1053",163.161851877544,"41063"
"2098","1054",1973.45519469149,"53075"
"2099","1054",1973.45519469149,"53013"
"2100","1054",1973.45519469149,"53023"
"2101","1054",1973.45519469149,"53003"
"2102","1055",1430.64162038085,"53075"
"2103","1055",1430.64162038085,"53001"
"2104","1056",12245.8237392112,"53043"
"2105","1056",12245.8237392112,"53063"
"2106","1057",1512.09247689652,"53065"
"2107","1057",1512.09247689652,"53019"
"2108","1058",3185.46056664672,"53065"
"2109","1058",3185.46056664672,"53019"
"2110","1059",0,"04019"
"2111","1059",0,"04027"
"2112","1060",681.817816769212,"04027"
"2113","1061",0,"04027"
"2114","1061",0,"04012"
"2115","1062",1304.46421422181,"04012"
"2116","1063",33.1202821861438,"04015"
"2117","1063",33.1202821861438,"04012"
"2118","1064",2561.04711247461,"04015"
"2119","1065",3261.43418118124,"04015"
"2120","1066",136.122691866062,"32003"
"2121","1066",136.122691866062,"04015"
"2122","1067",9857.03951360053,"32003"
"2123","1068",4.98415177334666,"32017"
"2124","1069",1451.11701410882,"32017"
"2125","1070",0,"32023"
"2126","1070",0,"32017"
"2127","1071",320.575978351747,"32033"
"2128","1071",320.575978351747,"32023"
"2129","1071",320.575978351747,"32017"
"2130","1072",483.045075938459,"32033"
"2131","1073",0,"32033"
"2132","1074",83.2958304997202,"32007"
"2133","1075",33736.6275740255,"32007"
"2134","1076",41.7542794612264,"32007"
"2135","1077",378.06933791396,"16073"
"2136","1077",378.06933791396,"32007"
"2137","1078",0,"16073"
"2138","1079",1366.63597064234,"16039"
"2139","1079",1366.63597064234,"16073"
"2140","1079",1366.63597064234,"16001"
"2141","1080",584756.986573617,"16027"
"2142","1080",584756.986573617,"16001"
"2143","1081",214.662751275163,"16087"
"2144","1081",214.662751275163,"16045"
"2145","1081",214.662751275163,"16075"
"2146","1082",1140.24913072846,"16087"
"2147","1082",1140.24913072846,"16003"
"2148","1083",69.3123190141347,"41001"
"2149","1083",69.3123190141347,"41063"
"2150","1083",69.3123190141347,"16003"
"2151","1083",69.3123190141347,"16049"
"2152","1084",9.66056495855357,"41063"
"2153","1085",18110.5969920306,"16069"
"2154","1085",18110.5969920306,"53075"
"2155","1085",18110.5969920306,"53023"
"2156","1085",18110.5969920306,"53003"
"2157","1086",12541.2235006312,"53075"
"2158","1086",12541.2235006312,"53023"
"2159","1087",16344.1229492841,"53043"
"2160","1087",16344.1229492841,"53075"
"2161","1087",16344.1229492841,"53063"
"2162","1088",15263.5581716298,"53065"
"2163","1088",15263.5581716298,"53043"
"2164","1088",15263.5581716298,"53063"
"2165","1089",14484.7318766068,"53065"
"2166","1089",14484.7318766068,"53019"
"2167","1090",477.283273863493,"53065"
"2168","1090",477.283273863493,"53019"
"2169","1091",0,"04019"
"2170","1091",0,"04027"
"2171","1092",0,"04013"
"2172","1092",0,"04019"
"2173","1092",0,"04027"
"2174","1093",262.23911347068,"04013"
"2175","1093",262.23911347068,"04027"
"2176","1094",857.439992734598,"04013"
"2177","1094",857.439992734598,"04012"
"2178","1095",20.2276273163667,"04015"
"2179","1095",20.2276273163667,"04012"
"2180","1096",292.997997961496,"04015"
"2181","1097",59375.1206323021,"04015"
"2182","1098",850.817288471481,"04015"
"2183","1099",0,"32003"
"2184","1099",0,"04015"
"2185","1100",6062.4256172773,"32003"
"2186","1100",6062.4256172773,"32017"
"2187","1101",41.5158576914128,"32017"
"2188","1102",1317.96538280364,"32017"
"2189","1103",14.6755579992985,"32017"
"2190","1104",57.8093734365911,"32033"
"2191","1105",813.085334492461,"32033"
"2192","1106",0.197053229360204,"32033"
"2193","1106",0.197053229360204,"32007"
"2194","1107",218.800545994207,"32007"
"2195","1108",168.700987865971,"32007"
"2196","1109",19.4145194366847,"32007"
"2197","1110",9.4626941717407,"16073"
"2198","1111",751.826138542474,"16039"
"2199","1111",751.826138542474,"16073"
"2200","1112",815.913586461416,"16039"
"2201","1112",815.913586461416,"16001"
"2202","1113",7066.48474678421,"16015"
"2203","1113",7066.48474678421,"16045"
"2204","1113",7066.48474678421,"16001"
"2205","1114",310.276911950321,"16085"
"2206","1114",310.276911950321,"16087"
"2207","1114",310.276911950321,"16045"
"2208","1114",310.276911950321,"16003"
"2209","1115",351.275414604822,"16087"
"2210","1115",351.275414604822,"16003"
"2211","1116",122.280890389393,"41063"
"2212","1116",122.280890389393,"16049"
"2213","1117",210.464214272814,"16061"
"2214","1117",210.464214272814,"16069"
"2215","1117",210.464214272814,"53003"
"2216","1117",210.464214272814,"41063"
"2217","1117",210.464214272814,"16049"
"2218","1118",57159.4459712564,"16069"
"2219","1118",57159.4459712564,"53075"
"2220","1118",57159.4459712564,"53023"
"2221","1118",57159.4459712564,"53003"
"2222","1118",57159.4459712564,"16057"
"2223","1119",3839.16392267999,"53075"
"2224","1119",3839.16392267999,"16009"
"2225","1119",3839.16392267999,"53063"
"2226","1119",3839.16392267999,"16057"
"2227","1120",413025.663239867,"53065"
"2228","1120",413025.663239867,"53063"
"2229","1121",9153.36566516958,"53065"
"2230","1121",9153.36566516958,"53051"
"2231","1122",3227.60033132117,"53065"
"2232","1122",3227.60033132117,"53051"
"2233","1123",3.71524746374262,"04019"
"2234","1124",76.8564600607303,"04013"
"2235","1124",76.8564600607303,"04027"
"2236","1125",386.658293464357,"04013"
"2237","1125",386.658293464357,"04027"
"2238","1125",386.658293464357,"04012"
"2239","1126",791.456614386462,"04013"
"2240","1126",791.456614386462,"04025"
"2241","1126",791.456614386462,"04012"
"2242","1127",44.4331829794598,"04015"
"2243","1127",44.4331829794598,"04025"
"2244","1127",44.4331829794598,"04012"
"2245","1128",316.188571798101,"04015"
"2246","1129",2576.06086423257,"04015"
"2247","1130",1151.20986788252,"32003"
"2248","1130",1151.20986788252,"04015"
"2249","1131",432.339971372892,"32003"
"2250","1131",432.339971372892,"04015"
"2251","1132",0.120584317097097,"32017"
"2252","1132",0.120584317097097,"49053"
"2253","1133",1645.60077716662,"32017"
"2254","1134",98.9590699477518,"32017"
"2255","1135",7.30727085624569,"32033"
"2256","1135",7.30727085624569,"32017"
"2257","1136",8176.99170696734,"32033"
"2258","1137",49.8525313952735,"32033"
"2259","1138",3.1399753019431,"32007"
"2260","1139",417.394581969315,"32007"
"2261","1140",27.9773460765725,"32007"
"2262","1141",47.5452137251107,"16073"
"2263","1141",47.5452137251107,"32007"
"2264","1142",0,"16073"
"2265","1143",20797.3587281595,"16039"
"2266","1143",20797.3587281595,"16073"
"2267","1143",20797.3587281595,"16001"
"2268","1144",11124.5727667775,"16015"
"2269","1144",11124.5727667775,"16039"
"2270","1144",11124.5727667775,"16001"
"2271","1145",1999.2802613009,"16015"
"2272","1145",1999.2802613009,"16085"
"2273","1145",1999.2802613009,"16045"
"2274","1146",4571.46459906861,"16085"
"2275","1146",4571.46459906861,"16003"
"2276","1147",819.991679165974,"41063"
"2277","1147",819.991679165974,"16003"
"2278","1147",819.991679165974,"16049"
"2279","1148",83.0283836429622,"16069"
"2280","1148",83.0283836429622,"41063"
"2281","1148",83.0283836429622,"16049"
"2282","1149",28908.9583172169,"16061"
"2283","1149",28908.9583172169,"16069"
"2284","1149",28908.9583172169,"53003"
"2285","1150",17518.424557471,"53075"
"2286","1150",17518.424557471,"16009"
"2287","1150",17518.424557471,"16057"
"2288","1151",6999.85540061808,"53075"
"2289","1151",6999.85540061808,"16009"
"2290","1151",6999.85540061808,"53063"
"2291","1151",6999.85540061808,"16055"
"2292","1152",28278.8408759484,"53065"
"2293","1152",28278.8408759484,"53051"
"2294","1152",28278.8408759484,"53063"
"2295","1152",28278.8408759484,"16055"
"2296","1153",1112.09340983131,"53065"
"2297","1153",1112.09340983131,"53051"
"2298","1154",396.26924670733,"53065"
"2299","1155",79.7835219129159,"04019"
"2300","1156",454.971270402498,"04013"
"2301","1156",454.971270402498,"04019"
"2302","1157",94.0589725532264,"04013"
"2303","1158",77.9657030476627,"04013"
"2304","1158",77.9657030476627,"04012"
"2305","1159",11.3380158632853,"04015"
"2306","1159",11.3380158632853,"04025"
"2307","1159",11.3380158632853,"04012"
"2308","1160",80.8924783057779,"04015"
"2309","1160",80.8924783057779,"04025"
"2310","1161",507.564918556961,"04015"
"2311","1161",507.564918556961,"04025"
"2312","1162",0,"04015"
"2313","1163",0,"04015"
"2314","1164",21015.1542033965,"32003"
"2315","1164",21015.1542033965,"32017"
"2316","1164",21015.1542033965,"49053"
"2317","1164",21015.1542033965,"04015"
"2318","1165",68.2418015725609,"49021"
"2319","1165",68.2418015725609,"32017"
"2320","1165",68.2418015725609,"49053"
"2321","1166",264.60498822393,"49021"
"2322","1166",264.60498822393,"32017"
"2323","1167",2.49207588667334,"32033"
"2324","1167",2.49207588667334,"32017"
"2325","1168",49.611365885519,"32033"
"2326","1169",38.5004974014499,"32033"
"2327","1170",32.4114242680786,"32033"
"2328","1170",32.4114242680786,"32007"
"2329","1171",12.0181349180966,"32007"
"2330","1172",1498.86248958195,"32007"
"2331","1173",16.8416857104221,"32007"
"2332","1174",0,"16073"
"2333","1175",1886.50217677351,"16039"
"2334","1175",1886.50217677351,"16073"
"2335","1176",192.5511217563,"16039"
"2336","1177",1455.56058714016,"16015"
"2337","1178",2726.28245114708,"16085"
"2338","1178",2726.28245114708,"16045"
"2339","1178",2726.28245114708,"16003"
"2340","1179",7427.68623728167,"16085"
"2341","1179",7427.68623728167,"16003"
"2342","1179",7427.68623728167,"16049"
"2343","1180",943.82946264598,"41063"
"2344","1180",943.82946264598,"16049"
"2345","1181",3439.35996483873,"16061"
"2346","1181",3439.35996483873,"16069"
"2347","1181",3439.35996483873,"16049"
"2348","1182",5400.92023007697,"16035"
"2349","1182",5400.92023007697,"16069"
"2350","1182",5400.92023007697,"16057"
"2351","1183",3186.46951832588,"53075"
"2352","1183",3186.46951832588,"16009"
"2353","1183",3186.46951832588,"53063"
"2354","1183",3186.46951832588,"16055"
"2355","1183",3186.46951832588,"16057"
"2356","1184",190166.453340292,"53063"
"2357","1184",190166.453340292,"16055"
"2358","1185",9719.08245733198,"53051"
"2359","1185",9719.08245733198,"16017"
"2360","1186",1990.46864229662,"53065"
"2361","1186",1990.46864229662,"53051"
"2362","1187",182.822340859081,"04019"
"2363","1188",3556.4199993654,"04013"
"2364","1188",3556.4199993654,"04019"
"2365","1189",3226.84359926317,"04013"
"2366","1190",8580.04150846574,"04013"
"2367","1191",1548.06420047448,"04013"
"2368","1191",1548.06420047448,"04025"
"2369","1192",2609.32075546687,"04015"
"2370","1192",2609.32075546687,"04025"
"2371","1193",78.7608282676576,"04015"
"2372","1193",78.7608282676576,"04025"
"2373","1194",1827.69704179686,"04005"
"2374","1194",1827.69704179686,"04015"
"2375","1194",1827.69704179686,"04025"
"2376","1195",0.119366758251711,"04005"
"2377","1195",0.119366758251711,"04015"
"2378","1196",0,"04015"
"2379","1197",46487.3355841271,"49053"
"2380","1198",246.290197007127,"49021"
"2381","1198",246.290197007127,"32017"
"2382","1198",246.290197007127,"49053"
"2383","1199",32.7082943883248,"49001"
"2384","1199",32.7082943883248,"49021"
"2385","1199",32.7082943883248,"32017"
"2386","1200",60.8536977334197,"32033"
"2387","1200",60.8536977334197,"49027"
"2388","1200",60.8536977334197,"32017"
"2389","1201",29.7817793778333,"32033"
"2390","1202",9.91595743121345,"32033"
"2391","1203",3.20678328709084,"32007"
"2392","1204",111.951749052428,"32007"
"2393","1205",2.09331686796208,"32007"
"2394","1206",71.8090366004249,"16073"
"2395","1206",71.8090366004249,"16083"
"2396","1206",71.8090366004249,"32007"
"2397","1207",31.8445506063878,"16039"
"2398","1207",31.8445506063878,"16073"
"2399","1207",31.8445506063878,"16083"
"2400","1208",110.95495423361,"16039"
"2401","1209",9.91242489949724,"16015"
"2402","1209",9.91242489949724,"16039"
"2403","1210",72.4514462340156,"16015"
"2404","1210",72.4514462340156,"16085"
"2405","1211",710.053027958265,"16085"
"2406","1212",27.2341978477076,"16085"
"2407","1212",27.2341978477076,"16049"
"2408","1213",5868.11415725327,"16049"
"2409","1214",7064.39862585088,"16061"
"2410","1214",7064.39862585088,"16035"
"2411","1214",7064.39862585088,"16069"
"2412","1214",7064.39862585088,"16049"
"2413","1215",986.276819259809,"16035"
"2414","1215",986.276819259809,"16079"
"2415","1215",986.276819259809,"16009"
"2416","1215",986.276819259809,"16057"
"2417","1216",6892.49209753293,"16009"
"2418","1216",6892.49209753293,"16055"
"2419","1217",20768.8309148669,"53051"
"2420","1217",20768.8309148669,"53063"
"2421","1217",20768.8309148669,"16055"
"2422","1217",20768.8309148669,"16017"
"2423","1218",736.747827094489,"16021"
"2424","1218",736.747827094489,"53051"
"2425","1218",736.747827094489,"16017"
"2426","1219",0.547608464163072,"53051"
"2427","1220",871.755453429955,"04019"
"2428","1221",0,"04013"
"2429","1221",0,"04019"
"2430","1222",6577.1773819918,"04013"
"2431","1223",4293.39210294534,"04013"
"2432","1224",4056.5173110544,"04025"
"2433","1225",46.8492766952501,"04025"
"2434","1226",716.28717777265,"04005"
"2435","1226",716.28717777265,"04015"
"2436","1226",716.28717777265,"04025"
"2437","1227",1.03451190484816,"04005"
"2438","1227",1.03451190484816,"04015"
"2439","1228",0,"04015"
"2440","1229",103318.993147193,"49053"
"2441","1229",103318.993147193,"04015"
"2442","1230",4489.12108759582,"49021"
"2443","1230",4489.12108759582,"49053"
"2444","1231",16.5678374566017,"49001"
"2445","1231",16.5678374566017,"49021"
"2446","1232",0,"49001"
"2447","1232",0,"32033"
"2448","1232",0,"49027"
"2449","1232",0,"32017"
"2450","1233",286.374621887568,"32033"
"2451","1233",286.374621887568,"49027"
"2452","1234",3.07058381688384,"49023"
"2453","1234",3.07058381688384,"32033"
"2454","1235",0.868503806920435,"32033"
"2455","1235",0.868503806920435,"32007"
"2456","1236",0.174443072330173,"32007"
"2457","1237",12.443605826219,"32007"
"2458","1238",484.57102158154,"16083"
"2459","1238",484.57102158154,"32007"
"2460","1239",1220.71998465041,"16073"
"2461","1239",1220.71998465041,"16083"
"2462","1240",2921.89251536969,"16039"
"2463","1240",2921.89251536969,"16073"
"2464","1240",2921.89251536969,"16083"
"2465","1240",2921.89251536969,"16047"
"2466","1241",120.956774383015,"16025"
"2467","1241",120.956774383015,"16039"
"2468","1242",143.654838696861,"16015"
"2469","1242",143.654838696861,"16039"
"2470","1243",0,"16037"
"2471","1243",0,"16085"
"2472","1244",14.1445962061747,"16085"
"2473","1244",14.1445962061747,"16049"
"2474","1245",2.32658872521701,"16049"
"2475","1246",7349.85289371791,"16061"
"2476","1246",7349.85289371791,"16035"
"2477","1246",7349.85289371791,"16049"
"2478","1247",245.659570812955,"16035"
"2479","1247",245.659570812955,"16057"
"2480","1248",4901.74952275401,"16079"
"2481","1248",4901.74952275401,"16009"
"2482","1248",4901.74952275401,"16055"
"2483","1249",6740.55786253328,"16079"
"2484","1249",6740.55786253328,"16055"
"2485","1249",6740.55786253328,"16017"
"2486","1250",19091.0382476698,"16021"
"2487","1250",19091.0382476698,"16017"
"2488","1251",15.8636886746021,"16021"
"2489","1251",15.8636886746021,"53051"
"2490","1251",15.8636886746021,"16017"
"2491","1252",148.008890188061,"04019"
"2492","1253",528.357161366471,"04013"
"2493","1253",528.357161366471,"04021"
"2494","1253",528.357161366471,"04019"
"2495","1254",43.2758931303051,"04013"
"2496","1255",208938.173035737,"04013"
"2497","1256",11038.3738885475,"04013"
"2498","1256",11038.3738885475,"04025"
"2499","1257",1246.43353155888,"04025"
"2500","1258",120.937261048575,"04025"
"2501","1259",11.6979423086676,"04005"
"2502","1260",6.13529257559648,"04005"
"2503","1260",6.13529257559648,"04015"
"2504","1261",0,"04015"
"2505","1262",41959.8083511033,"49053"
"2506","1263",1221.13317865169,"49021"
"2507","1264",0,"49001"
"2508","1265",0,"49027"
"2509","1266",26.0803384563304,"49023"
"2510","1266",26.0803384563304,"32033"
"2511","1266",26.0803384563304,"49027"
"2512","1267",245.243411784764,"49045"
"2513","1267",245.243411784764,"49023"
"2514","1267",245.243411784764,"32033"
"2515","1267",245.243411784764,"32007"
"2516","1268",0,"49045"
"2517","1268",0,"32007"
"2518","1269",119.597867401301,"32007"
"2519","1270",0.930363052427586,"32007"
"2520","1271",982.499160796922,"16083"
"2521","1271",982.499160796922,"32007"
"2522","1272",24404.6086425036,"16083"
"2523","1272",24404.6086425036,"16053"
"2524","1272",24404.6086425036,"16047"
"2525","1273",729.575894381116,"16025"
"2526","1273",729.575894381116,"16039"
"2527","1273",729.575894381116,"16047"
"2528","1274",34.645460363814,"16025"
"2529","1274",34.645460363814,"16039"
"2530","1274",34.645460363814,"16013"
"2531","1275",23.9421375100383,"16015"
"2532","1275",23.9421375100383,"16037"
"2533","1275",23.9421375100383,"16085"
"2534","1276",39.4824128933753,"16085"
"2535","1277",22.5853341545948,"16049"
"2536","1278",534.981459349441,"16049"
"2537","1279",1807.82846283086,"16035"
"2538","1279",1807.82846283086,"16049"
"2539","1280",48.0202253345602,"16035"
"2540","1280",48.0202253345602,"16079"
"2541","1281",9103.76685772792,"16079"
"2542","1281",9103.76685772792,"16055"
"2543","1282",8210.86378914781,"16079"
"2544","1282",8210.86378914781,"16055"
"2545","1282",8210.86378914781,"16017"
"2546","1283",5301.88493852946,"16021"
"2547","1283",5301.88493852946,"16017"
"2548","1284",314.339613444911,"04019"
"2549","1285",630.130381681518,"04019"
"2550","1286",106.85419098888,"04013"
"2551","1286",106.85419098888,"04021"
"2552","1286",106.85419098888,"04019"
"2553","1287",12557.7946615605,"04013"
"2554","1287",12557.7946615605,"04021"
"2555","1288",276323.596858306,"04013"
"2556","1288",276323.596858306,"04025"
"2557","1289",1810.71895288197,"04025"
"2558","1290",15958.8901096519,"04025"
"2559","1291",706.782585243489,"04005"
"2560","1291",706.782585243489,"04025"
"2561","1292",4.52797902968156,"04005"
"2562","1293",1.46763687775326,"04015"
"2563","1294",13631.2422206326,"49053"
"2564","1294",13631.2422206326,"04015"
"2565","1295",27337.8607446953,"49021"
"2566","1295",27337.8607446953,"49053"
"2567","1296",17.9060412834131,"49001"
"2568","1296",17.9060412834131,"49021"
"2569","1297",0,"49001"
"2570","1297",0,"49027"
"2571","1298",0,"49027"
"2572","1299",73.3079940861723,"49045"
"2573","1299",73.3079940861723,"49023"
"2574","1300",10.0258486640964,"49045"
"2575","1300",10.0258486640964,"32007"
"2576","1301",6561.67922318626,"49045"
"2577","1301",6561.67922318626,"32007"
"2578","1302",164.117266610138,"49003"
"2579","1302",164.117266610138,"32007"
"2580","1303",0.747613167129312,"16083"
"2581","1303",0.747613167129312,"16031"
"2582","1303",0.747613167129312,"32007"
"2583","1304",72752.775574108,"16083"
"2584","1304",72752.775574108,"16031"
"2585","1304",72752.775574108,"16053"
"2586","1305",9589.13978758349,"16063"
"2587","1305",9589.13978758349,"16053"
"2588","1305",9589.13978758349,"16047"
"2589","1306",222.655821886882,"16025"
"2590","1306",222.655821886882,"16013"
"2591","1307",133.480600229756,"16015"
"2592","1307",133.480600229756,"16037"
"2593","1307",133.480600229756,"16039"
"2594","1307",133.480600229756,"16013"
"2595","1308",1.22837784493993,"16037"
"2596","1308",1.22837784493993,"16085"
"2597","1309",1.96689737343036,"16085"
"2598","1309",1.96689737343036,"16049"
"2599","1310",368.950519024246,"16049"
"2600","1311",101.845923424179,"16035"
"2601","1311",101.845923424179,"16049"
"2602","1312",0,"16035"
"2603","1312",0,"16079"
"2604","1313",2522.54454746682,"16079"
"2605","1313",2522.54454746682,"30061"
"2606","1314",64.7394502438892,"16079"
"2607","1314",64.7394502438892,"30089"
"2608","1314",64.7394502438892,"16017"
"2609","1315",2821.81914516514,"30053"
"2610","1315",2821.81914516514,"16021"
"2611","1315",2821.81914516514,"16017"
"2612","1316",1009.33966082997,"16021"
"2613","1317",3974.08671440976,"04019"
"2614","1318",1133.23933621981,"04021"
"2615","1318",1133.23933621981,"04019"
"2616","1319",108315.614040538,"04013"
"2617","1319",108315.614040538,"04021"
"2618","1320",1952082.4268016,"04013"
"2619","1321",3786.38023055184,"04013"
"2620","1321",3786.38023055184,"04025"
"2621","1322",136078.131688894,"04025"
"2622","1323",2064.93753029322,"04005"
"2623","1323",2064.93753029322,"04025"
"2624","1324",0,"04005"
"2625","1325",473.811256932476,"04005"
"2626","1325",473.811256932476,"04015"
"2627","1326",837.509826484091,"04015"
"2628","1327",1057.09891680627,"49025"
"2629","1327",1057.09891680627,"49021"
"2630","1327",1057.09891680627,"49053"
"2631","1328",23422.4064894186,"49021"
"2632","1329",35.9482414155257,"49001"
"2633","1329",35.9482414155257,"49027"
"2634","1330",0,"49027"
"2635","1331",2.42326025145926,"49023"
"2636","1331",2.42326025145926,"49027"
"2637","1332",50.5456605576655,"49045"
"2638","1332",50.5456605576655,"49023"
"2639","1333",0,"49045"
"2640","1334",54.0522717157488,"49003"
"2641","1334",54.0522717157488,"49045"
"2642","1334",54.0522717157488,"32007"
"2643","1335",75.7979201052839,"49003"
"2644","1335",75.7979201052839,"32007"
"2645","1336",10.5738589479564,"16083"
"2646","1336",10.5738589479564,"16031"
"2647","1337",20310.4834176065,"16063"
"2648","1337",20310.4834176065,"16083"
"2649","1337",20310.4834176065,"16053"
"2650","1338",502.947744639258,"16025"
"2651","1338",502.947744639258,"16063"
"2652","1338",502.947744639258,"16013"
"2653","1338",502.947744639258,"16047"
"2654","1339",316.621022781597,"16025"
"2655","1339",316.621022781597,"16037"
"2656","1339",316.621022781597,"16013"
"2657","1340",35.3353479499071,"16037"
"2658","1341",1.55019726643904,"16037"
"2659","1341",1.55019726643904,"16085"
"2660","1341",1.55019726643904,"16059"
"2661","1342",0.922152021781358,"16049"
"2662","1343",2.18038956957339,"16049"
"2663","1344",0,"16035"
"2664","1344",0,"16049"
"2665","1345",0,"16035"
"2666","1345",0,"16079"
"2667","1346",326.914711668571,"16079"
"2668","1346",326.914711668571,"30089"
"2669","1347",1831.33382652194,"30053"
"2670","1347",1831.33382652194,"30089"
"2671","1347",1831.33382652194,"16017"
"2672","1348",5775.14311691584,"30053"
"2673","1348",5775.14311691584,"16021"
"2674","1349",291.590692316957,"04019"
"2675","1350",132.71104604292,"04019"
"2676","1351",61562.6283790941,"04021"
"2677","1352",1046242.62697772,"04013"
"2678","1352",1046242.62697772,"04021"
"2679","1353",245423.464814323,"04013"
"2680","1354",8517.26013480284,"04025"
"2681","1355",193.238896687162,"04005"
"2682","1355",193.238896687162,"04025"
"2683","1356",432.576469108678,"04005"
"2684","1357",58.4042101291255,"04005"
"2685","1358",2.66013756296055,"04005"
"2686","1358",2.66013756296055,"04015"
"2687","1359",4947.95127908195,"49025"
"2688","1359",4947.95127908195,"04005"
"2689","1359",4947.95127908195,"49053"
"2690","1359",4947.95127908195,"04015"
"2691","1360",5711.77233390617,"49025"
"2692","1360",5711.77233390617,"49017"
"2693","1360",5711.77233390617,"49021"
"2694","1360",5711.77233390617,"49053"
"2695","1361",1212.71865209538,"49001"
"2696","1361",1212.71865209538,"49021"
"2697","1362",3.91449732928035,"49001"
"2698","1362",3.91449732928035,"49027"
"2699","1363",0.512612745500998,"49027"
"2700","1364",2.41583105562215,"49045"
"2701","1364",2.41583105562215,"49023"
"2702","1365",0,"49045"
"2703","1366",0,"49003"
"2704","1366",0,"49045"
"2705","1367",3.6111022274282,"49003"
"2706","1368",35.672015817801,"49003"
"2707","1368",35.672015817801,"16031"
"2708","1368",35.672015817801,"32007"
"2709","1369",6660.94639540979,"16083"
"2710","1369",6660.94639540979,"16031"
"2711","1369",6660.94639540979,"16053"
"2712","1369",6660.94639540979,"16067"
"2713","1370",3202.39053506981,"16063"
"2714","1370",3202.39053506981,"16013"
"2715","1371",19648.4378003951,"16025"
"2716","1371",19648.4378003951,"16013"
"2717","1372",152.063262124579,"16037"
"2718","1373",0.781774379574197,"16037"
"2719","1373",0.781774379574197,"16059"
"2720","1374",3.46090120754121,"16085"
"2721","1374",3.46090120754121,"16059"
"2722","1374",3.46090120754121,"16049"
"2723","1375",2.8218250001721,"16049"
"2724","1376",0,"16049"
"2725","1377",0,"16035"
"2726","1377",0,"16079"
"2727","1378",377.624476475927,"16079"
"2728","1378",377.624476475927,"30061"
"2729","1378",377.624476475927,"30089"
"2730","1379",1709.96372494316,"30053"
"2731","1379",1709.96372494316,"30089"
"2732","1380",4979.10355090212,"30053"
"2733","1381",0,"30053"
"2734","1381",0,"16021"
"2735","1382",94.3101466684099,"04023"
"2736","1382",94.3101466684099,"04019"
"2737","1383",1970.8086773826,"04019"
"2738","1384",1197.59850105288,"04021"
"2739","1384",1197.59850105288,"04019"
"2740","1385",201746.424651217,"04013"
"2741","1385",201746.424651217,"04021"
"2742","1386",534676.118570753,"04013"
"2743","1387",7.12917754735879,"04013"
"2744","1387",7.12917754735879,"04007"
"2745","1387",7.12917754735879,"04025"
"2746","1388",51251.8967104161,"04025"
"2747","1389",6006.70636579149,"04005"
"2748","1390",728.171443806134,"04005"
"2749","1391",12.0555941583403,"04005"
"2750","1392",1652.38829112213,"49025"
"2751","1392",1652.38829112213,"04005"
"2752","1392",1652.38829112213,"04015"
"2753","1393",1506.63500839917,"49025"
"2754","1393",1506.63500839917,"49017"
"2755","1394",4768.51687266631,"49017"
"2756","1394",4768.51687266631,"49021"
"2757","1395",1634.86669932681,"49001"
"2758","1395",1634.86669932681,"49027"
"2759","1396",0,"49027"
"2760","1397",0,"49023"
"2761","1397",0,"49027"
"2762","1398",0,"49045"
"2763","1399",0,"49045"
"2764","1400",5.67458921453003,"49003"
"2765","1400",5.67458921453003,"49045"
"2766","1401",67.4465829816693,"49003"
"2767","1402",1855.12412201061,"16031"
"2768","1403",1148.40302856493,"16063"
"2769","1403",1148.40302856493,"16053"
"2770","1403",1148.40302856493,"16067"
"2771","1404",2029.7155089261,"16063"
"2772","1404",2029.7155089261,"16013"
"2773","1405",12.8675481665768,"16037"
"2774","1405",12.8675481665768,"16013"
"2775","1406",2324.51508714354,"16037"
"2776","1407",3.95254630404057,"16085"
"2777","1407",3.95254630404057,"16059"
"2778","1408",8.13951735641556,"16059"
"2779","1408",8.13951735641556,"30081"
"2780","1408",8.13951735641556,"16049"
"2781","1409",0,"16049"
"2782","1410",0.325921561067679,"16035"
"2783","1410",0.325921561067679,"30061"
"2784","1410",0.325921561067679,"16049"
"2785","1411",1837.60248049623,"16079"
"2786","1411",1837.60248049623,"30061"
"2787","1412",3594.96372655486,"30089"
"2788","1413",7195.90709461272,"30053"
"2789","1413",7195.90709461272,"30089"
"2790","1414",238.911370792719,"30053"
"2791","1415",4580.16934304162,"04023"
"2792","1415",4580.16934304162,"04019"
"2793","1416",25402.9382050335,"04019"
"2794","1417",37932.4843367988,"04021"
"2795","1418",511979.862379281,"04013"
"2796","1418",511979.862379281,"04021"
"2797","1419",5207.14007389825,"04013"
"2798","1419",5207.14007389825,"04007"
"2799","1419",5207.14007389825,"04025"
"2800","1420",5338.62781966062,"04005"
"2801","1420",5338.62781966062,"04007"
"2802","1420",5338.62781966062,"04025"
"2803","1421",13657.9827971176,"04005"
"2804","1421",13657.9827971176,"04025"
"2805","1422",395.372266670829,"04005"
"2806","1423",2803.93147612569,"04005"
"2807","1424",14.9072028662351,"04005"
"2808","1425",663.791801978209,"49025"
"2809","1425",663.791801978209,"04005"
"2810","1426",2348.46297743622,"49025"
"2811","1426",2348.46297743622,"49017"
"2812","1427",4205.18059526382,"49001"
"2813","1427",4205.18059526382,"49017"
"2814","1427",4205.18059526382,"49021"
"2815","1427",4205.18059526382,"49031"
"2816","1428",1.64088303996774,"49027"
"2817","1429",1998.20217884759,"49027"
"2818","1430",3.62374658343324,"49045"
"2819","1430",3.62374658343324,"49023"
"2820","1431",0,"49045"
"2821","1432",0,"49003"
"2822","1432",0,"49045"
"2823","1433",0.61904609613055,"49003"
"2824","1434",355.338018161792,"49003"
"2825","1434",355.338018161792,"16031"
"2826","1435",35176.7190757302,"16013"
"2827","1435",35176.7190757302,"16031"
"2828","1435",35176.7190757302,"16067"
"2829","1436",0,"16063"
"2830","1436",0,"16013"
"2831","1436",0,"16067"
"2832","1437",21.2478260846374,"16023"
"2833","1437",21.2478260846374,"16037"
"2834","1437",21.2478260846374,"16013"
"2835","1438",39.067449371248,"16037"
"2836","1439",181.481227716491,"16037"
"2837","1439",181.481227716491,"16059"
"2838","1440",40.2694085763724,"16059"
"2839","1441",147.641952244304,"30081"
"2840","1441",147.641952244304,"16049"
"2841","1442",63.4615754672086,"30081"
"2842","1442",63.4615754672086,"16049"
"2843","1443",263.659551859999,"16035"
"2844","1443",263.659551859999,"16079"
"2845","1443",263.659551859999,"30061"
"2846","1443",263.659551859999,"30063"
"2847","1444",3699.545633701,"30061"
"2848","1444",3699.545633701,"30089"
"2849","1445",305.361310583364,"30029"
"2850","1445",305.361310583364,"30053"
"2851","1445",305.361310583364,"30089"
"2852","1446",37.9435686834714,"30053"
"2853","1447",10.9468129272053,"30053"
"2854","1448",50766.8326894057,"04023"
"2855","1449",109753.244776148,"04019"
"2856","1450",37780.9071814461,"04021"
"2857","1450",37780.9071814461,"04019"
"2858","1451",57962.5765428774,"04021"
"2859","1452",39.3312842043879,"04013"
"2860","1452",39.3312842043879,"04007"
"2861","1452",39.3312842043879,"04021"
"2862","1453",12931.412366587,"04013"
"2863","1453",12931.412366587,"04007"
"2864","1453",12931.412366587,"04025"
"2865","1454",12056.286023253,"04005"
"2866","1454",12056.286023253,"04025"
"2867","1455",85876.407240487,"04005"
"2868","1456",26.5382188398043,"04005"
"2869","1457",13.2194267157862,"04005"
"2870","1458",6.57840436161598,"49025"
"2871","1458",6.57840436161598,"04005"
"2872","1459",193.929380367011,"49025"
"2873","1459",193.929380367011,"49017"
"2874","1460",158.309413049439,"49017"
"2875","1460",158.309413049439,"49021"
"2876","1460",158.309413049439,"49031"
"2877","1461",570.918761410715,"49001"
"2878","1461",570.918761410715,"49027"
"2879","1461",570.918761410715,"49041"
"2880","1461",570.918761410715,"49031"
"2881","1462",349.241122664152,"49027"
"2882","1463",185.699245874234,"49023"
"2883","1463",185.699245874234,"49027"
"2884","1464",1043.41239795486,"49045"
"2885","1465",5.59083236297498,"49045"
"2886","1466",0.103174349355092,"49003"
"2887","1467",158.982221152679,"49003"
"2888","1468",1216.5391135611,"16031"
"2889","1469",823.093055668723,"16013"
"2890","1469",823.093055668723,"16067"
"2891","1469",823.093055668723,"16077"
"2892","1470",16.493295986559,"16023"
"2893","1470",16.493295986559,"16013"
"2894","1471",946.084991620539,"16037"
"2895","1472",166.498058186309,"16037"
"2896","1472",166.498058186309,"16059"
"2897","1473",2076.39783091719,"16059"
"2898","1474",52.7186526960021,"16059"
"2899","1474",52.7186526960021,"30081"
"2900","1475",10237.6781456813,"30081"
"2901","1475",10237.6781456813,"16049"
"2902","1476",78.3826004886842,"16035"
"2903","1476",78.3826004886842,"30081"
"2904","1476",78.3826004886842,"30061"
"2905","1476",78.3826004886842,"16049"
"2906","1476",78.3826004886842,"30063"
"2907","1477",1535.38285224761,"30061"
"2908","1477",1535.38285224761,"30089"
"2909","1477",1535.38285224761,"30063"
"2910","1478",259.082802561016,"30029"
"2911","1478",259.082802561016,"30089"
"2912","1478",259.082802561016,"30047"
"2913","1479",14.4040900507181,"30029"
"2914","1479",14.4040900507181,"30053"
"2915","1480",5108.30346013378,"30053"
"2916","1481",3.78618892609402,"04023"
"2917","1482",8450.09128292399,"04023"
"2918","1482",8450.09128292399,"04019"
"2919","1483",816763.686306973,"04019"
"2920","1484",417.973445968048,"04021"
"2921","1485",8012.96686558032,"04013"
"2922","1485",8012.96686558032,"04007"
"2923","1485",8012.96686558032,"04021"
"2924","1486",2360.04446739659,"04013"
"2925","1486",2360.04446739659,"04007"
"2926","1487",3668.8075637746,"04005"
"2927","1487",3668.8075637746,"04007"
"2928","1487",3668.8075637746,"04025"
"2929","1488",2170.22932377151,"04005"
"2930","1489",147.230223694168,"04005"
"2931","1490",96.9383296865953,"04005"
"2932","1491",581.469087033522,"04005"
"2933","1492",197.625801907903,"49025"
"2934","1493",1165.19543555701,"49017"
"2935","1494",1095.70751859477,"49001"
"2936","1494",1095.70751859477,"49017"
"2937","1494",1095.70751859477,"49031"
"2938","1495",11541.5377088457,"49027"
"2939","1495",11541.5377088457,"49041"
"2940","1496",5111.51040086894,"49023"
"2941","1496",5111.51040086894,"49027"
"2942","1497",4.16251752571861,"49045"
"2943","1497",4.16251752571861,"49023"
"2944","1498",277.512137991994,"49045"
"2945","1499",0,"49003"
"2946","1499",0,"49045"
"2947","1500",5.67458921453003,"49003"
"2948","1501",101.321537881749,"49003"
"2949","1501",101.321537881749,"16031"
"2950","1501",101.321537881749,"16071"
"2951","1502",422.759845030802,"16013"
"2952","1502",422.759845030802,"16031"
"2953","1502",422.759845030802,"16077"
"2954","1503",0,"16023"
"2955","1503",0,"16013"
"2956","1503",0,"16067"
"2957","1503",0,"16077"
"2958","1504",2621.03038983416,"16023"
"2959","1504",2621.03038983416,"16037"
"2960","1505",11.8995349374377,"16023"
"2961","1505",11.8995349374377,"16037"
"2962","1506",208.860235270104,"16059"
"2963","1507",3963.32010211115,"16059"
"2964","1507",3963.32010211115,"30001"
"2965","1508",1809.5505132477,"30001"
"2966","1508",1809.5505132477,"30081"
"2967","1509",20443.3228774647,"30081"
"2968","1509",20443.3228774647,"16049"
"2969","1510",10277.0286362366,"30061"
"2970","1510",10277.0286362366,"30089"
"2971","1510",10277.0286362366,"30063"
"2972","1511",1636.22052125468,"30089"
"2973","1511",1636.22052125468,"30047"
"2974","1512",3775.41521210338,"30029"
"2975","1513",1133.16612813024,"30029"
"2976","1513",1133.16612813024,"30053"
"2977","1514",0,"30053"
"2978","1515",2827.07085567905,"04023"
"2979","1515",2827.07085567905,"04003"
"2980","1516",80224.6640515442,"04019"
"2981","1517",46141.1213888655,"04021"
"2982","1517",46141.1213888655,"04019"
"2983","1518",5265.00775687538,"04007"
"2984","1518",5265.00775687538,"04021"
"2985","1519",629.667513659173,"04013"
"2986","1519",629.667513659173,"04007"
"2987","1520",7635.5148396049,"04005"
"2988","1520",7635.5148396049,"04007"
"2989","1521",465.944826097372,"04005"
"2990","1522",6893.65816851123,"04005"
"2991","1523",1352.0918448068,"04005"
"2992","1524",1067.61758573702,"04005"
"2993","1525",5116.20599166043,"49025"
"2994","1525",5116.20599166043,"04005"
"2995","1526",41.5220061083736,"49025"
"2996","1526",41.5220061083736,"49017"
"2997","1527",159.624323709098,"49017"
"2998","1527",159.624323709098,"49055"
"2999","1527",159.624323709098,"49031"
"3000","1528",7290.94671284984,"49041"
"3001","1528",7290.94671284984,"49031"
"3002","1529",775.186374583288,"49027"
"3003","1529",775.186374583288,"49041"
"3004","1529",775.186374583288,"49039"
"3005","1530",257.08727450323,"49049"
"3006","1530",257.08727450323,"49023"
"3007","1530",257.08727450323,"49027"
"3008","1531",1025.54193427979,"49049"
"3009","1531",1025.54193427979,"49045"
"3010","1532",9903.41013631369,"49011"
"3011","1532",9903.41013631369,"49045"
"3012","1533",0.330157917936293,"49003"
"3013","1534",276.046804810426,"49003"
"3014","1534",276.046804810426,"16071"
"3015","1535",98.1872732238555,"16031"
"3016","1535",98.1872732238555,"16071"
"3017","1535",98.1872732238555,"16077"
"3018","1536",3483.21100017403,"16013"
"3019","1536",3483.21100017403,"16011"
"3020","1536",3483.21100017403,"16077"
"3021","1537",128.939065907232,"16023"
"3022","1537",128.939065907232,"16013"
"3023","1538",101.39881090508,"16023"
"3024","1538",101.39881090508,"16037"
"3025","1539",261.500966154317,"16037"
"3026","1539",261.500966154317,"16059"
"3027","1540",801.291521162585,"16059"
"3028","1540",801.291521162585,"30001"
"3029","1541",120.661115013314,"16059"
"3030","1541",120.661115013314,"30001"
"3031","1541",120.661115013314,"30081"
"3032","1542",3024.93992809074,"30039"
"3033","1542",3024.93992809074,"30081"
"3034","1543",99093.7471487991,"30039"
"3035","1543",99093.7471487991,"30081"
"3036","1543",99093.7471487991,"30063"
"3037","1544",6213.53065508668,"30089"
"3038","1544",6213.53065508668,"30063"
"3039","1544",6213.53065508668,"30047"
"3040","1545",3509.63824002958,"30029"
"3041","1545",3509.63824002958,"30089"
"3042","1545",3509.63824002958,"30047"
"3043","1546",19526.4087436468,"30029"
"3044","1547",94.7047229074399,"30029"
"3045","1547",94.7047229074399,"30053"
"3046","1548",92.2402622566804,"04023"
"3047","1548",92.2402622566804,"04003"
"3048","1549",4746.59520703786,"04023"
"3049","1549",4746.59520703786,"04003"
"3050","1549",4746.59520703786,"04019"
"3051","1550",4638.65159370317,"04009"
"3052","1550",4638.65159370317,"04021"
"3053","1550",4638.65159370317,"04003"
"3054","1550",4638.65159370317,"04019"
"3055","1551",7038.97405809477,"04007"
"3056","1551",7038.97405809477,"04021"
"3057","1552",18302.4913124103,"04007"
"3058","1553",633.912804361293,"04007"
"3059","1553",633.912804361293,"04017"
"3060","1554",290.006224598384,"04005"
"3061","1554",290.006224598384,"04007"
"3062","1555",137.082149367787,"04005"
"3063","1556",129.40745753685,"04005"
"3064","1557",11802.6760082504,"04005"
"3065","1558",2110.87056860597,"04005"
"3066","1559",0,"49025"
"3067","1560",1023.15316536097,"49017"
"3068","1561",1413.39714606208,"49017"
"3069","1561",1413.39714606208,"49055"
"3070","1561",1413.39714606208,"49041"
"3071","1561",1413.39714606208,"49031"
"3072","1562",6743.08024225576,"49027"
"3073","1562",6743.08024225576,"49041"
"3074","1562",6743.08024225576,"49039"
"3075","1563",114.502084557871,"49023"
"3076","1563",114.502084557871,"49027"
"3077","1563",114.502084557871,"49039"
"3078","1564",1860.1795296672,"49049"
"3079","1564",1860.1795296672,"49045"
"3080","1564",1860.1795296672,"49023"
"3081","1565",84233.3680753808,"49035"
"3082","1565",84233.3680753808,"49049"
"3083","1565",84233.3680753808,"49045"
"3084","1566",18.5994435843453,"49003"
"3085","1566",18.5994435843453,"49011"
"3086","1566",18.5994435843453,"49045"
"3087","1566",18.5994435843453,"49057"
"3088","1567",454.326786850976,"49003"
"3089","1568",303.762330648367,"49003"
"3090","1568",303.762330648367,"16071"
"3091","1569",6160.43038489216,"16077"
"3092","1570",149.419090992875,"16023"
"3093","1570",149.419090992875,"16013"
"3094","1570",149.419090992875,"16011"
"3095","1570",149.419090992875,"16077"
"3096","1571",262.283230900139,"16023"
"3097","1572",30.8620833289342,"16023"
"3098","1572",30.8620833289342,"16037"
"3099","1572",30.8620833289342,"16059"
"3100","1572",30.8620833289342,"30001"
"3101","1572",30.8620833289342,"16033"
"3102","1573",65.1334680888093,"16059"
"3103","1573",65.1334680888093,"30001"
"3104","1574",188.897826380419,"30001"
"3105","1575",107.186669640797,"30023"
"3106","1575",107.186669640797,"30039"
"3107","1575",107.186669640797,"30001"
"3108","1575",107.186669640797,"30081"
"3109","1576",732.843701305471,"30039"
"3110","1576",732.843701305471,"30081"
"3111","1576",732.843701305471,"30063"
"3112","1577",12616.4041440245,"30063"
"3113","1577",12616.4041440245,"30047"
"3114","1578",16356.4824578024,"30063"
"3115","1578",16356.4824578024,"30047"
"3116","1579",65712.965690973,"30029"
"3117","1579",65712.965690973,"30047"
"3118","1580",79.6949958350656,"30029"
"3119","1580",79.6949958350656,"30053"
"3120","1581",71322.5081325209,"04003"
"3121","1582",10255.9235276693,"04003"
"3122","1582",10255.9235276693,"04019"
"3123","1583",302.332720989259,"04009"
"3124","1583",302.332720989259,"04021"
"3125","1583",302.332720989259,"04019"
"3126","1584",3650.45779266683,"04009"
"3127","1584",3650.45779266683,"04007"
"3128","1584",3650.45779266683,"04021"
"3129","1585",23.1814118499658,"04007"
"3130","1586",436.595978474819,"04005"
"3131","1586",436.595978474819,"04007"
"3132","1586",436.595978474819,"04017"
"3133","1587",22.4627061942561,"04005"
"3134","1587",22.4627061942561,"04017"
"3135","1588",2319.51895870152,"04005"
"3136","1588",2319.51895870152,"04017"
"3137","1589",458.376451573736,"04005"
"3138","1590",2472.22482643379,"04005"
"3139","1591",4249.51941611371,"49025"
"3140","1591",4249.51941611371,"04005"
"3141","1591",4249.51941611371,"49037"
"3142","1592",2.54643035017984,"49025"
"3143","1592",2.54643035017984,"49017"
"3144","1593",49.4939487082988,"49017"
"3145","1593",49.4939487082988,"49055"
"3146","1594",123.066624425417,"49055"
"3147","1594",123.066624425417,"49041"
"3148","1595",12018.4268011905,"49041"
"3149","1595",12018.4268011905,"49039"
"3150","1596",10233.0310590605,"49049"
"3151","1596",10233.0310590605,"49023"
"3152","1596",10233.0310590605,"49039"
"3153","1597",84208.9525765085,"49035"
"3154","1597",84208.9525765085,"49049"
"3155","1597",84208.9525765085,"49045"
"3156","1598",336639.239268468,"49011"
"3157","1598",336639.239268468,"49035"
"3158","1598",336639.239268468,"49045"
"3159","1599",30372.9850969905,"49003"
"3160","1599",30372.9850969905,"49057"
"3161","1600",1934.87345225597,"49003"
"3162","1600",1934.87345225597,"49005"
"3163","1600",1934.87345225597,"16071"
"3164","1601",162.762644779165,"16071"
"3165","1601",162.762644779165,"16077"
"3166","1601",162.762644779165,"16005"
"3167","1602",63183.2996174069,"16011"
"3168","1602",63183.2996174069,"16077"
"3169","1602",63183.2996174069,"16005"
"3170","1603",51.1024057986327,"16023"
"3171","1603",51.1024057986327,"16051"
"3172","1603",51.1024057986327,"16019"
"3173","1603",51.1024057986327,"16011"
"3174","1604",36.4665184067964,"16023"
"3175","1604",36.4665184067964,"16059"
"3176","1604",36.4665184067964,"16051"
"3177","1604",36.4665184067964,"16033"
"3178","1605",15.0157864140942,"16059"
"3179","1605",15.0157864140942,"30001"
"3180","1606",121.155711777127,"30001"
"3181","1607",180.731749741706,"30023"
"3182","1607",180.731749741706,"30001"
"3183","1608",1772.98276586022,"30023"
"3184","1608",1772.98276586022,"30039"
"3185","1609",3908.61925058107,"30039"
"3186","1609",3908.61925058107,"30063"
"3187","1610",381.707221028593,"30063"
"3188","1610",381.707221028593,"30047"
"3189","1611",2365.43895577832,"30029"
"3190","1611",2365.43895577832,"30047"
"3191","1612",16887.6495342836,"30029"
"3192","1613",21.5846260555941,"30029"
"3193","1613",21.5846260555941,"30035"
"3194","1614",8199.06756095172,"04003"
"3195","1615",5100.08928180002,"04003"
"3196","1616",106.683794237623,"04009"
"3197","1616",106.683794237623,"04003"
"3198","1617",62.9662116990763,"04009"
"3199","1617",62.9662116990763,"04021"
"3200","1618",3967.27945483603,"04009"
"3201","1618",3967.27945483603,"04007"
"3202","1619",2001.45795065736,"04007"
"3203","1619",2001.45795065736,"04017"
"3204","1620",3728.06573949113,"04005"
"3205","1620",3728.06573949113,"04017"
"3206","1621",11650.8511593638,"04005"
"3207","1621",11650.8511593638,"04017"
"3208","1622",60.4503105476225,"04005"
"3209","1622",60.4503105476225,"04017"
"3210","1623",1276.75814122084,"04005"
"3211","1623",1276.75814122084,"04017"
"3212","1624",420.018947126081,"04005"
"3213","1625",0,"49025"
"3214","1626",256.195438313264,"49017"
"3215","1627",1159.19026714085,"49055"
"3216","1627",1159.19026714085,"49041"
"3217","1627",1159.19026714085,"49015"
"3218","1628",21.606936707608,"49041"
"3219","1628",21.606936707608,"49015"
"3220","1628",21.606936707608,"49039"
"3221","1629",18157.9555234345,"49023"
"3222","1629",18157.9555234345,"49039"
"3223","1630",131265.045542085,"49049"
"3224","1630",131265.045542085,"49023"
"3225","1631",884437.502060563,"49035"
"3226","1631",884437.502060563,"49049"
"3227","1632",476614.908495968,"49011"
"3228","1632",476614.908495968,"49029"
"3229","1632",476614.908495968,"49057"
"3230","1633",62338.2554585748,"49003"
"3231","1633",62338.2554585748,"49005"
"3232","1634",4989.60015061836,"16041"
"3233","1634",4989.60015061836,"16071"
"3234","1634",4989.60015061836,"16005"
"3235","1635",25501.4994462738,"16029"
"3236","1635",25501.4994462738,"16077"
"3237","1635",25501.4994462738,"16005"
"3238","1636",28515.9442025203,"16019"
"3239","1636",28515.9442025203,"16011"
"3240","1637",1627.57816561282,"16023"
"3241","1637",1627.57816561282,"16051"
"3242","1638",10.7487620223399,"16059"
"3243","1638",10.7487620223399,"30001"
"3244","1638",10.7487620223399,"16033"
"3245","1639",142.192172420064,"30001"
"3246","1640",82.4516049729172,"30001"
"3247","1641",3153.67405182592,"30023"
"3248","1641",3153.67405182592,"30039"
"3249","1641",3153.67405182592,"30001"
"3250","1641",3153.67405182592,"30093"
"3251","1642",1162.13880561478,"30039"
"3252","1642",1162.13880561478,"30077"
"3253","1643",2397.74873300828,"30077"
"3254","1643",2397.74873300828,"30063"
"3255","1644",518.559498846855,"30029"
"3256","1644",518.559498846855,"30077"
"3257","1644",518.559498846855,"30063"
"3258","1644",518.559498846855,"30047"
"3259","1645",66.4896719993787,"30029"
"3260","1646",2.98279886086942,"30029"
"3261","1646",2.98279886086942,"30035"
"3262","1647",3539.75340257752,"04003"
"3263","1648",7287.82902691319,"04003"
"3264","1649",1132.22399288651,"04009"
"3265","1650",2220.27582390546,"04009"
"3266","1651",331.4590463468,"04007"
"3267","1652",2640.78774231603,"04017"
"3268","1653",1667.23141455689,"04017"
"3269","1654",1431.61268966695,"04005"
"3270","1654",1431.61268966695,"04017"
"3271","1655",2443.83577842957,"04005"
"3272","1655",2443.83577842957,"04017"
"3273","1656",3534.94787158556,"04005"
"3274","1656",3534.94787158556,"04017"
"3275","1657",469.535149045467,"49025"
"3276","1657",469.535149045467,"04005"
"3277","1657",469.535149045467,"49037"
"3278","1657",469.535149045467,"04017"
"3279","1658",1.72477411159495,"49025"
"3280","1658",1.72477411159495,"49017"
"3281","1659",21.0516740833093,"49017"
"3282","1659",21.0516740833093,"49055"
"3283","1660",0.736061452147402,"49055"
"3284","1660",0.736061452147402,"49041"
"3285","1660",0.736061452147402,"49015"
"3286","1661",13.080016122918,"49015"
"3287","1661",13.080016122918,"49039"
"3288","1662",2987.4341781757,"49049"
"3289","1662",2987.4341781757,"49007"
"3290","1662",2987.4341781757,"49023"
"3291","1662",2987.4341781757,"49015"
"3292","1662",2987.4341781757,"49039"
"3293","1663",367509.81123097,"49049"
"3294","1663",367509.81123097,"49051"
"3295","1664",142934.193841113,"49011"
"3296","1664",142934.193841113,"49029"
"3297","1664",142934.193841113,"49035"
"3298","1664",142934.193841113,"49043"
"3299","1665",45349.5665660906,"49003"
"3300","1665",45349.5665660906,"49005"
"3301","1665",45349.5665660906,"49057"
"3302","1666",33214.638072983,"49003"
"3303","1666",33214.638072983,"16041"
"3304","1666",33214.638072983,"49005"
"3305","1666",33214.638072983,"16071"
"3306","1667",2954.82302106367,"16041"
"3307","1667",2954.82302106367,"16029"
"3308","1667",2954.82302106367,"16005"
"3309","1668",576.148928723183,"16029"
"3310","1668",576.148928723183,"16011"
"3311","1668",576.148928723183,"16005"
"3312","1669",4007.42239008687,"16051"
"3313","1669",4007.42239008687,"16019"
"3314","1669",4007.42239008687,"16011"
"3315","1670",1127.17457664882,"16051"
"3316","1670",1127.17457664882,"16033"
"3317","1671",413.652886463538,"30001"
"3318","1672",7386.76838599908,"30001"
"3319","1673",400.413375197762,"30001"
"3320","1673",400.413375197762,"30093"
"3321","1674",5720.15581733537,"30023"
"3322","1674",5720.15581733537,"30039"
"3323","1674",5720.15581733537,"30077"
"3324","1675",408.45733834736,"30039"
"3325","1675",408.45733834736,"30077"
"3326","1675",408.45733834736,"30063"
"3327","1676",5.58543723360549,"30077"
"3328","1676",5.58543723360549,"30049"
"3329","1676",5.58543723360549,"30063"
"3330","1677",2.0217113619085,"30029"
"3331","1678",82.5070015011238,"30029"
"3332","1678",82.5070015011238,"30035"
"3333","1679",2.15664632297452,"30035"
"3334","1680",24252.4209327612,"04003"
"3335","1681",2665.82819413643,"04003"
"3336","1682",2906.82955070001,"04009"
"3337","1682",2906.82955070001,"04003"
"3338","1683",5433.96465379426,"04009"
"3339","1684",0,"04009"
"3340","1684",0,"04007"
"3341","1684",0,"04001"
"3342","1684",0,"04017"
"3343","1685",13529.0488113329,"04007"
"3344","1685",13529.0488113329,"04017"
"3345","1686",6270.72310418953,"04017"
"3346","1687",521.033597744783,"04017"
"3347","1688",3812.84711146163,"04017"
"3348","1689",404.951278765866,"04017"
"3349","1690",379.058488913294,"04005"
"3350","1690",379.058488913294,"04017"
"3351","1691",13.7484228264842,"49025"
"3352","1691",13.7484228264842,"49037"
"3353","1692",2.8612141967858,"49017"
"3354","1693",50.7382121755542,"49055"
"3355","1693",50.7382121755542,"49015"
"3356","1694",2251.32296683368,"49015"
"3357","1695",170.028892668291,"49007"
"3358","1695",170.028892668291,"49015"
"3359","1695",170.028892668291,"49039"
"3360","1696",23.6537840861718,"49049"
"3361","1696",23.6537840861718,"49051"
"3362","1697",60900.5103962776,"49035"
"3363","1697",60900.5103962776,"49043"
"3364","1697",60900.5103962776,"49049"
"3365","1697",60900.5103962776,"49051"
"3366","1698",7205.07091889194,"49029"
"3367","1698",7205.07091889194,"49043"
"3368","1698",7205.07091889194,"49057"
"3369","1699",92560.2384064376,"49033"
"3370","1699",92560.2384064376,"49005"
"3371","1700",4096.36671989346,"16041"
"3372","1700",4096.36671989346,"16007"
"3373","1700",4096.36671989346,"16029"
"3374","1700",4096.36671989346,"16005"
"3375","1701",873.079549255601,"16029"
"3376","1701",873.079549255601,"16005"
"3377","1702",86466.9569813749,"16019"
"3378","1702",86466.9569813749,"16011"
"3379","1703",2819.77214870329,"16043"
"3380","1703",2819.77214870329,"16051"
"3381","1703",2819.77214870329,"16065"
"3382","1704",63.6438084568884,"30001"
"3383","1704",63.6438084568884,"16033"
"3384","1705",10.7965932375553,"30057"
"3385","1705",10.7965932375553,"30001"
"3386","1706",1062.75860258852,"30057"
"3387","1706",1062.75860258852,"30001"
"3388","1706",1062.75860258852,"30093"
"3389","1707",29677.9985377185,"30023"
"3390","1707",29677.9985377185,"30043"
"3391","1707",29677.9985377185,"30093"
"3392","1708",553.791667868061,"30039"
"3393","1708",553.791667868061,"30077"
"3394","1709",75.7748086218494,"30077"
"3395","1709",75.7748086218494,"30049"
"3396","1710",3.75190186771355,"30029"
"3397","1710",3.75190186771355,"30077"
"3398","1710",3.75190186771355,"30049"
"3399","1710",3.75190186771355,"30099"
"3400","1711",64.026881870707,"30029"
"3401","1711",64.026881870707,"30073"
"3402","1711",64.026881870707,"30035"
"3403","1712",441.616008850166,"30035"
"3404","1713",692.324339219503,"04003"
"3405","1714",774.086517943497,"04003"
"3406","1715",27994.0354789905,"04009"
"3407","1716",1.97922780030919,"04009"
"3408","1717",10082.9546530791,"04007"
"3409","1717",10082.9546530791,"04001"
"3410","1717",10082.9546530791,"04017"
"3411","1718",21620.9550374547,"04001"
"3412","1718",21620.9550374547,"04017"
"3413","1719",6261.35380354597,"04017"
"3414","1720",3243.00273990892,"04017"
"3415","1721",4543.73052771167,"04017"
"3416","1722",1042.14193425927,"04017"
"3417","1723",442.324170657856,"49037"
"3418","1723",442.324170657856,"04017"
"3419","1724",244.138133018282,"49025"
"3420","1724",244.138133018282,"49017"
"3421","1724",244.138133018282,"49037"
"3422","1725",19.3825847971061,"49017"
"3423","1725",19.3825847971061,"49055"
"3424","1726",1.72514402847047,"49015"
"3425","1727",7132.92674182989,"49015"
"3426","1728",59.7879441005913,"49049"
"3427","1728",59.7879441005913,"49051"
"3428","1728",59.7879441005913,"49007"
"3429","1728",59.7879441005913,"49013"
"3430","1729",613.286216685882,"49049"
"3431","1729",613.286216685882,"49051"
"3432","1730",4085.15225889943,"49043"
"3433","1731",62.7144402393454,"49029"
"3434","1731",62.7144402393454,"49033"
"3435","1731",62.7144402393454,"49005"
"3436","1731",62.7144402393454,"49057"
"3437","1732",1401.62696398102,"49033"
"3438","1732",1401.62696398102,"16041"
"3439","1732",1401.62696398102,"49005"
"3440","1732",1401.62696398102,"16007"
"3441","1733",5556.24737518838,"16041"
"3442","1733",5556.24737518838,"16007"
"3443","1733",5556.24737518838,"16029"
"3444","1734",1.72217687937141,"16029"
"3445","1734",1.72217687937141,"16019"
"3446","1734",1.72217687937141,"16011"
"3447","1735",84055.6192535448,"16051"
"3448","1735",84055.6192535448,"16065"
"3449","1735",84055.6192535448,"16019"
"3450","1736",50.1996992126858,"16043"
"3451","1736",50.1996992126858,"16051"
"3452","1736",50.1996992126858,"16033"
"3453","1737",1.0447967142764,"30057"
"3454","1737",1.0447967142764,"30001"
"3455","1738",640.68213296962,"30057"
"3456","1738",640.68213296962,"30001"
"3457","1739",5296.05811892351,"30057"
"3458","1739",5296.05811892351,"30043"
"3459","1739",5296.05811892351,"30093"
"3460","1740",3735.51489846919,"30023"
"3461","1740",3735.51489846919,"30077"
"3462","1740",3735.51489846919,"30049"
"3463","1740",3735.51489846919,"30043"
"3464","1741",1450.26123445528,"30077"
"3465","1741",1450.26123445528,"30049"
"3466","1742",46.7388938222686,"30077"
"3467","1742",46.7388938222686,"30049"
"3468","1742",46.7388938222686,"30099"
"3469","1743",4.12017493221187,"30029"
"3470","1743",4.12017493221187,"30049"
"3471","1743",4.12017493221187,"30073"
"3472","1743",4.12017493221187,"30099"
"3473","1744",7077.07939811822,"30035"
"3474","1745",65.5898797424675,"30035"
"3475","1746",38.0669575446646,"04003"
"3476","1746",38.0669575446646,"35023"
"3477","1747",232.304043038982,"04003"
"3478","1748",250.387599089699,"04009"
"3479","1748",250.387599089699,"04003"
"3480","1749",43.9873851478932,"04009"
"3481","1749",43.9873851478932,"04011"
"3482","1750",1.8568792728491,"04009"
"3483","1750",1.8568792728491,"04001"
"3484","1750",1.8568792728491,"04011"
"3485","1751",4059.11556422056,"04001"
"3486","1751",4059.11556422056,"04017"
"3487","1752",1845.8870637936,"04001"
"3488","1752",1845.8870637936,"04017"
"3489","1753",197.774722910344,"04001"
"3490","1753",197.774722910344,"04017"
"3491","1754",2276.83013225013,"04001"
"3492","1754",2276.83013225013,"04017"
"3493","1755",983.234066359895,"04001"
"3494","1755",983.234066359895,"04017"
"3495","1756",6823.86024195985,"49037"
"3496","1756",6823.86024195985,"04017"
"3497","1757",5.54077574489803,"49037"
"3498","1758",11.8377054832263,"49017"
"3499","1758",11.8377054832263,"49037"
"3500","1759",224.564550147002,"49055"
"3501","1759",224.564550147002,"49015"
"3502","1760",0,"49015"
"3503","1761",19995.0690371943,"49007"
"3504","1761",19995.0690371943,"49015"
"3505","1762",597.182022925774,"49051"
"3506","1762",597.182022925774,"49013"
"3507","1763",39.4156872225384,"49043"
"3508","1763",39.4156872225384,"49051"
"3509","1763",39.4156872225384,"49013"
"3510","1764",13792.8152652513,"49029"
"3511","1764",13792.8152652513,"49043"
"3512","1764",13792.8152652513,"49033"
"3513","1764",13792.8152652513,"56041"
"3514","1765",1208.18486347713,"49033"
"3515","1765",1208.18486347713,"49005"
"3516","1765",1208.18486347713,"56023"
"3517","1766",4116.48590403123,"16041"
"3518","1766",4116.48590403123,"16007"
"3519","1767",161.636009947247,"16029"
"3520","1768",77.1365798840537,"16019"
"3521","1768",77.1365798840537,"16011"
"3522","1769",53763.5135656864,"16043"
"3523","1769",53763.5135656864,"16065"
"3524","1770",21.1311913803052,"16043"
"3525","1770",21.1311913803052,"30001"
"3526","1770",21.1311913803052,"16033"
"3527","1771",33.4031175145573,"30057"
"3528","1771",33.4031175145573,"30001"
"3529","1772",1913.47089185907,"30057"
"3530","1773",2224.71015039848,"30043"
"3531","1773",2224.71015039848,"30093"
"3532","1774",2182.94873654021,"30077"
"3533","1774",2182.94873654021,"30049"
"3534","1775",116.226420193887,"30049"
"3535","1776",85.8071597364274,"30049"
"3536","1776",85.8071597364274,"30099"
"3537","1777",1201.92822365043,"30073"
"3538","1777",1201.92822365043,"30099"
"3539","1777",1201.92822365043,"30035"
"3540","1778",203.550724378863,"30035"
"3541","1779",249.185548986161,"04003"
"3542","1779",249.185548986161,"35023"
"3543","1780",478.959522981957,"04003"
"3544","1780",478.959522981957,"35023"
"3545","1781",1622.57838584887,"04009"
"3546","1781",1622.57838584887,"04011"
"3547","1782",25.6919356436294,"04009"
"3548","1782",25.6919356436294,"04011"
"3549","1783",135.367590614919,"04001"
"3550","1783",135.367590614919,"04011"
"3551","1784",2261.87189394151,"04001"
"3552","1785",163.106693207647,"04001"
"3553","1785",163.106693207647,"04017"
"3554","1786",1885.09615984567,"04001"
"3555","1786",1885.09615984567,"04017"
"3556","1787",2736.50054763698,"04001"
"3557","1787",2736.50054763698,"04017"
"3558","1788",1183.01264242573,"04001"
"3559","1788",1183.01264242573,"04017"
"3560","1789",783.884375592671,"04001"
"3561","1789",783.884375592671,"49037"
"3562","1789",783.884375592671,"04017"
"3563","1790",14.6890885004388,"49037"
"3564","1791",8.39673476880555,"49017"
"3565","1791",8.39673476880555,"49055"
"3566","1792",0,"49015"
"3567","1793",0,"49007"
"3568","1793",0,"49015"
"3569","1794",30.1431006011492,"49007"
"3570","1794",30.1431006011492,"49013"
"3571","1795",807.206015061043,"49051"
"3572","1795",807.206015061043,"49013"
"3573","1796",374.917311478387,"49043"
"3574","1796",374.917311478387,"56041"
"3575","1797",1155.31210572576,"49033"
"3576","1797",1155.31210572576,"56041"
"3577","1797",1155.31210572576,"56023"
"3578","1798",979.852231313583,"49033"
"3579","1798",979.852231313583,"16007"
"3580","1798",979.852231313583,"56023"
"3581","1799",764.311706726454,"16007"
"3582","1799",764.311706726454,"16029"
"3583","1799",764.311706726454,"56023"
"3584","1800",62.2142104004305,"16029"
"3585","1800",62.2142104004305,"16019"
"3586","1801",797.509825480093,"16051"
"3587","1801",797.509825480093,"16065"
"3588","1801",797.509825480093,"16019"
"3589","1801",797.509825480093,"16081"
"3590","1802",399.635395131958,"16043"
"3591","1803",79.1030216131363,"16043"
"3592","1803",79.1030216131363,"30057"
"3593","1803",79.1030216131363,"30001"
"3594","1804",2955.60569824284,"30057"
"3595","1805",3105.66523425354,"30057"
"3596","1805",3105.66523425354,"30031"
"3597","1805",3105.66523425354,"30043"
"3598","1806",7127.85784160722,"30077"
"3599","1806",7127.85784160722,"30049"
"3600","1806",7127.85784160722,"30043"
"3601","1807",487.910576349986,"30049"
"3602","1808",794.862181977737,"30049"
"3603","1808",794.862181977737,"30099"
"3604","1809",430.729214149436,"30073"
"3605","1809",430.729214149436,"30099"
"3606","1810",576.808304693062,"30073"
"3607","1810",576.808304693062,"30035"
"3608","1811",0,"30035"
"3609","1812",10.9991575167482,"04003"
"3610","1812",10.9991575167482,"35023"
"3611","1813",863.450401394567,"04003"
"3612","1813",863.450401394567,"35023"
"3613","1814",294.690299086299,"04009"
"3614","1814",294.690299086299,"04011"
"3615","1814",294.690299086299,"04003"
"3616","1814",294.690299086299,"35023"
"3617","1815",5948.13370038133,"35017"
"3618","1815",5948.13370038133,"04011"
"3619","1815",5948.13370038133,"35003"
"3620","1816",34.3508587157101,"04001"
"3621","1816",34.3508587157101,"04011"
"3622","1816",34.3508587157101,"35003"
"3623","1817",7593.21055692171,"04001"
"3624","1818",72.0177088853663,"04001"
"3625","1819",1844.38545663478,"04001"
"3626","1820",4820.32249028274,"04001"
"3627","1821",4527.44826025747,"04001"
"3628","1822",1422.20628237332,"04001"
"3629","1822",1422.20628237332,"49037"
"3630","1822",1422.20628237332,"04017"
"3631","1823",3.84334963164017,"49037"
"3632","1824",1.29479842028381,"49017"
"3633","1824",1.29479842028381,"49037"
"3634","1824",1.29479842028381,"49055"
"3635","1825",2.61451821896443,"49019"
"3636","1825",2.61451821896443,"49037"
"3637","1825",2.61451821896443,"49055"
"3638","1825",2.61451821896443,"49015"
"3639","1826",1138.05357360173,"49019"
"3640","1826",1138.05357360173,"49015"
"3641","1827",1697.44674737574,"49007"
"3642","1827",1697.44674737574,"49015"
"3643","1828",3466.2542695089,"49013"
"3644","1829",0.746859729094401,"49043"
"3645","1829",0.746859729094401,"49013"
"3646","1830",256.101726865936,"56041"
"3647","1831",109.713301152558,"56023"
"3648","1832",148.623110370737,"16007"
"3649","1832",148.623110370737,"56023"
"3650","1833",7822.16271871522,"16029"
"3651","1833",7822.16271871522,"16019"
"3652","1833",7822.16271871522,"56023"
"3653","1834",2491.53296620113,"56039"
"3654","1834",2491.53296620113,"16019"
"3655","1834",2491.53296620113,"56023"
"3656","1834",2491.53296620113,"16081"
"3657","1835",3428.85835840074,"16043"
"3658","1835",3428.85835840074,"56039"
"3659","1835",3428.85835840074,"16065"
"3660","1835",3428.85835840074,"16081"
"3661","1836",1109.24384831206,"16043"
"3662","1836",1109.24384831206,"30001"
"3663","1836",1109.24384831206,"30031"
"3664","1836",1109.24384831206,"16033"
"3665","1837",113.708412406924,"30057"
"3666","1837",113.708412406924,"30031"
"3667","1838",889.750729209717,"30057"
"3668","1838",889.750729209717,"30031"
"3669","1838",889.750729209717,"30043"
"3670","1839",337.104495079634,"30043"
"3671","1839",337.104495079634,"30007"
"3672","1840",63791.7239041476,"30049"
"3673","1840",63791.7239041476,"30043"
"3674","1841",312.707638769089,"30013"
"3675","1841",312.707638769089,"30049"
"3676","1842",2286.80660373572,"30099"
"3677","1843",1307.0857670217,"30073"
"3678","1843",1307.0857670217,"30035"
"3679","1843",1307.0857670217,"30101"
"3680","1844",166.908391999622,"30035"
"3681","1845",0,"35023"
"3682","1846",27.8635109920855,"35023"
"3683","1847",2619.3915587289,"35023"
"3684","1848",489.460240374833,"35017"
"3685","1848",489.460240374833,"04011"
"3686","1848",489.460240374833,"35023"
"3687","1849",407.297080315908,"35017"
"3688","1849",407.297080315908,"04011"
"3689","1849",407.297080315908,"35003"
"3690","1850",968.432359515774,"04001"
"3691","1850",968.432359515774,"04011"
"3692","1850",968.432359515774,"35003"
"3693","1851",2854.87355342258,"04001"
"3694","1851",2854.87355342258,"35003"
"3695","1851",2854.87355342258,"35006"
"3696","1852",952.205727657225,"04001"
"3697","1853",1312.56164687546,"04001"
"3698","1854",7241.38324161517,"04001"
"3699","1855",2169.94239242319,"04001"
"3700","1856",843.490694514457,"49037"
"3701","1857",0,"49037"
"3702","1858",26.8514780726718,"49017"
"3703","1858",26.8514780726718,"49037"
"3704","1858",26.8514780726718,"49055"
"3705","1859",5.40497476867257,"49019"
"3706","1859",5.40497476867257,"49015"
"3707","1860",0.091322351154115,"49047"
"3708","1860",0.091322351154115,"49007"
"3709","1860",0.091322351154115,"49019"
"3710","1860",0.091322351154115,"49015"
"3711","1861",4.52806241134784,"49047"
"3712","1861",4.52806241134784,"49007"
"3713","1861",4.52806241134784,"49013"
"3714","1862",2803.13455599549,"49013"
"3715","1863",149.570842148954,"49043"
"3716","1863",149.570842148954,"56041"
"3717","1864",10.3847057089467,"56041"
"3718","1864",10.3847057089467,"56023"
"3719","1865",38.5904297041898,"56023"
"3720","1866",4431.44872372733,"56035"
"3721","1866",4431.44872372733,"56023"
"3722","1867",3067.11610972196,"56039"
"3723","1867",3067.11610972196,"16019"
"3724","1867",3067.11610972196,"56023"
"3725","1868",13402.6164623421,"56039"
"3726","1868",13402.6164623421,"16081"
"3727","1869",8.79588904526724,"16043"
"3728","1869",8.79588904526724,"56039"
"3729","1870",624.378885123102,"16043"
"3730","1870",624.378885123102,"30057"
"3731","1870",624.378885123102,"30031"
"3732","1870",624.378885123102,"56029"
"3733","1871",3085.38476365518,"30057"
"3734","1871",3085.38476365518,"30031"
"3735","1872",7490.94112425256,"30031"
"3736","1872",7490.94112425256,"30043"
"3737","1872",7490.94112425256,"30007"
"3738","1873",3064.55417810539,"30049"
"3739","1873",3064.55417810539,"30043"
"3740","1873",3064.55417810539,"30007"
"3741","1874",618.579557238587,"30013"
"3742","1874",618.579557238587,"30049"
"3743","1874",618.579557238587,"30059"
"3744","1875",3612.35325820102,"30013"
"3745","1875",3612.35325820102,"30049"
"3746","1875",3612.35325820102,"30099"
"3747","1876",3305.25092024072,"30073"
"3748","1876",3305.25092024072,"30099"
"3749","1877",4187.77822530989,"30035"
"3750","1877",4187.77822530989,"30101"
"3751","1878",24.4457043034213,"35023"
"3752","1879",114.303331764493,"35017"
"3753","1879",114.303331764493,"35023"
"3754","1880",55.3273295973007,"35017"
"3755","1880",55.3273295973007,"35023"
"3756","1881",280.797859558481,"35017"
"3757","1881",280.797859558481,"35003"
"3758","1882",781.50214209767,"04011"
"3759","1882",781.50214209767,"35003"
"3760","1883",237.782686169951,"04001"
"3761","1883",237.782686169951,"35003"
"3762","1884",35.5300789883849,"04001"
"3763","1884",35.5300789883849,"35003"
"3764","1884",35.5300789883849,"35006"
"3765","1885",3170.79874837734,"04001"
"3766","1885",3170.79874837734,"35031"
"3767","1886",3938.88558325223,"04001"
"3768","1886",3938.88558325223,"35031"
"3769","1887",4400.72774755463,"04001"
"3770","1888",2235.10887686724,"04001"
"3771","1888",2235.10887686724,"49037"
"3772","1889",4249.15335203865,"49037"
"3773","1890",29.3819219007676,"49037"
"3774","1891",7553.53082576729,"49019"
"3775","1891",7553.53082576729,"49037"
"3776","1892",2.27164348495861,"49019"
"3777","1893",0.718234028297384,"49047"
"3778","1893",0.718234028297384,"49007"
"3779","1893",0.718234028297384,"49013"
"3780","1894",17510.6414213037,"49047"
"3781","1894",17510.6414213037,"49013"
"3782","1895",0.705316150090595,"49043"
"3783","1895",0.705316150090595,"49047"
"3784","1895",0.705316150090595,"49009"
"3785","1895",0.705316150090595,"49013"
"3786","1896",6524.31596358953,"56041"
"3787","1896",6524.31596358953,"56037"
"3788","1897",4531.82617488284,"56023"
"3789","1898",51.9059727309646,"56035"
"3790","1898",51.9059727309646,"56023"
"3791","1899",32.6079540735576,"56035"
"3792","1899",32.6079540735576,"56023"
"3793","1900",22203.8758809183,"56039"
"3794","1901",45.9240272724519,"16043"
"3795","1901",45.9240272724519,"56039"
"3796","1901",45.9240272724519,"16081"
"3797","1902",1711.05745838822,"16043"
"3798","1902",1711.05745838822,"30031"
"3799","1902",1711.05745838822,"56029"
"3800","1902",1711.05745838822,"56039"
"3801","1903",298.807054574552,"30031"
"3802","1903",298.807054574552,"56029"
"3803","1903",298.807054574552,"30067"
"3804","1904",97582.0233229545,"30057"
"3805","1904",97582.0233229545,"30031"
"3806","1905",3394.57964132117,"30031"
"3807","1905",3394.57964132117,"30059"
"3808","1905",3394.57964132117,"30007"
"3809","1906",31.6975993909015,"30013"
"3810","1906",31.6975993909015,"30049"
"3811","1906",31.6975993909015,"30059"
"3812","1906",31.6975993909015,"30007"
"3813","1907",2276.79430453466,"30013"
"3814","1908",785.693621948934,"30073"
"3815","1908",785.693621948934,"30099"
"3816","1909",3688.02709032792,"30073"
"3817","1909",3688.02709032792,"30101"
"3818","1910",785.773883504422,"30035"
"3819","1910",785.773883504422,"30101"
"3820","1911",0.064105867928552,"35023"
"3821","1912",59.9113806700663,"35017"
"3822","1912",59.9113806700663,"35023"
"3823","1912",59.9113806700663,"35029"
"3824","1913",66.4221672016647,"35017"
"3825","1913",66.4221672016647,"35023"
"3826","1914",1092.9717656019,"35017"
"3827","1915",40.2028729104406,"35003"
"3828","1916",425.043293686133,"35003"
"3829","1917",14.9118199008013,"35003"
"3830","1917",14.9118199008013,"35006"
"3831","1918",7356.40753971657,"04001"
"3832","1918",7356.40753971657,"35006"
"3833","1918",7356.40753971657,"35031"
"3834","1919",15311.7728899403,"04001"
"3835","1919",15311.7728899403,"35031"
"3836","1920",1395.72593439309,"35045"
"3837","1920",1395.72593439309,"04001"
"3838","1920",1395.72593439309,"35031"
"3839","1921",1137.90768701606,"35045"
"3840","1921",1137.90768701606,"04001"
"3841","1922",2491.9121032081,"49037"
"3842","1923",2639.15423708999,"49037"
"3843","1924",753.786933484027,"49019"
"3844","1924",753.786933484027,"49037"
"3845","1925",42.5500689411053,"49019"
"3846","1926",0.538675521223038,"49047"
"3847","1926",0.538675521223038,"49019"
"3848","1927",37.1783524219418,"49047"
"3849","1927",37.1783524219418,"49013"
"3850","1928",4480.99993466228,"49047"
"3851","1928",4480.99993466228,"49013"
"3852","1929",318.942281168177,"49043"
"3853","1929",318.942281168177,"49009"
"3854","1929",318.942281168177,"56041"
"3855","1929",318.942281168177,"56037"
"3856","1930",206.978039269983,"56041"
"3857","1930",206.978039269983,"56037"
"3858","1930",206.978039269983,"56023"
"3859","1931",929.49274735692,"56035"
"3860","1931",929.49274735692,"56037"
"3861","1931",929.49274735692,"56023"
"3862","1932",626.767981556267,"56035"
"3863","1933",424.840642235342,"56035"
"3864","1933",424.840642235342,"56039"
"3865","1933",424.840642235342,"56023"
"3866","1934",457.591935773716,"56039"
"3867","1935",20.5007605738512,"56039"
"3868","1936",283.034741215611,"56029"
"3869","1936",283.034741215611,"30067"
"3870","1937",1081.87068543166,"30031"
"3871","1937",1081.87068543166,"30067"
"3872","1938",1609.77300887667,"30031"
"3873","1939",292.967272106548,"30059"
"3874","1939",292.967272106548,"30007"
"3875","1940",95.7373057610068,"30013"
"3876","1940",95.7373057610068,"30059"
"3877","1941",41639.6477679115,"30015"
"3878","1941",41639.6477679115,"30013"
"3879","1941",41639.6477679115,"30099"
"3880","1942",343.584677744272,"30015"
"3881","1942",343.584677744272,"30073"
"3882","1942",343.584677744272,"30101"
"3883","1942",343.584677744272,"30051"
"3884","1943",187.71453330864,"30101"
"3885","1944",0,"35023"
"3886","1945",20.9653197669412,"35017"
"3887","1945",20.9653197669412,"35029"
"3888","1946",7748.4778251939,"35017"
"3889","1946",7748.4778251939,"35029"
"3890","1947",52.5743338795013,"35017"
"3891","1947",52.5743338795013,"35003"
"3892","1948",24.0360767230464,"35003"
"3893","1949",494.259587568132,"35003"
"3894","1950",341.171920558131,"35006"
"3895","1950",341.171920558131,"35031"
"3896","1951",9342.09682847682,"35031"
"3897","1952",3906.15034206542,"35045"
"3898","1952",3906.15034206542,"35031"
"3899","1953",2450.72480291065,"35045"
"3900","1953",2450.72480291065,"04001"
"3901","1954",1521.14276751185,"08083"
"3902","1954",1521.14276751185,"35045"
"3903","1954",1521.14276751185,"04001"
"3904","1954",1521.14276751185,"49037"
"3905","1955",104.366922504292,"08083"
"3906","1955",104.366922504292,"08033"
"3907","1955",104.366922504292,"49037"
"3908","1956",64.9696605543014,"08113"
"3909","1956",64.9696605543014,"49037"
"3910","1956",64.9696605543014,"08085"
"3911","1957",2362.82295853413,"49019"
"3912","1957",2362.82295853413,"49037"
"3913","1958",2.13085486026268,"49019"
"3914","1959",3.1906165487826,"49047"
"3915","1960",3103.75064335496,"49047"
"3916","1961",197.57076730896,"49047"
"3917","1961",197.57076730896,"49009"
"3918","1962",0,"56041"
"3919","1962",0,"56037"
"3920","1963",24.7327790394948,"56037"
"3921","1963",24.7327790394948,"56023"
"3922","1964",4238.79866856251,"56035"
"3923","1964",4238.79866856251,"56037"
"3924","1964",4238.79866856251,"56023"
"3925","1965",1833.40070643766,"56035"
"3926","1966",80.3803989625697,"56013"
"3927","1966",80.3803989625697,"56035"
"3928","1966",80.3803989625697,"56039"
"3929","1967",69.399283268704,"56039"
"3930","1968",32.5698140818427,"56029"
"3931","1968",32.5698140818427,"56039"
"3932","1969",1238.63676607498,"30067"
"3933","1970",12021.9383626551,"30031"
"3934","1970",12021.9383626551,"30067"
"3935","1971",139.306877213595,"30031"
"3936","1971",139.306877213595,"30059"
"3937","1971",139.306877213595,"30007"
"3938","1971",139.306877213595,"30067"
"3939","1972",84.9341471672628,"30013"
"3940","1972",84.9341471672628,"30059"
"3941","1973",32445.7800596547,"30013"
"3942","1974",252.327367680952,"30015"
"3943","1974",252.327367680952,"30073"
"3944","1974",252.327367680952,"30099"
"3945","1975",227.210653713937,"30101"
"3946","1975",227.210653713937,"30051"
"3947","1976",67.9477099709244,"30101"
"3948","1976",67.9477099709244,"30051"
"3949","1977",25.9790480723839,"35029"
"3950","1978",118.188123614292,"35017"
"3951","1978",118.188123614292,"35029"
"3952","1979",16512.4739682427,"35017"
"3953","1980",17.0721961112994,"35003"
"3954","1981",130.210500786046,"35003"
"3955","1982",178.624907859931,"35003"
"3956","1982",178.624907859931,"35006"
"3957","1983",1420.02065604038,"35006"
"3958","1983",1420.02065604038,"35031"
"3959","1984",22195.285567515,"35031"
"3960","1985",4006.60852217735,"35045"
"3961","1986",12028.8634033436,"35045"
"3962","1987",2018.40624175253,"08083"
"3963","1987",2018.40624175253,"49037"
"3964","1988",1776.4629139457,"08113"
"3965","1988",1776.4629139457,"08033"
"3966","1988",1776.4629139457,"49037"
"3967","1989",415.256603629052,"08077"
"3968","1989",415.256603629052,"49019"
"3969","1989",415.256603629052,"49037"
"3970","1989",415.256603629052,"08085"
"3971","1990",42.6260469845691,"08077"
"3972","1990",42.6260469845691,"49019"
"3973","1991",2.51381909904084,"49047"
"3974","1991",2.51381909904084,"49019"
"3975","1991",2.51381909904084,"08045"
"3976","1992",18.1768457930645,"49047"
"3977","1993",30036.4834952084,"49047"
"3978","1994",686.439077656628,"49009"
"3979","1994",686.439077656628,"56037"
"3980","1995",724.245512852753,"56037"
"3981","1996",0,"56035"
"3982","1996",0,"56037"
"3983","1997",9466.763094405,"56035"
"3984","1998",200.681201428724,"56013"
"3985","1998",200.681201428724,"56035"
"3986","1998",200.681201428724,"56039"
"3987","1999",121.249651655853,"56029"
"3988","1999",121.249651655853,"56013"
"3989","1999",121.249651655853,"56039"
"3990","2000",11.4457832576928,"56029"
"3991","2000",11.4457832576928,"56039"
"3992","2001",5.42267830543807,"56029"
"3993","2001",5.42267830543807,"30067"
"3994","2002",1150.66793504436,"30067"
"3995","2002",1150.66793504436,"30097"
"3996","2003",1206.75560809886,"30031"
"3997","2003",1206.75560809886,"30059"
"3998","2003",1206.75560809886,"30067"
"3999","2004",1126.15596874432,"30059"
"4000","2005",414.399422882433,"30013"
"4001","2005",414.399422882433,"30045"
"4002","2005",414.399422882433,"30059"
"4003","2006",542.077556482698,"30015"
"4004","2006",542.077556482698,"30013"
"4005","2007",426.696129238204,"30015"
"4006","2007",426.696129238204,"30101"
"4007","2007",426.696129238204,"30051"
"4008","2008",376.38403778795,"30101"
"4009","2008",376.38403778795,"30051"
"4010","2009",6380.98214655801,"35029"
"4011","2010",737.767911444555,"35051"
"4012","2010",737.767911444555,"35017"
"4013","2010",737.767911444555,"35029"
"4014","2011",19.1338209107176,"35051"
"4015","2011",19.1338209107176,"35017"
"4016","2011",19.1338209107176,"35003"
"4017","2012",16.3202917411033,"35003"
"4018","2013",307.429297147239,"35003"
"4019","2014",1120.52629815814,"35006"
"4020","2015",3287.7355106203,"35006"
"4021","2015",3287.7355106203,"35031"
"4022","2016",754.069425049786,"35045"
"4023","2016",754.069425049786,"35031"
"4024","2017",403.505967894691,"35045"
"4025","2018",118.942029830101,"08083"
"4026","2018",118.942029830101,"35045"
"4027","2019",3508.47340306665,"08083"
"4028","2019",3508.47340306665,"08033"
"4029","2020",13.9202165186555,"08113"
"4030","2020",13.9202165186555,"08085"
"4031","2021",240.399940192378,"08077"
"4032","2021",240.399940192378,"49019"
"4033","2021",240.399940192378,"08085"
"4034","2022",2913.5861702036,"08077"
"4035","2022",2913.5861702036,"49019"
"4036","2022",2913.5861702036,"08045"
"4037","2023",30.2447548611276,"49047"
"4038","2023",30.2447548611276,"08103"
"4039","2023",30.2447548611276,"08045"
"4040","2024",1345.97825075072,"49047"
"4041","2024",1345.97825075072,"08103"
"4042","2024",1345.97825075072,"08081"
"4043","2025",295.064008223063,"49047"
"4044","2025",295.064008223063,"49009"
"4045","2025",295.064008223063,"56037"
"4046","2026",14185.1244279592,"56037"
"4047","2027",383.781047599762,"56037"
"4048","2028",40.758912858119,"56035"
"4049","2029",133.239265775354,"56013"
"4050","2029",133.239265775354,"56035"
"4051","2030",1653.11242952791,"56013"
"4052","2030",1653.11242952791,"56035"
"4053","2030",1653.11242952791,"56039"
"4054","2031",38.4534558275867,"56029"
"4055","2031",38.4534558275867,"56013"
"4056","2031",38.4534558275867,"56039"
"4057","2032",5.16309194103343,"56029"
"4058","2033",6.17576423981641,"30067"
"4059","2033",6.17576423981641,"30095"
"4060","2033",6.17576423981641,"30097"
"4061","2034",709.381861052004,"30067"
"4062","2034",709.381861052004,"30097"
"4063","2035",133.707588635027,"30059"
"4064","2035",133.707588635027,"30067"
"4065","2035",133.707588635027,"30107"
"4066","2035",133.707588635027,"30097"
"4067","2036",77.7869066495737,"30013"
"4068","2036",77.7869066495737,"30045"
"4069","2036",77.7869066495737,"30059"
"4070","2037",439.222971001581,"30015"
"4071","2037",439.222971001581,"30013"
"4072","2037",439.222971001581,"30045"
"4073","2038",176.279993111716,"30015"
"4074","2038",176.279993111716,"30051"
"4075","2039",1295.86198999396,"30051"
"4076","2039",1295.86198999396,"30041"
"4077","2040",295.742419860711,"30101"
"4078","2040",295.742419860711,"30051"
"4079","2041",1791.34004878806,"35029"
"4080","2042",14555.3160645673,"35029"
"4081","2043",120.727611621849,"35051"
"4082","2043",120.727611621849,"35017"
"4083","2044",41.9037422255776,"35051"
"4084","2044",41.9037422255776,"35003"
"4085","2044",41.9037422255776,"35053"
"4086","2045",459.00879072701,"35003"
"4087","2046",17.2706184474533,"35003"
"4088","2046",17.2706184474533,"35006"
"4089","2047",1173.22330471511,"35006"
"4090","2047",1173.22330471511,"35031"
"4091","2048",4875.25099859946,"35031"
"4092","2049",404.906832381959,"35045"
"4093","2050",55803.440281894,"35045"
"4094","2051",20557.7036466153,"08083"
"4095","2051",20557.7036466153,"08067"
"4096","2052",8.57051732366103,"08113"
"4097","2052",8.57051732366103,"08033"
"4098","2053",205.437772655802,"08077"
"4099","2053",205.437772655802,"08085"
"4100","2054",26862.5004373952,"08077"
"4101","2055",12.9995602734171,"08077"
"4102","2055",12.9995602734171,"49047"
"4103","2055",12.9995602734171,"49019"
"4104","2055",12.9995602734171,"08103"
"4105","2055",12.9995602734171,"08045"
"4106","2056",2880.82610723187,"49047"
"4107","2056",2880.82610723187,"08103"
"4108","2056",2880.82610723187,"08081"
"4109","2057",13.3153913255199,"49047"
"4110","2057",13.3153913255199,"49009"
"4111","2057",13.3153913255199,"08081"
"4112","2058",1.66258845062448,"49009"
"4113","2058",1.66258845062448,"08081"
"4114","2058",1.66258845062448,"56037"
"4115","2059",31699.045838446,"56037"
"4116","2060",551.23459783108,"56035"
"4117","2060",551.23459783108,"56037"
"4118","2061",195.441135317796,"56013"
"4119","2061",195.441135317796,"56035"
"4120","2062",116.221097407771,"56013"
"4121","2062",116.221097407771,"56035"
"4122","2063",4.23315457009897,"56029"
"4123","2063",4.23315457009897,"56013"
"4124","2064",116.242066060543,"56029"
"4125","2065",122.939984194494,"56029"
"4126","2065",122.939984194494,"30009"
"4127","2065",122.939984194494,"30067"
"4128","2066",223.372761893314,"30067"
"4129","2066",223.372761893314,"30095"
"4130","2066",223.372761893314,"30097"
"4131","2067",207.554298983288,"30059"
"4132","2067",207.554298983288,"30067"
"4133","2067",207.554298983288,"30107"
"4134","2067",207.554298983288,"30097"
"4135","2068",211.867655133474,"30045"
"4136","2068",211.867655133474,"30059"
"4137","2068",211.867655133474,"30107"
"4138","2069",707.865060881166,"30045"
"4139","2070",1612.19655736536,"30015"
"4140","2071",100.59421366393,"30015"
"4141","2071",100.59421366393,"30051"
"4142","2071",100.59421366393,"30041"
"4143","2072",160.894048057267,"30051"
"4144","2072",160.894048057267,"30041"
"4145","2073",613.034328778189,"35013"
"4146","2073",613.034328778189,"35029"
"4147","2074",86.9123367435643,"35051"
"4148","2074",86.9123367435643,"35017"
"4149","2074",86.9123367435643,"35029"
"4150","2075",150.473166534789,"35051"
"4151","2076",23.8587116091181,"35003"
"4152","2076",23.8587116091181,"35053"
"4153","2077",45.064939298776,"35003"
"4154","2077",45.064939298776,"35053"
"4155","2078",87.3755244217868,"35006"
"4156","2079",2572.67517736891,"35006"
"4157","2079",2572.67517736891,"35031"
"4158","2080",345.014839594069,"35045"
"4159","2080",345.014839594069,"35031"
"4160","2081",2366.84045434702,"35045"
"4161","2082",2653.67431987773,"08083"
"4162","2082",2653.67431987773,"35045"
"4163","2082",2653.67431987773,"08067"
"4164","2083",221.267099874922,"08083"
"4165","2083",221.267099874922,"08033"
"4166","2084",4148.66582363049,"08113"
"4167","2084",4148.66582363049,"08085"
"4168","2085",155.527408191121,"08029"
"4169","2085",155.527408191121,"08077"
"4170","2085",155.527408191121,"08085"
"4171","2086",57719.0085905555,"08077"
"4172","2086",57719.0085905555,"08045"
"4173","2087",12.8790586395299,"08103"
"4174","2087",12.8790586395299,"08045"
"4175","2088",70.9083910689328,"08103"
"4176","2088",70.9083910689328,"08081"
"4177","2089",46.2872310441143,"49009"
"4178","2089",46.2872310441143,"08081"
"4179","2089",46.2872310441143,"56037"
"4180","2090",111.102441166172,"56037"
"4181","2091",0,"56037"
"4182","2092",3.11500179521709,"56013"
"4183","2092",3.11500179521709,"56035"
"4184","2093",0,"56013"
"4185","2093",0,"56035"
"4186","2094",249.118153685516,"56013"
"4187","2094",249.118153685516,"56017"
"4188","2095",71.0420728192395,"56029"
"4189","2096",106.024951740029,"56029"
"4190","2097",353.703183051551,"30009"
"4191","2097",353.703183051551,"30067"
"4192","2097",353.703183051551,"30095"
"4193","2097",353.703183051551,"30097"
"4194","2098",2897.41500860437,"30097"
"4195","2099",1431.66496013941,"30107"
"4196","2099",1431.66496013941,"30097"
"4197","2100",550.925816761217,"30045"
"4198","2100",550.925816761217,"30107"
"4199","2101",458.054993158495,"30015"
"4200","2101",458.054993158495,"30027"
"4201","2101",458.054993158495,"30045"
"4202","2102",254.907169775858,"30015"
"4203","2103",712.727363192288,"30041"
"4204","2104",0,"30041"
"4205","2105",0,"35013"
"4206","2105",0,"35029"
"4207","2106",157.580338194148,"35051"
"4208","2106",157.580338194148,"35013"
"4209","2106",157.580338194148,"35029"
"4210","2107",2142.05428959726,"35051"
"4211","2108",109.378328784978,"35051"
"4212","2108",109.378328784978,"35053"
"4213","2109",30.6912559312444,"35003"
"4214","2109",30.6912559312444,"35053"
"4215","2110",10.7520140972967,"35003"
"4216","2110",10.7520140972967,"35006"
"4217","2110",10.7520140972967,"35053"
"4218","2111",17852.7208337117,"35006"
"4219","2111",17852.7208337117,"35031"
"4220","2112",335.731404669356,"35031"
"4221","2113",1539.46225851617,"35045"
"4222","2114",59991.4891509811,"35045"
"4223","2115",18959.4769339996,"08083"
"4224","2115",18959.4769339996,"08067"
"4225","2116",671.109026506428,"08113"
"4226","2116",671.109026506428,"08033"
"4227","2117",51.6136604345032,"08077"
"4228","2117",51.6136604345032,"08091"
"4229","2117",51.6136604345032,"08085"
"4230","2118",86547.3248948471,"08029"
"4231","2118",86547.3248948471,"08077"
"4232","2119",79.2314811902202,"08077"
"4233","2119",79.2314811902202,"08103"
"4234","2119",79.2314811902202,"08045"
"4235","2120",74.7617921170782,"08103"
"4236","2120",74.7617921170782,"08081"
"4237","2121",17.4570675817626,"08081"
"4238","2122",5.65305710659517,"56037"
"4239","2123",520.286819519724,"56037"
"4240","2124",1.08804854657486,"56013"
"4241","2124",1.08804854657486,"56035"
"4242","2124",1.08804854657486,"56037"
"4243","2125",482.009008228425,"56013"
"4244","2125",482.009008228425,"56035"
"4245","2126",281.48204739847,"56013"
"4246","2127",23.2267622064507,"56029"
"4247","2127",23.2267622064507,"56013"
"4248","2127",23.2267622064507,"56017"
"4249","2128",2244.56618306617,"56029"
"4250","2129",173.485376677641,"56029"
"4251","2129",173.485376677641,"30009"
"4252","2130",2815.69921736901,"30009"
"4253","2130",2815.69921736901,"30095"
"4254","2130",2815.69921736901,"30097"
"4255","2131",106.403497876356,"30037"
"4256","2131",106.403497876356,"30107"
"4257","2131",106.403497876356,"30097"
"4258","2132",324.341215379263,"30027"
"4259","2132",324.341215379263,"30045"
"4260","2132",324.341215379263,"30107"
"4261","2133",582.436886004341,"30027"
"4262","2133",582.436886004341,"30045"
"4263","2134",117.691891859276,"30015"
"4264","2134",117.691891859276,"30027"
"4265","2135",1811.11435302663,"30015"
"4266","2135",1811.11435302663,"30041"
"4267","2136",193.391632376472,"30041"
"4268","2137",0,"35013"
"4269","2138",904.845439210488,"35013"
"4270","2139",6667.46989980101,"35051"
"4271","2139",6667.46989980101,"35013"
"4272","2139",6667.46989980101,"35029"
"4273","2140",7575.99417981994,"35051"
"4274","2141",33.8838910760223,"35053"
"4275","2142",1506.66211835182,"35053"
"4276","2143",4856.56211834353,"35006"
"4277","2144",173.649992984354,"35006"
"4278","2144",173.649992984354,"35031"
"4279","2145",895.570619621199,"35045"
"4280","2145",895.570619621199,"35031"
"4281","2145",895.570619621199,"35043"
"4282","2146",261.8104675099,"35039"
"4283","2146",261.8104675099,"35045"
"4284","2147",19731.3330220191,"35045"
"4285","2147",19731.3330220191,"08067"
"4286","2148",890.535084239713,"08083"
"4287","2148",890.535084239713,"08113"
"4288","2148",890.535084239713,"08111"
"4289","2148",890.535084239713,"08033"
"4290","2148",890.535084239713,"08067"
"4291","2149",1323.05101356504,"08091"
"4292","2149",1323.05101356504,"08113"
"4293","2149",1323.05101356504,"08085"
"4294","2150",22081.2616965991,"08029"
"4295","2150",22081.2616965991,"08077"
"4296","2150",22081.2616965991,"08085"
"4297","2151",4510.39824716199,"08077"
"4298","2151",4510.39824716199,"08045"
"4299","2152",76.5720381007913,"08103"
"4300","2152",76.5720381007913,"08045"
"4301","2153",48.3748737532262,"08103"
"4302","2153",48.3748737532262,"08081"
"4303","2154",1.0164142597958,"08081"
"4304","2154",1.0164142597958,"56037"
"4305","2155",4.52244568527614,"56037"
"4306","2156",0,"56037"
"4307","2157",246.798209035981,"56013"
"4308","2158",5156.42754015222,"56013"
"4309","2159",17.2747181765898,"56013"
"4310","2159",17.2747181765898,"56017"
"4311","2160",699.063453294198,"56029"
"4312","2161",801.652312938757,"56029"
"4313","2162",4734.59701019347,"30009"
"4314","2162",4734.59701019347,"30095"
"4315","2163",343.790535207831,"30095"
"4316","2163",343.790535207831,"30037"
"4317","2163",343.790535207831,"30097"
"4318","2164",151.16926625796,"30037"
"4319","2164",151.16926625796,"30107"
"4320","2165",7611.95309420512,"30027"
"4321","2165",7611.95309420512,"30045"
"4322","2166",70.7728947016656,"30015"
"4323","2166",70.7728947016656,"30027"
"4324","2167",216.717861238144,"30015"
"4325","2167",216.717861238144,"30041"
"4326","2168",859.616057125215,"30041"
"4327","2169",765.505658498547,"35013"
"4328","2170",20855.6573257999,"35013"
"4329","2171",36.7556242532688,"35051"
"4330","2172",33.4297303904418,"35051"
"4331","2172",33.4297303904418,"35053"
"4332","2173",1221.43421301213,"35053"
"4333","2174",9.85071764213373,"35061"
"4334","2174",9.85071764213373,"35006"
"4335","2174",9.85071764213373,"35053"
"4336","2175",1132.18817805598,"35001"
"4337","2175",1132.18817805598,"35006"
"4338","2175",1132.18817805598,"35031"
"4339","2175",1132.18817805598,"35043"
"4340","2176",1767.33563486833,"35031"
"4341","2176",1767.33563486833,"35043"
"4342","2177",624.422558862739,"35039"
"4343","2177",624.422558862739,"35045"
"4344","2177",624.422558862739,"35043"
"4345","2178",1074.91062995275,"35039"
"4346","2178",1074.91062995275,"35045"
"4347","2178",1074.91062995275,"08067"
"4348","2179",13294.6055684793,"08053"
"4349","2179",13294.6055684793,"08007"
"4350","2179",13294.6055684793,"08067"
"4351","2180",8015.54540464228,"08091"
"4352","2180",8015.54540464228,"08113"
"4353","2180",8015.54540464228,"08111"
"4354","2180",8015.54540464228,"08053"
"4355","2181",41699.224034894,"08029"
"4356","2181",41699.224034894,"08091"
"4357","2181",41699.224034894,"08085"
"4358","2182",5923.38571073802,"08029"
"4359","2182",5923.38571073802,"08077"
"4360","2183",7861.5789694196,"08103"
"4361","2183",7861.5789694196,"08045"
"4362","2184",1204.40755620236,"08103"
"4363","2184",1204.40755620236,"08081"
"4364","2185",53.3179495046257,"08081"
"4365","2186",2.26122284263807,"56037"
"4366","2187",18.3308045557269,"56037"
"4367","2188",1.08804854657486,"56013"
"4368","2188",1.08804854657486,"56037"
"4369","2189",14329.9817722742,"56013"
"4370","2190",227.112221177965,"56013"
"4371","2190",227.112221177965,"56017"
"4372","2191",83.9280420454985,"56029"
"4373","2191",83.9280420454985,"56017"
"4374","2192",13581.882782407,"56029"
"4375","2193",853.097727329897,"56029"
"4376","2193",853.097727329897,"30009"
"4377","2194",6394.97893895319,"30009"
"4378","2194",6394.97893895319,"30095"
"4379","2194",6394.97893895319,"30111"
"4380","2195",497.288466294759,"30095"
"4381","2195",497.288466294759,"30037"
"4382","2195",497.288466294759,"30107"
"4383","2196",107.787078601859,"30027"
"4384","2196",107.787078601859,"30037"
"4385","2196",107.787078601859,"30107"
"4386","2197",611.490657117628,"30027"
"4387","2198",27.6511039193084,"30015"
"4388","2198",27.6511039193084,"30027"
"4389","2198",27.6511039193084,"30005"
"4390","2199",9941.9779827668,"30015"
"4391","2199",9941.9779827668,"30005"
"4392","2199",9941.9779827668,"30041"
"4393","2200",136.077381587669,"30041"
"4394","2201",54396.9464097371,"48141"
"4395","2201",54396.9464097371,"35013"
"4396","2202",145396.203980085,"35013"
"4397","2203",12.7785404743355,"35051"
"4398","2203",12.7785404743355,"35013"
"4399","2204",0.713168828794767,"35051"
"4400","2204",0.713168828794767,"35053"
"4401","2205",1054.6849853272,"35053"
"4402","2206",215.037081044213,"35061"
"4403","2206",215.037081044213,"35053"
"4404","2207",2476.00064298326,"35061"
"4405","2207",2476.00064298326,"35001"
"4406","2207",2476.00064298326,"35006"
"4407","2208",2.82154145148594,"35031"
"4408","2208",2.82154145148594,"35043"
"4409","2209",1429.66513476711,"35039"
"4410","2209",1429.66513476711,"35031"
"4411","2209",1429.66513476711,"35043"
"4412","2210",20.392410632338,"35039"
"4413","2211",5074.24040482731,"35039"
"4414","2211",5074.24040482731,"35045"
"4415","2211",5074.24040482731,"08007"
"4416","2211",5074.24040482731,"08067"
"4417","2212",21.1689920641618,"08111"
"4418","2212",21.1689920641618,"08053"
"4419","2212",21.1689920641618,"08067"
"4420","2213",2113.80582322641,"08091"
"4421","2213",2113.80582322641,"08051"
"4422","2213",2113.80582322641,"08053"
"4423","2213",2113.80582322641,"08085"
"4424","2214",9742.63567517306,"08029"
"4425","2214",9742.63567517306,"08051"
"4426","2214",9742.63567517306,"08085"
"4427","2215",1174.50125534972,"08077"
"4428","2215",1174.50125534972,"08045"
"4429","2216",2616.49327242539,"08103"
"4430","2216",2616.49327242539,"08045"
"4431","2217",248.944832308583,"08081"
"4432","2218",9.48219943912607,"08081"
"4433","2218",9.48219943912607,"56037"
"4434","2218",9.48219943912607,"56007"
"4435","2219",28.6563738592478,"56037"
"4436","2219",28.6563738592478,"56007"
"4437","2220",3.95713997461661,"56037"
"4438","2221",39.82257680464,"56013"
"4439","2222",19644.5498704534,"56013"
"4440","2223",272.645716361432,"56017"
"4441","2224",94.4022799536586,"56029"
"4442","2224",94.4022799536586,"56003"
"4443","2224",94.4022799536586,"56017"
"4444","2224",94.4022799536586,"56043"
"4445","2225",12418.1902749865,"56029"
"4446","2225",12418.1902749865,"56003"
"4447","2226",3351.82805348613,"30009"
"4448","2226",3351.82805348613,"30003"
"4449","2226",3351.82805348613,"30111"
"4450","2227",896.427183527929,"30095"
"4451","2227",896.427183527929,"30111"
"4452","2228",50.9312337374546,"30037"
"4453","2228",50.9312337374546,"30065"
"4454","2229",845.311426182458,"30027"
"4455","2230",383.56200370722,"30027"
"4456","2231",93.4351798826977,"30015"
"4457","2231",93.4351798826977,"30005"
"4458","2231",93.4351798826977,"30041"
"4459","2232",3173.71368537004,"30005"
"4460","2232",3173.71368537004,"30041"
"4461","2233",0,"48141"
"4462","2234",384720.229020579,"48141"
"4463","2234",384720.229020579,"35013"
"4464","2234",384720.229020579,"35035"
"4465","2235",17808.6100844243,"35013"
"4466","2235",17808.6100844243,"35035"
"4467","2236",0,"35051"
"4468","2236",0,"35013"
"4469","2237",0,"35051"
"4470","2237",0,"35053"
"4471","2238",10688.6923042658,"35053"
"4472","2239",62753.8621726895,"35061"
"4473","2239",62753.8621726895,"35001"
"4474","2239",62753.8621726895,"35053"
"4475","2240",23897.0973719645,"35001"
"4476","2240",23897.0973719645,"35043"
"4477","2241",757.263307636375,"35043"
"4478","2242",230.454729200967,"35039"
"4479","2242",230.454729200967,"35043"
"4480","2243",2777.18345185636,"35039"
"4481","2243",2777.18345185636,"08007"
"4482","2244",731.753694104895,"08053"
"4483","2244",731.753694104895,"08007"
"4484","2244",731.753694104895,"08079"
"4485","2245",801.924877763978,"08091"
"4486","2245",801.924877763978,"08051"
"4487","2245",801.924877763978,"08111"
"4488","2245",801.924877763978,"08053"
"4489","2245",801.924877763978,"08079"
"4490","2246",193.59856161598,"08029"
"4491","2246",193.59856161598,"08051"
"4492","2246",193.59856161598,"08085"
"4493","2247",139.261716430006,"08029"
"4494","2247",139.261716430006,"08077"
"4495","2247",139.261716430006,"08097"
"4496","2247",139.261716430006,"08051"
"4497","2248",28905.3816050967,"08045"
"4498","2249",211.244682181818,"08103"
"4499","2249",211.244682181818,"08081"
"4500","2250",138.513355455249,"08081"
"4501","2251",0,"56037"
"4502","2251",0,"56007"
"4503","2252",523.924480541915,"56037"
"4504","2252",523.924480541915,"56007"
"4505","2253",5.44024273287431,"56013"
"4506","2253",5.44024273287431,"56037"
"4507","2254",6.45575470967753,"56013"
"4508","2255",282.983179803609,"56013"
"4509","2255",282.983179803609,"56017"
"4510","2256",62.915429904669,"56029"
"4511","2256",62.915429904669,"56003"
"4512","2256",62.915429904669,"56017"
"4513","2256",62.915429904669,"56043"
"4514","2257",811.08205325548,"56029"
"4515","2257",811.08205325548,"56003"
"4516","2258",257.484863303281,"56029"
"4517","2258",257.484863303281,"56003"
"4518","2258",257.484863303281,"30009"
"4519","2258",257.484863303281,"30003"
"4520","2259",105918.730630919,"30009"
"4521","2259",105918.730630919,"30095"
"4522","2259",105918.730630919,"30111"
"4523","2260",1138.91002437723,"30095"
"4524","2260",1138.91002437723,"30037"
"4525","2260",1138.91002437723,"30065"
"4526","2260",1138.91002437723,"30111"
"4527","2261",86.582818287322,"30027"
"4528","2261",86.582818287322,"30037"
"4529","2261",86.582818287322,"30065"
"4530","2262",252.601007798829,"30027"
"4531","2263",34.8260099246637,"30071"
"4532","2263",34.8260099246637,"30027"
"4533","2263",34.8260099246637,"30005"
"4534","2264",1488.35112734838,"30005"
"4535","2265",76.920927636952,"30005"
"4536","2265",76.920927636952,"30041"
"4537","2266",513083.104952522,"48141"
"4538","2267",590.736141515394,"35013"
"4539","2267",590.736141515394,"35035"
"4540","2268",3.33431189683955,"35013"
"4541","2268",3.33431189683955,"35035"
"4542","2269",0,"35051"
"4543","2269",0,"35027"
"4544","2269",0,"35053"
"4545","2269",0,"35035"
"4546","2270",30.2537836595558,"35053"
"4547","2271",3110.56941531261,"35057"
"4548","2271",3110.56941531261,"35061"
"4549","2271",3110.56941531261,"35053"
"4550","2272",469669.772672821,"35061"
"4551","2272",469669.772672821,"35001"
"4552","2273",4861.13386317033,"35043"
"4553","2274",2995.88614497207,"35039"
"4554","2274",2995.88614497207,"35043"
"4555","2275",51.1350108100199,"35039"
"4556","2276",12291.0845334258,"08007"
"4557","2277",432.044584460412,"08053"
"4558","2277",432.044584460412,"08079"
"4559","2278",171.110708015871,"08051"
"4560","2278",171.110708015871,"08053"
"4561","2278",171.110708015871,"08109"
"4562","2279",107.104804998951,"08051"
"4563","2280",22857.8676815535,"08077"
"4564","2280",22857.8676815535,"08097"
"4565","2280",22857.8676815535,"08051"
"4566","2280",22857.8676815535,"08045"
"4567","2281",89.0528290544557,"08103"
"4568","2281",89.0528290544557,"08045"
"4569","2282",12814.3304259302,"08081"
"4570","2282",12814.3304259302,"08107"
"4571","2283",982.676044438837,"08081"
"4572","2283",982.676044438837,"56007"
"4573","2284",0.659523329102769,"56037"
"4574","2284",0.659523329102769,"56007"
"4575","2285",1.13061142131904,"56013"
"4576","2285",1.13061142131904,"56037"
"4577","2286",76.0308235363928,"56013"
"4578","2287",787.233862628479,"56013"
"4579","2288",4170.98711678026,"56017"
"4580","2288",4170.98711678026,"56043"
"4581","2289",2117.49044748936,"56003"
"4582","2289",2117.49044748936,"56043"
"4583","2290",4249.14003714105,"56003"
"4584","2290",4249.14003714105,"30009"
"4585","2290",4249.14003714105,"30003"
"4586","2291",871.06207176601,"30009"
"4587","2291",871.06207176601,"30003"
"4588","2291",871.06207176601,"30111"
"4589","2292",53355.9202346497,"30065"
"4590","2292",53355.9202346497,"30111"
"4591","2293",2729.79290687851,"30065"
"4592","2294",310.963043375763,"30027"
"4593","2294",310.963043375763,"30069"
"4594","2295",24.110660031969,"30071"
"4595","2295",24.110660031969,"30027"
"4596","2295",24.110660031969,"30005"
"4597","2296",90.0518976636877,"30005"
"4598","2297",205.983638525983,"30005"
"4599","2298",14454.999988192,"48141"
"4600","2298",14454.999988192,"48229"
"4601","2299",4745.57152406477,"48141"
"4602","2299",4745.57152406477,"48229"
"4603","2299",4745.57152406477,"35035"
"4604","2300",0,"35035"
"4605","2301",556.867567441005,"35051"
"4606","2301",556.867567441005,"35013"
"4607","2301",556.867567441005,"35035"
"4608","2302",0,"35027"
"4609","2302",0,"35053"
"4610","2303",19.1620899583177,"35057"
"4611","2303",19.1620899583177,"35053"
"4612","2304",12851.3045991055,"35057"
"4613","2304",12851.3045991055,"35061"
"4614","2304",12851.3045991055,"35001"
"4615","2305",382148.113075313,"35001"
"4616","2305",382148.113075313,"35043"
"4617","2306",1746.11677946515,"35039"
"4618","2306",1746.11677946515,"35028"
"4619","2306",1746.11677946515,"35043"
"4620","2307",78.1683945240746,"35039"
"4621","2308",1783.97788398537,"35039"
"4622","2308",1783.97788398537,"08007"
"4623","2309",91.102852195835,"08105"
"4624","2309",91.102852195835,"08021"
"4625","2309",91.102852195835,"08007"
"4626","2309",91.102852195835,"08079"
"4627","2310",114.856834216855,"08051"
"4628","2310",114.856834216855,"08053"
"4629","2310",114.856834216855,"08109"
"4630","2310",114.856834216855,"08079"
"4631","2311",10055.8514583127,"08051"
"4632","2311",10055.8514583127,"08109"
"4633","2312",4026.45876419818,"08097"
"4634","2312",4026.45876419818,"08051"
"4635","2313",9301.39111182439,"08037"
"4636","2313",9301.39111182439,"08045"
"4637","2314",90.6360946279382,"08103"
"4638","2314",90.6360946279382,"08081"
"4639","2314",90.6360946279382,"08107"
"4640","2314",90.6360946279382,"08045"
"4641","2315",140.327567588543,"08081"
"4642","2315",140.327567588543,"08107"
"4643","2316",2.08376642256662,"56007"
"4644","2317",31.6453275097673,"56037"
"4645","2317",31.6453275097673,"56007"
"4646","2318",79.4854265807321,"56013"
"4647","2318",79.4854265807321,"56037"
"4648","2318",79.4854265807321,"56007"
"4649","2318",79.4854265807321,"56025"
"4650","2319",6.52829127944919,"56013"
"4651","2319",6.52829127944919,"56025"
"4652","2320",30.6801700161572,"56013"
"4653","2320",30.6801700161572,"56017"
"4654","2320",30.6801700161572,"56043"
"4655","2321",7660.14819500521,"56003"
"4656","2321",7660.14819500521,"56043"
"4657","2322",2688.70610166309,"56003"
"4658","2323",3.80609558759759,"56003"
"4659","2323",3.80609558759759,"30009"
"4660","2323",3.80609558759759,"30003"
"4661","2324",1200.15118535983,"30003"
"4662","2324",1200.15118535983,"30111"
"4663","2325",748.106942546709,"30065"
"4664","2325",748.106942546709,"30111"
"4665","2326",97.1641555789731,"30027"
"4666","2326",97.1641555789731,"30069"
"4667","2326",97.1641555789731,"30065"
"4668","2327",43.5251239661263,"30027"
"4669","2327",43.5251239661263,"30069"
"4670","2328",1230.07363179363,"30071"
"4671","2328",1230.07363179363,"30005"
"4672","2329",2135.410697883,"30005"
"4673","2330",15.6775939639191,"30005"
"4674","2331",1794.03485858828,"48229"
"4675","2332",250.350878865592,"48141"
"4676","2332",250.350878865592,"48229"
"4677","2333",45.8143115176136,"35035"
"4678","2334",40444.5751776045,"35035"
"4679","2335",43.2498439487689,"35027"
"4680","2335",43.2498439487689,"35035"
"4681","2336",12.2275566245459,"35027"
"4682","2336",12.2275566245459,"35053"
"4683","2337",1620.1401519281,"35057"
"4684","2337",1620.1401519281,"35061"
"4685","2337",1620.1401519281,"35053"
"4686","2338",71144.0585156568,"35057"
"4687","2338",71144.0585156568,"35061"
"4688","2338",71144.0585156568,"35001"
"4689","2338",71144.0585156568,"35049"
"4690","2339",9958.59362702039,"35049"
"4691","2339",9958.59362702039,"35043"
"4692","2340",1054.12511377367,"35039"
"4693","2340",1054.12511377367,"35043"
"4694","2341",1232.15095689908,"35039"
"4695","2342",121.151801466275,"08105"
"4696","2342",121.151801466275,"08021"
"4697","2342",121.151801466275,"08007"
"4698","2343",1091.84078695638,"08105"
"4699","2343",1091.84078695638,"08109"
"4700","2343",1091.84078695638,"08079"
"4701","2344",82.8860085027209,"08051"
"4702","2344",82.8860085027209,"08109"
"4703","2345",4778.65080981617,"08097"
"4704","2345",4778.65080981617,"08051"
"4705","2346",15683.2414628364,"08037"
"4706","2346",15683.2414628364,"08097"
"4707","2346",15683.2414628364,"08045"
"4708","2347",250.120097453991,"08037"
"4709","2347",250.120097453991,"08103"
"4710","2347",250.120097453991,"08107"
"4711","2347",250.120097453991,"08045"
"4712","2348",5430.79622541762,"08107"
"4713","2349",86.3101890763973,"08081"
"4714","2349",86.3101890763973,"56007"
"4715","2349",86.3101890763973,"08107"
"4716","2350",33.8855313404735,"56007"
"4717","2351",91.7589533227034,"56037"
"4718","2351",91.7589533227034,"56007"
"4719","2352",9.86985898519681,"56013"
"4720","2352",9.86985898519681,"56025"
"4721","2353",100.457800407459,"56013"
"4722","2353",100.457800407459,"56025"
"4723","2354",0.638675342702946,"56017"
"4724","2354",0.638675342702946,"56043"
"4725","2355",212.794870973718,"56003"
"4726","2355",212.794870973718,"56043"
"4727","2356",1.60629001537533,"56003"
"4728","2356",1.60629001537533,"56033"
"4729","2356",1.60629001537533,"30003"
"4730","2357",478.71542009313,"30003"
"4731","2357",478.71542009313,"30111"
"4732","2358",3074.99743455964,"30003"
"4733","2358",3074.99743455964,"30111"
"4734","2359",304.928381740464,"30065"
"4735","2360",302.2775447808,"30069"
"4736","2361",3.46654325625818,"30071"
"4737","2361",3.46654325625818,"30027"
"4738","2361",3.46654325625818,"30069"
"4739","2362",77.1068439340355,"30071"
"4740","2362",77.1068439340355,"30005"
"4741","2363",287.921432239257,"30071"
"4742","2363",287.921432239257,"30005"
"4743","2364",1.88409928332702,"48229"
"4744","2365",11.599281543182,"48229"
"4745","2366",8.96366964475048,"48229"
"4746","2366",8.96366964475048,"35035"
"4747","2367",350.721359909682,"35035"
"4748","2368",8917.2504931785,"35035"
"4749","2369",1257.37762295081,"35027"
"4750","2369",1257.37762295081,"35053"
"4751","2370",48.9833358232906,"35057"
"4752","2370",48.9833358232906,"35027"
"4753","2370",48.9833358232906,"35053"
"4754","2371",4750.74350354947,"35057"
"4755","2371",4750.74350354947,"35001"
"4756","2372",3263.31332312274,"35001"
"4757","2372",3263.31332312274,"35049"
"4758","2372",3263.31332312274,"35043"
"4759","2373",26731.1215929067,"35039"
"4760","2373",26731.1215929067,"35028"
"4761","2373",26731.1215929067,"35049"
"4762","2373",26731.1215929067,"35043"
"4763","2374",1234.21916450358,"35039"
"4764","2375",190.177672145852,"35039"
"4765","2375",190.177672145852,"08021"
"4766","2375",190.177672145852,"08007"
"4767","2376",329.650067985102,"08105"
"4768","2376",329.650067985102,"08021"
"4769","2377",19.2993710553139,"08109"
"4770","2378",402.137396510426,"08051"
"4771","2378",402.137396510426,"08015"
"4772","2379",9804.24154171095,"08065"
"4773","2379",9804.24154171095,"08097"
"4774","2379",9804.24154171095,"08051"
"4775","2379",9804.24154171095,"08015"
"4776","2380",30695.2427955595,"08037"
"4777","2381",4631.40251405177,"08049"
"4778","2381",4631.40251405177,"08103"
"4779","2381",4631.40251405177,"08107"
"4780","2382",1024.70726070799,"08107"
"4781","2382",1024.70726070799,"08057"
"4782","2383",318.04385057805,"56007"
"4783","2384",9793.58881687197,"56007"
"4784","2385",43.2094675343407,"56007"
"4785","2385",43.2094675343407,"56025"
"4786","2386",30.8266622788704,"56013"
"4787","2386",30.8266622788704,"56025"
"4788","2387",32.6142004637145,"56013"
"4789","2387",32.6142004637145,"56017"
"4790","2387",32.6142004637145,"56043"
"4791","2387",32.6142004637145,"56025"
"4792","2388",625.391148186794,"56003"
"4793","2388",625.391148186794,"56043"
"4794","2389",131.944719523923,"56003"
"4795","2389",131.944719523923,"56033"
"4796","2389",131.944719523923,"56019"
"4797","2390",395.178130999467,"30003"
"4798","2391",4789.77062181755,"30003"
"4799","2392",71.700115629153,"30065"
"4800","2392",71.700115629153,"30103"
"4801","2392",71.700115629153,"30111"
"4802","2393",49.2981497587105,"30087"
"4803","2393",49.2981497587105,"30069"
"4804","2393",49.2981497587105,"30033"
"4805","2393",49.2981497587105,"30065"
"4806","2394",27.7446568211523,"30071"
"4807","2394",27.7446568211523,"30069"
"4808","2394",27.7446568211523,"30033"
"4809","2395",47.8256316438938,"30071"
"4810","2396",236.53643439312,"30071"
"4811","2396",236.53643439312,"30005"
"4812","2397",19.597531691621,"30071"
"4813","2397",19.597531691621,"30005"
"4814","2398",0,"48229"
"4815","2399",604.888370946379,"48229"
"4816","2400",50.3887017633972,"48229"
"4817","2401",2.9878898815835,"35035"
"4818","2402",2881.22319353445,"35035"
"4819","2403",17832.8027549231,"35027"
"4820","2403",17832.8027549231,"35035"
"4821","2404",72.9691229505976,"35027"
"4822","2404",72.9691229505976,"35053"
"4823","2405",243.362099795892,"35057"
"4824","2406",5466.67912068381,"35047"
"4825","2406",5466.67912068381,"35057"
"4826","2406",5466.67912068381,"35049"
"4827","2407",123670.009461736,"35049"
"4828","2408",23557.5160578635,"35039"
"4829","2408",23557.5160578635,"35055"
"4830","2408",23557.5160578635,"35049"
"4831","2409",244.557382150673,"35039"
"4832","2409",244.557382150673,"35055"
"4833","2410",990.47075194024,"08105"
"4834","2410",990.47075194024,"08021"
"4835","2410",990.47075194024,"08003"
"4836","2411",5916.24703537077,"08105"
"4837","2411",5916.24703537077,"08109"
"4838","2412",86.6156151254559,"08051"
"4839","2412",86.6156151254559,"08015"
"4840","2412",86.6156151254559,"08109"
"4841","2413",118.0428370386,"08065"
"4842","2413",118.0428370386,"08097"
"4843","2413",118.0428370386,"08051"
"4844","2413",118.0428370386,"08015"
"4845","2414",1998.57298243571,"08037"
"4846","2414",1998.57298243571,"08065"
"4847","2414",1998.57298243571,"08097"
"4848","2415",676.9541167299,"08049"
"4849","2415",676.9541167299,"08037"
"4850","2415",676.9541167299,"08117"
"4851","2415",676.9541167299,"08107"
"4852","2416",15451.6671414504,"08049"
"4853","2416",15451.6671414504,"08107"
"4854","2416",15451.6671414504,"08057"
"4855","2417",776.52272561746,"56007"
"4856","2417",776.52272561746,"08107"
"4857","2417",776.52272561746,"08057"
"4858","2418",572.51097711426,"56007"
"4859","2419",58.8212460399061,"56007"
"4860","2420",16.475891183553,"56025"
"4861","2421",9.94653388800989,"56025"
"4862","2422",72.8440928988052,"56019"
"4863","2422",72.8440928988052,"56043"
"4864","2423",4.32868487987083,"56003"
"4865","2423",4.32868487987083,"56033"
"4866","2423",4.32868487987083,"56019"
"4867","2424",2610.76968006878,"56033"
"4868","2424",2610.76968006878,"30003"
"4869","2425",2340.10304443561,"30003"
"4870","2426",547.426996164771,"30003"
"4871","2426",547.426996164771,"30103"
"4872","2426",547.426996164771,"30111"
"4873","2427",209.405365990029,"30087"
"4874","2427",209.405365990029,"30065"
"4875","2427",209.405365990029,"30103"
"4876","2427",209.405365990029,"30111"
"4877","2428",95.1796233038976,"30069"
"4878","2428",95.1796233038976,"30033"
"4879","2429",17.3894904494467,"30071"
"4880","2429",17.3894904494467,"30069"
"4881","2429",17.3894904494467,"30033"
"4882","2430",2374.31262184884,"30071"
"4883","2431",86.4458095779278,"30071"
"4884","2431",86.4458095779278,"30005"
"4885","2432",10.2091891398883,"48229"
"4886","2433",5.03887017633971,"48229"
"4887","2434",54.3489334560282,"48229"
"4888","2434",54.3489334560282,"35035"
"4889","2435",120.246365477277,"35005"
"4890","2435",120.246365477277,"35035"
"4891","2436",151.15589717669,"35027"
"4892","2436",151.15589717669,"35005"
"4893","2436",151.15589717669,"35035"
"4894","2437",810.794908362961,"35027"
"4895","2438",309.21641188163,"35057"
"4896","2438",309.21641188163,"35027"
"4897","2439",38.8546989884445,"35057"
"4898","2440",807.567430607995,"35047"
"4899","2440",807.567430607995,"35049"
"4900","2441",12596.5495409383,"35039"
"4901","2441",12596.5495409383,"35033"
"4902","2441",12596.5495409383,"35047"
"4903","2441",12596.5495409383,"35049"
"4904","2442",1018.24963715296,"35039"
"4905","2442",1018.24963715296,"35055"
"4906","2443",2601.42465628776,"08023"
"4907","2443",2601.42465628776,"35039"
"4908","2443",2601.42465628776,"35055"
"4909","2443",2601.42465628776,"08021"
"4910","2444",19816.0797886629,"08105"
"4911","2444",19816.0797886629,"08021"
"4912","2444",19816.0797886629,"08003"
"4913","2445",1213.54686466908,"08109"
"4914","2446",3905.35665026774,"08051"
"4915","2446",3905.35665026774,"08015"
"4916","2447",7050.09667913975,"08037"
"4917","2447",7050.09667913975,"08065"
"4918","2447",7050.09667913975,"08093"
"4919","2447",7050.09667913975,"08097"
"4920","2447",7050.09667913975,"08015"
"4921","2448",19140.7327062646,"08049"
"4922","2448",19140.7327062646,"08037"
"4923","2448",19140.7327062646,"08117"
"4924","2449",218.713642141407,"08049"
"4925","2449",218.713642141407,"08107"
"4926","2449",218.713642141407,"08057"
"4927","2450",109.787943682741,"56007"
"4928","2450",109.787943682741,"08107"
"4929","2450",109.787943682741,"08057"
"4930","2451",1429.51916534819,"56007"
"4931","2452",862.163188422528,"56007"
"4932","2453",237.80416915987,"56007"
"4933","2453",237.80416915987,"56025"
"4934","2454",129.351852529062,"56025"
"4935","2455",60.7521155539586,"56019"
"4936","2455",60.7521155539586,"56043"
"4937","2455",60.7521155539586,"56025"
"4938","2456",55.9725910360759,"56003"
"4939","2456",55.9725910360759,"56019"
"4940","2456",55.9725910360759,"56043"
"4941","2457",18463.392066979,"56033"
"4942","2457",18463.392066979,"56019"
"4943","2458",1480.80547026478,"30003"
"4944","2459",258.773129279389,"30003"
"4945","2459",258.773129279389,"30103"
"4946","2460",439.966787348125,"30087"
"4947","2460",439.966787348125,"30103"
"4948","2460",439.966787348125,"30111"
"4949","2461",11.0867900553745,"30087"
"4950","2461",11.0867900553745,"30033"
"4951","2462",80.1113574192992,"30071"
"4952","2462",80.1113574192992,"30033"
"4953","2463",29.7287341282753,"30071"
"4954","2464",166.037442635517,"30071"
"4955","2465",9.08293946273522,"30071"
"4956","2466",8.68247097051271,"48229"
"4957","2466",8.68247097051271,"48109"
"4958","2466",8.68247097051271,"48377"
"4959","2466",8.68247097051271,"48243"
"4960","2467",2.01554807053589,"48229"
"4961","2467",2.01554807053589,"48109"
"4962","2468",497.989140065665,"48229"
"4963","2469",13.9434861140563,"35005"
"4964","2469",13.9434861140563,"35035"
"4965","2470",115.077207495088,"35005"
"4966","2470",115.077207495088,"35035"
"4967","2471",1243.24197906824,"35027"
"4968","2471",1243.24197906824,"35035"
"4969","2472",21.3151136422982,"35027"
"4970","2473",129.301762186877,"35019"
"4971","2473",129.301762186877,"35057"
"4972","2474",249.694527886394,"35047"
"4973","2474",249.694527886394,"35057"
"4974","2474",249.694527886394,"35049"
"4975","2475",4959.26187304217,"35047"
"4976","2475",4959.26187304217,"35049"
"4977","2476",6252.62090737239,"35039"
"4978","2476",6252.62090737239,"35055"
"4979","2477",3274.2401755223,"35055"
"4980","2478",4848.85744412796,"08023"
"4981","2478",4848.85744412796,"08021"
"4982","2478",4848.85744412796,"08003"
"4983","2479",886.072748309161,"08105"
"4984","2479",886.072748309161,"08003"
"4985","2479",886.072748309161,"08109"
"4986","2480",8420.07488722264,"08043"
"4987","2480",8420.07488722264,"08015"
"4988","2480",8420.07488722264,"08109"
"4989","2481",6882.04643813912,"08093"
"4990","2481",6882.04643813912,"08015"
"4991","2482",27161.1188038616,"08037"
"4992","2482",27161.1188038616,"08065"
"4993","2482",27161.1188038616,"08093"
"4994","2482",27161.1188038616,"08117"
"4995","2483",3671.43872863451,"08049"
"4996","2483",3671.43872863451,"08117"
"4997","2484",915.441844709928,"08057"
"4998","2485",78.9979239034588,"56001"
"4999","2485",78.9979239034588,"56007"
"5000","2485",78.9979239034588,"08057"
"5001","2486",285.478885994706,"56007"
"5002","2487",5.99976462875827,"56007"
"5003","2488",17903.6564496493,"56025"
"5004","2489",51.7374733927468,"56019"
"5005","2489",51.7374733927468,"56025"
"5006","2490",228.918596062925,"56019"
"5007","2491",9077.86591294614,"56033"
"5008","2491",9077.86591294614,"56019"
"5009","2492",7752.9290757129,"56033"
"5010","2492",7752.9290757129,"30003"
"5011","2493",1089.11072814625,"30003"
"5012","2494",70.6335259497912,"30087"
"5013","2494",70.6335259497912,"30003"
"5014","2494",70.6335259497912,"30103"
"5015","2495",27.1498739379904,"30087"
"5016","2495",27.1498739379904,"30103"
"5017","2496",73.7527358217569,"30033"
"5018","2497",22.2931454871379,"30071"
"5019","2497",22.2931454871379,"30105"
"5020","2497",22.2931454871379,"30033"
"5021","2498",127.161809312354,"30071"
"5022","2498",127.161809312354,"30105"
"5023","2499",138.728489850438,"30071"
"5024","2500",52.7719104018341,"48377"
"5025","2501",11.5063374854697,"48377"
"5026","2501",11.5063374854697,"48243"
"5027","2502",1732.73694057035,"48229"
"5028","2502",1732.73694057035,"48109"
"5029","2503",17.6596007611201,"48229"
"5030","2503",17.6596007611201,"48109"
"5031","2504",58.2500929419202,"48229"
"5032","2504",58.2500929419202,"35015"
"5033","2504",58.2500929419202,"48109"
"5034","2504",58.2500929419202,"35035"
"5035","2505",31.385578892052,"35015"
"5036","2505",31.385578892052,"35005"
"5037","2505",31.385578892052,"35035"
"5038","2506",43.4534734298735,"35027"
"5039","2506",43.4534734298735,"35005"
"5040","2507",78.6718653640418,"35027"
"5041","2508",19.120650882611,"35019"
"5042","2508",19.120650882611,"35057"
"5043","2508",19.120650882611,"35027"
"5044","2509",34.004431390831,"35019"
"5045","2509",34.004431390831,"35057"
"5046","2510",3494.51830808967,"35047"
"5047","2511",3237.98479816372,"35039"
"5048","2511",3237.98479816372,"35055"
"5049","2511",3237.98479816372,"35033"
"5050","2511",3237.98479816372,"35047"
"5051","2512",23902.7500435015,"35007"
"5052","2512",23902.7500435015,"35055"
"5053","2513",863.741550367924,"08023"
"5054","2513",863.741550367924,"35055"
"5055","2513",863.741550367924,"08021"
"5056","2514",1330.25401198712,"08023"
"5057","2514",1330.25401198712,"08055"
"5058","2514",1330.25401198712,"08003"
"5059","2514",1330.25401198712,"08109"
"5060","2515",1506.57897168221,"08043"
"5061","2515",1506.57897168221,"08027"
"5062","2515",1506.57897168221,"08109"
"5063","2516",288.578427406759,"08093"
"5064","2516",288.578427406759,"08043"
"5065","2516",288.578427406759,"08015"
"5066","2517",3940.39088573621,"08093"
"5067","2518",5361.22756749462,"08049"
"5068","2518",5361.22756749462,"08019"
"5069","2518",5361.22756749462,"08117"
"5070","2519",2111.01751915946,"08049"
"5071","2519",2111.01751915946,"08069"
"5072","2519",2111.01751915946,"08057"
"5073","2520",87.4296273248692,"08069"
"5074","2520",87.4296273248692,"56001"
"5075","2520",87.4296273248692,"08057"
"5076","2521",381.139128746696,"56001"
"5077","2521",381.139128746696,"56007"
"5078","2522",310.285354253539,"56001"
"5079","2522",310.285354253539,"56007"
"5080","2523",51.6235250549515,"56007"
"5081","2523",51.6235250549515,"56025"
"5082","2524",3564.65467088435,"56025"
"5083","2525",567.227542588909,"56019"
"5084","2525",567.227542588909,"56025"
"5085","2526",579.8248565299,"56019"
"5086","2527",835.536615995118,"56033"
"5087","2527",835.536615995118,"56019"
"5088","2528",68.6877032858468,"30087"
"5089","2528",68.6877032858468,"30003"
"5090","2529",1861.77685488231,"30087"
"5091","2529",1861.77685488231,"30003"
"5092","2529",1861.77685488231,"30103"
"5093","2530",346.392161357215,"30087"
"5094","2530",346.392161357215,"30103"
"5095","2531",17.3408125139865,"30087"
"5096","2531",17.3408125139865,"30033"
"5097","2532",100.303093914119,"30033"
"5098","2533",3.62025884816798,"30071"
"5099","2533",3.62025884816798,"30105"
"5100","2534",451.67073557089,"30071"
"5101","2534",451.67073557089,"30105"
"5102","2535",4.38785095220857,"30071"
"5103","2536",5159.38297814845,"48377"
"5104","2537",73.3119038157786,"48377"
"5105","2538",44.2381713907921,"48109"
"5106","2538",44.2381713907921,"48377"
"5107","2538",44.2381713907921,"48243"
"5108","2539",21.50784834149,"48109"
"5109","2540",56.9271287981836,"48229"
"5110","2540",56.9271287981836,"35015"
"5111","2540",56.9271287981836,"48109"
"5112","2541",23.0791367011711,"35015"
"5113","2541",23.0791367011711,"35005"
"5114","2541",23.0791367011711,"35035"
"5115","2542",60.2621092957877,"35015"
"5116","2542",60.2621092957877,"35005"
"5117","2543",64.3917728045916,"35027"
"5118","2543",64.3917728045916,"35005"
"5119","2544",20.6012113408676,"35011"
"5120","2544",20.6012113408676,"35027"
"5121","2544",20.6012113408676,"35005"
"5122","2545",450.512785865441,"35011"
"5123","2545",450.512785865441,"35019"
"5124","2546",828.196696534543,"35019"
"5125","2546",828.196696534543,"35047"
"5126","2546",828.196696534543,"35057"
"5127","2547",18143.9295436572,"35033"
"5128","2547",18143.9295436572,"35047"
"5129","2548",2029.28415545905,"35007"
"5130","2548",2029.28415545905,"35055"
"5131","2548",2029.28415545905,"35033"
"5132","2549",713.88885377619,"35007"
"5133","2549",713.88885377619,"35055"
"5134","2550",2297.71364639217,"08023"
"5135","2551",508.03376123643,"08055"
"5136","2551",508.03376123643,"08027"
"5137","2551",508.03376123643,"08003"
"5138","2551",508.03376123643,"08109"
"5139","2552",1875.14831238162,"08043"
"5140","2552",1875.14831238162,"08027"
"5141","2553",640.094815190544,"08093"
"5142","2554",3991.17546898652,"08019"
"5143","2554",3991.17546898652,"08093"
"5144","2554",3991.17546898652,"08117"
"5145","2555",10659.9868922093,"08013"
"5146","2555",10659.9868922093,"08049"
"5147","2555",10659.9868922093,"08047"
"5148","2556",80.4538450101332,"08049"
"5149","2556",80.4538450101332,"08069"
"5150","2556",80.4538450101332,"08057"
"5151","2557",955.697747897956,"08069"
"5152","2557",955.697747897956,"56001"
"5153","2558",369.524030272226,"56001"
"5154","2558",369.524030272226,"56007"
"5155","2559",10.7772787720954,"56001"
"5156","2559",10.7772787720954,"56007"
"5157","2559",10.7772787720954,"56025"
"5158","2560",60120.4464717353,"56009"
"5159","2560",60120.4464717353,"56025"
"5160","2561",761.543485603898,"56019"
"5161","2561",761.543485603898,"56009"
"5162","2561",761.543485603898,"56025"
"5163","2562",51.2277657109371,"56019"
"5164","2563",268.325366255922,"56033"
"5165","2563",268.325366255922,"56019"
"5166","2564",25.6085418834058,"30087"
"5167","2564",25.6085418834058,"56033"
"5168","2564",25.6085418834058,"30003"
"5169","2564",25.6085418834058,"30075"
"5170","2565",2979.29703918947,"30087"
"5171","2565",2979.29703918947,"30003"
"5172","2566",2148.87611210835,"30087"
"5173","2567",12.7874009952141,"30087"
"5174","2568",484.798508441329,"30033"
"5175","2569",14.0955522616784,"30105"
"5176","2569",14.0955522616784,"30033"
"5177","2570",363.208581059739,"30071"
"5178","2570",363.208581059739,"30105"
"5179","2571",17.4370129991503,"30071"
"5180","2571",17.4370129991503,"30105"
"5181","2572",95.3665046645163,"48377"
"5182","2573",48.6691956111804,"48377"
"5183","2574",161.60571838778,"48377"
"5184","2574",161.60571838778,"48243"
"5185","2575",14.3744547074984,"48109"
"5186","2575",14.3744547074984,"48243"
"5187","2576",0,"48109"
"5188","2577",137.680764568092,"35015"
"5189","2577",137.680764568092,"48109"
"5190","2578",208.446542317506,"35015"
"5191","2578",208.446542317506,"35005"
"5192","2579",900.891126418726,"35027"
"5193","2579",900.891126418726,"35005"
"5194","2580",32.7612264673381,"35027"
"5195","2580",32.7612264673381,"35005"
"5196","2581",34.3045539638385,"35011"
"5197","2581",34.3045539638385,"35019"
"5198","2581",34.3045539638385,"35027"
"5199","2582",117.486496234513,"35019"
"5200","2583",51.8243127383546,"35047"
"5201","2584",461.203572162126,"35033"
"5202","2585",1534.30489578324,"35007"
"5203","2586",332.514055919576,"35007"
"5204","2586",332.514055919576,"08023"
"5205","2586",332.514055919576,"35055"
"5206","2586",332.514055919576,"08071"
"5207","2587",318.349713687437,"08023"
"5208","2587",318.349713687437,"08055"
"5209","2588",3919.96162426169,"08043"
"5210","2588",3919.96162426169,"08027"
"5211","2589",3965.43346389761,"08093"
"5212","2589",3965.43346389761,"08043"
"5213","2589",3965.43346389761,"08119"
"5214","2590",3245.03087032299,"08093"
"5215","2590",3245.03087032299,"08035"
"5216","2590",3245.03087032299,"08059"
"5217","2590",3245.03087032299,"08119"
"5218","2591",19587.675747556,"08013"
"5219","2591",19587.675747556,"08049"
"5220","2591",19587.675747556,"08019"
"5221","2591",19587.675747556,"08059"
"5222","2591",19587.675747556,"08047"
"5223","2592",12065.0968464276,"08013"
"5224","2592",12065.0968464276,"08049"
"5225","2592",12065.0968464276,"08069"
"5226","2593",861.93662799791,"08069"
"5227","2593",861.93662799791,"56001"
"5228","2594",3546.698078684,"56001"
"5229","2595",30.8389299191503,"56001"
"5230","2596",47.1963227607995,"56001"
"5231","2596",47.1963227607995,"56007"
"5232","2596",47.1963227607995,"56009"
"5233","2596",47.1963227607995,"56025"
"5234","2597",90.560727501963,"56009"
"5235","2597",90.560727501963,"56025"
"5236","2598",81.1064188197012,"56005"
"5237","2598",81.1064188197012,"56019"
"5238","2598",81.1064188197012,"56009"
"5239","2598",81.1064188197012,"56025"
"5240","2599",44.3235931774066,"56005"
"5241","2599",44.3235931774066,"56019"
"5242","2600",350.770516773759,"56033"
"5243","2600",350.770516773759,"56005"
"5244","2601",119.247748262029,"30087"
"5245","2601",119.247748262029,"30003"
"5246","2601",119.247748262029,"30075"
"5247","2602",553.031998679384,"30087"
"5248","2602",553.031998679384,"30075"
"5249","2602",553.031998679384,"30017"
"5250","2603",301.554252075823,"30087"
"5251","2604",61.5041740621664,"30087"
"5252","2604",61.5041740621664,"30033"
"5253","2605",51.0457239921897,"30033"
"5254","2606",3600.57908248495,"30105"
"5255","2607",18.7341025528391,"30105"
"5256","2608",0,"30105"
"5257","2609",56.1785030322491,"48377"
"5258","2610",106.814697479032,"48377"
"5259","2611",38.1900255773828,"48243"
"5260","2612",5.47110777104304,"48109"
"5261","2613",4.68952094660832,"35015"
"5262","2613",4.68952094660832,"48109"
"5263","2614",12441.2995512065,"35015"
"5264","2615",16669.6262209678,"35015"
"5265","2615",16669.6262209678,"35005"
"5266","2616",53846.8136656078,"35005"
"5267","2617",30.9362856310204,"35011"
"5268","2617",30.9362856310204,"35005"
"5269","2618",48.6809703329081,"35011"
"5270","2618",48.6809703329081,"35019"
"5271","2619",56.1417366754274,"35019"
"5272","2619",56.1417366754274,"35047"
"5273","2620",195.662216975563,"35033"
"5274","2620",195.662216975563,"35047"
"5275","2621",205.141472811669,"35007"
"5276","2621",205.141472811669,"35033"
"5277","2622",39.357157427206,"35007"
"5278","2623",1289.93847332152,"08023"
"5279","2623",1289.93847332152,"08055"
"5280","2623",1289.93847332152,"08071"
"5281","2624",2921.40174059772,"08055"
"5282","2624",2921.40174059772,"08027"
"5283","2624",2921.40174059772,"08101"
"5284","2625",42310.7832484747,"08043"
"5285","2625",42310.7832484747,"08101"
"5286","2625",42310.7832484747,"08041"
"5287","2626",23957.4539802901,"08093"
"5288","2626",23957.4539802901,"08035"
"5289","2626",23957.4539802901,"08041"
"5290","2626",23957.4539802901,"08119"
"5291","2627",192462.423333034,"08019"
"5292","2627",192462.423333034,"08031"
"5293","2627",192462.423333034,"08093"
"5294","2627",192462.423333034,"08035"
"5295","2627",192462.423333034,"08059"
"5296","2628",161587.370614346,"08013"
"5297","2628",161587.370614346,"08069"
"5298","2628",161587.370614346,"08059"
"5299","2629",3429.2544803642,"08069"
"5300","2630",34242.9038260541,"56001"
"5301","2630",34242.9038260541,"56021"
"5302","2631",43.1160085629411,"56001"
"5303","2632",29.8236872864977,"56001"
"5304","2632",29.8236872864977,"56009"
"5305","2633",4684.20600815502,"56009"
"5306","2634",57.0779815982357,"56005"
"5307","2634",57.0779815982357,"56009"
"5308","2635",169.891388044501,"56005"
"5309","2635",169.891388044501,"56019"
"5310","2636",140.978499596369,"56033"
"5311","2636",140.978499596369,"56005"
"5312","2636",140.978499596369,"56019"
"5313","2637",63.3644653229213,"56033"
"5314","2637",63.3644653229213,"30003"
"5315","2637",63.3644653229213,"30075"
"5316","2637",63.3644653229213,"56005"
"5317","2638",1051.93778814424,"30087"
"5318","2638",1051.93778814424,"30075"
"5319","2639",169.73307070231,"30087"
"5320","2639",169.73307070231,"30017"
"5321","2640",33.1096970201288,"30087"
"5322","2640",33.1096970201288,"30033"
"5323","2640",33.1096970201288,"30017"
"5324","2641",77.9013527152574,"30055"
"5325","2641",77.9013527152574,"30033"
"5326","2642",93.0380443953576,"30105"
"5327","2642",93.0380443953576,"30055"
"5328","2642",93.0380443953576,"30033"
"5329","2643",823.622196547725,"30105"
"5330","2644",120.815860360519,"30105"
"5331","2645",15.4812761362813,"48043"
"5332","2645",15.4812761362813,"48377"
"5333","2646",20.7856419092355,"48377"
"5334","2647",3564.93571204279,"48377"
"5335","2647",3564.93571204279,"48243"
"5336","2648",33.7663442475204,"48109"
"5337","2648",33.7663442475204,"48389"
"5338","2648",33.7663442475204,"48243"
"5339","2649",4.94590798020684,"48109"
"5340","2649",4.94590798020684,"48389"
"5341","2650",1115.27767489977,"35015"
"5342","2650",1115.27767489977,"48109"
"5343","2651",2017.20494590636,"35015"
"5344","2652",11848.3520195506,"35005"
"5345","2653",34.5987026843159,"35005"
"5346","2654",38.8282643708358,"35011"
"5347","2655",3215.47567581527,"35019"
"5348","2656",93.0055631922058,"35047"
"5349","2657",349.618891374296,"35033"
"5350","2658",590.055028203957,"35007"
"5351","2659",1361.44126052046,"35007"
"5352","2659",1361.44126052046,"08071"
"5353","2660",3685.86432504662,"08055"
"5354","2661",16992.665168323,"08043"
"5355","2661",16992.665168323,"08027"
"5356","2661",16992.665168323,"08101"
"5357","2662",184034.743230041,"08043"
"5358","2662",184034.743230041,"08041"
"5359","2662",184034.743230041,"08119"
"5360","2663",64530.4997286695,"08035"
"5361","2663",64530.4997286695,"08059"
"5362","2663",64530.4997286695,"08041"
"5363","2663",64530.4997286695,"08119"
"5364","2664",1216375.39626334,"08013"
"5365","2664",1216375.39626334,"08031"
"5366","2664",1216375.39626334,"08001"
"5367","2664",1216375.39626334,"08059"
"5368","2664",1216375.39626334,"08014"
"5369","2665",167536.697674732,"08013"
"5370","2665",167536.697674732,"08069"
"5371","2665",167536.697674732,"08123"
"5372","2666",1179.11847113301,"08069"
"5373","2666",1179.11847113301,"56001"
"5374","2666",1179.11847113301,"56021"
"5375","2667",90.9660595638783,"56001"
"5376","2667",90.9660595638783,"56021"
"5377","2668",103.526826822705,"56031"
"5378","2668",103.526826822705,"56001"
"5379","2669",1331.06570493505,"56031"
"5380","2669",1331.06570493505,"56009"
"5381","2670",46.4942515212655,"56009"
"5382","2671",2818.38298683737,"56005"
"5383","2671",2818.38298683737,"56009"
"5384","2672",43227.525879119,"56005"
"5385","2673",296.337335393053,"56005"
"5386","2674",59.2483923198611,"30075"
"5387","2675",100.319371538708,"30075"
"5388","2675",100.319371538708,"30017"
"5389","2676",10077.2614888426,"30087"
"5390","2676",10077.2614888426,"30017"
"5391","2677",45.4186956270046,"30087"
"5392","2677",45.4186956270046,"30055"
"5393","2677",45.4186956270046,"30033"
"5394","2677",45.4186956270046,"30017"
"5395","2677",45.4186956270046,"30079"
"5396","2678",23.5880958580034,"30055"
"5397","2678",23.5880958580034,"30033"
"5398","2679",1206.96571063312,"30105"
"5399","2679",1206.96571063312,"30055"
"5400","2679",1206.96571063312,"30033"
"5401","2680",135.553932089254,"30105"
"5402","2681",122.10410766015,"48043"
"5403","2681",122.10410766015,"48377"
"5404","2682",33.1559167769341,"48043"
"5405","2682",33.1559167769341,"48377"
"5406","2683",542.476072334331,"48043"
"5407","2683",542.476072334331,"48377"
"5408","2684",366.189904475365,"48389"
"5409","2684",366.189904475365,"48243"
"5410","2685",94.622374908378,"48109"
"5411","2685",94.622374908378,"48389"
"5412","2686",33.6068517053782,"35015"
"5413","2686",33.6068517053782,"48109"
"5414","2686",33.6068517053782,"48301"
"5415","2686",33.6068517053782,"48389"
"5416","2687",22405.8754965115,"35015"
"5417","2688",32.1357097690856,"35015"
"5418","2688",32.1357097690856,"35005"
"5419","2689",30.5678298567619,"35005"
"5420","2690",16.4245850169609,"35011"
"5421","2690",16.4245850169609,"35005"
"5422","2691",899.590380504326,"35011"
"5423","2691",899.590380504326,"35019"
"5424","2691",899.590380504326,"35037"
"5425","2692",64.9991745918058,"35019"
"5426","2692",64.9991745918058,"35047"
"5427","2693",47.4591184781951,"35033"
"5428","2693",47.4591184781951,"35021"
"5429","2693",47.4591184781951,"35047"
"5430","2694",1335.72929607758,"35007"
"5431","2694",1335.72929607758,"35033"
"5432","2694",1335.72929607758,"35021"
"5433","2695",7323.2444145692,"35007"
"5434","2695",7323.2444145692,"08071"
"5435","2696",1235.2523094365,"08055"
"5436","2696",1235.2523094365,"08071"
"5437","2697",2750.26221874724,"08055"
"5438","2697",2750.26221874724,"08101"
"5439","2698",19563.7930909974,"08101"
"5440","2698",19563.7930909974,"08041"
"5441","2699",365708.38823824,"08035"
"5442","2699",365708.38823824,"08039"
"5443","2699",365708.38823824,"08041"
"5444","2700",1216227.39637494,"08031"
"5445","2700",1216227.39637494,"08035"
"5446","2700",1216227.39637494,"08005"
"5447","2700",1216227.39637494,"08001"
"5448","2700",1216227.39637494,"08039"
"5449","2700",1216227.39637494,"08059"
"5450","2701",193100.698994838,"08013"
"5451","2701",193100.698994838,"08001"
"5452","2701",193100.698994838,"08014"
"5453","2701",193100.698994838,"08123"
"5454","2702",168825.312987319,"08069"
"5455","2702",168825.312987319,"08123"
"5456","2703",11542.1340903243,"56001"
"5457","2703",11542.1340903243,"56021"
"5458","2704",97.582028315655,"56031"
"5459","2704",97.582028315655,"56001"
"5460","2704",97.582028315655,"56021"
"5461","2705",250.944419085756,"56031"
"5462","2705",250.944419085756,"56001"
"5463","2705",250.944419085756,"56009"
"5464","2706",8418.81227336501,"56009"
"5465","2707",74.4663185562935,"56005"
"5466","2707",74.4663185562935,"56009"
"5467","2708",480.217299247124,"56005"
"5468","2709",916.987943940198,"56005"
"5469","2710",141.413674457271,"30075"
"5470","2710",141.413674457271,"56005"
"5471","2711",181.221681947897,"30075"
"5472","2711",181.221681947897,"30017"
"5473","2712",155.227085219711,"30017"
"5474","2713",27.4582042869333,"30017"
"5475","2713",27.4582042869333,"30079"
"5476","2714",139.647433687398,"30055"
"5477","2714",139.647433687398,"30033"
"5478","2714",139.647433687398,"30079"
"5479","2715",41.6812337297576,"30105"
"5480","2715",41.6812337297576,"30055"
"5481","2716",196.256764733262,"30105"
"5482","2717",82.6768446684124,"30105"
"5483","2717",82.6768446684124,"30019"
"5484","2718",637.2572290374,"48043"
"5485","2719",26.5233217335312,"48043"
"5486","2719",26.5233217335312,"48377"
"5487","2720",7140.99579815661,"48043"
"5488","2720",7140.99579815661,"48377"
"5489","2720",7140.99579815661,"48243"
"5490","2721",944.698654282109,"48389"
"5491","2721",944.698654282109,"48243"
"5492","2722",22.2181072409415,"48475"
"5493","2722",22.2181072409415,"48301"
"5494","2722",22.2181072409415,"48389"
"5495","2723",21.1433355501073,"35015"
"5496","2723",21.1433355501073,"48301"
"5497","2723",21.1433355501073,"35025"
"5498","2724",136.958684446606,"35015"
"5499","2724",136.958684446606,"35025"
"5500","2725",13.973071405829,"35005"
"5501","2725",13.973071405829,"35025"
"5502","2726",19.8314671054396,"35005"
"5503","2726",19.8314671054396,"35041"
"5504","2727",777.249993489767,"35011"
"5505","2727",777.249993489767,"35041"
"5506","2728",24.0713525402447,"35011"
"5507","2728",24.0713525402447,"35019"
"5508","2728",24.0713525402447,"35037"
"5509","2729",189.515570731745,"35047"
"5510","2730",261.960444312543,"35033"
"5511","2730",261.960444312543,"35021"
"5512","2731",49.6879434857202,"35007"
"5513","2732",10935.9726647059,"35007"
"5514","2732",10935.9726647059,"08071"
"5515","2733",49.9378292238224,"08055"
"5516","2733",49.9378292238224,"08071"
"5517","2733",49.9378292238224,"08101"
"5518","2734",132168.326229573,"08101"
"5519","2735",158989.726739282,"08041"
"5520","2736",48515.3287168585,"08035"
"5521","2736",48515.3287168585,"08039"
"5522","2737",182032.762476446,"08031"
"5523","2737",182032.762476446,"08005"
"5524","2737",182032.762476446,"08001"
"5525","2737",182032.762476446,"08123"
"5526","2738",226312.499684744,"08069"
"5527","2738",226312.499684744,"08123"
"5528","2739",24407.5545204357,"08069"
"5529","2739",24407.5545204357,"08123"
"5530","2739",24407.5545204357,"56021"
"5531","2740",196.401719802306,"56031"
"5532","2740",196.401719802306,"56021"
"5533","2741",5724.5053185987,"56031"
"5534","2742",594.686702394585,"56031"
"5535","2742",594.686702394585,"56027"
"5536","2742",594.686702394585,"56009"
"5537","2743",109.049190321043,"56027"
"5538","2743",109.049190321043,"56009"
"5539","2744",137.519423388366,"56045"
"5540","2744",137.519423388366,"56005"
"5541","2745",11833.2234526605,"56045"
"5542","2745",11833.2234526605,"56005"
"5543","2745",11833.2234526605,"56011"
"5544","2746",158.544826309557,"56005"
"5545","2746",158.544826309557,"56011"
"5546","2747",775.384156468691,"30075"
"5547","2748",59.9934927522316,"30075"
"5548","2748",59.9934927522316,"30017"
"5549","2749",666.048372756065,"30017"
"5550","2749",666.048372756065,"30079"
"5551","2750",55.5125525973222,"30055"
"5552","2750",55.5125525973222,"30079"
"5553","2751",138.12363696865,"30055"
"5554","2752",4214.17714018099,"30085"
"5555","2752",4214.17714018099,"30105"
"5556","2752",4214.17714018099,"30055"
"5557","2753",122.781951873456,"30085"
"5558","2753",122.781951873456,"30105"
"5559","2753",122.781951873456,"30019"
"5560","2754",28.1160034486151,"48043"
"5561","2755",101.815104339667,"48043"
"5562","2756",369.96339691974,"48043"
"5563","2757",25.4518126213828,"48371"
"5564","2757",25.4518126213828,"48043"
"5565","2757",25.4518126213828,"48389"
"5566","2757",25.4518126213828,"48243"
"5567","2758",9970.37968395207,"48475"
"5568","2758",9970.37968395207,"48389"
"5569","2759",38.4865790893941,"35015"
"5570","2759",38.4865790893941,"48301"
"5571","2759",38.4865790893941,"35025"
"5572","2760",11.5066940909054,"35015"
"5573","2760",11.5066940909054,"35025"
"5574","2761",63.5886428263197,"35015"
"5575","2761",63.5886428263197,"35005"
"5576","2761",63.5886428263197,"35025"
"5577","2762",31.9897011799498,"35005"
"5578","2762",31.9897011799498,"35041"
"5579","2762",31.9897011799498,"35025"
"5580","2763",77.6656953788564,"35011"
"5581","2763",77.6656953788564,"35005"
"5582","2763",77.6656953788564,"35041"
"5583","2764",231.771675839837,"35011"
"5584","2764",231.771675839837,"35037"
"5585","2764",231.771675839837,"35009"
"5586","2764",231.771675839837,"35041"
"5587","2765",382.485412879633,"35019"
"5588","2765",382.485412879633,"35037"
"5589","2765",382.485412879633,"35047"
"5590","2766",164.954633657554,"35021"
"5591","2766",164.954633657554,"35047"
"5592","2767",72.0896419830626,"35007"
"5593","2767",72.0896419830626,"35021"
"5594","2767",72.0896419830626,"35059"
"5595","2768",193.80013500875,"35007"
"5596","2768",193.80013500875,"08071"
"5597","2768",193.80013500875,"35059"
"5598","2769",590.435891917091,"08071"
"5599","2770",53.467123484451,"08071"
"5600","2770",53.467123484451,"08101"
"5601","2770",53.467123484451,"08089"
"5602","2771",703.687846030498,"08101"
"5603","2771",703.687846030498,"08041"
"5604","2772",9692.569735142,"08039"
"5605","2772",9692.569735142,"08041"
"5606","2773",12055.8701094603,"08005"
"5607","2773",12055.8701094603,"08001"
"5608","2773",12055.8701094603,"08039"
"5609","2774",9841.33369677429,"08001"
"5610","2774",9841.33369677429,"08123"
"5611","2775",4817.82274876401,"08123"
"5612","2776",59521.2155929663,"56021"
"5613","2777",429.593987362348,"56031"
"5614","2777",429.593987362348,"56015"
"5615","2777",429.593987362348,"56021"
"5616","2778",1453.5248004279,"56031"
"5617","2778",1453.5248004279,"56015"
"5618","2779",148.683875732456,"56027"
"5619","2779",148.683875732456,"56009"
"5620","2780",41.3291957517657,"56045"
"5621","2780",41.3291957517657,"56005"
"5622","2780",41.3291957517657,"56027"
"5623","2780",41.3291957517657,"56009"
"5624","2781",78.9385188118517,"56045"
"5625","2781",78.9385188118517,"56005"
"5626","2781",78.9385188118517,"56011"
"5627","2782",388.687298433912,"56005"
"5628","2782",388.687298433912,"56011"
"5629","2783",149.770363342163,"30075"
"5630","2783",149.770363342163,"56005"
"5631","2783",149.770363342163,"56011"
"5632","2783",149.770363342163,"30011"
"5633","2784",119.949545187598,"30075"
"5634","2784",119.949545187598,"30017"
"5635","2784",119.949545187598,"30011"
"5636","2785",47.8315316542216,"30017"
"5637","2786",737.100329079336,"30017"
"5638","2786",737.100329079336,"30079"
"5639","2787",777.597723137057,"30055"
"5640","2787",777.597723137057,"30021"
"5641","2787",777.597723137057,"30079"
"5642","2788",232.457881382151,"30055"
"5643","2788",232.457881382151,"30021"
"5644","2789",197.709134557739,"30085"
"5645","2789",197.709134557739,"30105"
"5646","2789",197.709134557739,"30019"
"5647","2790",47.0121736060337,"30019"
"5648","2791",0,"48043"
"5649","2792",213.611560049726,"48043"
"5650","2793",36.3726806951633,"48043"
"5651","2794",16.6663350562422,"48371"
"5652","2794",16.6663350562422,"48043"
"5653","2795",20.545710786157,"48371"
"5654","2795",20.545710786157,"48389"
"5655","2796",264.786920227596,"48475"
"5656","2796",264.786920227596,"48301"
"5657","2796",264.786920227596,"48389"
"5658","2796",264.786920227596,"48495"
"5659","2797",24.3806445648542,"35025"
"5660","2798",85.1321119695946,"35025"
"5661","2799",93.2955903168596,"35005"
"5662","2799",93.2955903168596,"35025"
"5663","2800",368.339460070577,"35005"
"5664","2800",368.339460070577,"35041"
"5665","2801",1052.34135742917,"35009"
"5666","2801",1052.34135742917,"35041"
"5667","2802",141.918627598415,"35037"
"5668","2803",34.3380456052114,"35021"
"5669","2803",34.3380456052114,"35037"
"5670","2803",34.3380456052114,"35047"
"5671","2804",43.3111444350485,"35021"
"5672","2804",43.3111444350485,"35059"
"5673","2805",94.0391516881899,"35007"
"5674","2805",94.0391516881899,"35059"
"5675","2806",116.505951177577,"35007"
"5676","2806",116.505951177577,"08071"
"5677","2806",116.505951177577,"35059"
"5678","2807",53.1006778184024,"08071"
"5679","2807",53.1006778184024,"08101"
"5680","2807",53.1006778184024,"08089"
"5681","2808",4914.32047615711,"08101"
"5682","2808",4914.32047615711,"08089"
"5683","2808",4914.32047615711,"08025"
"5684","2809",2950.24229519893,"08039"
"5685","2809",2950.24229519893,"08073"
"5686","2809",2950.24229519893,"08041"
"5687","2810",1262.7248775485,"08039"
"5688","2811",5087.25793350563,"08005"
"5689","2811",5087.25793350563,"08001"
"5690","2811",5087.25793350563,"08123"
"5691","2811",5087.25793350563,"08087"
"5692","2812",2155.21191595695,"08123"
"5693","2812",2155.21191595695,"08087"
"5694","2813",1536.90989214095,"08123"
"5695","2813",1536.90989214095,"56021"
"5696","2814",283.468905753117,"56015"
"5697","2814",283.468905753117,"56021"
"5698","2815",1574.09355478768,"56031"
"5699","2815",1574.09355478768,"56015"
"5700","2816",1916.36620330277,"56031"
"5701","2816",1916.36620330277,"56015"
"5702","2816",1916.36620330277,"56027"
"5703","2817",113.54264304985,"56027"
"5704","2818",136.323728387243,"56045"
"5705","2819",3264.84054782345,"56045"
"5706","2819",3264.84054782345,"56011"
"5707","2820",202.293425423971,"56005"
"5708","2820",202.293425423971,"56011"
"5709","2820",202.293425423971,"30011"
"5710","2821",68.9171588335154,"30075"
"5711","2821",68.9171588335154,"30011"
"5712","2822",33.9940785182152,"30075"
"5713","2822",33.9940785182152,"30017"
"5714","2822",33.9940785182152,"30011"
"5715","2823",79.3263636314494,"30017"
"5716","2823",79.3263636314494,"30079"
"5717","2823",79.3263636314494,"30025"
"5718","2824",118.788899208372,"30021"
"5719","2824",118.788899208372,"30079"
"5720","2825",294.523386100765,"30055"
"5721","2825",294.523386100765,"30083"
"5722","2825",294.523386100765,"30021"
"5723","2826",3344.37594494999,"30085"
"5724","2826",3344.37594494999,"30055"
"5725","2826",3344.37594494999,"30083"
"5726","2827",1152.20266601075,"30085"
"5727","2827",1152.20266601075,"30019"
"5728","2828",7.0724656907262,"48043"
"5729","2829",15.1552836229847,"48043"
"5730","2830",463.296664183929,"48371"
"5731","2830",463.296664183929,"48043"
"5732","2831",1304.95235908525,"48371"
"5733","2832",54.8141513871289,"48371"
"5734","2832",54.8141513871289,"48475"
"5735","2832",54.8141513871289,"48389"
"5736","2833",5880.54401493109,"48301"
"5737","2833",5880.54401493109,"35025"
"5738","2833",5880.54401493109,"48495"
"5739","2834",3909.59143734883,"35025"
"5740","2835",15698.1382910843,"35025"
"5741","2836",83.8547362176522,"35005"
"5742","2836",83.8547362176522,"35041"
"5743","2836",83.8547362176522,"35025"
"5744","2837",18975.5734663788,"35009"
"5745","2837",18975.5734663788,"35041"
"5746","2838",207.328591904198,"35037"
"5747","2838",207.328591904198,"35009"
"5748","2839",6142.38677469852,"35021"
"5749","2839",6142.38677469852,"35037"
"5750","2839",6142.38677469852,"35047"
"5751","2840",35.5206234366728,"35021"
"5752","2841",38.7713255428923,"35059"
"5753","2842",282.74142083497,"08071"
"5754","2842",282.74142083497,"35059"
"5755","2843",24.2972753884762,"08071"
"5756","2844",5954.18779263548,"08089"
"5757","2844",5954.18779263548,"08025"
"5758","2845",159.859153272267,"08073"
"5759","2845",159.859153272267,"08101"
"5760","2845",159.859153272267,"08041"
"5761","2845",159.859153272267,"08025"
"5762","2846",1936.41136312595,"08039"
"5763","2846",1936.41136312595,"08041"
"5764","2847",2923.45143980055,"08005"
"5765","2847",2923.45143980055,"08001"
"5766","2847",2923.45143980055,"08039"
"5767","2848",3463.38240930821,"08001"
"5768","2848",3463.38240930821,"08123"
"5769","2848",3463.38240930821,"08087"
"5770","2849",697.201730585754,"08123"
"5771","2850",2531.4427448911,"31007"
"5772","2850",2531.4427448911,"56021"
"5773","2850",2531.4427448911,"31105"
"5774","2851",1071.95228371632,"56015"
"5775","2851",1071.95228371632,"31157"
"5776","2852",187.555965956783,"56015"
"5777","2853",140.081501099589,"56027"
"5778","2854",34.6690831471648,"56045"
"5779","2854",34.6690831471648,"56027"
"5780","2855",1803.48933055981,"56045"
"5781","2855",1803.48933055981,"56011"
"5782","2856",1156.35041602821,"56011"
"5783","2857",42.675989289441,"56011"
"5784","2857",42.675989289441,"30011"
"5785","2858",60.5989961665583,"30075"
"5786","2858",60.5989961665583,"30017"
"5787","2858",60.5989961665583,"30011"
"5788","2859",56.7874172216994,"30017"
"5789","2859",56.7874172216994,"30025"
"5790","2859",56.7874172216994,"30011"
"5791","2860",392.189174312615,"30021"
"5792","2860",392.189174312615,"30079"
"5793","2861",185.100040945009,"30021"
"5794","2862",122.560914022383,"30085"
"5795","2862",122.560914022383,"30055"
"5796","2862",122.560914022383,"30083"
"5797","2862",122.560914022383,"30021"
"5798","2863",135.757888987486,"30085"
"5799","2863",135.757888987486,"30019"
"5800","2863",135.757888987486,"30091"
"5801","2864",43.4028788759134,"30019"
"5802","2864",43.4028788759134,"30091"
"5803","2865",3.03105672459694,"48043"
"5804","2866",9.09317017379081,"48043"
"5805","2867",3.5863942867269,"48371"
"5806","2868",334.57352263221,"48371"
"5807","2869",9582.41720621814,"48475"
"5808","2869",9582.41720621814,"48495"
"5809","2870",2389.45852979489,"35025"
"5810","2870",2389.45852979489,"48495"
"5811","2870",2389.45852979489,"48003"
"5812","2871",49832.2485111607,"48165"
"5813","2871",49832.2485111607,"35025"
"5814","2872",1387.86932761357,"48079"
"5815","2872",1387.86932761357,"35025"
"5816","2872",1387.86932761357,"48501"
"5817","2873",572.246793597675,"48079"
"5818","2873",572.246793597675,"48017"
"5819","2873",572.246793597675,"35041"
"5820","2874",47418.4854598952,"35009"
"5821","2874",47418.4854598952,"35041"
"5822","2875",461.897575815462,"35037"
"5823","2875",461.897575815462,"35009"
"5824","2876",406.836390789785,"35021"
"5825","2876",406.836390789785,"35037"
"5826","2877",80.4550067341659,"35021"
"5827","2877",80.4550067341659,"35059"
"5828","2878",102.449165255208,"35059"
"5829","2879",109.819335552291,"08071"
"5830","2879",109.819335552291,"35059"
"5831","2880",60.6647201019574,"08071"
"5832","2880",60.6647201019574,"08011"
"5833","2880",60.6647201019574,"08089"
"5834","2881",3279.05978482568,"08089"
"5835","2881",3279.05978482568,"08061"
"5836","2881",3279.05978482568,"08025"
"5837","2882",254.116651167609,"08039"
"5838","2882",254.116651167609,"08073"
"5839","2883",2333.48906650441,"08039"
"5840","2883",2333.48906650441,"08073"
"5841","2884",167.178127185081,"08005"
"5842","2884",167.178127185081,"08001"
"5843","2884",167.178127185081,"08121"
"5844","2884",167.178127185081,"08087"
"5845","2885",1167.37874292394,"08123"
"5846","2885",1167.37874292394,"08087"
"5847","2886",283.353199641843,"08123"
"5848","2886",283.353199641843,"56021"
"5849","2886",283.353199641843,"31105"
"5850","2887",801.007676227709,"56015"
"5851","2887",801.007676227709,"31007"
"5852","2887",801.007676227709,"56021"
"5853","2887",801.007676227709,"31157"
"5854","2887",801.007676227709,"31105"
"5855","2888",10357.275222563,"56015"
"5856","2888",10357.275222563,"31165"
"5857","2888",10357.275222563,"31157"
"5858","2889",151.534697300912,"56015"
"5859","2889",151.534697300912,"31165"
"5860","2889",151.534697300912,"56027"
"5861","2890",71.6708250292411,"46047"
"5862","2890",71.6708250292411,"56027"
"5863","2891",5107.14464412026,"56045"
"5864","2891",5107.14464412026,"46033"
"5865","2892",2377.81066782325,"56045"
"5866","2892",2377.81066782325,"56011"
"5867","2893",247.376451287321,"56011"
"5868","2893",247.376451287321,"30011"
"5869","2894",72.0551843851253,"30011"
"5870","2895",470.434887073249,"30025"
"5871","2895",470.434887073249,"30011"
"5872","2896",310.694638130228,"30109"
"5873","2896",310.694638130228,"30017"
"5874","2896",310.694638130228,"30079"
"5875","2896",310.694638130228,"30025"
"5876","2897",7619.45075076381,"30021"
"5877","2898",371.627771624596,"30083"
"5878","2898",371.627771624596,"30021"
"5879","2899",749.560812903299,"30085"
"5880","2899",749.560812903299,"30083"
"5881","2900",254.621038405843,"30019"
"5882","2900",254.621038405843,"30091"
"5883","2901",3.03105672459694,"48043"
"5884","2902",15.1418528358617,"48371"
"5885","2902",15.1418528358617,"48043"
"5886","2902",15.1418528358617,"48443"
"5887","2903",10363.9986240392,"48371"
"5888","2904",976.45418411331,"48103"
"5889","2904",976.45418411331,"48371"
"5890","2904",976.45418411331,"48475"
"5891","2905",31.8020758139216,"48135"
"5892","2905",31.8020758139216,"48495"
"5893","2905",31.8020758139216,"48003"
"5894","2906",152.084370106312,"48165"
"5895","2906",152.084370106312,"35025"
"5896","2906",152.084370106312,"48003"
"5897","2907",6356.71897837854,"48165"
"5898","2907",6356.71897837854,"35025"
"5899","2907",6356.71897837854,"48501"
"5900","2908",149.510132511672,"48079"
"5901","2908",149.510132511672,"35041"
"5902","2908",149.510132511672,"35025"
"5903","2909",916.989704817174,"48017"
"5904","2909",916.989704817174,"48369"
"5905","2909",916.989704817174,"35009"
"5906","2909",916.989704817174,"35041"
"5907","2910",454.838861433926,"48369"
"5908","2910",454.838861433926,"35009"
"5909","2910",454.838861433926,"48117"
"5910","2911",119.994322577975,"35037"
"5911","2911",119.994322577975,"48359"
"5912","2911",119.994322577975,"48117"
"5913","2912",123.851646308899,"48205"
"5914","2912",123.851646308899,"35021"
"5915","2912",123.851646308899,"35037"
"5916","2912",123.851646308899,"35059"
"5917","2913",3521.59289568399,"35059"
"5918","2914",54.340378775921,"08071"
"5919","2914",54.340378775921,"35059"
"5920","2915",93.0772841074849,"08071"
"5921","2915",93.0772841074849,"08011"
"5922","2916",10624.233782527,"08011"
"5923","2916",10624.233782527,"08089"
"5924","2917",63.1451457455102,"08073"
"5925","2917",63.1451457455102,"08061"
"5926","2917",63.1451457455102,"08025"
"5927","2918",1598.88288349893,"08039"
"5928","2918",1598.88288349893,"08073"
"5929","2919",175.324857443095,"08005"
"5930","2919",175.324857443095,"08001"
"5931","2919",175.324857443095,"08039"
"5932","2919",175.324857443095,"08073"
"5933","2919",175.324857443095,"08121"
"5934","2920",23715.6027467578,"08121"
"5935","2920",23715.6027467578,"08087"
"5936","2921",198.19841293971,"08075"
"5937","2921",198.19841293971,"08123"
"5938","2922",2940.08437873413,"31007"
"5939","2922",2940.08437873413,"31105"
"5940","2923",32128.1291037804,"56015"
"5941","2923",32128.1291037804,"31165"
"5942","2923",32128.1291037804,"31007"
"5943","2923",32128.1291037804,"31157"
"5944","2924",63.4579166670817,"56015"
"5945","2924",63.4579166670817,"31165"
"5946","2925",71.7215424165201,"46047"
"5947","2925",71.7215424165201,"31165"
"5948","2925",71.7215424165201,"56027"
"5949","2926",145.615807350798,"56045"
"5950","2926",145.615807350798,"46047"
"5951","2926",145.615807350798,"56027"
"5952","2926",145.615807350798,"46033"
"5953","2927",383.550770817757,"56045"
"5954","2927",383.550770817757,"46103"
"5955","2927",383.550770817757,"56011"
"5956","2927",383.550770817757,"46081"
"5957","2928",1170.24650951307,"56011"
"5958","2928",1170.24650951307,"46081"
"5959","2928",1170.24650951307,"46019"
"5960","2929",38.3921464253003,"46063"
"5961","2929",38.3921464253003,"56011"
"5962","2929",38.3921464253003,"46019"
"5963","2929",38.3921464253003,"30011"
"5964","2930",119.618792364066,"30011"
"5965","2931",2259.06614298449,"30025"
"5966","2932",77.1378733405954,"30109"
"5967","2932",77.1378733405954,"30021"
"5968","2932",77.1378733405954,"30079"
"5969","2932",77.1378733405954,"30025"
"5970","2933",537.877283599418,"30083"
"5971","2933",537.877283599418,"30109"
"5972","2933",537.877283599418,"30021"
"5973","2934",211.069582141201,"30085"
"5974","2934",211.069582141201,"30083"
"5975","2935",401.34690241952,"30085"
"5976","2935",401.34690241952,"30091"
"5977","2936",45.3089355314867,"30091"
"5978","2937",761.114774200124,"48371"
"5979","2937",761.114774200124,"48043"
"5980","2937",761.114774200124,"48443"
"5981","2938",5.37959143009034,"48371"
"5982","2939",268.931072095657,"48103"
"5983","2939",268.931072095657,"48371"
"5984","2940",2592.72189002091,"48103"
"5985","2940",2592.72189002091,"48475"
"5986","2940",2592.72189002091,"48135"
"5987","2940",2592.72189002091,"48495"
"5988","2941",14282.0171619529,"48135"
"5989","2941",14282.0171619529,"48003"
"5990","2942",14967.4828478671,"48165"
"5991","2942",14967.4828478671,"48501"
"5992","2943",1488.1937061092,"48079"
"5993","2943",1488.1937061092,"48445"
"5994","2943",1488.1937061092,"48501"
"5995","2944",379.420468804664,"48079"
"5996","2944",379.420468804664,"48017"
"5997","2945",6265.49996940633,"48017"
"5998","2945",6265.49996940633,"48369"
"5999","2945",6265.49996940633,"35009"
"6000","2946",63.2193339307547,"35037"
"6001","2946",63.2193339307547,"35009"
"6002","2946",63.2193339307547,"48359"
"6003","2946",63.2193339307547,"48117"
"6004","2947",109.206094695026,"48205"
"6005","2947",109.206094695026,"35037"
"6006","2947",109.206094695026,"48359"
"6007","2948",353.765499165119,"48205"
"6008","2948",353.765499165119,"48111"
"6009","2948",353.765499165119,"35059"
"6010","2949",154.027778987166,"48111"
"6011","2949",154.027778987166,"40025"
"6012","2949",154.027778987166,"35059"
"6013","2950",120.331133252665,"08071"
"6014","2950",120.331133252665,"08009"
"6015","2951",54.0226079468838,"08071"
"6016","2951",54.0226079468838,"08009"
"6017","2951",54.0226079468838,"08011"
"6018","2951",54.0226079468838,"08089"
"6019","2952",22.6352604415112,"08011"
"6020","2952",22.6352604415112,"08089"
"6021","2952",22.6352604415112,"08061"
"6022","2953",86.251980738715,"08073"
"6023","2953",86.251980738715,"08017"
"6024","2954",520.068319992398,"08073"
"6025","2954",520.068319992398,"08121"
"6026","2954",520.068319992398,"08063"
"6027","2955",328.983488595541,"08121"
"6028","2955",328.983488595541,"08087"
"6029","2956",1792.74493466438,"08121"
"6030","2956",1792.74493466438,"08075"
"6031","2956",1792.74493466438,"08123"
"6032","2956",1792.74493466438,"08087"
"6033","2957",181.997130900555,"31033"
"6034","2957",181.997130900555,"08075"
"6035","2957",181.997130900555,"08123"
"6036","2957",181.997130900555,"31105"
"6037","2958",619.957125050081,"31007"
"6038","2958",619.957125050081,"31157"
"6039","2959",240.809568902673,"31013"
"6040","2959",240.809568902673,"31165"
"6041","2959",240.809568902673,"31157"
"6042","2960",385.18430000404,"31165"
"6043","2961",942.767655793566,"46047"
"6044","2962",1935.8943266769,"56045"
"6045","2962",1935.8943266769,"46103"
"6046","2962",1935.8943266769,"46033"
"6047","2963",20320.1423798266,"56011"
"6048","2963",20320.1423798266,"46081"
"6049","2964",117.244900043291,"56011"
"6050","2964",117.244900043291,"46019"
"6051","2964",117.244900043291,"30011"
"6052","2965",170.398132544011,"46063"
"6053","2965",170.398132544011,"30011"
"6054","2966",126.200016420751,"46063"
"6055","2966",126.200016420751,"38011"
"6056","2966",126.200016420751,"30025"
"6057","2966",126.200016420751,"30011"
"6058","2967",181.12947113213,"38033"
"6059","2967",181.12947113213,"38087"
"6060","2967",181.12947113213,"30109"
"6061","2967",181.12947113213,"30025"
"6062","2968",775.924395193706,"38033"
"6063","2968",775.924395193706,"30109"
"6064","2968",775.924395193706,"30021"
"6065","2969",7216.31251506826,"30083"
"6066","2970",1396.89147613848,"30085"
"6067","2970",1396.89147613848,"30083"
"6068","2970",1396.89147613848,"30091"
"6069","2971",1737.05620569689,"30091"
"6070","2972",0,"48043"
"6071","2972",0,"48443"
"6072","2973",17.059323939373,"48371"
"6073","2973",17.059323939373,"48443"
"6074","2974",40.8554570340887,"48371"
"6075","2975",4438.00842523746,"48103"
"6076","2975",4438.00842523746,"48461"
"6077","2976",110067.928118759,"48135"
"6078","2976",110067.928118759,"48003"
"6079","2977",735.874886303652,"48165"
"6080","2977",735.874886303652,"48003"
"6081","2978",3684.0925622576,"48165"
"6082","2978",3684.0925622576,"48445"
"6083","2978",3684.0925622576,"48501"
"6084","2979",2686.46691451814,"48079"
"6085","2979",2686.46691451814,"48219"
"6086","2980",7084.26637912585,"48279"
"6087","2980",7084.26637912585,"48017"
"6088","2980",7084.26637912585,"48369"
"6089","2981",4923.30287648775,"48069"
"6090","2981",4923.30287648775,"48369"
"6091","2981",4923.30287648775,"48117"
"6092","2982",212.330714434957,"48359"
"6093","2982",212.330714434957,"48117"
"6094","2983",53.6346753627686,"48205"
"6095","2984",819.659332009188,"48111"
"6096","2984",819.659332009188,"40025"
"6097","2984",819.659332009188,"35059"
"6098","2985",46.2203827079907,"08071"
"6099","2985",46.2203827079907,"08009"
"6100","2985",46.2203827079907,"40025"
"6101","2985",46.2203827079907,"35059"
"6102","2986",201.125342129031,"08071"
"6103","2986",201.125342129031,"08009"
"6104","2986",201.125342129031,"08011"
"6105","2987",5161.71659691523,"08011"
"6106","2988",125.538952923965,"08073"
"6107","2988",125.538952923965,"08017"
"6108","2988",125.538952923965,"08061"
"6109","2989",106.142733076239,"08073"
"6110","2989",106.142733076239,"08017"
"6111","2989",106.142733076239,"08063"
"6112","2990",300.514451026332,"08073"
"6113","2990",300.514451026332,"08121"
"6114","2990",300.514451026332,"08063"
"6115","2991",2203.97249675254,"08121"
"6116","2992",9502.35609118236,"08075"
"6117","2993",962.458690627295,"31033"
"6118","2993",962.458690627295,"31123"
"6119","2993",962.458690627295,"31007"
"6120","2993",962.458690627295,"31105"
"6121","2994",4863.38238834059,"31123"
"6122","2994",4863.38238834059,"31013"
"6123","2994",4863.38238834059,"31165"
"6124","2994",4863.38238834059,"31007"
"6125","2994",4863.38238834059,"31157"
"6126","2995",237.208124575458,"31013"
"6127","2995",237.208124575458,"31165"
"6128","2995",237.208124575458,"31045"
"6129","2996",49.2774041720006,"46047"
"6130","2996",49.2774041720006,"31165"
"6131","2996",49.2774041720006,"31045"
"6132","2997",5570.30260300883,"46047"
"6133","2997",5570.30260300883,"46033"
"6134","2998",3665.6114450874,"46093"
"6135","2998",3665.6114450874,"46103"
"6136","2998",3665.6114450874,"46081"
"6137","2999",10816.3805414571,"46093"
"6138","2999",10816.3805414571,"46081"
"6139","2999",10816.3805414571,"46019"
"6140","3000",40.2172916949512,"46063"
"6141","3000",40.2172916949512,"46019"
"6142","3001",116.304893223932,"46063"
"6143","3001",116.304893223932,"30011"
"6144","3002",279.493244583554,"38087"
"6145","3002",279.493244583554,"38011"
"6146","3002",279.493244583554,"30025"
"6147","3003",1322.29868886542,"38033"
"6148","3003",1322.29868886542,"30109"
"6149","3004",104.440465891118,"30083"
"6150","3004",104.440465891118,"38033"
"6151","3004",104.440465891118,"38053"
"6152","3004",104.440465891118,"30109"
"6153","3005",1889.96441791004,"30085"
"6154","3005",1889.96441791004,"30083"
"6155","3005",1889.96441791004,"38053"
"6156","3005",1889.96441791004,"38105"
"6157","3006",229.428828925393,"30085"
"6158","3006",229.428828925393,"38105"
"6159","3006",229.428828925393,"38023"
"6160","3006",229.428828925393,"30091"
"6161","3007",27.5509081011224,"38023"
"6162","3007",27.5509081011224,"30091"
"6163","3008",28.5771180549863,"48443"
"6164","3009",19.584696616484,"48371"
"6165","3009",19.584696616484,"48443"
"6166","3010",2161.6182469632,"48103"
"6167","3010",2161.6182469632,"48371"
"6168","3010",2161.6182469632,"48105"
"6169","3010",2161.6182469632,"48461"
"6170","3011",37545.1706047319,"48103"
"6171","3011",37545.1706047319,"48135"
"6172","3011",37545.1706047319,"48461"
"6173","3011",37545.1706047319,"48329"
"6174","3012",1921.74039116421,"48317"
"6175","3012",1921.74039116421,"48135"
"6176","3012",1921.74039116421,"48003"
"6177","3013",694.32042417944,"48165"
"6178","3013",694.32042417944,"48445"
"6179","3013",694.32042417944,"48115"
"6180","3014",2297.41988110025,"48079"
"6181","3014",2297.41988110025,"48445"
"6182","3014",2297.41988110025,"48219"
"6183","3014",2297.41988110025,"48501"
"6184","3015",8352.3473204936,"48079"
"6185","3015",8352.3473204936,"48279"
"6186","3015",8352.3473204936,"48017"
"6187","3015",8352.3473204936,"48219"
"6188","3016",4603.2702465483,"48069"
"6189","3016",4603.2702465483,"48279"
"6190","3016",4603.2702465483,"48369"
"6191","3017",597.812008329295,"48359"
"6192","3017",597.812008329295,"48117"
"6193","3018",33.7279083296386,"48205"
"6194","3018",33.7279083296386,"48359"
"6195","3019",10631.651515671,"48205"
"6196","3019",10631.651515671,"48111"
"6197","3020",1270.38014461548,"48111"
"6198","3020",1270.38014461548,"40025"
"6199","3021",121.9446421001,"08009"
"6200","3022",30.3736059201569,"08009"
"6201","3022",30.3736059201569,"08011"
"6202","3022",30.3736059201569,"08099"
"6203","3023",269.452168985887,"08011"
"6204","3023",269.452168985887,"08099"
"6205","3023",269.452168985887,"08061"
"6206","3024",282.016704947732,"08017"
"6207","3024",282.016704947732,"08063"
"6208","3025",1052.22736578616,"08073"
"6209","3025",1052.22736578616,"08121"
"6210","3025",1052.22736578616,"08063"
"6211","3026",252.628557181053,"08121"
"6212","3026",252.628557181053,"08125"
"6213","3027",11197.6323233518,"08121"
"6214","3027",11197.6323233518,"08075"
"6215","3028",7925.85857626202,"31033"
"6216","3028",7925.85857626202,"08075"
"6217","3029",2366.8508268125,"31033"
"6218","3029",2366.8508268125,"31123"
"6219","3029",2366.8508268125,"31007"
"6220","3029",2366.8508268125,"31157"
"6221","3030",401.876201732971,"31123"
"6222","3030",401.876201732971,"31013"
"6223","3030",401.876201732971,"31165"
"6224","3031",1606.93093353234,"31165"
"6225","3031",1606.93093353234,"31045"
"6226","3032",993.388286415524,"46047"
"6227","3033",8449.65321942379,"46103"
"6228","3033",8449.65321942379,"46033"
"6229","3034",13004.2617583037,"46093"
"6230","3034",13004.2617583037,"46081"
"6231","3035",127.585302158896,"46019"
"6232","3036",415.321169992653,"46063"
"6233","3037",188.202937622044,"46063"
"6234","3037",188.202937622044,"38011"
"6235","3038",139.412892277682,"38033"
"6236","3038",139.412892277682,"38007"
"6237","3038",139.412892277682,"38087"
"6238","3039",69.1741179030074,"38033"
"6239","3039",69.1741179030074,"38053"
"6240","3039",69.1741179030074,"38007"
"6241","3040",263.613891224662,"30083"
"6242","3040",263.613891224662,"38053"
"6243","3041",585.2384239211,"30085"
"6244","3041",585.2384239211,"38105"
"6245","3041",585.2384239211,"30091"
"6246","3042",348.929126053091,"38105"
"6247","3042",348.929126053091,"38023"
"6248","3042",348.929126053091,"30091"
"6249","3043",7.07062714762547,"48465"
"6250","3043",7.07062714762547,"48443"
"6251","3044",10.6512652544358,"48443"
"6252","3045",1179.28851933549,"48371"
"6253","3045",1179.28851933549,"48105"
"6254","3046",33.416873460782,"48461"
"6255","3047",154295.762585261,"48317"
"6256","3047",154295.762585261,"48135"
"6257","3047",154295.762585261,"48329"
"6258","3047",154295.762585261,"48003"
"6259","3048",306.513526763494,"48317"
"6260","3048",306.513526763494,"48165"
"6261","3048",306.513526763494,"48115"
"6262","3048",306.513526763494,"48003"
"6263","3049",10754.6877188385,"48165"
"6264","3049",10754.6877188385,"48445"
"6265","3049",10754.6877188385,"48115"
"6266","3049",10754.6877188385,"48305"
"6267","3050",18166.0242879314,"48279"
"6268","3050",18166.0242879314,"48303"
"6269","3050",18166.0242879314,"48219"
"6270","3051",4132.00254662415,"48069"
"6271","3051",4132.00254662415,"48279"
"6272","3051",4132.00254662415,"48189"
"6273","3052",18898.2632079619,"48069"
"6274","3052",18898.2632079619,"48381"
"6275","3052",18898.2632079619,"48117"
"6276","3053",1049.65146417957,"48359"
"6277","3053",1049.65146417957,"48117"
"6278","3054",1027.05220970004,"48205"
"6279","3055",56.268658053199,"48111"
"6280","3055",56.268658053199,"40025"
"6281","3056",179.657429374498,"08009"
"6282","3056",179.657429374498,"40025"
"6283","3057",1579.28733748991,"08009"
"6284","3057",1579.28733748991,"08099"
"6285","3058",8665.44877839876,"08011"
"6286","3058",8665.44877839876,"08099"
"6287","3059",683.628413307627,"08017"
"6288","3059",683.628413307627,"08061"
"6289","3060",438.223797193735,"08017"
"6290","3060",438.223797193735,"08063"
"6291","3061",646.740482124357,"08121"
"6292","3061",646.740482124357,"08125"
"6293","3061",646.740482124357,"08063"
"6294","3062",4816.62600335539,"08121"
"6295","3062",4816.62600335539,"08125"
"6296","3062",4816.62600335539,"08075"
"6297","3063",1620.1781575592,"08115"
"6298","3063",1620.1781575592,"08075"
"6299","3063",1620.1781575592,"08095"
"6300","3064",1064.04126233118,"31033"
"6301","3064",1064.04126233118,"31123"
"6302","3065",201.246152152821,"31123"
"6303","3065",201.246152152821,"31013"
"6304","3066",1117.25851056402,"31013"
"6305","3066",1117.25851056402,"31045"
"6306","3067",181.558210859842,"46047"
"6307","3067",181.558210859842,"31045"
"6308","3067",181.558210859842,"46102"
"6309","3068",513.628398584446,"46047"
"6310","3068",513.628398584446,"46033"
"6311","3068",513.628398584446,"46102"
"6312","3069",114657.362680937,"46093"
"6313","3069",114657.362680937,"46103"
"6314","3070",1759.17967186437,"46093"
"6315","3070",1759.17967186437,"46019"
"6316","3071",74.6745900970945,"46063"
"6317","3071",74.6745900970945,"46019"
"6318","3072",153.119058774979,"46063"
"6319","3072",153.119058774979,"38011"
"6320","3073",2233.27169032182,"38087"
"6321","3073",2233.27169032182,"38011"
"6322","3074",233.867133560298,"38033"
"6323","3074",233.867133560298,"38007"
"6324","3075",111.403479282578,"38033"
"6325","3075",111.403479282578,"38053"
"6326","3075",111.403479282578,"38007"
"6327","3076",16629.1226854184,"38053"
"6328","3076",16629.1226854184,"38105"
"6329","3077",646.739218923879,"38105"
"6330","3077",646.739218923879,"38023"
"6331","3078",21.9038086911651,"38023"
"6332","3079",12.743945354425,"48465"
"6333","3079",12.743945354425,"48443"
"6334","3080",256.096566224644,"48371"
"6335","3080",256.096566224644,"48105"
"6336","3080",256.096566224644,"48443"
"6337","3081",850.792001831634,"48383"
"6338","3081",850.792001831634,"48105"
"6339","3081",850.792001831634,"48461"
"6340","3082",342.519913050175,"48173"
"6341","3082",342.519913050175,"48383"
"6342","3082",342.519913050175,"48461"
"6343","3082",342.519913050175,"48329"
"6344","3083",925.152323190505,"48317"
"6345","3084",11438.2040035684,"48445"
"6346","3084",11438.2040035684,"48115"
"6347","3084",11438.2040035684,"48305"
"6348","3085",66902.498756112,"48303"
"6349","3085",66902.498756112,"48445"
"6350","3085",66902.498756112,"48219"
"6351","3085",66902.498756112,"48305"
"6352","3086",2218.5024262089,"48279"
"6353","3086",2218.5024262089,"48303"
"6354","3086",2218.5024262089,"48189"
"6355","3086",2218.5024262089,"48219"
"6356","3087",2875.06748946862,"48069"
"6357","3087",2875.06748946862,"48279"
"6358","3087",2875.06748946862,"48437"
"6359","3088",4200.30989203494,"48381"
"6360","3088",4200.30989203494,"48375"
"6361","3088",4200.30989203494,"48359"
"6362","3088",4200.30989203494,"48117"
"6363","3089",1076.91694409281,"48205"
"6364","3089",1076.91694409281,"48341"
"6365","3089",1076.91694409281,"48375"
"6366","3089",1076.91694409281,"48359"
"6367","3090",310.250837475282,"48205"
"6368","3090",310.250837475282,"48341"
"6369","3090",310.250837475282,"48421"
"6370","3090",310.250837475282,"48111"
"6371","3091",424.464930756649,"40025"
"6372","3092",853.36252807955,"08009"
"6373","3093",65.5718057790108,"08009"
"6374","3093",65.5718057790108,"08099"
"6375","3094",167.369226760181,"08099"
"6376","3094",167.369226760181,"08061"
"6377","3095",856.832965753678,"08017"
"6378","3095",856.832965753678,"08063"
"6379","3096",1319.56519629239,"08125"
"6380","3096",1319.56519629239,"08063"
"6381","3097",817.872955456866,"08121"
"6382","3097",817.872955456866,"08125"
"6383","3098",1582.25090175145,"08121"
"6384","3098",1582.25090175145,"08125"
"6385","3098",1582.25090175145,"08075"
"6386","3098",1582.25090175145,"08095"
"6387","3099",1266.70422897909,"31033"
"6388","3099",1266.70422897909,"08115"
"6389","3099",1266.70422897909,"08075"
"6390","3099",1266.70422897909,"31049"
"6391","3099",1266.70422897909,"31069"
"6392","3100",366.735072448279,"31123"
"6393","3100",366.735072448279,"31069"
"6394","3101",8711.35556690013,"31161"
"6395","3101",8711.35556690013,"31013"
"6396","3102",7633.78323740802,"31161"
"6397","3102",7633.78323740802,"31045"
"6398","3103",1605.36073192634,"46047"
"6399","3103",1605.36073192634,"46102"
"6400","3104",743.145715585636,"46103"
"6401","3104",743.145715585636,"46033"
"6402","3104",743.145715585636,"46102"
"6403","3105",257.955718397549,"46093"
"6404","3106",60.1235054253959,"46093"
"6405","3106",60.1235054253959,"46019"
"6406","3106",60.1235054253959,"46105"
"6407","3107",122.315890511069,"46063"
"6408","3107",122.315890511069,"46105"
"6409","3108",609.490171388888,"46063"
"6410","3108",609.490171388888,"38001"
"6411","3108",609.490171388888,"38011"
"6412","3109",258.591398279212,"38007"
"6413","3109",258.591398279212,"38089"
"6414","3109",258.591398279212,"38087"
"6415","3110",228.297876437814,"38053"
"6416","3110",228.297876437814,"38007"
"6417","3111",2965.23378570852,"38053"
"6418","3112",3873.42653729362,"38105"
"6419","3113",1220.87926662188,"38023"
"6420","3114",34.0054870363484,"48465"
"6421","3114",34.0054870363484,"48443"
"6422","3115",41.9700700260294,"48465"
"6423","3115",41.9700700260294,"48105"
"6424","3115",41.9700700260294,"48443"
"6425","3116",64.4633739229661,"48383"
"6426","3116",64.4633739229661,"48105"
"6427","3117",160.820721067978,"48173"
"6428","3117",160.820721067978,"48383"
"6429","3117",160.820721067978,"48461"
"6430","3118",6289.95239185015,"48317"
"6431","3118",6289.95239185015,"48173"
"6432","3118",6289.95239185015,"48227"
"6433","3118",6289.95239185015,"48329"
"6434","3119",916.555446507157,"48317"
"6435","3119",916.555446507157,"48227"
"6436","3119",916.555446507157,"48115"
"6437","3119",916.555446507157,"48033"
"6438","3120",3530.0742523534,"48115"
"6439","3120",3530.0742523534,"48305"
"6440","3121",234459.023691015,"48303"
"6441","3121",234459.023691015,"48189"
"6442","3122",25339.0865927328,"48069"
"6443","3122",25339.0865927328,"48279"
"6444","3122",25339.0865927328,"48189"
"6445","3122",25339.0865927328,"48437"
"6446","3123",1760.15107688684,"48069"
"6447","3123",1760.15107688684,"48381"
"6448","3123",1760.15107688684,"48437"
"6449","3124",74845.6922002914,"48381"
"6450","3124",74845.6922002914,"48375"
"6451","3124",74845.6922002914,"48359"
"6452","3125",18339.9375339873,"48205"
"6453","3125",18339.9375339873,"48341"
"6454","3125",18339.9375339873,"48421"
"6455","3126",2026.17467832086,"48421"
"6456","3126",2026.17467832086,"48111"
"6457","3126",2026.17467832086,"40139"
"6458","3126",2026.17467832086,"40025"
"6459","3127",152.777997691735,"08009"
"6460","3127",152.777997691735,"20129"
"6461","3127",152.777997691735,"40139"
"6462","3127",152.777997691735,"40025"
"6463","3128",104.188308751085,"08009"
"6464","3128",104.188308751085,"08099"
"6465","3128",104.188308751085,"20187"
"6466","3129",1936.79072418348,"08099"
"6467","3129",1936.79072418348,"20075"
"6468","3130",147.050437839746,"08017"
"6469","3130",147.050437839746,"20071"
"6470","3130",147.050437839746,"08061"
"6471","3131",5152.41781727309,"08017"
"6472","3131",5152.41781727309,"08063"
"6473","3132",492.463030288958,"08125"
"6474","3132",492.463030288958,"08063"
"6475","3133",432.612064980187,"08125"
"6476","3133",432.612064980187,"08095"
"6477","3134",834.338768774379,"08115"
"6478","3134",834.338768774379,"08075"
"6479","3134",834.338768774379,"31049"
"6480","3134",834.338768774379,"08095"
"6481","3135",1193.66934295442,"31033"
"6482","3135",1193.66934295442,"31123"
"6483","3135",1193.66934295442,"31049"
"6484","3135",1193.66934295442,"31069"
"6485","3136",105.236422153518,"31123"
"6486","3136",105.236422153518,"31161"
"6487","3136",105.236422153518,"31013"
"6488","3136",105.236422153518,"31069"
"6489","3137",390.752911941036,"31161"
"6490","3137",390.752911941036,"31013"
"6491","3137",390.752911941036,"31045"
"6492","3138",6013.07712860694,"31161"
"6493","3138",6013.07712860694,"31045"
"6494","3138",6013.07712860694,"46102"
"6495","3139",263.38006620684,"46103"
"6496","3139",263.38006620684,"46033"
"6497","3139",263.38006620684,"46102"
"6498","3140",1690.41517634759,"46093"
"6499","3140",1690.41517634759,"46103"
"6500","3141",166.211783925605,"46093"
"6501","3141",166.211783925605,"46019"
"6502","3142",87.2820863995067,"46063"
"6503","3142",87.2820863995067,"46019"
"6504","3142",87.2820863995067,"46105"
"6505","3143",169.867559529826,"46063"
"6506","3143",169.867559529826,"38001"
"6507","3143",169.867559529826,"38011"
"6508","3143",169.867559529826,"46105"
"6509","3144",278.284845144049,"38087"
"6510","3144",278.284845144049,"38001"
"6511","3144",278.284845144049,"38011"
"6512","3144",278.284845144049,"38041"
"6513","3145",3882.32165168464,"38007"
"6514","3145",3882.32165168464,"38089"
"6515","3145",3882.32165168464,"38025"
"6516","3146",437.51583761242,"38053"
"6517","3146",437.51583761242,"38007"
"6518","3146",437.51583761242,"38025"
"6519","3147",584.902427412117,"38053"
"6520","3147",584.902427412117,"38105"
"6521","3148",332.880666492201,"38105"
"6522","3148",332.880666492201,"38023"
"6523","3149",6.01873660192884,"38023"
"6524","3150",0.617490339446697,"48465"
"6525","3151",48.442705215631,"48465"
"6526","3152",19.3245942774469,"48105"
"6527","3153",3103.05995961278,"48383"
"6528","3153",3103.05995961278,"48105"
"6529","3154",806.019538554041,"48173"
"6530","3154",806.019538554041,"48383"
"6531","3155",32028.4776531745,"48317"
"6532","3155",32028.4776531745,"48227"
"6533","3156",357.510312725683,"48115"
"6534","3156",357.510312725683,"48305"
"6535","3156",357.510312725683,"48033"
"6536","3156",357.510312725683,"48169"
"6537","3157",13319.7446349454,"48107"
"6538","3157",13319.7446349454,"48303"
"6539","3157",13319.7446349454,"48305"
"6540","3157",13319.7446349454,"48169"
"6541","3158",2974.97647144015,"48303"
"6542","3158",2974.97647144015,"48189"
"6543","3158",2974.97647144015,"48153"
"6544","3159",6048.81597207588,"48437"
"6545","3160",172472.352118262,"48011"
"6546","3160",172472.352118262,"48065"
"6547","3160",172472.352118262,"48381"
"6548","3160",172472.352118262,"48375"
"6549","3161",628.20225551554,"48065"
"6550","3161",628.20225551554,"48341"
"6551","3161",628.20225551554,"48233"
"6552","3161",628.20225551554,"48375"
"6553","3162",4050.09979702806,"48341"
"6554","3162",4050.09979702806,"48421"
"6555","3163",302.11852654294,"40139"
"6556","3163",302.11852654294,"40025"
"6557","3164",181.831022774067,"08009"
"6558","3164",181.831022774067,"20129"
"6559","3164",181.831022774067,"20187"
"6560","3165",177.726188933934,"08099"
"6561","3165",177.726188933934,"20187"
"6562","3165",177.726188933934,"20075"
"6563","3166",139.597468655221,"08099"
"6564","3166",139.597468655221,"20071"
"6565","3166",139.597468655221,"08061"
"6566","3166",139.597468655221,"20075"
"6567","3167",381.127025545656,"20199"
"6568","3167",381.127025545656,"08017"
"6569","3167",381.127025545656,"08063"
"6570","3168",516.884020399466,"20181"
"6571","3168",516.884020399466,"08125"
"6572","3168",516.884020399466,"20023"
"6573","3168",516.884020399466,"08063"
"6574","3169",3368.90980621455,"08125"
"6575","3169",3368.90980621455,"20023"
"6576","3169",3368.90980621455,"31057"
"6577","3170",2906.99173406904,"08125"
"6578","3170",2906.99173406904,"31029"
"6579","3170",2906.99173406904,"08095"
"6580","3171",2444.6239472194,"08115"
"6581","3171",2444.6239472194,"31049"
"6582","3171",2444.6239472194,"31101"
"6583","3171",2444.6239472194,"31069"
"6584","3172",55.3325285455519,"31069"
"6585","3173",128.510522022977,"31161"
"6586","3174",2863.65612176946,"31161"
"6587","3175",3506.4516863128,"46102"
"6588","3176",134.890334630172,"46103"
"6589","3176",134.890334630172,"46033"
"6590","3176",134.890334630172,"46102"
"6591","3177",254.267496864367,"46093"
"6592","3177",254.267496864367,"46103"
"6593","3178",232.290541296408,"46093"
"6594","3178",232.290541296408,"46105"
"6595","3179",474.072422453921,"46105"
"6596","3180",1704.06051580048,"38001"
"6597","3180",1704.06051580048,"46105"
"6598","3181",1302.8200124904,"38089"
"6599","3181",1302.8200124904,"38087"
"6600","3181",1302.8200124904,"38041"
"6601","3182",575.370551674933,"38007"
"6602","3182",575.370551674933,"38025"
"6603","3183",1037.5560777191,"38053"
"6604","3183",1037.5560777191,"38025"
"6605","3184",2716.48274218962,"38053"
"6606","3184",2716.48274218962,"38061"
"6607","3184",2716.48274218962,"38105"
"6608","3185",387.264909877235,"38023"
"6609","3185",387.264909877235,"38013"
"6610","3186",46.1003945956433,"48465"
"6611","3187",263.02952779556,"48465"
"6612","3188",48.2883207006971,"48465"
"6613","3188",48.2883207006971,"48105"
"6614","3189",51.625004568777,"48383"
"6615","3189",51.625004568777,"48235"
"6616","3189",51.625004568777,"48105"
"6617","3190",21.1188175755509,"48173"
"6618","3190",21.1188175755509,"48383"
"6619","3190",21.1188175755509,"48451"
"6620","3190",21.1188175755509,"48431"
"6621","3190",21.1188175755509,"48235"
"6622","3191",1255.87778525434,"48173"
"6623","3191",1255.87778525434,"48431"
"6624","3191",1255.87778525434,"48227"
"6625","3191",1255.87778525434,"48335"
"6626","3192",218.737572216793,"48227"
"6627","3192",218.737572216793,"48033"
"6628","3193",7924.01405198373,"48305"
"6629","3193",7924.01405198373,"48033"
"6630","3193",7924.01405198373,"48169"
"6631","3194",3679.50075618635,"48107"
"6632","3194",3679.50075618635,"48303"
"6633","3194",3679.50075618635,"48189"
"6634","3194",3679.50075618635,"48153"
"6635","3195",6294.04994781434,"48045"
"6636","3195",6294.04994781434,"48189"
"6637","3195",6294.04994781434,"48437"
"6638","3195",6294.04994781434,"48153"
"6639","3196",218.480668135062,"48011"
"6640","3196",218.480668135062,"48045"
"6641","3196",218.480668135062,"48381"
"6642","3196",218.480668135062,"48437"
"6643","3197",10415.4623822067,"48011"
"6644","3197",10415.4623822067,"48065"
"6645","3197",10415.4623822067,"48375"
"6646","3198",2242.12896968566,"48341"
"6647","3198",2242.12896968566,"48421"
"6648","3198",2242.12896968566,"48233"
"6649","3198",2242.12896968566,"48195"
"6650","3199",2703.73555906735,"48421"
"6651","3199",2703.73555906735,"40139"
"6652","3199",2703.73555906735,"48195"
"6653","3200",2837.4610561504,"20189"
"6654","3200",2837.4610561504,"20129"
"6655","3200",2837.4610561504,"40139"
"6656","3201",1858.58441882942,"20129"
"6657","3201",1858.58441882942,"20187"
"6658","3202",2162.75569312639,"20071"
"6659","3202",2162.75569312639,"20075"
"6660","3203",193.987833107348,"20199"
"6661","3203",193.987833107348,"08017"
"6662","3203",193.987833107348,"20071"
"6663","3204",330.32106910669,"20199"
"6664","3204",330.32106910669,"20181"
"6665","3204",330.32106910669,"08063"
"6666","3205",1534.76985512413,"20181"
"6667","3205",1534.76985512413,"08125"
"6668","3205",1534.76985512413,"20023"
"6669","3206",168.599127184029,"08125"
"6670","3206",168.599127184029,"31029"
"6671","3206",168.599127184029,"31057"
"6672","3206",168.599127184029,"08095"
"6673","3207",424.712304586594,"31029"
"6674","3207",424.712304586594,"08115"
"6675","3207",424.712304586594,"31049"
"6676","3207",424.712304586594,"31135"
"6677","3207",424.712304586594,"31101"
"6678","3207",424.712304586594,"08095"
"6679","3208",675.458111923012,"31005"
"6680","3208",675.458111923012,"31049"
"6681","3208",675.458111923012,"31101"
"6682","3208",675.458111923012,"31069"
"6683","3209",182.505943865827,"31031"
"6684","3209",182.505943865827,"31161"
"6685","3209",182.505943865827,"31069"
"6686","3209",182.505943865827,"31075"
"6687","3210",91.9335244956218,"31031"
"6688","3210",91.9335244956218,"31161"
"6689","3211",1304.85470916778,"31031"
"6690","3211",1304.85470916778,"31161"
"6691","3211",1304.85470916778,"46007"
"6692","3211",1304.85470916778,"46102"
"6693","3212",388.512166644491,"46071"
"6694","3212",388.512166644491,"46103"
"6695","3212",388.512166644491,"46102"
"6696","3213",411.034202554636,"46093"
"6697","3213",411.034202554636,"46103"
"6698","3214",283.730654756212,"46093"
"6699","3215",127.041847284042,"46105"
"6700","3216",199.196045173692,"38001"
"6701","3216",199.196045173692,"46105"
"6702","3217",1080.32565928584,"38001"
"6703","3217",1080.32565928584,"38041"
"6704","3218",19871.5062216722,"38089"
"6705","3218",19871.5062216722,"38025"
"6706","3219",1214.52699500915,"38025"
"6707","3220",3531.20932088305,"38053"
"6708","3220",3531.20932088305,"38061"
"6709","3220",3531.20932088305,"38105"
"6710","3221",759.593164865643,"38061"
"6711","3221",759.593164865643,"38105"
"6712","3221",759.593164865643,"38023"
"6713","3221",759.593164865643,"38013"
"6714","3222",0.309785906171292,"38013"
"6715","3223",3163.6470995099,"48465"
"6716","3224",4.71891618855194,"48465"
"6717","3224",4.71891618855194,"48105"
"6718","3225",3034.40387140717,"48413"
"6719","3225",3034.40387140717,"48435"
"6720","3225",3034.40387140717,"48105"
"6721","3226",162.184376497581,"48383"
"6722","3226",162.184376497581,"48235"
"6723","3226",162.184376497581,"48105"
"6724","3227",808.203369256445,"48173"
"6725","3227",808.203369256445,"48383"
"6726","3227",808.203369256445,"48431"
"6727","3228",2389.04579809166,"48227"
"6728","3228",2389.04579809166,"48335"
"6729","3229",259.231494107091,"48263"
"6730","3229",259.231494107091,"48415"
"6731","3229",259.231494107091,"48033"
"6732","3229",259.231494107091,"48169"
"6733","3230",255.778741981623,"48107"
"6734","3230",255.778741981623,"48169"
"6735","3231",3005.2017825253,"48107"
"6736","3231",3005.2017825253,"48153"
"6737","3232",920.672849794648,"48045"
"6738","3232",920.672849794648,"48437"
"6739","3233",1420.89517498576,"48011"
"6740","3233",1420.89517498576,"48065"
"6741","3234",17753.1946295719,"48065"
"6742","3234",17753.1946295719,"48233"
"6743","3235",1920.46297466819,"48421"
"6744","3235",1920.46297466819,"48233"
"6745","3235",1920.46297466819,"48195"
"6746","3236",13197.0354138514,"40139"
"6747","3237",563.40575141449,"20067"
"6748","3237",563.40575141449,"20189"
"6749","3237",563.40575141449,"20129"
"6750","3237",563.40575141449,"20187"
"6751","3238",310.128051510225,"20067"
"6752","3238",310.128051510225,"20093"
"6753","3238",310.128051510225,"20187"
"6754","3238",310.128051510225,"20075"
"6755","3239",853.861723823021,"20203"
"6756","3239",853.861723823021,"20071"
"6757","3239",853.861723823021,"20093"
"6758","3239",853.861723823021,"20075"
"6759","3240",863.378287084621,"20199"
"6760","3240",863.378287084621,"20109"
"6761","3241",4490.21892505659,"20181"
"6762","3241",4490.21892505659,"20023"
"6763","3242",1194.37796046355,"20023"
"6764","3242",1194.37796046355,"31057"
"6765","3243",2711.3290738088,"31029"
"6766","3243",2711.3290738088,"31135"
"6767","3244",6077.44729604865,"31135"
"6768","3244",6077.44729604865,"31101"
"6769","3245",106.118799287769,"31005"
"6770","3245",106.118799287769,"31069"
"6771","3245",106.118799287769,"31075"
"6772","3246",120.76488635584,"31031"
"6773","3246",120.76488635584,"31161"
"6774","3246",120.76488635584,"31075"
"6775","3247",230.999424501159,"31031"
"6776","3247",230.999424501159,"31161"
"6777","3248",2611.46698231337,"46071"
"6778","3248",2611.46698231337,"46007"
"6779","3248",2611.46698231337,"46102"
"6780","3249",1111.08891431524,"46071"
"6781","3249",1111.08891431524,"46055"
"6782","3249",1111.08891431524,"46103"
"6783","3250",175.19298916734,"46093"
"6784","3250",175.19298916734,"46055"
"6785","3250",175.19298916734,"46103"
"6786","3250",175.19298916734,"46137"
"6787","3251",582.456031434201,"46093"
"6788","3251",582.456031434201,"46137"
"6789","3251",582.456031434201,"46105"
"6790","3252",209.831145692421,"46031"
"6791","3252",209.831145692421,"46137"
"6792","3252",209.831145692421,"46105"
"6793","3253",221.244154102737,"38001"
"6794","3253",221.244154102737,"38041"
"6795","3253",221.244154102737,"46105"
"6796","3254",375.212357099812,"38037"
"6797","3254",375.212357099812,"38059"
"6798","3254",375.212357099812,"38089"
"6799","3254",375.212357099812,"38041"
"6800","3255",592.664947771725,"38057"
"6801","3255",592.664947771725,"38025"
"6802","3256",352.431029150357,"38053"
"6803","3256",352.431029150357,"38055"
"6804","3256",352.431029150357,"38061"
"6805","3256",352.431029150357,"38025"
"6806","3257",2877.3693333968,"38061"
"6807","3258",567.198001596432,"38013"
"6808","3259",47890.8093964021,"48465"
"6809","3259",47890.8093964021,"48271"
"6810","3260",35.1487478978609,"48465"
"6811","3260",35.1487478978609,"48137"
"6812","3261",81.6056586039364,"48465"
"6813","3261",81.6056586039364,"48435"
"6814","3261",81.6056586039364,"48105"
"6815","3262",123.263997214136,"48413"
"6816","3262",123.263997214136,"48235"
"6817","3262",123.263997214136,"48105"
"6818","3263",45.7861152176812,"48451"
"6819","3263",45.7861152176812,"48431"
"6820","3263",45.7861152176812,"48235"
"6821","3264",42.1075872269671,"48431"
"6822","3264",42.1075872269671,"48081"
"6823","3264",42.1075872269671,"48335"
"6824","3265",14029.8093709875,"48227"
"6825","3265",14029.8093709875,"48415"
"6826","3265",14029.8093709875,"48033"
"6827","3265",14029.8093709875,"48335"
"6828","3266",155.205870140265,"48263"
"6829","3266",155.205870140265,"48169"
"6830","3267",1790.37043914143,"48107"
"6831","3267",1790.37043914143,"48125"
"6832","3267",1790.37043914143,"48153"
"6833","3267",1790.37043914143,"48345"
"6834","3268",644.872202713794,"48045"
"6835","3268",644.872202713794,"48191"
"6836","3268",644.872202713794,"48153"
"6837","3268",644.872202713794,"48345"
"6838","3269",37.7192677307198,"48011"
"6839","3269",37.7192677307198,"48129"
"6840","3269",37.7192677307198,"48045"
"6841","3270",2418.89260141083,"48065"
"6842","3270",2418.89260141083,"48179"
"6843","3271",103.237898504222,"48233"
"6844","3271",103.237898504222,"48393"
"6845","3271",103.237898504222,"48195"
"6846","3272",435.024206883196,"48357"
"6847","3272",435.024206883196,"40139"
"6848","3272",435.024206883196,"48195"
"6849","3273",4641.69634226919,"20189"
"6850","3273",4641.69634226919,"40139"
"6851","3274",7251.34642877772,"20067"
"6852","3274",7251.34642877772,"20189"
"6853","3274",7251.34642877772,"20093"
"6854","3274",7251.34642877772,"20187"
"6855","3275",171.887098665742,"20203"
"6856","3275",171.887098665742,"20093"
"6857","3275",171.887098665742,"20075"
"6858","3276",282.666977217773,"20199"
"6859","3276",282.666977217773,"20203"
"6860","3276",282.666977217773,"20109"
"6861","3276",282.666977217773,"20071"
"6862","3277",304.613986266387,"20199"
"6863","3277",304.613986266387,"20181"
"6864","3277",304.613986266387,"20109"
"6865","3277",304.613986266387,"20193"
"6866","3278",782.949111816578,"20023"
"6867","3278",782.949111816578,"20153"
"6868","3279",1065.08333110671,"31029"
"6869","3279",1065.08333110671,"31085"
"6870","3279",1065.08333110671,"31057"
"6871","3280",2121.94881819054,"31029"
"6872","3280",2121.94881819054,"31135"
"6873","3280",2121.94881819054,"31101"
"6874","3281",345.999389627743,"31005"
"6875","3281",345.999389627743,"31101"
"6876","3282",346.225565658475,"31031"
"6877","3282",346.225565658475,"31075"
"6878","3283",59.7230170007905,"31031"
"6879","3284",1970.49211385819,"31031"
"6880","3284",1970.49211385819,"46007"
"6881","3285",1275.29603319704,"46071"
"6882","3285",1275.29603319704,"46103"
"6883","3286",176.500825033712,"46071"
"6884","3286",176.500825033712,"46055"
"6885","3286",176.500825033712,"46103"
"6886","3287",327.12959020986,"46093"
"6887","3287",327.12959020986,"46137"
"6888","3288",160.152155480253,"46137"
"6889","3288",160.152155480253,"46105"
"6890","3289",1399.954590693,"38085"
"6891","3289",1399.954590693,"38001"
"6892","3289",1399.954590693,"46031"
"6893","3289",1399.954590693,"46105"
"6894","3290",978.261670988432,"38037"
"6895","3290",978.261670988432,"38041"
"6896","3291",1738.24243666319,"38059"
"6897","3291",1738.24243666319,"38089"
"6898","3291",1738.24243666319,"38057"
"6899","3291",1738.24243666319,"38025"
"6900","3292",518.881556894554,"38055"
"6901","3292",518.881556894554,"38057"
"6902","3292",518.881556894554,"38025"
"6903","3293",1715.815368361,"38061"
"6904","3294",1531.90456173238,"38101"
"6905","3294",1531.90456173238,"38061"
"6906","3294",1531.90456173238,"38013"
"6907","3295",0,"38013"
"6908","3296",0,"48323"
"6909","3297",1687.06496300075,"48323"
"6910","3297",1687.06496300075,"48271"
"6911","3298",24.1623447582396,"48465"
"6912","3298",24.1623447582396,"48271"
"6913","3298",24.1623447582396,"48137"
"6914","3299",44.6292735953701,"48465"
"6915","3299",44.6292735953701,"48435"
"6916","3299",44.6292735953701,"48137"
"6917","3300",3810.35371113615,"48413"
"6918","3300",3810.35371113615,"48435"
"6919","3301",2336.35285010005,"48451"
"6920","3301",2336.35285010005,"48413"
"6921","3301",2336.35285010005,"48235"
"6922","3302",379.101770446589,"48451"
"6923","3302",379.101770446589,"48431"
"6924","3302",379.101770446589,"48081"
"6925","3303",8492.61697298091,"48353"
"6926","3303",8492.61697298091,"48415"
"6927","3303",8492.61697298091,"48335"
"6928","3304",2090.10279636756,"48151"
"6929","3304",2090.10279636756,"48263"
"6930","3304",2090.10279636756,"48415"
"6931","3305",1566.4170836705,"48263"
"6932","3305",1566.4170836705,"48107"
"6933","3305",1566.4170836705,"48125"
"6934","3305",1566.4170836705,"48169"
"6935","3306",909.190639445373,"48125"
"6936","3306",909.190639445373,"48153"
"6937","3306",909.190639445373,"48345"
"6938","3307",480.336343376495,"48045"
"6939","3307",480.336343376495,"48191"
"6940","3308",1261.53173271493,"48011"
"6941","3308",1261.53173271493,"48065"
"6942","3308",1261.53173271493,"48129"
"6943","3308",1261.53173271493,"48179"
"6944","3309",20155.1831565806,"48065"
"6945","3309",20155.1831565806,"48179"
"6946","3309",20155.1831565806,"48233"
"6947","3309",20155.1831565806,"48393"
"6948","3310",4051.4697207282,"48357"
"6949","3310",4051.4697207282,"48233"
"6950","3310",4051.4697207282,"48393"
"6951","3310",4051.4697207282,"48195"
"6952","3311",2651.90506803441,"40007"
"6953","3311",2651.90506803441,"40139"
"6954","3312",1181.72135145991,"20067"
"6955","3312",1181.72135145991,"20175"
"6956","3312",1181.72135145991,"20189"
"6957","3312",1181.72135145991,"20081"
"6958","3313",3170.17271529106,"20067"
"6959","3313",3170.17271529106,"20055"
"6960","3313",3170.17271529106,"20081"
"6961","3313",3170.17271529106,"20093"
"6962","3314",1694.63122393305,"20203"
"6963","3314",1694.63122393305,"20055"
"6964","3314",1694.63122393305,"20171"
"6965","3314",1694.63122393305,"20093"
"6966","3315",310.748024094519,"20109"
"6967","3315",310.748024094519,"20193"
"6968","3316",672.67204264676,"20181"
"6969","3316",672.67204264676,"20023"
"6970","3316",672.67204264676,"20193"
"6971","3316",672.67204264676,"20153"
"6972","3317",765.587279176767,"20023"
"6973","3317",765.587279176767,"20153"
"6974","3317",765.587279176767,"31087"
"6975","3317",765.587279176767,"31057"
"6976","3318",307.138255620946,"31029"
"6977","3318",307.138255620946,"31111"
"6978","3318",307.138255620946,"31085"
"6979","3318",307.138255620946,"31135"
"6980","3319",1300.40865335737,"31111"
"6981","3319",1300.40865335737,"31135"
"6982","3319",1300.40865335737,"31101"
"6983","3320",179.038841820752,"31091"
"6984","3320",179.038841820752,"31117"
"6985","3320",179.038841820752,"31005"
"6986","3320",179.038841820752,"31075"
"6987","3321",71.6465312559535,"31091"
"6988","3321",71.6465312559535,"31031"
"6989","3321",71.6465312559535,"31075"
"6990","3322",124.141188759249,"31031"
"6991","3323",281.551485925354,"46071"
"6992","3323",281.551485925354,"46007"
"6993","3324",1751.86901402078,"46071"
"6994","3324",1751.86901402078,"46055"
"6995","3325",185.592975058903,"46055"
"6996","3325",185.592975058903,"46137"
"6997","3326",916.711723230434,"46041"
"6998","3326",916.711723230434,"46137"
"6999","3327",115.551039111949,"46031"
"7000","3327",115.551039111949,"46137"
"7001","3328",186.075702131118,"38037"
"7002","3328",186.075702131118,"38085"
"7003","3328",186.075702131118,"38001"
"7004","3328",186.075702131118,"46031"
"7005","3328",186.075702131118,"38041"
"7006","3329",1188.56949630076,"38037"
"7007","3329",1188.56949630076,"38059"
"7008","3329",1188.56949630076,"38089"
"7009","3329",1188.56949630076,"38041"
"7010","3330",3975.69669712622,"38065"
"7011","3330",3975.69669712622,"38057"
"7012","3330",3975.69669712622,"38025"
"7013","3331",572.220937012454,"38055"
"7014","3331",572.220937012454,"38101"
"7015","3331",572.220937012454,"38061"
"7016","3332",479.616690459589,"38101"
"7017","3332",479.616690459589,"38061"
"7018","3332",479.616690459589,"38075"
"7019","3333",530.345760783187,"38101"
"7020","3333",530.345760783187,"38013"
"7021","3333",530.345760783187,"38075"
"7022","3334",0,"48479"
"7023","3334",0,"48323"
"7024","3335",58270.5231354218,"48323"
"7025","3336",3512.88889112141,"48271"
"7026","3337",81.7395148535929,"48137"
"7027","3338",137.603066231281,"48435"
"7028","3338",137.603066231281,"48137"
"7029","3339",3544.37008289027,"48451"
"7030","3339",3544.37008289027,"48413"
"7031","3340",103193.901751416,"48451"
"7032","3340",103193.901751416,"48081"
"7033","3340",103193.901751416,"48235"
"7034","3341",211.874072428484,"48353"
"7035","3341",211.874072428484,"48081"
"7036","3341",211.874072428484,"48335"
"7037","3342",1065.06154243688,"48151"
"7038","3342",1065.06154243688,"48353"
"7039","3342",1065.06154243688,"48415"
"7040","3342",1065.06154243688,"48335"
"7041","3343",595.974959193932,"48263"
"7042","3343",595.974959193932,"48433"
"7043","3344",491.314508795295,"48125"
"7044","3344",491.314508795295,"48269"
"7045","3344",491.314508795295,"48101"
"7046","3344",491.314508795295,"48345"
"7047","3345",59.8354473609432,"48191"
"7048","3345",59.8354473609432,"48345"
"7049","3346",2707.37627224574,"48129"
"7050","3346",2707.37627224574,"48045"
"7051","3346",2707.37627224574,"48191"
"7052","3347",887.766185723665,"48179"
"7053","3348",107.552922917328,"48357"
"7054","3348",107.552922917328,"48393"
"7055","3349",10616.0112916951,"48357"
"7056","3349",10616.0112916951,"40007"
"7057","3349",10616.0112916951,"40139"
"7058","3350",24047.6263046127,"20175"
"7059","3350",24047.6263046127,"20189"
"7060","3350",24047.6263046127,"40007"
"7061","3350",24047.6263046127,"40139"
"7062","3351",3701.34490933298,"20067"
"7063","3351",3701.34490933298,"20055"
"7064","3351",3701.34490933298,"20081"
"7065","3352",4039.08906360528,"20055"
"7066","3352",4039.08906360528,"20171"
"7067","3352",4039.08906360528,"20093"
"7068","3353",384.089560893059,"20203"
"7069","3353",384.089560893059,"20109"
"7070","3353",384.089560893059,"20063"
"7071","3353",384.089560893059,"20171"
"7072","3354",5908.80135144056,"20109"
"7073","3354",5908.80135144056,"20193"
"7074","3355",1387.8392964935,"20153"
"7075","3356",793.631194422548,"31029"
"7076","3356",793.631194422548,"31087"
"7077","3356",793.631194422548,"31085"
"7078","3356",793.631194422548,"31057"
"7079","3357",779.23429616543,"31111"
"7080","3357",779.23429616543,"31135"
"7081","3357",779.23429616543,"31101"
"7082","3358",82.7963024752205,"31111"
"7083","3358",82.7963024752205,"31117"
"7084","3358",82.7963024752205,"31005"
"7085","3358",82.7963024752205,"31101"
"7086","3359",578.892224871002,"31091"
"7087","3359",578.892224871002,"31031"
"7088","3359",578.892224871002,"31075"
"7089","3360",71.8702939801132,"31031"
"7090","3361",206.15925470594,"46121"
"7091","3361",206.15925470594,"31031"
"7092","3361",206.15925470594,"46007"
"7093","3362",443.923544923993,"46095"
"7094","3362",443.923544923993,"46071"
"7095","3363",136.203078429537,"46055"
"7096","3364",462.06208124912,"46055"
"7097","3364",462.06208124912,"46137"
"7098","3365",304.540271039341,"46041"
"7099","3365",304.540271039341,"46031"
"7100","3365",304.540271039341,"46137"
"7101","3366",461.690462175442,"38037"
"7102","3366",461.690462175442,"38085"
"7103","3366",461.690462175442,"46031"
"7104","3367",551.989102676986,"38037"
"7105","3368",446.607447227753,"38059"
"7106","3368",446.607447227753,"38065"
"7107","3368",446.607447227753,"38057"
"7108","3369",679.136896696537,"38055"
"7109","3369",679.136896696537,"38057"
"7110","3370",870.560413586151,"38101"
"7111","3370",870.560413586151,"38061"
"7112","3371",477.417867818484,"38101"
"7113","3371",477.417867818484,"38061"
"7114","3371",477.417867818484,"38075"
"7115","3372",355.722435624195,"48323"
"7116","3372",355.722435624195,"48127"
"7117","3373",26.1772443779971,"48323"
"7118","3373",26.1772443779971,"48507"
"7119","3373",26.1772443779971,"48271"
"7120","3373",26.1772443779971,"48463"
"7121","3374",81.2550164935875,"48271"
"7122","3374",81.2550164935875,"48137"
"7123","3374",81.2550164935875,"48463"
"7124","3375",1187.07281602852,"48435"
"7125","3375",1187.07281602852,"48137"
"7126","3376",110.401521312273,"48413"
"7127","3376",110.401521312273,"48435"
"7128","3377",5436.55139902583,"48451"
"7129","3377",5436.55139902583,"48413"
"7130","3378",2390.37078758614,"48451"
"7131","3378",2390.37078758614,"48399"
"7132","3378",2390.37078758614,"48081"
"7133","3379",13321.5835796258,"48151"
"7134","3379",13321.5835796258,"48353"
"7135","3380",1801.42719000922,"48151"
"7136","3380",1801.42719000922,"48263"
"7137","3380",1801.42719000922,"48433"
"7138","3381",78.6898912878028,"48263"
"7139","3381",78.6898912878028,"48125"
"7140","3381",78.6898912878028,"48269"
"7141","3381",78.6898912878028,"48433"
"7142","3382",44.1078888566808,"48269"
"7143","3382",44.1078888566808,"48101"
"7144","3382",44.1078888566808,"48345"
"7145","3383",2396.65481854608,"48129"
"7146","3383",2396.65481854608,"48191"
"7147","3383",2396.65481854608,"48075"
"7148","3384",1102.75370793789,"48129"
"7149","3384",1102.75370793789,"48179"
"7150","3384",1102.75370793789,"48483"
"7151","3384",1102.75370793789,"48087"
"7152","3385",826.422371669814,"48179"
"7153","3385",826.422371669814,"48483"
"7154","3385",826.422371669814,"48393"
"7155","3385",826.422371669814,"48211"
"7156","3386",401.953366342591,"48357"
"7157","3386",401.953366342591,"48393"
"7158","3386",401.953366342591,"48295"
"7159","3387",2070.0003046828,"40007"
"7160","3388",2119.93832874831,"20175"
"7161","3388",2119.93832874831,"20081"
"7162","3388",2119.93832874831,"20119"
"7163","3389",28340.7654232299,"20069"
"7164","3389",28340.7654232299,"20055"
"7165","3389",28340.7654232299,"20081"
"7166","3390",4151.2280652703,"20101"
"7167","3390",4151.2280652703,"20055"
"7168","3390",4151.2280652703,"20171"
"7169","3391",2097.78914640782,"20109"
"7170","3391",2097.78914640782,"20063"
"7171","3391",2097.78914640782,"20193"
"7172","3392",803.705334418952,"20193"
"7173","3392",803.705334418952,"20153"
"7174","3392",803.705334418952,"20179"
"7175","3392",803.705334418952,"20039"
"7176","3393",964.017310510324,"20153"
"7177","3393",964.017310510324,"31145"
"7178","3393",964.017310510324,"31087"
"7179","3393",964.017310510324,"20039"
"7180","3394",479.121052075685,"31111"
"7181","3394",479.121052075685,"31063"
"7182","3394",479.121052075685,"31085"
"7183","3395",25320.2873463965,"31111"
"7184","3396",150.340706259051,"31091"
"7185","3396",150.340706259051,"31171"
"7186","3396",150.340706259051,"31117"
"7187","3397",97.680281776235,"31091"
"7188","3397",97.680281776235,"31031"
"7189","3398",336.961329712319,"46121"
"7190","3398",336.961329712319,"31031"
"7191","3399",1473.98704542908,"46095"
"7192","3399",1473.98704542908,"46071"
"7193","3399",1473.98704542908,"46121"
"7194","3399",1473.98704542908,"46007"
"7195","3400",360.507478600906,"46095"
"7196","3400",360.507478600906,"46071"
"7197","3400",360.507478600906,"46075"
"7198","3400",360.507478600906,"46055"
"7199","3401",130.053549206335,"46117"
"7200","3401",130.053549206335,"46055"
"7201","3402",3745.93098757535,"46041"
"7202","3402",3745.93098757535,"46137"
"7203","3403",159.249923225689,"46041"
"7204","3403",159.249923225689,"46031"
"7205","3403",159.249923225689,"46137"
"7206","3404",185.020591075176,"38037"
"7207","3404",185.020591075176,"38085"
"7208","3405",1635.95680661081,"38037"
"7209","3405",1635.95680661081,"38059"
"7210","3406",3616.07585068309,"38055"
"7211","3406",3616.07585068309,"38065"
"7212","3406",3616.07585068309,"38057"
"7213","3407",1651.21498483187,"38055"
"7214","3407",1651.21498483187,"38101"
"7215","3408",10065.5103769906,"38101"
"7216","3408",10065.5103769906,"38075"
"7217","3409",583.095478839557,"38009"
"7218","3409",583.095478839557,"38075"
"7219","3410",15.849201096534,"48479"
"7220","3410",15.849201096534,"48323"
"7221","3410",15.849201096534,"48127"
"7222","3411",90.8229654740372,"48323"
"7223","3411",90.8229654740372,"48507"
"7224","3411",90.8229654740372,"48127"
"7225","3412",298.60781604914,"48271"
"7226","3412",298.60781604914,"48463"
"7227","3413",347.133779985603,"48385"
"7228","3413",347.133779985603,"48137"
"7229","3414",212.009111714379,"48435"
"7230","3414",212.009111714379,"48267"
"7231","3414",212.009111714379,"48137"
"7232","3415",212.278352617222,"48451"
"7233","3415",212.278352617222,"48413"
"7234","3415",212.278352617222,"48095"
"7235","3415",212.278352617222,"48327"
"7236","3416",4386.49236653518,"48451"
"7237","3416",4386.49236653518,"48399"
"7238","3416",4386.49236653518,"48081"
"7239","3416",4386.49236653518,"48095"
"7240","3417",1038.61646550103,"48441"
"7241","3417",1038.61646550103,"48399"
"7242","3417",1038.61646550103,"48353"
"7243","3417",1038.61646550103,"48081"
"7244","3418",1690.9382733626,"48151"
"7245","3418",1690.9382733626,"48441"
"7246","3418",1690.9382733626,"48353"
"7247","3418",1690.9382733626,"48253"
"7248","3419",1123.20045395624,"48433"
"7249","3420",194.8151080058,"48269"
"7250","3420",194.8151080058,"48101"
"7251","3421",2977.48215669224,"48191"
"7252","3421",2977.48215669224,"48101"
"7253","3421",2977.48215669224,"48075"
"7254","3421",2977.48215669224,"48345"
"7255","3422",2467.1550737264,"48129"
"7256","3422",2467.1550737264,"48191"
"7257","3422",2467.1550737264,"48087"
"7258","3422",2467.1550737264,"48075"
"7259","3423",2455.36523092463,"48179"
"7260","3423",2455.36523092463,"48483"
"7261","3424",3663.39766973914,"48357"
"7262","3424",3663.39766973914,"48393"
"7263","3424",3663.39766973914,"48211"
"7264","3424",3663.39766973914,"48295"
"7265","3425",2454.12894632241,"48357"
"7266","3425",2454.12894632241,"40007"
"7267","3425",2454.12894632241,"48295"
"7268","3426",794.069579708114,"20175"
"7269","3426",794.069579708114,"40007"
"7270","3426",794.069579708114,"20119"
"7271","3427",2410.90033021352,"20069"
"7272","3427",2410.90033021352,"20081"
"7273","3427",2410.90033021352,"20119"
"7274","3428",225.603815772706,"20069"
"7275","3428",225.603815772706,"20101"
"7276","3428",225.603815772706,"20055"
"7277","3428",225.603815772706,"20171"
"7278","3429",379.296992807238,"20101"
"7279","3429",379.296992807238,"20063"
"7280","3429",379.296992807238,"20171"
"7281","3430",1236.05027449816,"20063"
"7282","3430",1236.05027449816,"20193"
"7283","3430",1236.05027449816,"20179"
"7284","3431",1993.56262871029,"20153"
"7285","3431",1993.56262871029,"20039"
"7286","3432",7497.34563311582,"31145"
"7287","3432",7497.34563311582,"31063"
"7288","3432",7497.34563311582,"31087"
"7289","3432",7497.34563311582,"31085"
"7290","3433",1965.94960761915,"31111"
"7291","3434",430.402300900534,"31113"
"7292","3434",430.402300900534,"31111"
"7293","3434",430.402300900534,"31117"
"7294","3435",160.981654977077,"31091"
"7295","3435",160.981654977077,"31171"
"7296","3435",160.981654977077,"31031"
"7297","3436",92.7799484042197,"31031"
"7298","3437",4039.92565649524,"46121"
"7299","3437",4039.92565649524,"31031"
"7300","3438",873.529526858008,"46095"
"7301","3438",873.529526858008,"46075"
"7302","3439",114.827661386121,"46117"
"7303","3439",114.827661386121,"46075"
"7304","3439",114.827661386121,"46055"
"7305","3440",72.3458110904799,"46117"
"7306","3440",72.3458110904799,"46041"
"7307","3440",72.3458110904799,"46055"
"7308","3440",72.3458110904799,"46137"
"7309","3441",801.517742315522,"46041"
"7310","3441",801.517742315522,"46031"
"7311","3442",498.611635962624,"38085"
"7312","3442",498.611635962624,"46031"
"7313","3443",689.607051175313,"38037"
"7314","3443",689.607051175313,"38085"
"7315","3443",689.607051175313,"38059"
"7316","3444",2488.13086169741,"38059"
"7317","3444",2488.13086169741,"38065"
"7318","3445",2489.09772387212,"38055"
"7319","3445",2489.09772387212,"38057"
"7320","3446",48024.9600124944,"38101"
"7321","3447",1695.67861945244,"38009"
"7322","3447",1695.67861945244,"38075"
"7323","3448",3.10826504730488,"48479"
"7324","3449",8470.04654521315,"48507"
"7325","3449",8470.04654521315,"48127"
"7326","3450",4042.3989308988,"48507"
"7327","3450",4042.3989308988,"48463"
"7328","3451",2503.67628953433,"48385"
"7329","3451",2503.67628953433,"48137"
"7330","3451",2503.67628953433,"48463"
"7331","3452",167.529359154679,"48385"
"7332","3452",167.529359154679,"48267"
"7333","3452",167.529359154679,"48137"
"7334","3452",167.529359154679,"48265"
"7335","3453",195.680340575166,"48413"
"7336","3453",195.680340575166,"48435"
"7337","3453",195.680340575166,"48267"
"7338","3453",195.680340575166,"48327"
"7339","3454",3087.98855672936,"48451"
"7340","3454",3087.98855672936,"48095"
"7341","3454",3087.98855672936,"48327"
"7342","3455",6908.91465939227,"48399"
"7343","3456",6692.75962188861,"48441"
"7344","3456",6692.75962188861,"48353"
"7345","3456",6692.75962188861,"48253"
"7346","3457",2414.64620852327,"48151"
"7347","3457",2414.64620852327,"48253"
"7348","3457",2414.64620852327,"48433"
"7349","3457",2414.64620852327,"48207"
"7350","3458",45.9586530237235,"48275"
"7351","3458",45.9586530237235,"48269"
"7352","3458",45.9586530237235,"48433"
"7353","3458",45.9586530237235,"48207"
"7354","3459",1032.57990652423,"48155"
"7355","3459",1032.57990652423,"48101"
"7356","3460",3211.71722451847,"40057"
"7357","3460",3211.71722451847,"48197"
"7358","3460",3211.71722451847,"48087"
"7359","3460",3211.71722451847,"48075"
"7360","3461",2439.46646584502,"40009"
"7361","3461",2439.46646584502,"48483"
"7362","3461",2439.46646584502,"48087"
"7363","3462",637.708094109133,"48483"
"7364","3462",637.708094109133,"48211"
"7365","3463",239.999222949032,"48211"
"7366","3463",239.999222949032,"48295"
"7367","3464",240.336866490632,"40007"
"7368","3465",2858.87504478191,"20069"
"7369","3465",2858.87504478191,"20119"
"7370","3466",3295.98450523498,"20069"
"7371","3466",3295.98450523498,"20083"
"7372","3466",3295.98450523498,"20057"
"7373","3466",3295.98450523498,"20055"
"7374","3467",1068.17744098763,"20135"
"7375","3467",1068.17744098763,"20101"
"7376","3467",1068.17744098763,"20055"
"7377","3468",1667.55792161425,"20063"
"7378","3468",1667.55792161425,"20179"
"7379","3469",1285.76247527199,"20179"
"7380","3469",1285.76247527199,"20039"
"7381","3470",3313.50552341502,"31145"
"7382","3470",3313.50552341502,"20039"
"7383","3471",1542.40704539398,"31111"
"7384","3471",1542.40704539398,"31063"
"7385","3472",7248.78402568098,"31111"
"7386","3473",104.759611701946,"31171"
"7387","3473",104.759611701946,"31113"
"7388","3473",104.759611701946,"31117"
"7389","3474",187.138293586456,"31031"
"7390","3475",3080.09245382494,"46121"
"7391","3475",3080.09245382494,"31031"
"7392","3476",4145.73894232246,"46095"
"7393","3476",4145.73894232246,"46121"
"7394","3477",646.799383314459,"46075"
"7395","3478",121.720409693826,"46117"
"7396","3478",121.720409693826,"46065"
"7397","3478",121.720409693826,"46119"
"7398","3479",367.42907169535,"46041"
"7399","3480",588.875053552533,"46041"
"7400","3480",588.875053552533,"46031"
"7401","3481",1787.32801857977,"38037"
"7402","3481",1787.32801857977,"38085"
"7403","3481",1787.32801857977,"38059"
"7404","3482",88862.1846671666,"38059"
"7405","3482",88862.1846671666,"38015"
"7406","3483",2019.550093127,"38055"
"7407","3483",2019.550093127,"38065"
"7408","3483",2019.550093127,"38015"
"7409","3484",549.302904994916,"38055"
"7410","3484",549.302904994916,"38101"
"7411","3484",549.302904994916,"38049"
"7412","3485",2024.31325641233,"38101"
"7413","3485",2024.31325641233,"38009"
"7414","3485",2024.31325641233,"38049"
"7415","3485",2024.31325641233,"38075"
"7416","3486",684.76029831596,"38009"
"7417","3487",738.193687048322,"48505"
"7418","3488",96377.0595354655,"48479"
"7419","3489",136.781087480048,"48479"
"7420","3489",136.781087480048,"48127"
"7421","3490",8317.42665022661,"48507"
"7422","3490",8317.42665022661,"48127"
"7423","3491",19589.9126705614,"48463"
"7424","3492",1455.27270754806,"48385"
"7425","3492",1455.27270754806,"48019"
"7426","3492",1455.27270754806,"48265"
"7427","3493",3365.62417868795,"48267"
"7428","3493",3365.62417868795,"48137"
"7429","3493",3365.62417868795,"48265"
"7430","3494",1658.42237913095,"48307"
"7431","3494",1658.42237913095,"48095"
"7432","3494",1658.42237913095,"48327"
"7433","3495",785.462989832594,"48083"
"7434","3495",785.462989832594,"48399"
"7435","3495",785.462989832594,"48095"
"7436","3496",4180.16354209401,"48083"
"7437","3496",4180.16354209401,"48441"
"7438","3496",4180.16354209401,"48399"
"7439","3497",8529.75382586957,"48441"
"7440","3497",8529.75382586957,"48253"
"7441","3498",4826.6759135151,"48433"
"7442","3498",4826.6759135151,"48207"
"7443","3499",68.3630560142567,"48275"
"7444","3499",68.3630560142567,"48155"
"7445","3499",68.3630560142567,"48269"
"7446","3499",68.3630560142567,"48101"
"7447","3500",747.701054439154,"48155"
"7448","3500",747.701054439154,"48197"
"7449","3500",747.701054439154,"48101"
"7450","3500",747.701054439154,"48075"
"7451","3501",423.511596068471,"40057"
"7452","3501",423.511596068471,"40055"
"7453","3501",423.511596068471,"40009"
"7454","3501",423.511596068471,"48087"
"7455","3501",423.511596068471,"48075"
"7456","3502",745.216685368092,"40009"
"7457","3502",745.216685368092,"48483"
"7458","3502",745.216685368092,"40129"
"7459","3503",595.315958156415,"40045"
"7460","3503",595.315958156415,"40129"
"7461","3503",595.315958156415,"48211"
"7462","3503",595.315958156415,"48295"
"7463","3504",337.722187178914,"40045"
"7464","3504",337.722187178914,"40007"
"7465","3504",337.722187178914,"40059"
"7466","3504",337.722187178914,"48295"
"7467","3505",238.472408216589,"20025"
"7468","3505",238.472408216589,"40007"
"7469","3505",238.472408216589,"20119"
"7470","3505",238.472408216589,"40059"
"7471","3506",11083.6722152335,"20069"
"7472","3506",11083.6722152335,"20057"
"7473","3506",11083.6722152335,"20025"
"7474","3506",11083.6722152335,"20119"
"7475","3507",259.12383974408,"20135"
"7476","3507",259.12383974408,"20083"
"7477","3507",259.12383974408,"20101"
"7478","3507",259.12383974408,"20055"
"7479","3508",329.534894316066,"20135"
"7480","3508",329.534894316066,"20195"
"7481","3508",329.534894316066,"20101"
"7482","3508",329.534894316066,"20063"
"7483","3509",498.555348726068,"20065"
"7484","3509",498.555348726068,"20195"
"7485","3509",498.555348726068,"20063"
"7486","3509",498.555348726068,"20179"
"7487","3510",550.24850434563,"20137"
"7488","3510",550.24850434563,"20039"
"7489","3511",1780.03707137155,"31065"
"7490","3511",1780.03707137155,"31145"
"7491","3511",1780.03707137155,"31063"
"7492","3511",1780.03707137155,"31073"
"7493","3512",4898.37928981795,"31041"
"7494","3512",4898.37928981795,"31047"
"7495","3512",4898.37928981795,"31111"
"7496","3513",1160.26579432797,"31041"
"7497","3513",1160.26579432797,"31113"
"7498","3513",1160.26579432797,"31111"
"7499","3514",491.169067661916,"31009"
"7500","3514",491.169067661916,"31171"
"7501","3514",491.169067661916,"31031"
"7502","3515",165.098780630479,"31031"
"7503","3516",546.17977591786,"46121"
"7504","3516",546.17977591786,"31031"
"7505","3517",269.669645641736,"46095"
"7506","3517",269.669645641736,"46085"
"7507","3517",269.669645641736,"46075"
"7508","3518",1153.23395322216,"46085"
"7509","3518",1153.23395322216,"46117"
"7510","3518",1153.23395322216,"46075"
"7511","3519",108.547294738194,"46117"
"7512","3519",108.547294738194,"46041"
"7513","3519",108.547294738194,"46107"
"7514","3519",108.547294738194,"46119"
"7515","3520",190.763053539436,"46041"
"7516","3520",190.763053539436,"46031"
"7517","3521",1798.32026446291,"38085"
"7518","3521",1798.32026446291,"38029"
"7519","3521",1798.32026446291,"46031"
"7520","3521",1798.32026446291,"46021"
"7521","3522",1229.33406412198,"38085"
"7522","3522",1229.33406412198,"38059"
"7523","3522",1229.33406412198,"38029"
"7524","3523",19540.5765146235,"38059"
"7525","3523",19540.5765146235,"38055"
"7526","3523",19540.5765146235,"38065"
"7527","3523",19540.5765146235,"38015"
"7528","3524",1030.39518924145,"38055"
"7529","3524",1030.39518924145,"38083"
"7530","3525",1971.45710560253,"38101"
"7531","3525",1971.45710560253,"38049"
"7532","3526",645.461958975909,"38009"
"7533","3526",645.461958975909,"38049"
"7534","3527",11762.8332575756,"48505"
"7535","3528",208060.637006239,"48479"
"7536","3528",208060.637006239,"48505"
"7537","3529",2485.0321247561,"48479"
"7538","3529",2485.0321247561,"48283"
"7539","3530",822.079011323457,"48283"
"7540","3530",822.079011323457,"48507"
"7541","3530",822.079011323457,"48127"
"7542","3531",1232.8396989472,"48507"
"7543","3531",1232.8396989472,"48163"
"7544","3531",1232.8396989472,"48463"
"7545","3531",1232.8396989472,"48325"
"7546","3532",1619.52667091739,"48385"
"7547","3532",1619.52667091739,"48019"
"7548","3532",1619.52667091739,"48463"
"7549","3532",1619.52667091739,"48325"
"7550","3533",1147.21707666954,"48385"
"7551","3533",1147.21707666954,"48267"
"7552","3533",1147.21707666954,"48265"
"7553","3534",749.229034629174,"48267"
"7554","3534",749.229034629174,"48327"
"7555","3534",749.229034629174,"48319"
"7556","3535",496.06585325672,"48307"
"7557","3535",496.06585325672,"48095"
"7558","3536",1021.40074067522,"48083"
"7559","3536",1021.40074067522,"48399"
"7560","3537",130938.389172108,"48441"
"7561","3537",130938.389172108,"48417"
"7562","3537",130938.389172108,"48253"
"7563","3537",130938.389172108,"48059"
"7564","3538",4058.68895638205,"48417"
"7565","3538",4058.68895638205,"48253"
"7566","3538",4058.68895638205,"48207"
"7567","3539",3228.42209087324,"48275"
"7568","3539",3228.42209087324,"48207"
"7569","3540",991.411810404565,"48155"
"7570","3540",991.411810404565,"48197"
"7571","3541",2926.01502181321,"40065"
"7572","3541",2926.01502181321,"40057"
"7573","3541",2926.01502181321,"40055"
"7574","3541",2926.01502181321,"48197"
"7575","3542",1998.92328549582,"40057"
"7576","3542",1998.92328549582,"40055"
"7577","3542",1998.92328549582,"40009"
"7578","3543",1856.49841024944,"48483"
"7579","3543",1856.49841024944,"40129"
"7580","3543",1856.49841024944,"48211"
"7581","3544",3063.08228143002,"40045"
"7582","3544",3063.08228143002,"48295"
"7583","3545",1976.72503874005,"40007"
"7584","3545",1976.72503874005,"40059"
"7585","3546",954.009549716401,"20057"
"7586","3546",954.009549716401,"20025"
"7587","3546",954.009549716401,"20119"
"7588","3547",21470.5352816078,"20083"
"7589","3547",21470.5352816078,"20057"
"7590","3548",1558.87581177981,"20135"
"7591","3549",2349.17669454968,"20065"
"7592","3549",2349.17669454968,"20195"
"7593","3549",2349.17669454968,"20063"
"7594","3550",541.679845604182,"20065"
"7595","3550",541.679845604182,"20137"
"7596","3550",541.679845604182,"20179"
"7597","3550",541.679845604182,"20039"
"7598","3551",461.860188656102,"31065"
"7599","3551",461.860188656102,"31145"
"7600","3551",461.860188656102,"20137"
"7601","3551",461.860188656102,"20039"
"7602","3552",1296.83631438381,"31047"
"7603","3552",1296.83631438381,"31111"
"7604","3552",1296.83631438381,"31063"
"7605","3552",1296.83631438381,"31073"
"7606","3553",998.667518441559,"31041"
"7607","3553",998.667518441559,"31047"
"7608","3553",998.667518441559,"31111"
"7609","3554",193.668543304593,"31009"
"7610","3554",193.668543304593,"31171"
"7611","3554",193.668543304593,"31041"
"7612","3554",193.668543304593,"31113"
"7613","3555",121.627365494648,"31031"
"7614","3555",121.627365494648,"31017"
"7615","3556",197.176124813446,"46123"
"7616","3556",197.176124813446,"31103"
"7617","3556",197.176124813446,"46121"
"7618","3556",197.176124813446,"31031"
"7619","3556",197.176124813446,"31017"
"7620","3557",654.689812027019,"46095"
"7621","3557",654.689812027019,"46123"
"7622","3557",654.689812027019,"46121"
"7623","3558",560.715857030671,"46085"
"7624","3558",560.715857030671,"46075"
"7625","3559",17488.7472815755,"46117"
"7626","3559",17488.7472815755,"46065"
"7627","3559",17488.7472815755,"46119"
"7628","3560",249.778955103027,"46041"
"7629","3560",249.778955103027,"46107"
"7630","3560",249.778955103027,"46119"
"7631","3561",4092.76654270015,"46041"
"7632","3561",4092.76654270015,"46129"
"7633","3561",4092.76654270015,"46031"
"7634","3561",4092.76654270015,"46021"
"7635","3562",2287.48089790594,"38085"
"7636","3562",2287.48089790594,"38029"
"7637","3563",5830.90454778164,"38059"
"7638","3563",5830.90454778164,"38015"
"7639","3563",5830.90454778164,"38029"
"7640","3564",362.155672834024,"38055"
"7641","3564",362.155672834024,"38015"
"7642","3564",362.155672834024,"38083"
"7643","3565",659.481166191903,"38055"
"7644","3565",659.481166191903,"38083"
"7645","3565",659.481166191903,"38049"
"7646","3566",920.996642093024,"38049"
"7647","3567",594.558671584001,"38009"
"7648","3568",1978.7637741984,"48427"
"7649","3568",1978.7637741984,"48505"
"7650","3569",2173.90144624115,"48479"
"7651","3569",2173.90144624115,"48505"
"7652","3570",7712.17570142535,"48479"
"7653","3571",123.357068860726,"48479"
"7654","3571",123.357068860726,"48283"
"7655","3571",123.357068860726,"48127"
"7656","3572",1488.36365933917,"48283"
"7657","3572",1488.36365933917,"48507"
"7658","3572",1488.36365933917,"48163"
"7659","3572",1488.36365933917,"48127"
"7660","3573",6389.95975428586,"48463"
"7661","3573",6389.95975428586,"48325"
"7662","3574",4316.87115706981,"48019"
"7663","3574",4316.87115706981,"48265"
"7664","3575",606.56203218731,"48267"
"7665","3575",606.56203218731,"48319"
"7666","3575",606.56203218731,"48265"
"7667","3575",606.56203218731,"48171"
"7668","3576",6296.54483904757,"48307"
"7669","3576",6296.54483904757,"48327"
"7670","3576",6296.54483904757,"48319"
"7671","3577",616.516472090096,"48083"
"7672","3577",616.516472090096,"48307"
"7673","3577",616.516472090096,"48095"
"7674","3578",803.13823697628,"48083"
"7675","3578",803.13823697628,"48441"
"7676","3578",803.13823697628,"48059"
"7677","3579",5563.65488086579,"48417"
"7678","3579",5563.65488086579,"48253"
"7679","3579",5563.65488086579,"48059"
"7680","3580",139.096570181426,"48275"
"7681","3580",139.096570181426,"48447"
"7682","3580",139.096570181426,"48207"
"7683","3581",147.428960883123,"48275"
"7684","3581",147.428960883123,"48487"
"7685","3581",147.428960883123,"48155"
"7686","3581",147.428960883123,"48023"
"7687","3582",3014.77957232778,"40065"
"7688","3582",3014.77957232778,"48487"
"7689","3582",3014.77957232778,"48197"
"7690","3583",3940.05653851416,"40065"
"7691","3583",3940.05653851416,"40057"
"7692","3583",3940.05653851416,"40055"
"7693","3584",15942.9634645499,"40009"
"7694","3584",15942.9634645499,"40129"
"7695","3585",211.03690917853,"40045"
"7696","3585",211.03690917853,"40129"
"7697","3586",2512.31883978568,"40045"
"7698","3586",2512.31883978568,"40153"
"7699","3586",2512.31883978568,"40059"
"7700","3587",960.557622940805,"20033"
"7701","3587",960.557622940805,"20025"
"7702","3587",960.557622940805,"40059"
"7703","3588",1784.19648216082,"20057"
"7704","3588",1784.19648216082,"20097"
"7705","3588",1784.19648216082,"20025"
"7706","3588",1784.19648216082,"20047"
"7707","3589",1348.95023285046,"20135"
"7708","3589",1348.95023285046,"20083"
"7709","3589",1348.95023285046,"20145"
"7710","3589",1348.95023285046,"20047"
"7711","3590",562.369362139297,"20135"
"7712","3590",562.369362139297,"20195"
"7713","3590",562.369362139297,"20051"
"7714","3590",562.369362139297,"20165"
"7715","3591",1815.63023446916,"20065"
"7716","3591",1815.63023446916,"20195"
"7717","3591",1815.63023446916,"20163"
"7718","3592",4517.02559397907,"31065"
"7719","3592",4517.02559397907,"20147"
"7720","3592",4517.02559397907,"20137"
"7721","3593",1900.68882497443,"31065"
"7722","3593",1900.68882497443,"31063"
"7723","3593",1900.68882497443,"31073"
"7724","3594",5634.80328238753,"31041"
"7725","3594",5634.80328238753,"31047"
"7726","3595",1095.3864169824,"31041"
"7727","3596",131.701719931518,"31009"
"7728","3596",131.701719931518,"31031"
"7729","3596",131.701719931518,"31017"
"7730","3597",2151.21902413627,"31031"
"7731","3597",2151.21902413627,"31017"
"7732","3598",341.860427631765,"46123"
"7733","3598",341.860427631765,"31103"
"7734","3598",341.860427631765,"46121"
"7735","3599",141.681553223354,"46095"
"7736","3599",141.681553223354,"46123"
"7737","3599",141.681553223354,"46085"
"7738","3600",385.282584983775,"46085"
"7739","3600",385.282584983775,"46117"
"7740","3600",385.282584983775,"46065"
"7741","3601",890.630671930959,"46107"
"7742","3601",890.630671930959,"46119"
"7743","3602",300.127773151336,"46041"
"7744","3602",300.127773151336,"46107"
"7745","3602",300.127773151336,"46129"
"7746","3603",904.986011255984,"38029"
"7747","3603",904.986011255984,"46031"
"7748","3603",904.986011255984,"46021"
"7749","3604",533.524092657518,"38015"
"7750","3604",533.524092657518,"38029"
"7751","3605",551.177575338834,"38015"
"7752","3605",551.177575338834,"38043"
"7753","3606",640.571520726631,"38103"
"7754","3606",640.571520726631,"38083"
"7755","3607",283.787579020836,"38069"
"7756","3607",283.787579020836,"38049"
"7757","3608",2747.84405834454,"38009"
"7758","3608",2747.84405834454,"38069"
"7759","3608",2747.84405834454,"38079"
"7760","3608",2747.84405834454,"38049"
"7761","3609",17179.4488494771,"48427"
"7762","3610",808.99778403121,"48427"
"7763","3610",808.99778403121,"48247"
"7764","3610",808.99778403121,"48505"
"7765","3611",1063.06164431733,"48479"
"7766","3611",1063.06164431733,"48505"
"7767","3612",47.9898443219587,"48479"
"7768","3612",47.9898443219587,"48283"
"7769","3613",8906.38428691778,"48283"
"7770","3613",8906.38428691778,"48163"
"7771","3614",4975.66491922552,"48163"
"7772","3614",4975.66491922552,"48325"
"7773","3615",7255.97790518977,"48019"
"7774","3615",7255.97790518977,"48325"
"7775","3616",41363.1361227436,"48267"
"7776","3616",41363.1361227436,"48265"
"7777","3616",41363.1361227436,"48171"
"7778","3617",3471.0527410617,"48319"
"7779","3618",1402.14843936236,"48083"
"7780","3618",1402.14843936236,"48411"
"7781","3618",1402.14843936236,"48307"
"7782","3619",9880.46112880827,"48083"
"7783","3619",9880.46112880827,"48049"
"7784","3620",3026.57918513065,"48417"
"7785","3620",3026.57918513065,"48133"
"7786","3620",3026.57918513065,"48059"
"7787","3621",85.431826821605,"48417"
"7788","3621",85.431826821605,"48447"
"7789","3621",85.431826821605,"48207"
"7790","3622",3028.33031173305,"48275"
"7791","3622",3028.33031173305,"48447"
"7792","3622",3028.33031173305,"48023"
"7793","3622",3028.33031173305,"48207"
"7794","3623",11340.9379419467,"48487"
"7795","3623",11340.9379419467,"48155"
"7796","3623",11340.9379419467,"48197"
"7797","3624",21200.0584160032,"40065"
"7798","3624",21200.0584160032,"40055"
"7799","3624",21200.0584160032,"40141"
"7800","3624",21200.0584160032,"48487"
"7801","3625",1384.90282070246,"40075"
"7802","3625",1384.90282070246,"40055"
"7803","3625",1384.90282070246,"40009"
"7804","3625",1384.90282070246,"40149"
"7805","3626",1364.72486805455,"40039"
"7806","3626",1364.72486805455,"40043"
"7807","3626",1364.72486805455,"40129"
"7808","3627",6739.37380012489,"40045"
"7809","3627",6739.37380012489,"40043"
"7810","3627",6739.37380012489,"40153"
"7811","3628",1604.61549672008,"40151"
"7812","3628",1604.61549672008,"40153"
"7813","3628",1604.61549672008,"40059"
"7814","3629",1545.77128011075,"20033"
"7815","3629",1545.77128011075,"20057"
"7816","3629",1545.77128011075,"20097"
"7817","3629",1545.77128011075,"20025"
"7818","3630",1908.15385356401,"20083"
"7819","3630",1908.15385356401,"20057"
"7820","3630",1908.15385356401,"20097"
"7821","3630",1908.15385356401,"20145"
"7822","3630",1908.15385356401,"20047"
"7823","3631",769.834655499673,"20135"
"7824","3631",769.834655499673,"20145"
"7825","3631",769.834655499673,"20165"
"7826","3632",2881.92921300111,"20065"
"7827","3632",2881.92921300111,"20195"
"7828","3632",2881.92921300111,"20051"
"7829","3632",2881.92921300111,"20163"
"7830","3633",817.37059025921,"20065"
"7831","3633",817.37059025921,"20147"
"7832","3633",817.37059025921,"20163"
"7833","3633",817.37059025921,"20137"
"7834","3634",2384.55925317234,"31065"
"7835","3634",2384.55925317234,"20147"
"7836","3634",2384.55925317234,"31083"
"7837","3634",2384.55925317234,"20137"
"7838","3635",15154.7941804946,"31137"
"7839","3635",15154.7941804946,"31047"
"7840","3635",15154.7941804946,"31073"
"7841","3636",699.151452889802,"31041"
"7842","3636",699.151452889802,"31047"
"7843","3637",321.692656028983,"31009"
"7844","3637",321.692656028983,"31041"
"7845","3637",321.692656028983,"31115"
"7846","3638",138.387230297419,"31149"
"7847","3638",138.387230297419,"31017"
"7848","3639",451.266849971596,"46123"
"7849","3639",451.266849971596,"31103"
"7850","3639",451.266849971596,"31149"
"7851","3639",451.266849971596,"31017"
"7852","3640",3409.49693263037,"46123"
"7853","3640",3409.49693263037,"46085"
"7854","3641",1076.40799485494,"46085"
"7855","3641",1076.40799485494,"46065"
"7856","3642",774.786518007846,"46065"
"7857","3642",774.786518007846,"46069"
"7858","3642",774.786518007846,"46119"
"7859","3643",1307.20921444948,"46107"
"7860","3643",1307.20921444948,"46129"
"7861","3643",1307.20921444948,"46119"
"7862","3644",1060.93471067453,"46089"
"7863","3644",1060.93471067453,"46129"
"7864","3644",1060.93471067453,"46045"
"7865","3644",1060.93471067453,"46021"
"7866","3645",797.787666416288,"38051"
"7867","3645",797.787666416288,"38029"
"7868","3645",797.787666416288,"38047"
"7869","3646",1114.0859751063,"38015"
"7870","3646",1114.0859751063,"38029"
"7871","3646",1114.0859751063,"38043"
"7872","3646",1114.0859751063,"38047"
"7873","3647",331.55980099068,"38103"
"7874","3647",331.55980099068,"38015"
"7875","3647",331.55980099068,"38043"
"7876","3647",331.55980099068,"38083"
"7877","3648",2306.59206832588,"38103"
"7878","3648",2306.59206832588,"38083"
"7879","3648",2306.59206832588,"38069"
"7880","3648",2306.59206832588,"38049"
"7881","3649",3209.56435477319,"38009"
"7882","3649",3209.56435477319,"38069"
"7883","3649",3209.56435477319,"38079"
"7884","3649",3209.56435477319,"38049"
"7885","3650",2002.56168169763,"38009"
"7886","3650",2002.56168169763,"38079"
"7887","3651",14487.4717797423,"48427"
"7888","3652",53.7247187910244,"48479"
"7889","3652",53.7247187910244,"48247"
"7890","3652",53.7247187910244,"48505"
"7891","3653",66.9594047752987,"48479"
"7892","3653",66.9594047752987,"48131"
"7893","3654",74.039684436256,"48479"
"7894","3654",74.039684436256,"48311"
"7895","3654",74.039684436256,"48283"
"7896","3655",8167.23255976232,"48283"
"7897","3655",8167.23255976232,"48163"
"7898","3655",8167.23255976232,"48013"
"7899","3656",29583.1453537363,"48029"
"7900","3656",29583.1453537363,"48325"
"7901","3657",23174.6006397176,"48019"
"7902","3657",23174.6006397176,"48259"
"7903","3657",23174.6006397176,"48265"
"7904","3658",2127.78980496876,"48299"
"7905","3658",2127.78980496876,"48319"
"7906","3658",2127.78980496876,"48171"
"7907","3659",516.94706805162,"48411"
"7908","3659",516.94706805162,"48307"
"7909","3659",516.94706805162,"48299"
"7910","3659",516.94706805162,"48319"
"7911","3660",21417.3840902499,"48083"
"7912","3660",21417.3840902499,"48333"
"7913","3660",21417.3840902499,"48411"
"7914","3660",21417.3840902499,"48049"
"7915","3660",21417.3840902499,"48307"
"7916","3661",4232.97603838145,"48083"
"7917","3661",4232.97603838145,"48093"
"7918","3661",4232.97603838145,"48049"
"7919","3661",4232.97603838145,"48133"
"7920","3661",4232.97603838145,"48059"
"7921","3662",5439.99265110606,"48429"
"7922","3662",5439.99265110606,"48417"
"7923","3662",5439.99265110606,"48133"
"7924","3662",5439.99265110606,"48059"
"7925","3663",958.271673306228,"48503"
"7926","3663",958.271673306228,"48447"
"7927","3663",958.271673306228,"48023"
"7928","3664",187.720777268724,"48485"
"7929","3664",187.720777268724,"48009"
"7930","3664",187.720777268724,"48487"
"7931","3664",187.720777268724,"48023"
"7932","3665",4852.22000102334,"40065"
"7933","3665",4852.22000102334,"40141"
"7934","3665",4852.22000102334,"48487"
"7935","3666",6581.10249077508,"40065"
"7936","3666",6581.10249077508,"40075"
"7937","3666",6581.10249077508,"40055"
"7938","3667",9703.13443457485,"40039"
"7939","3667",9703.13443457485,"40009"
"7940","3667",9703.13443457485,"40129"
"7941","3667",9703.13443457485,"40149"
"7942","3668",1361.94005631168,"40045"
"7943","3668",1361.94005631168,"40039"
"7944","3668",1361.94005631168,"40043"
"7945","3668",1361.94005631168,"40153"
"7946","3668",1361.94005631168,"40129"
"7947","3669",12784.5189265716,"40153"
"7948","3669",12784.5189265716,"40059"
"7949","3670",203.303926157554,"20033"
"7950","3670",203.303926157554,"40151"
"7951","3670",203.303926157554,"40059"
"7952","3671",1754.66718481029,"20097"
"7953","3671",1754.66718481029,"20047"
"7954","3672",1940.1622899616,"20145"
"7955","3672",1940.1622899616,"20047"
"7956","3672",1940.1622899616,"20165"
"7957","3673",23495.0532902464,"20051"
"7958","3673",23495.0532902464,"20165"
"7959","3674",2819.03456979997,"20051"
"7960","3674",2819.03456979997,"20163"
"7961","3675",3510.30272435953,"20147"
"7962","3675",3510.30272435953,"31083"
"7963","3676",6965.58545737062,"31137"
"7964","3676",6965.58545737062,"31065"
"7965","3676",6965.58545737062,"31083"
"7966","3676",6965.58545737062,"31073"
"7967","3677",1371.26832088059,"31041"
"7968","3677",1371.26832088059,"31047"
"7969","3677",1371.26832088059,"31019"
"7970","3678",4373.14307136215,"31041"
"7971","3679",105.807122499069,"31009"
"7972","3679",105.807122499069,"31149"
"7973","3679",105.807122499069,"31115"
"7974","3679",105.807122499069,"31017"
"7975","3680",1422.20765872092,"31103"
"7976","3680",1422.20765872092,"31149"
"7977","3680",1422.20765872092,"31017"
"7978","3681",2199.94384345932,"46123"
"7979","3681",2199.94384345932,"31103"
"7980","3681",2199.94384345932,"46053"
"7981","3682",767.103189242496,"46123"
"7982","3682",767.103189242496,"46085"
"7983","3682",767.103189242496,"46015"
"7984","3683",505.852788198838,"46085"
"7985","3683",505.852788198838,"46065"
"7986","3683",505.852788198838,"46017"
"7987","3683",505.852788198838,"46069"
"7988","3684",149.512099149257,"46049"
"7989","3684",149.512099149257,"46107"
"7990","3684",149.512099149257,"46069"
"7991","3684",149.512099149257,"46119"
"7992","3685",1218.87318437558,"46049"
"7993","3685",1218.87318437558,"46107"
"7994","3685",1218.87318437558,"46129"
"7995","3685",1218.87318437558,"46045"
"7996","3686",484.116146619325,"38051"
"7997","3686",484.116146619325,"46089"
"7998","3686",484.116146619325,"38029"
"7999","3686",484.116146619325,"46021"
"8000","3687",1034.71777204433,"38029"
"8001","3687",1034.71777204433,"38043"
"8002","3687",1034.71777204433,"38047"
"8003","3688",375.249831857477,"38043"
"8004","3689",879.774247815686,"38103"
"8005","3689",879.774247815686,"38083"
"8006","3690",511.702646424447,"38005"
"8007","3690",511.702646424447,"38069"
"8008","3691",6501.96035064382,"38069"
"8009","3691",6501.96035064382,"38079"
"8010","3692",40205.2174435811,"48427"
"8011","3692",40205.2174435811,"48215"
"8012","3693",60.8878867004971,"48427"
"8013","3693",60.8878867004971,"48247"
"8014","3694",5611.11800579441,"48479"
"8015","3694",5611.11800579441,"48131"
"8016","3694",5611.11800579441,"48247"
"8017","3695",2744.5883892981,"48479"
"8018","3695",2744.5883892981,"48311"
"8019","3695",2744.5883892981,"48283"
"8020","3695",2744.5883892981,"48131"
"8021","3696",157.012285556181,"48311"
"8022","3696",157.012285556181,"48283"
"8023","3696",157.012285556181,"48163"
"8024","3696",157.012285556181,"48013"
"8025","3697",30199.8388317284,"48029"
"8026","3697",30199.8388317284,"48163"
"8027","3697",30199.8388317284,"48013"
"8028","3697",30199.8388317284,"48325"
"8029","3698",197978.549778821,"48029"
"8030","3698",197978.549778821,"48019"
"8031","3698",197978.549778821,"48259"
"8032","3698",197978.549778821,"48325"
"8033","3699",22538.5689353884,"48259"
"8034","3699",22538.5689353884,"48265"
"8035","3699",22538.5689353884,"48171"
"8036","3700",5390.61760161881,"48411"
"8037","3700",5390.61760161881,"48299"
"8038","3700",5390.61760161881,"48319"
"8039","3701",4666.44299306195,"48333"
"8040","3701",4666.44299306195,"48411"
"8041","3702",11762.98592533,"48093"
"8042","3702",11762.98592533,"48049"
"8043","3703",11033.5124011863,"48429"
"8044","3703",11033.5124011863,"48133"
"8045","3704",1189.34087579446,"48429"
"8046","3704",1189.34087579446,"48503"
"8047","3704",1189.34087579446,"48417"
"8048","3704",1189.34087579446,"48447"
"8049","3705",456.884805971907,"48503"
"8050","3705",456.884805971907,"48009"
"8051","3705",456.884805971907,"48447"
"8052","3705",456.884805971907,"48023"
"8053","3706",3417.38188550646,"40141"
"8054","3706",3417.38188550646,"48485"
"8055","3706",3417.38188550646,"48487"
"8056","3707",2905.35308874342,"40065"
"8057","3707",2905.35308874342,"40075"
"8058","3707",2905.35308874342,"40141"
"8059","3707",2905.35308874342,"40031"
"8060","3708",7345.978861155,"40075"
"8061","3708",7345.978861155,"40149"
"8062","3709",2318.27184894005,"40039"
"8063","3709",2318.27184894005,"40043"
"8064","3710",1909.81912076108,"40093"
"8065","3710",1909.81912076108,"40043"
"8066","3710",1909.81912076108,"40153"
"8067","3711",510.691666860046,"20033"
"8068","3711",510.691666860046,"40151"
"8069","3711",510.691666860046,"40153"
"8070","3712",239.086258133381,"20033"
"8071","3712",239.086258133381,"20097"
"8072","3712",239.086258133381,"20151"
"8073","3712",239.086258133381,"20007"
"8074","3713",1526.49546599922,"20185"
"8075","3713",1526.49546599922,"20151"
"8076","3713",1526.49546599922,"20145"
"8077","3713",1526.49546599922,"20047"
"8078","3714",2921.14159165522,"20009"
"8079","3714",2921.14159165522,"20145"
"8080","3714",2921.14159165522,"20165"
"8081","3715",2356.38555496114,"20051"
"8082","3715",2356.38555496114,"20141"
"8083","3715",2356.38555496114,"20163"
"8084","3715",2356.38555496114,"20167"
"8085","3716",2005.29025000004,"20183"
"8086","3716",2005.29025000004,"20141"
"8087","3716",2005.29025000004,"20147"
"8088","3716",2005.29025000004,"20163"
"8089","3717",2149.79849191532,"20147"
"8090","3717",2149.79849191532,"31083"
"8091","3717",2149.79849191532,"31061"
"8092","3718",40661.4179000118,"31137"
"8093","3718",40661.4179000118,"31047"
"8094","3718",40661.4179000118,"31099"
"8095","3718",40661.4179000118,"31019"
"8096","3719",1501.58473131037,"31041"
"8097","3719",1501.58473131037,"31163"
"8098","3719",1501.58473131037,"31019"
"8099","3720",2862.2421245174,"31041"
"8100","3720",2862.2421245174,"31071"
"8101","3720",2862.2421245174,"31175"
"8102","3720",2862.2421245174,"31115"
"8103","3721",170.607755034887,"31089"
"8104","3721",170.607755034887,"31149"
"8105","3722",279.976111846347,"31103"
"8106","3722",279.976111846347,"31089"
"8107","3722",279.976111846347,"31149"
"8108","3722",279.976111846347,"46053"
"8109","3722",279.976111846347,"31015"
"8110","3723",384.718667406545,"46123"
"8111","3723",384.718667406545,"46085"
"8112","3723",384.718667406545,"46023"
"8113","3723",384.718667406545,"46015"
"8114","3723",384.718667406545,"46053"
"8115","3724",2545.87863058105,"46085"
"8116","3724",2545.87863058105,"46015"
"8117","3724",2545.87863058105,"46017"
"8118","3725",1025.28942690095,"46059"
"8119","3725",1025.28942690095,"46069"
"8120","3726",521.465689963914,"46049"
"8121","3726",521.465689963914,"46107"
"8122","3726",521.465689963914,"46045"
"8123","3727",1076.26588784254,"46089"
"8124","3727",1076.26588784254,"46045"
"8125","3728",1162.11871586075,"38051"
"8126","3728",1162.11871586075,"38047"
"8127","3729",825.721392035586,"38043"
"8128","3729",825.721392035586,"38047"
"8129","3729",825.721392035586,"38093"
"8130","3730",243.112498925018,"38103"
"8131","3730",243.112498925018,"38043"
"8132","3730",243.112498925018,"38093"
"8133","3731",842.991697403162,"38005"
"8134","3731",842.991697403162,"38103"
"8135","3731",842.991697403162,"38069"
"8136","3732",509.150383311706,"38005"
"8137","3732",509.150383311706,"38095"
"8138","3732",509.150383311706,"38069"
"8139","3732",509.150383311706,"38079"
"8140","3733",5459.57347103032,"38095"
"8141","3733",5459.57347103032,"38079"
"8142","3734",967.958952336308,"48427"
"8143","3734",967.958952336308,"48215"
"8144","3735",28.8138035379596,"48131"
"8145","3735",28.8138035379596,"48247"
"8146","3735",28.8138035379596,"48047"
"8147","3736",1537.30013355379,"48131"
"8148","3737",34.804887711329,"48311"
"8149","3737",34.804887711329,"48131"
"8150","3738",8935.7870795833,"48311"
"8151","3738",8935.7870795833,"48013"
"8152","3739",1023850.53950988,"48029"
"8153","3739",1023850.53950988,"48013"
"8154","3740",38257.7163486103,"48029"
"8155","3740",38257.7163486103,"48091"
"8156","3740",38257.7163486103,"48259"
"8157","3740",38257.7163486103,"48031"
"8158","3741",1124.42095156146,"48299"
"8159","3741",1124.42095156146,"48031"
"8160","3741",1124.42095156146,"48171"
"8161","3742",1034.71350614416,"48411"
"8162","3742",1034.71350614416,"48281"
"8163","3742",1034.71350614416,"48299"
"8164","3743",3349.77456373235,"48333"
"8165","3743",3349.77456373235,"48411"
"8166","3743",3349.77456373235,"48093"
"8167","3743",3349.77456373235,"48049"
"8168","3744",5673.21655216826,"48093"
"8169","3744",5673.21655216826,"48143"
"8170","3744",5673.21655216826,"48133"
"8171","3745",4662.80259260054,"48429"
"8172","3745",4662.80259260054,"48133"
"8173","3745",4662.80259260054,"48363"
"8174","3746",6265.16197254377,"48503"
"8175","3746",6265.16197254377,"48009"
"8176","3747",17171.0003333459,"48485"
"8177","3747",17171.0003333459,"48009"
"8178","3747",17171.0003333459,"48487"
"8179","3748",1881.28775376768,"40141"
"8180","3748",1881.28775376768,"40033"
"8181","3748",1881.28775376768,"40031"
"8182","3749",505.956995199693,"40075"
"8183","3749",505.956995199693,"40031"
"8184","3749",505.956995199693,"40015"
"8185","3750",24406.1923168976,"40039"
"8186","3750",24406.1923168976,"40149"
"8187","3750",24406.1923168976,"40015"
"8188","3751",1189.55761710135,"40093"
"8189","3751",1189.55761710135,"40043"
"8190","3751",1189.55761710135,"40011"
"8191","3752",1416.14947335718,"40151"
"8192","3752",1416.14947335718,"40093"
"8193","3752",1416.14947335718,"40153"
"8194","3753",116.897122377278,"20033"
"8195","3753",116.897122377278,"40151"
"8196","3753",116.897122377278,"20007"
"8197","3754",8225.70090870407,"20097"
"8198","3754",8225.70090870407,"20185"
"8199","3754",8225.70090870407,"20151"
"8200","3754",8225.70090870407,"20047"
"8201","3754",8225.70090870407,"20007"
"8202","3755",5679.41304292306,"20009"
"8203","3755",5679.41304292306,"20185"
"8204","3755",5679.41304292306,"20145"
"8205","3756",4631.51843231478,"20009"
"8206","3756",4631.51843231478,"20051"
"8207","3756",4631.51843231478,"20167"
"8208","3756",4631.51843231478,"20165"
"8209","3757",640.774655934063,"20141"
"8210","3757",640.774655934063,"20163"
"8211","3757",640.774655934063,"20167"
"8212","3758",2596.55402980257,"20183"
"8213","3758",2596.55402980257,"20147"
"8214","3758",2596.55402980257,"31061"
"8215","3759",5400.24083643937,"31137"
"8216","3759",5400.24083643937,"31083"
"8217","3759",5400.24083643937,"31099"
"8218","3759",5400.24083643937,"31061"
"8219","3760",3877.48809655732,"31041"
"8220","3760",3877.48809655732,"31163"
"8221","3760",3877.48809655732,"31019"
"8222","3761",3206.79082085586,"31041"
"8223","3761",3206.79082085586,"31175"
"8224","3761",3206.79082085586,"31163"
"8225","3762",213.402832626793,"31071"
"8226","3762",213.402832626793,"31089"
"8227","3762",213.402832626793,"31149"
"8228","3762",213.402832626793,"31115"
"8229","3763",2464.38583279673,"31089"
"8230","3763",2464.38583279673,"31149"
"8231","3764",1520.95137729941,"46023"
"8232","3764",1520.95137729941,"46053"
"8233","3764",1520.95137729941,"31015"
"8234","3765",4273.6845257406,"46085"
"8235","3765",4273.6845257406,"46015"
"8236","3766",423.715400458701,"46059"
"8237","3766",423.715400458701,"46017"
"8238","3766",423.715400458701,"46069"
"8239","3767",366.612540008744,"46049"
"8240","3767",366.612540008744,"46059"
"8241","3767",366.612540008744,"46069"
"8242","3768",1636.02750995294,"46049"
"8243","3768",1636.02750995294,"46045"
"8244","3769",875.537715701121,"38051"
"8245","3769",875.537715701121,"46089"
"8246","3770",258.015032010344,"38047"
"8247","3770",258.015032010344,"38093"
"8248","3771",665.333962354915,"38043"
"8249","3771",665.333962354915,"38093"
"8250","3772",1510.76310054497,"38103"
"8251","3772",1510.76310054497,"38027"
"8252","3772",1510.76310054497,"38031"
"8253","3773",1114.13007134181,"38005"
"8254","3773",1114.13007134181,"38071"
"8255","3774",560.436051771786,"38095"
"8256","3774",560.436051771786,"38079"
"8257","3775",538065.878817362,"48215"
"8258","3776",647.675663494988,"48427"
"8259","3776",647.675663494988,"48215"
"8260","3776",647.675663494988,"48247"
"8261","3776",647.675663494988,"48047"
"8262","3777",1138.42317265428,"48131"
"8263","3777",1138.42317265428,"48247"
"8264","3777",1138.42317265428,"48249"
"8265","3777",1138.42317265428,"48047"
"8266","3778",228.572986272385,"48311"
"8267","3778",228.572986272385,"48131"
"8268","3778",228.572986272385,"48249"
"8269","3778",228.572986272385,"48297"
"8270","3779",1775.48828451348,"48311"
"8271","3779",1775.48828451348,"48013"
"8272","3779",1775.48828451348,"48297"
"8273","3780",50071.4663693483,"48029"
"8274","3780",50071.4663693483,"48493"
"8275","3780",50071.4663693483,"48013"
"8276","3781",736283.6377656,"48029"
"8277","3781",736283.6377656,"48091"
"8278","3781",736283.6377656,"48187"
"8279","3782",9403.01065824943,"48209"
"8280","3782",9403.01065824943,"48259"
"8281","3782",9403.01065824943,"48031"
"8282","3782",9403.01065824943,"48171"
"8283","3783",17987.7827433845,"48053"
"8284","3783",17987.7827433845,"48411"
"8285","3783",17987.7827433845,"48299"
"8286","3784",2914.25022329163,"48333"
"8287","3784",2914.25022329163,"48411"
"8288","3784",2914.25022329163,"48281"
"8289","3785",8317.72337606784,"48333"
"8290","3785",8317.72337606784,"48093"
"8291","3785",8317.72337606784,"48143"
"8292","3786",5232.67618137441,"48429"
"8293","3786",5232.67618137441,"48093"
"8294","3786",5232.67618137441,"48143"
"8295","3786",5232.67618137441,"48133"
"8296","3786",5232.67618137441,"48363"
"8297","3787",13403.1683043638,"48429"
"8298","3787",13403.1683043638,"48503"
"8299","3787",13403.1683043638,"48363"
"8300","3787",13403.1683043638,"48237"
"8301","3788",3833.60519247281,"48503"
"8302","3788",3833.60519247281,"48009"
"8303","3788",3833.60519247281,"48077"
"8304","3788",3833.60519247281,"48237"
"8305","3789",49295.5962171528,"40141"
"8306","3789",49295.5962171528,"48485"
"8307","3789",49295.5962171528,"40033"
"8308","3789",49295.5962171528,"48077"
"8309","3790",88099.1885135144,"40141"
"8310","3790",88099.1885135144,"40031"
"8311","3791",5859.34801580942,"40075"
"8312","3791",5859.34801580942,"40149"
"8313","3791",5859.34801580942,"40015"
"8314","3792",2782.78367829805,"40039"
"8315","3792",2782.78367829805,"40043"
"8316","3792",2782.78367829805,"40015"
"8317","3792",2782.78367829805,"40011"
"8318","3793",3490.59166008729,"40151"
"8319","3793",3490.59166008729,"40093"
"8320","3793",3490.59166008729,"40043"
"8321","3793",3490.59166008729,"40011"
"8322","3794",6337.04445395513,"40151"
"8323","3794",6337.04445395513,"20007"
"8324","3794",6337.04445395513,"40003"
"8325","3795",2739.43027236926,"20151"
"8326","3795",2739.43027236926,"20007"
"8327","3796",2765.57611347619,"20185"
"8328","3796",2765.57611347619,"20151"
"8329","3796",2765.57611347619,"20145"
"8330","3797",22208.3875494661,"20009"
"8331","3798",1583.8576497695,"20141"
"8332","3798",1583.8576497695,"20167"
"8333","3799",1924.22983243895,"20183"
"8334","3799",1924.22983243895,"20141"
"8335","3800",1608.07417530099,"20183"
"8336","3800",1608.07417530099,"31181"
"8337","3800",1608.07417530099,"31061"
"8338","3801",6551.17933276586,"31099"
"8339","3801",6551.17933276586,"31079"
"8340","3801",6551.17933276586,"31001"
"8341","3801",6551.17933276586,"31019"
"8342","3802",2383.68043542393,"31093"
"8343","3802",2383.68043542393,"31175"
"8344","3802",2383.68043542393,"31163"
"8345","3803",746.551637340742,"31071"
"8346","3803",746.551637340742,"31077"
"8347","3803",746.551637340742,"31175"
"8348","3803",746.551637340742,"31183"
"8349","3804",504.258223517897,"31089"
"8350","3805",1383.39751695322,"31089"
"8351","3805",1383.39751695322,"46053"
"8352","3805",1383.39751695322,"31015"
"8353","3806",2349.43346799565,"46003"
"8354","3806",2349.43346799565,"46023"
"8355","3806",2349.43346799565,"46015"
"8356","3806",2349.43346799565,"46043"
"8357","3806",2349.43346799565,"46053"
"8358","3807",488.870611089861,"46073"
"8359","3807",488.870611089861,"46003"
"8360","3807",488.870611089861,"46015"
"8361","3807",488.870611089861,"46017"
"8362","3808",1988.31876087402,"46059"
"8363","3809",1221.83404154608,"46049"
"8364","3809",1221.83404154608,"46045"
"8365","3810",891.573916513322,"46089"
"8366","3810",891.573916513322,"46045"
"8367","3811",575.498961745045,"38045"
"8368","3811",575.498961745045,"38051"
"8369","3811",575.498961745045,"38021"
"8370","3811",575.498961745045,"38047"
"8371","3812",817.12235727462,"38045"
"8372","3812",817.12235727462,"38047"
"8373","3812",817.12235727462,"38093"
"8374","3813",2299.44572725908,"38103"
"8375","3813",2299.44572725908,"38031"
"8376","3813",2299.44572725908,"38093"
"8377","3814",2754.60004067318,"38005"
"8378","3814",2754.60004067318,"38071"
"8379","3814",2754.60004067318,"38103"
"8380","3814",2754.60004067318,"38027"
"8381","3815",1111.2910061886,"38005"
"8382","3815",1111.2910061886,"38071"
"8383","3815",1111.2910061886,"38095"
"8384","3815",1111.2910061886,"38019"
"8385","3816",114.720738739663,"38095"
"8386","3816",114.720738739663,"38019"
"8387","3817",100279.008840709,"48215"
"8388","3818",8481.83290907475,"48215"
"8389","3818",8481.83290907475,"48489"
"8390","3819",6089.04422661409,"48131"
"8391","3819",6089.04422661409,"48249"
"8392","3819",6089.04422661409,"48047"
"8393","3820",31040.633942391,"48273"
"8394","3820",31040.633942391,"48131"
"8395","3820",31040.633942391,"48249"
"8396","3821",3772.99773724986,"48311"
"8397","3821",3772.99773724986,"48297"
"8398","3822",1191.80902933239,"48493"
"8399","3822",1191.80902933239,"48013"
"8400","3822",1191.80902933239,"48297"
"8401","3822",1191.80902933239,"48255"
"8402","3823",183280.519013141,"48029"
"8403","3823",183280.519013141,"48187"
"8404","3823",183280.519013141,"48493"
"8405","3824",58927.8637936034,"48091"
"8406","3824",58927.8637936034,"48209"
"8407","3824",58927.8637936034,"48259"
"8408","3824",58927.8637936034,"48031"
"8409","3825",31058.6565722751,"48053"
"8410","3825",31058.6565722751,"48453"
"8411","3825",31058.6565722751,"48209"
"8412","3825",31058.6565722751,"48299"
"8413","3825",31058.6565722751,"48031"
"8414","3826",10483.0639732902,"48053"
"8415","3826",10483.0639732902,"48411"
"8416","3826",10483.0639732902,"48281"
"8417","3827",1514.36345426815,"48333"
"8418","3827",1514.36345426815,"48093"
"8419","3827",1514.36345426815,"48193"
"8420","3828",33714.9911389846,"48093"
"8421","3828",33714.9911389846,"48143"
"8422","3829",3673.54291567925,"48143"
"8423","3829",3673.54291567925,"48363"
"8424","3830",5539.96113197939,"48503"
"8425","3830",5539.96113197939,"48009"
"8426","3830",5539.96113197939,"48237"
"8427","3831",69949.9404452146,"48485"
"8428","3831",69949.9404452146,"48009"
"8429","3831",69949.9404452146,"48077"
"8430","3832",6308.84095591427,"40033"
"8431","3832",6308.84095591427,"40031"
"8432","3833",11454.7716346019,"40031"
"8433","3833",11454.7716346019,"40015"
"8434","3834",7331.52938487608,"40017"
"8435","3834",7331.52938487608,"40015"
"8436","3834",7331.52938487608,"40011"
"8437","3835",8735.77398415303,"40093"
"8438","3835",8735.77398415303,"40043"
"8439","3835",8735.77398415303,"40011"
"8440","3836",2929.3687119255,"40151"
"8441","3836",2929.3687119255,"40093"
"8442","3836",2929.3687119255,"40003"
"8443","3837",1796.19337281195,"20077"
"8444","3837",1796.19337281195,"40151"
"8445","3837",1796.19337281195,"20007"
"8446","3837",1796.19337281195,"40003"
"8447","3838",1976.71428131888,"20095"
"8448","3838",1976.71428131888,"20185"
"8449","3838",1976.71428131888,"20151"
"8450","3838",1976.71428131888,"20155"
"8451","3839",3032.07396390389,"20009"
"8452","3839",3032.07396390389,"20185"
"8453","3839",3032.07396390389,"20159"
"8454","3839",3032.07396390389,"20155"
"8455","3840",1494.89190902244,"20053"
"8456","3840",1494.89190902244,"20105"
"8457","3840",1494.89190902244,"20009"
"8458","3840",1494.89190902244,"20167"
"8459","3841",671.491430331904,"20105"
"8460","3841",671.491430331904,"20141"
"8461","3841",671.491430331904,"20123"
"8462","3841",671.491430331904,"20167"
"8463","3842",767.015584058572,"20089"
"8464","3842",767.015584058572,"20183"
"8465","3842",767.015584058572,"31181"
"8466","3843",3531.89335495691,"31181"
"8467","3843",3531.89335495691,"31099"
"8468","3843",3531.89335495691,"31001"
"8469","3843",3531.89335495691,"31061"
"8470","3844",13778.5680645533,"31093"
"8471","3844",13778.5680645533,"31163"
"8472","3844",13778.5680645533,"31079"
"8473","3844",13778.5680645533,"31019"
"8474","3845",1706.36623522837,"31077"
"8475","3845",1706.36623522837,"31093"
"8476","3845",1706.36623522837,"31175"
"8477","3845",1706.36623522837,"31163"
"8478","3846",568.61342290866,"31071"
"8479","3846",568.61342290866,"31089"
"8480","3846",568.61342290866,"31183"
"8481","3847",4057.55301278495,"31089"
"8482","3847",4057.55301278495,"31015"
"8483","3848",2347.5444887826,"46023"
"8484","3848",2347.5444887826,"46053"
"8485","3848",2347.5444887826,"31015"
"8486","3849",873.002931832416,"46003"
"8487","3849",873.002931832416,"46015"
"8488","3850",397.8487679735,"46073"
"8489","3850",397.8487679735,"46005"
"8490","3850",397.8487679735,"46059"
"8491","3850",397.8487679735,"46017"
"8492","3851",582.270017662504,"46049"
"8493","3851",582.270017662504,"46059"
"8494","3851",582.270017662504,"46115"
"8495","3852",1458.01147843848,"46049"
"8496","3852",1458.01147843848,"46045"
"8497","3852",1458.01147843848,"46115"
"8498","3852",1458.01147843848,"46013"
"8499","3853",498.251514118331,"38051"
"8500","3853",498.251514118331,"46089"
"8501","3853",498.251514118331,"38021"
"8502","3853",498.251514118331,"46013"
"8503","3854",914.967978640744,"38045"
"8504","3854",914.967978640744,"38047"
"8505","3854",914.967978640744,"38093"
"8506","3855",1909.59167539649,"38093"
"8507","3856",457.226546825646,"38027"
"8508","3856",457.226546825646,"38031"
"8509","3857",9394.15899277136,"38005"
"8510","3857",9394.15899277136,"38071"
"8511","3858",481.239441622831,"38095"
"8512","3858",481.239441622831,"38019"
"8513","3859",351538.610143967,"48215"
"8514","3859",351538.610143967,"48061"
"8515","3859",351538.610143967,"48489"
"8516","3860",242.183058196242,"48261"
"8517","3860",242.183058196242,"48215"
"8518","3860",242.183058196242,"48047"
"8519","3861",28207.1961296539,"48273"
"8520","3861",28207.1961296539,"48249"
"8521","3861",28207.1961296539,"48047"
"8522","3862",10067.1121540409,"48409"
"8523","3862",10067.1121540409,"48355"
"8524","3862",10067.1121540409,"48249"
"8525","3862",10067.1121540409,"48297"
"8526","3863",3648.08081674131,"48025"
"8527","3863",3648.08081674131,"48297"
"8528","3863",3648.08081674131,"48255"
"8529","3864",20967.0369189229,"48493"
"8530","3864",20967.0369189229,"48255"
"8531","3865",190371.882897259,"48029"
"8532","3865",190371.882897259,"48091"
"8533","3865",190371.882897259,"48187"
"8534","3865",190371.882897259,"48209"
"8535","3866",76065.2853323743,"48453"
"8536","3866",76065.2853323743,"48209"
"8537","3866",76065.2853323743,"48031"
"8538","3867",27078.9400513877,"48053"
"8539","3867",27078.9400513877,"48453"
"8540","3867",27078.9400513877,"48491"
"8541","3868",2282.77018582799,"48333"
"8542","3868",2282.77018582799,"48281"
"8543","3868",2282.77018582799,"48193"
"8544","3868",2282.77018582799,"48099"
"8545","3869",7254.2580223041,"48035"
"8546","3869",7254.2580223041,"48093"
"8547","3869",7254.2580223041,"48143"
"8548","3869",7254.2580223041,"48193"
"8549","3870",7218.31705822178,"48143"
"8550","3870",7218.31705822178,"48367"
"8551","3870",7218.31705822178,"48221"
"8552","3870",7218.31705822178,"48363"
"8553","3871",9183.93018416911,"48367"
"8554","3871",9183.93018416911,"48363"
"8555","3871",9183.93018416911,"48237"
"8556","3872",1637.48714422467,"48337"
"8557","3872",1637.48714422467,"48077"
"8558","3872",1637.48714422467,"48237"
"8559","3873",4045.51662314222,"40067"
"8560","3873",4045.51662314222,"40033"
"8561","3873",4045.51662314222,"48077"
"8562","3874",31872.7220938364,"40033"
"8563","3874",31872.7220938364,"40031"
"8564","3874",31872.7220938364,"40137"
"8565","3874",31872.7220938364,"40051"
"8566","3875",11653.9885749316,"40015"
"8567","3875",11653.9885749316,"40051"
"8568","3876",3235.1085452686,"40073"
"8569","3876",3235.1085452686,"40017"
"8570","3876",3235.1085452686,"40011"
"8571","3877",4018.4546014242,"40073"
"8572","3877",4018.4546014242,"40093"
"8573","3877",4018.4546014242,"40047"
"8574","3877",4018.4546014242,"40003"
"8575","3877",4018.4546014242,"40011"
"8576","3878",2135.77795003599,"20077"
"8577","3878",2135.77795003599,"40053"
"8578","3878",2135.77795003599,"40003"
"8579","3879",1497.96070193697,"20095"
"8580","3879",1497.96070193697,"20077"
"8581","3879",1497.96070193697,"20151"
"8582","3879",1497.96070193697,"20007"
"8583","3880",2187.66119528578,"20185"
"8584","3880",2187.66119528578,"20155"
"8585","3881",2419.83911954698,"20053"
"8586","3881",2419.83911954698,"20009"
"8587","3881",2419.83911954698,"20159"
"8588","3882",2369.43743340579,"20053"
"8589","3882",2369.43743340579,"20105"
"8590","3882",2369.43743340579,"20141"
"8591","3882",2369.43743340579,"20123"
"8592","3882",2369.43743340579,"20167"
"8593","3883",2412.75199866465,"20089"
"8594","3883",2412.75199866465,"20183"
"8595","3883",2412.75199866465,"20141"
"8596","3883",2412.75199866465,"20123"
"8597","3884",2000.74860793105,"20089"
"8598","3884",2000.74860793105,"31181"
"8599","3884",2000.74860793105,"31129"
"8600","3885",30401.9630421235,"31035"
"8601","3885",30401.9630421235,"31081"
"8602","3885",30401.9630421235,"31079"
"8603","3885",30401.9630421235,"31001"
"8604","3886",5237.01955290072,"31077"
"8605","3886",5237.01955290072,"31093"
"8606","3886",5237.01955290072,"31121"
"8607","3886",5237.01955290072,"31125"
"8608","3887",1163.93893824749,"31003"
"8609","3887",1163.93893824749,"31077"
"8610","3887",1163.93893824749,"31183"
"8611","3887",1163.93893824749,"31011"
"8612","3888",1780.06137385955,"31003"
"8613","3888",1780.06137385955,"31089"
"8614","3888",1780.06137385955,"31107"
"8615","3889",1421.07636994474,"46023"
"8616","3889",1421.07636994474,"31089"
"8617","3889",1421.07636994474,"31107"
"8618","3889",1421.07636994474,"46053"
"8619","3889",1421.07636994474,"31015"
"8620","3890",1823.96036083844,"46003"
"8621","3890",1823.96036083844,"46023"
"8622","3890",1823.96036083844,"46035"
"8623","3890",1823.96036083844,"46043"
"8624","3891",1430.59008299558,"46073"
"8625","3891",1430.59008299558,"46003"
"8626","3891",1430.59008299558,"46111"
"8627","3892",1332.16478050943,"46005"
"8628","3892",1332.16478050943,"46059"
"8629","3892",1332.16478050943,"46115"
"8630","3893",1068.63079325484,"46049"
"8631","3893",1068.63079325484,"46115"
"8632","3893",1068.63079325484,"46013"
"8633","3894",2567.96914552637,"46089"
"8634","3894",2567.96914552637,"46045"
"8635","3894",2567.96914552637,"46013"
"8636","3895",764.405982340916,"38045"
"8637","3895",764.405982340916,"38021"
"8638","3896",15523.0511619957,"38003"
"8639","3896",15523.0511619957,"38045"
"8640","3896",15523.0511619957,"38093"
"8641","3897",652.728093839957,"38003"
"8642","3897",652.728093839957,"38039"
"8643","3897",652.728093839957,"38031"
"8644","3897",652.728093839957,"38093"
"8645","3898",1874.4581706859,"38005"
"8646","3898",1874.4581706859,"38071"
"8647","3898",1874.4581706859,"38027"
"8648","3898",1874.4581706859,"38063"
"8649","3899",645.97082455812,"38071"
"8650","3899",645.97082455812,"38019"
"8651","3900",139.50403668847,"38019"
"8652","3901",63690.5880166501,"48215"
"8653","3901",63690.5880166501,"48061"
"8654","3902",19345.6125200585,"48261"
"8655","3902",19345.6125200585,"48215"
"8656","3902",19345.6125200585,"48489"
"8657","3903",1014.64093743435,"48261"
"8658","3903",1014.64093743435,"48273"
"8659","3903",1014.64093743435,"48047"
"8660","3904",25002.1117841796,"48273"
"8661","3904",25002.1117841796,"48355"
"8662","3904",25002.1117841796,"48249"
"8663","3905",13768.0676010125,"48025"
"8664","3905",13768.0676010125,"48409"
"8665","3905",13768.0676010125,"48297"
"8666","3906",11856.7618661079,"48025"
"8667","3906",11856.7618661079,"48175"
"8668","3906",11856.7618661079,"48297"
"8669","3906",11856.7618661079,"48255"
"8670","3907",18985.4595434481,"48187"
"8671","3907",18985.4595434481,"48493"
"8672","3907",18985.4595434481,"48177"
"8673","3908",195836.63339737,"48055"
"8674","3908",195836.63339737,"48453"
"8675","3908",195836.63339737,"48091"
"8676","3908",195836.63339737,"48187"
"8677","3908",195836.63339737,"48209"
"8678","3909",499271.282352479,"48053"
"8679","3909",499271.282352479,"48453"
"8680","3909",499271.282352479,"48491"
"8681","3910",165767.218687624,"48053"
"8682","3910",165767.218687624,"48281"
"8683","3910",165767.218687624,"48027"
"8684","3910",165767.218687624,"48099"
"8685","3910",165767.218687624,"48491"
"8686","3911",2327.72778447898,"48035"
"8687","3911",2327.72778447898,"48193"
"8688","3911",2327.72778447898,"48099"
"8689","3912",7174.86463981896,"48035"
"8690","3912",7174.86463981896,"48143"
"8691","3912",7174.86463981896,"48221"
"8692","3912",7174.86463981896,"48193"
"8693","3912",7174.86463981896,"48425"
"8694","3913",67953.1693324962,"48367"
"8695","3913",67953.1693324962,"48221"
"8696","3913",67953.1693324962,"48363"
"8697","3914",9424.61979582569,"48337"
"8698","3914",9424.61979582569,"48497"
"8699","3914",9424.61979582569,"48237"
"8700","3915",1436.0140453779,"40067"
"8701","3915",1436.0140453779,"48337"
"8702","3915",1436.0140453779,"48077"
"8703","3916",27790.162330134,"40067"
"8704","3916",27790.162330134,"40033"
"8705","3916",27790.162330134,"40137"
"8706","3917",28788.5895505117,"40031"
"8707","3917",28788.5895505117,"40015"
"8708","3917",28788.5895505117,"40051"
"8709","3918",28419.718229637,"40017"
"8710","3918",28419.718229637,"40015"
"8711","3918",28419.718229637,"40051"
"8712","3919",5832.35616568497,"40073"
"8713","3919",5832.35616568497,"40093"
"8714","3919",5832.35616568497,"40047"
"8715","3919",5832.35616568497,"40011"
"8716","3920",3425.23013951767,"40093"
"8717","3920",3425.23013951767,"40053"
"8718","3920",3425.23013951767,"40047"
"8719","3920",3425.23013951767,"40003"
"8720","3921",3031.70234639092,"20077"
"8721","3921",3031.70234639092,"40053"
"8722","3921",3031.70234639092,"40003"
"8723","3922",5124.44743199419,"20095"
"8724","3922",5124.44743199419,"20155"
"8725","3923",10687.9486433478,"20113"
"8726","3923",10687.9486433478,"20159"
"8727","3923",10687.9486433478,"20155"
"8728","3924",4312.32856019705,"20053"
"8729","3924",4312.32856019705,"20105"
"8730","3924",4312.32856019705,"20169"
"8731","3925",4197.04221272364,"20143"
"8732","3925",4197.04221272364,"20105"
"8733","3925",4197.04221272364,"20029"
"8734","3925",4197.04221272364,"20123"
"8735","3926",1718.17568780685,"20089"
"8736","3926",1718.17568780685,"31129"
"8737","3927",3336.61037649039,"31035"
"8738","3927",3336.61037649039,"31181"
"8739","3927",3336.61037649039,"31129"
"8740","3927",3336.61037649039,"31001"
"8741","3928",52143.4789819187,"31081"
"8742","3928",52143.4789819187,"31093"
"8743","3928",52143.4789819187,"31121"
"8744","3928",52143.4789819187,"31079"
"8745","3929",1168.76727144337,"31077"
"8746","3929",1168.76727144337,"31093"
"8747","3929",1168.76727144337,"31121"
"8748","3929",1168.76727144337,"31125"
"8749","3929",1168.76727144337,"31011"
"8750","3930",3395.91757372134,"31003"
"8751","3930",3395.91757372134,"31089"
"8752","3930",3395.91757372134,"31183"
"8753","3930",3395.91757372134,"31011"
"8754","3931",1149.07848058793,"31089"
"8755","3931",1149.07848058793,"31107"
"8756","3931",1149.07848058793,"31015"
"8757","3932",4327.41194546906,"46067"
"8758","3932",4327.41194546906,"46009"
"8759","3932",4327.41194546906,"46023"
"8760","3932",4327.41194546906,"46043"
"8761","3933",3621.53602249967,"46003"
"8762","3933",3621.53602249967,"46111"
"8763","3933",3621.53602249967,"46035"
"8764","3934",14824.5080171527,"46073"
"8765","3934",14824.5080171527,"46111"
"8766","3934",14824.5080171527,"46005"
"8767","3935",3419.8739577932,"46115"
"8768","3936",30454.2365026586,"46115"
"8769","3936",30454.2365026586,"46013"
"8770","3937",2507.89022266756,"38021"
"8771","3937",2507.89022266756,"46013"
"8772","3938",1645.64072528651,"38003"
"8773","3938",1645.64072528651,"38045"
"8774","3938",1645.64072528651,"38093"
"8775","3939",1125.37116416659,"38003"
"8776","3939",1125.37116416659,"38039"
"8777","3939",1125.37116416659,"38093"
"8778","3940",685.120796649384,"38027"
"8779","3940",685.120796649384,"38039"
"8780","3940",685.120796649384,"38031"
"8781","3940",685.120796649384,"38063"
"8782","3941",1073.35232706472,"38099"
"8783","3941",1073.35232706472,"38071"
"8784","3941",1073.35232706472,"38063"
"8785","3942",1995.7687487021,"38019"
"8786","3943",137176.60301942,"48061"
"8787","3943",137176.60301942,"48489"
"8788","3944",57.075194953544,"48261"
"8789","3945",1929.2086808514,"48261"
"8790","3945",1929.2086808514,"48273"
"8791","3945",1929.2086808514,"48355"
"8792","3946",42990.9037488815,"48025"
"8793","3946",42990.9037488815,"48409"
"8794","3946",42990.9037488815,"48355"
"8795","3946",42990.9037488815,"48249"
"8796","3947",17416.8528023036,"48025"
"8797","3947",17416.8528023036,"48175"
"8798","3947",17416.8528023036,"48255"
"8799","3948",1170.45835001386,"48493"
"8800","3948",1170.45835001386,"48177"
"8801","3948",1170.45835001386,"48123"
"8802","3948",1170.45835001386,"48255"
"8803","3949",15779.8043510776,"48055"
"8804","3949",15779.8043510776,"48187"
"8805","3949",15779.8043510776,"48177"
"8806","3950",826491.159943219,"48055"
"8807","3950",826491.159943219,"48453"
"8808","3950",826491.159943219,"48021"
"8809","3950",826491.159943219,"48209"
"8810","3951",124790.905159418,"48053"
"8811","3951",124790.905159418,"48027"
"8812","3951",124790.905159418,"48491"
"8813","3952",22254.7229642632,"48027"
"8814","3952",22254.7229642632,"48099"
"8815","3953",8557.08248159101,"48035"
"8816","3953",8557.08248159101,"48193"
"8817","3954",64991.0316884492,"48251"
"8818","3954",64991.0316884492,"48367"
"8819","3954",64991.0316884492,"48221"
"8820","3954",64991.0316884492,"48425"
"8821","3955",47623.2341226727,"48497"
"8822","3955",47623.2341226727,"48367"
"8823","3955",47623.2341226727,"48237"
"8824","3956",12977.8352047148,"48337"
"8825","3956",12977.8352047148,"48497"
"8826","3956",12977.8352047148,"48237"
"8827","3957",1495.39127489944,"40067"
"8828","3957",1495.39127489944,"48337"
"8829","3957",1495.39127489944,"48077"
"8830","3958",15088.6761998241,"40137"
"8831","3958",15088.6761998241,"40049"
"8832","3958",15088.6761998241,"40051"
"8833","3959",37087.9243862929,"40017"
"8834","3959",37087.9243862929,"40051"
"8835","3959",37087.9243862929,"40087"
"8836","3960",22429.0488009742,"40073"
"8837","3960",22429.0488009742,"40017"
"8838","3960",22429.0488009742,"40109"
"8839","3960",22429.0488009742,"40083"
"8840","3961",54904.6815385274,"40073"
"8841","3961",54904.6815385274,"40047"
"8842","3962",1613.86000458716,"20077"
"8843","3962",1613.86000458716,"40053"
"8844","3962",1613.86000458716,"20191"
"8845","3963",3545.19546374311,"20095"
"8846","3963",3545.19546374311,"20077"
"8847","3963",3545.19546374311,"20173"
"8848","3963",3545.19546374311,"20191"
"8849","3964",51465.6858837075,"20173"
"8850","3964",51465.6858837075,"20079"
"8851","3964",51465.6858837075,"20155"
"8852","3965",2575.43107874839,"20053"
"8853","3965",2575.43107874839,"20113"
"8854","3965",2575.43107874839,"20159"
"8855","3965",2575.43107874839,"20169"
"8856","3966",1744.34771464694,"20143"
"8857","3966",1744.34771464694,"20105"
"8858","3966",1744.34771464694,"20169"
"8859","3966",1744.34771464694,"20123"
"8860","3967",988.649888449213,"20029"
"8861","3967",988.649888449213,"20089"
"8862","3967",988.649888449213,"20123"
"8863","3967",988.649888449213,"20157"
"8864","3968",3046.57735817016,"20089"
"8865","3968",3046.57735817016,"31169"
"8866","3968",3046.57735817016,"20157"
"8867","3968",3046.57735817016,"31129"
"8868","3969",7198.07778204717,"31035"
"8869","3969",7198.07778204717,"31081"
"8870","3969",7198.07778204717,"31185"
"8871","3969",7198.07778204717,"31059"
"8872","3970",6141.01085625619,"31081"
"8873","3970",6141.01085625619,"31121"
"8874","3970",6141.01085625619,"31125"
"8875","3970",6141.01085625619,"31143"
"8876","3971",3809.92624243357,"31003"
"8877","3971",3809.92624243357,"31119"
"8878","3971",3809.92624243357,"31141"
"8879","3971",3809.92624243357,"31011"
"8880","3972",2948.73150041512,"31003"
"8881","3972",2948.73150041512,"31139"
"8882","3972",2948.73150041512,"31107"
"8883","3973",5588.21764559656,"46009"
"8884","3973",5588.21764559656,"46023"
"8885","3973",5588.21764559656,"31107"
"8886","3974",3513.25818587862,"46067"
"8887","3974",3513.25818587862,"46035"
"8888","3974",3513.25818587862,"46043"
"8889","3974",3513.25818587862,"46061"
"8890","3975",1685.27536865382,"46111"
"8891","3975",1685.27536865382,"46035"
"8892","3975",1685.27536865382,"46005"
"8893","3975",1685.27536865382,"46097"
"8894","3976",989.140035429908,"46005"
"8895","3976",989.140035429908,"46077"
"8896","3976",989.140035429908,"46115"
"8897","3976",989.140035429908,"46025"
"8898","3977",481.150608158716,"46115"
"8899","3977",481.150608158716,"46037"
"8900","3977",481.150608158716,"46025"
"8901","3977",481.150608158716,"46013"
"8902","3978",1198.15751947621,"46091"
"8903","3978",1198.15751947621,"46037"
"8904","3978",1198.15751947621,"46013"
"8905","3979",2481.34476343252,"38045"
"8906","3979",2481.34476343252,"38021"
"8907","3979",2481.34476343252,"38073"
"8908","3979",2481.34476343252,"38081"
"8909","3980",2914.23806713337,"38003"
"8910","3980",2914.23806713337,"38045"
"8911","3981",1631.01323436685,"38003"
"8912","3981",1631.01323436685,"38039"
"8913","3981",1631.01323436685,"38091"
"8914","3982",1101.15697546608,"38063"
"8915","3983",596.08532324841,"38099"
"8916","3983",596.08532324841,"38071"
"8917","3983",596.08532324841,"38019"
"8918","3984",127.285272923053,"38019"
"8919","3985",275405.465235232,"48061"
"8920","3986",290.130376141128,"48261"
"8921","3986",290.130376141128,"48489"
"8922","3987",0,"48261"
"8923","3987",0,"48273"
"8924","3988",281025.301879958,"48273"
"8925","3988",281025.301879958,"48409"
"8926","3988",281025.301879958,"48355"
"8927","3989",3097.92447133834,"48025"
"8928","3989",3097.92447133834,"48409"
"8929","3989",3097.92447133834,"48175"
"8930","3989",3097.92447133834,"48391"
"8931","3990",5337.16984520712,"48175"
"8932","3990",5337.16984520712,"48123"
"8933","3990",5337.16984520712,"48255"
"8934","3991",11170.0526744935,"48177"
"8935","3991",11170.0526744935,"48123"
"8936","3992",36457.3399471454,"48055"
"8937","3992",36457.3399471454,"48021"
"8938","3993",444606.22172199,"48453"
"8939","3993",444606.22172199,"48021"
"8940","3993",444606.22172199,"48491"
"8941","3994",232926.112430844,"48027"
"8942","3995",7530.09562789726,"48035"
"8943","3995",7530.09562789726,"48309"
"8944","3995",7530.09562789726,"48099"
"8945","3996",10855.0859515836,"48035"
"8946","3996",10855.0859515836,"48251"
"8947","3996",10855.0859515836,"48217"
"8948","3996",10855.0859515836,"48425"
"8949","3997",328165.18299732,"48251"
"8950","3997",328165.18299732,"48367"
"8951","3997",328165.18299732,"48221"
"8952","3997",328165.18299732,"48439"
"8953","3998",33204.4943681565,"48337"
"8954","3998",33204.4943681565,"48497"
"8955","3998",33204.4943681565,"48121"
"8956","3999",7268.20880642749,"40067"
"8957","3999",7268.20880642749,"48337"
"8958","3999",7268.20880642749,"48097"
"8959","3999",7268.20880642749,"40085"
"8960","4000",4878.38300911575,"40067"
"8961","4000",4878.38300911575,"40019"
"8962","4000",4878.38300911575,"40137"
"8963","4000",4878.38300911575,"40049"
"8964","4001",13566.3781397701,"40049"
"8965","4001",13566.3781397701,"40051"
"8966","4001",13566.3781397701,"40087"
"8967","4002",665431.427619662,"40027"
"8968","4002",665431.427619662,"40017"
"8969","4002",665431.427619662,"40109"
"8970","4002",665431.427619662,"40051"
"8971","4002",665431.427619662,"40087"
"8972","4003",5577.83091325553,"40073"
"8973","4003",5577.83091325553,"40047"
"8974","4003",5577.83091325553,"40083"
"8975","4004",3486.61546328013,"40103"
"8976","4004",3486.61546328013,"40053"
"8977","4004",3486.61546328013,"40047"
"8978","4004",3486.61546328013,"40071"
"8979","4005",1935.08865722562,"20077"
"8980","4005",1935.08865722562,"40053"
"8981","4005",1935.08865722562,"20191"
"8982","4006",45614.1238743532,"20095"
"8983","4006",45614.1238743532,"20173"
"8984","4006",45614.1238743532,"20155"
"8985","4007",21263.5006083796,"20113"
"8986","4007",21263.5006083796,"20079"
"8987","4007",21263.5006083796,"20155"
"8988","4008",53436.7024766721,"20143"
"8989","4008",53436.7024766721,"20113"
"8990","4008",53436.7024766721,"20169"
"8991","4009",1527.99203538415,"20143"
"8992","4009",1527.99203538415,"20029"
"8993","4010",3508.37967320826,"20089"
"8994","4010",3508.37967320826,"31169"
"8995","4010",3508.37967320826,"20157"
"8996","4010",3508.37967320826,"31129"
"8997","4011",3789.10990890095,"31035"
"8998","4011",3789.10990890095,"31169"
"8999","4011",3789.10990890095,"31129"
"9000","4011",3789.10990890095,"31059"
"9001","4012",7286.97097309439,"31081"
"9002","4012",7286.97097309439,"31143"
"9003","4012",7286.97097309439,"31185"
"9004","4013",3450.86927004731,"31141"
"9005","4013",3450.86927004731,"31121"
"9006","4013",3450.86927004731,"31125"
"9007","4013",3450.86927004731,"31011"
"9008","4014",4034.10857087018,"31003"
"9009","4014",4034.10857087018,"31119"
"9010","4014",4034.10857087018,"31139"
"9011","4015",2173.41681967384,"31107"
"9012","4016",2635.85007311032,"46067"
"9013","4016",2635.85007311032,"46009"
"9014","4016",2635.85007311032,"46135"
"9015","4017",18714.5843221046,"46111"
"9016","4017",18714.5843221046,"46035"
"9017","4017",18714.5843221046,"46087"
"9018","4017",18714.5843221046,"46097"
"9019","4017",18714.5843221046,"46061"
"9020","4018",1136.96797560417,"46111"
"9021","4018",1136.96797560417,"46005"
"9022","4018",1136.96797560417,"46077"
"9023","4018",1136.96797560417,"46097"
"9024","4019",1913.86929419002,"46115"
"9025","4019",1913.86929419002,"46025"
"9026","4020",2011.42917897884,"46037"
"9027","4020",2011.42917897884,"46013"
"9028","4021",719.230933902129,"46091"
"9029","4021",719.230933902129,"38021"
"9030","4021",719.230933902129,"46013"
"9031","4021",719.230933902129,"38081"
"9032","4022",2830.36631087855,"38003"
"9033","4022",2830.36631087855,"38045"
"9034","4022",2830.36631087855,"38073"
"9035","4023",5373.06895570653,"38017"
"9036","4023",5373.06895570653,"38003"
"9037","4023",5373.06895570653,"38039"
"9038","4023",5373.06895570653,"38091"
"9039","4024",1163.0594249458,"38035"
"9040","4024",1163.0594249458,"38039"
"9041","4024",1163.0594249458,"38063"
"9042","4024",1163.0594249458,"38091"
"9043","4025",820.66031914445,"38099"
"9044","4025",820.66031914445,"38035"
"9045","4025",820.66031914445,"38063"
"9046","4026",921.186636421764,"38067"
"9047","4026",921.186636421764,"38019"
"9048","4027",770.05930369251,"48061"
"9049","4028",1817.60588722037,"48061"
"9050","4028",1817.60588722037,"48489"
"9051","4029",0,"48261"
"9052","4030",161.618117514537,"48261"
"9053","4030",161.618117514537,"48273"
"9054","4030",161.618117514537,"48355"
"9055","4031",41611.9497383522,"48007"
"9056","4031",41611.9497383522,"48409"
"9057","4031",41611.9497383522,"48391"
"9058","4031",41611.9497383522,"48355"
"9059","4032",3474.07512631672,"48025"
"9060","4032",3474.07512631672,"48175"
"9061","4032",3474.07512631672,"48391"
"9062","4032",3474.07512631672,"48469"
"9063","4033",11401.6753869328,"48177"
"9064","4033",11401.6753869328,"48123"
"9065","4034",5789.11425888287,"48055"
"9066","4034",5789.11425888287,"48285"
"9067","4034",5789.11425888287,"48149"
"9068","4034",5789.11425888287,"48177"
"9069","4034",5789.11425888287,"48021"
"9070","4035",68189.8335578315,"48453"
"9071","4035",68189.8335578315,"48287"
"9072","4035",68189.8335578315,"48021"
"9073","4036",14895.6352047344,"48331"
"9074","4036",14895.6352047344,"48027"
"9075","4036",14895.6352047344,"48491"
"9076","4037",33787.9709510234,"48309"
"9077","4037",33787.9709510234,"48145"
"9078","4037",33787.9709510234,"48027"
"9079","4037",33787.9709510234,"48099"
"9080","4038",16015.5906813191,"48035"
"9081","4038",16015.5906813191,"48309"
"9082","4038",16015.5906813191,"48217"
"9083","4039",187926.459913693,"48251"
"9084","4039",187926.459913693,"48439"
"9085","4040",419467.7129424,"48497"
"9086","4040",419467.7129424,"48367"
"9087","4040",419467.7129424,"48439"
"9088","4040",419467.7129424,"48121"
"9089","4041",7420.05273282796,"48337"
"9090","4041",7420.05273282796,"48497"
"9091","4041",7420.05273282796,"48097"
"9092","4041",7420.05273282796,"48121"
"9093","4042",13930.840726188,"40067"
"9094","4042",13930.840726188,"40019"
"9095","4042",13930.840726188,"40085"
"9096","4043",9230.70500056366,"40019"
"9097","4043",9230.70500056366,"40099"
"9098","4043",9230.70500056366,"40137"
"9099","4043",9230.70500056366,"40049"
"9100","4044",220066.496316573,"40027"
"9101","4044",220066.496316573,"40109"
"9102","4044",220066.496316573,"40087"
"9103","4045",177541.921838255,"40109"
"9104","4045",177541.921838255,"40083"
"9105","4046",7762.17470995958,"40103"
"9106","4046",7762.17470995958,"40047"
"9107","4046",7762.17470995958,"40119"
"9108","4046",7762.17470995958,"40083"
"9109","4047",8348.32186486255,"40053"
"9110","4047",8348.32186486255,"40071"
"9111","4047",8348.32186486255,"20191"
"9112","4048",19665.376386922,"20173"
"9113","4048",19665.376386922,"20191"
"9114","4049",42312.4075926012,"20173"
"9115","4049",42312.4075926012,"20079"
"9116","4050",7623.71300377733,"20113"
"9117","4050",7623.71300377733,"20169"
"9118","4050",7623.71300377733,"20041"
"9119","4050",7623.71300377733,"20115"
"9120","4051",5293.43139341539,"20143"
"9121","4051",5293.43139341539,"20027"
"9122","4051",5293.43139341539,"20169"
"9123","4051",5293.43139341539,"20041"
"9124","4052",7013.74717917612,"20029"
"9125","4052",7013.74717917612,"20027"
"9126","4052",7013.74717917612,"20201"
"9127","4052",7013.74717917612,"20157"
"9128","4053",3331.83438935888,"31095"
"9129","4053",3331.83438935888,"31169"
"9130","4053",3331.83438935888,"20157"
"9131","4054",6530.94681187784,"31151"
"9132","4054",6530.94681187784,"31159"
"9133","4054",6530.94681187784,"31185"
"9134","4054",6530.94681187784,"31059"
"9135","4055",5490.12990266822,"31023"
"9136","4055",5490.12990266822,"31141"
"9137","4055",5490.12990266822,"31121"
"9138","4055",5490.12990266822,"31125"
"9139","4055",5490.12990266822,"31143"
"9140","4056",5813.35750710938,"31167"
"9141","4056",5813.35750710938,"31119"
"9142","4056",5813.35750710938,"31141"
"9143","4057",5871.77928818805,"31139"
"9144","4057",5871.77928818805,"31179"
"9145","4057",5871.77928818805,"31027"
"9146","4057",5871.77928818805,"31107"
"9147","4058",20629.9737463429,"46009"
"9148","4058",20629.9737463429,"46135"
"9149","4058",20629.9737463429,"31027"
"9150","4058",20629.9737463429,"31107"
"9151","4059",2984.34021590663,"46067"
"9152","4059",2984.34021590663,"46087"
"9153","4059",2984.34021590663,"46125"
"9154","4059",2984.34021590663,"46061"
"9155","4060",1617.32645450723,"46077"
"9156","4060",1617.32645450723,"46087"
"9157","4060",1617.32645450723,"46097"
"9158","4060",1617.32645450723,"46061"
"9159","4061",1681.63024250723,"46077"
"9160","4061",1681.63024250723,"46057"
"9161","4061",1681.63024250723,"46025"
"9162","4062",720.657498867388,"46037"
"9163","4062",720.657498867388,"46029"
"9164","4062",720.657498867388,"46025"
"9165","4063",2171.4380762582,"46091"
"9166","4063",2171.4380762582,"46037"
"9167","4064",2789.72392486743,"38073"
"9168","4064",2789.72392486743,"38081"
"9169","4065",1666.34289482953,"38017"
"9170","4065",1666.34289482953,"38003"
"9171","4065",1666.34289482953,"38073"
"9172","4066",766.595732253617,"38017"
"9173","4066",766.595732253617,"38003"
"9174","4066",766.595732253617,"38097"
"9175","4066",766.595732253617,"38091"
"9176","4067",2627.90094834808,"38035"
"9177","4067",2627.90094834808,"38063"
"9178","4068",3108.57133210956,"38099"
"9179","4068",3108.57133210956,"38067"
"9180","4068",3108.57133210956,"38019"
"9181","4069",1367.08024216367,"38067"
"9182","4069",1367.08024216367,"38019"
"9183","4070",14377.6182281333,"48061"
"9184","4071",0,"48489"
"9185","4072",25724.6764121852,"48007"
"9186","4072",25724.6764121852,"48273"
"9187","4072",25724.6764121852,"48409"
"9188","4072",25724.6764121852,"48355"
"9189","4073",4029.21666149836,"48007"
"9190","4073",4029.21666149836,"48391"
"9191","4074",77180.5677529819,"48175"
"9192","4074",77180.5677529819,"48469"
"9193","4074",77180.5677529819,"48123"
"9194","4075",14077.718021341,"48285"
"9195","4075",14077.718021341,"48177"
"9196","4075",14077.718021341,"48123"
"9197","4076",14439.267782878,"48287"
"9198","4076",14439.267782878,"48149"
"9199","4076",14439.267782878,"48021"
"9200","4077",11629.7665102947,"48287"
"9201","4077",11629.7665102947,"48021"
"9202","4077",11629.7665102947,"48331"
"9203","4077",11629.7665102947,"48491"
"9204","4078",35233.8155212726,"48145"
"9205","4078",35233.8155212726,"48331"
"9206","4078",35233.8155212726,"48027"
"9207","4079",206897.039579708,"48309"
"9208","4080",20988.5273742306,"48251"
"9209","4080",20988.5273742306,"48139"
"9210","4080",20988.5273742306,"48217"
"9211","4081",1438392.6478126,"48251"
"9212","4081",1438392.6478126,"48113"
"9213","4081",1438392.6478126,"48439"
"9214","4082",244291.308361234,"48497"
"9215","4082",244291.308361234,"48097"
"9216","4082",244291.308361234,"48121"
"9217","4083",8343.29756565765,"48097"
"9218","4083",8343.29756565765,"40085"
"9219","4084",8156.67214073119,"40019"
"9220","4084",8156.67214073119,"40099"
"9221","4084",8156.67214073119,"40049"
"9222","4085",24984.4994279655,"40027"
"9223","4085",24984.4994279655,"40125"
"9224","4085",24984.4994279655,"40049"
"9225","4085",24984.4994279655,"40087"
"9226","4086",144398.633728119,"40027"
"9227","4086",144398.633728119,"40125"
"9228","4086",144398.633728119,"40081"
"9229","4086",144398.633728119,"40109"
"9230","4087",41282.9235584071,"40103"
"9231","4087",41282.9235584071,"40081"
"9232","4087",41282.9235584071,"40119"
"9233","4087",41282.9235584071,"40083"
"9234","4088",6849.68124420471,"40113"
"9235","4088",6849.68124420471,"40103"
"9236","4088",6849.68124420471,"40071"
"9237","4089",3252.97605925704,"40071"
"9238","4089",3252.97605925704,"20191"
"9239","4089",3252.97605925704,"20035"
"9240","4090",482149.339128384,"20015"
"9241","4090",482149.339128384,"20173"
"9242","4091",12524.9916563434,"20113"
"9243","4091",12524.9916563434,"20079"
"9244","4091",12524.9916563434,"20115"
"9245","4092",10443.0082124018,"20169"
"9246","4092",10443.0082124018,"20041"
"9247","4092",10443.0082124018,"20115"
"9248","4093",6088.43922896016,"20143"
"9249","4093",6088.43922896016,"20029"
"9250","4093",6088.43922896016,"20027"
"9251","4094",1064.57612637682,"31095"
"9252","4094",1064.57612637682,"31169"
"9253","4094",1064.57612637682,"20201"
"9254","4094",1064.57612637682,"20157"
"9255","4095",1930.40829997514,"31151"
"9256","4095",1930.40829997514,"31095"
"9257","4095",1930.40829997514,"31169"
"9258","4095",1930.40829997514,"31059"
"9259","4096",3639.92517275886,"31023"
"9260","4096",3639.92517275886,"31159"
"9261","4096",3639.92517275886,"31143"
"9262","4096",3639.92517275886,"31185"
"9263","4097",29261.4334346222,"31037"
"9264","4097",29261.4334346222,"31023"
"9265","4097",29261.4334346222,"31141"
"9266","4097",29261.4334346222,"31143"
"9267","4098",31373.4300155423,"31167"
"9268","4098",31373.4300155423,"31119"
"9269","4098",31373.4300155423,"31139"
"9270","4098",31373.4300155423,"31179"
"9271","4099",4648.51639567125,"31027"
"9272","4099",4648.51639567125,"31107"
"9273","4100",3099.10706785114,"46067"
"9274","4100",3099.10706785114,"46125"
"9275","4100",3099.10706785114,"46135"
"9276","4101",3673.79215794202,"46079"
"9277","4101",3673.79215794202,"46087"
"9278","4101",3673.79215794202,"46097"
"9279","4102",2568.73448922399,"46079"
"9280","4102",2568.73448922399,"46077"
"9281","4102",2568.73448922399,"46097"
"9282","4103",3795.69277739205,"46057"
"9283","4103",3795.69277739205,"46029"
"9284","4103",3795.69277739205,"46025"
"9285","4104",3823.63268783169,"46109"
"9286","4104",3823.63268783169,"46091"
"9287","4104",3823.63268783169,"46037"
"9288","4105",1369.14392352899,"46109"
"9289","4105",1369.14392352899,"46091"
"9290","4105",1369.14392352899,"38081"
"9291","4105",1369.14392352899,"38077"
"9292","4106",1788.74807210661,"38017"
"9293","4106",1788.74807210661,"38073"
"9294","4106",1788.74807210661,"38077"
"9295","4107",1385.54750130889,"38017"
"9296","4107",1385.54750130889,"38097"
"9297","4107",1385.54750130889,"38091"
"9298","4108",3703.4460369462,"38097"
"9299","4108",3703.4460369462,"38035"
"9300","4108",3703.4460369462,"38091"
"9301","4109",2022.72150704389,"38099"
"9302","4109",2022.72150704389,"38035"
"9303","4110",2542.1827036926,"38067"
"9304","4111",19581.0243076903,"48007"
"9305","4111",19581.0243076903,"48057"
"9306","4111",19581.0243076903,"48355"
"9307","4112",4473.23903363333,"48057"
"9308","4112",4473.23903363333,"48391"
"9309","4112",4473.23903363333,"48469"
"9310","4113",1526.19208649744,"48469"
"9311","4113",1526.19208649744,"48239"
"9312","4113",1526.19208649744,"48285"
"9313","4113",1526.19208649744,"48123"
"9314","4114",12501.0503892107,"48089"
"9315","4114",12501.0503892107,"48285"
"9316","4114",12501.0503892107,"48149"
"9317","4114",12501.0503892107,"48177"
"9318","4115",12391.5817574136,"48477"
"9319","4115",12391.5817574136,"48287"
"9320","4115",12391.5817574136,"48149"
"9321","4115",12391.5817574136,"48021"
"9322","4116",17558.0424318362,"48331"
"9323","4117",16835.9197772483,"48309"
"9324","4117",16835.9197772483,"48145"
"9325","4118",13814.450017107,"48349"
"9326","4118",13814.450017107,"48309"
"9327","4118",13814.450017107,"48217"
"9328","4119",175808.701485502,"48251"
"9329","4119",175808.701485502,"48139"
"9330","4119",175808.701485502,"48113"
"9331","4119",175808.701485502,"48439"
"9332","4120",1124070.63383252,"48113"
"9333","4120",1124070.63383252,"48085"
"9334","4120",1124070.63383252,"48439"
"9335","4120",1124070.63383252,"48121"
"9336","4121",46448.4076218261,"48097"
"9337","4121",46448.4076218261,"48121"
"9338","4121",46448.4076218261,"48181"
"9339","4122",34558.1080587927,"40095"
"9340","4122",34558.1080587927,"40019"
"9341","4122",34558.1080587927,"40069"
"9342","4122",34558.1080587927,"48097"
"9343","4122",34558.1080587927,"40085"
"9344","4122",34558.1080587927,"48181"
"9345","4123",19267.3233619232,"40099"
"9346","4123",19267.3233619232,"40123"
"9347","4123",19267.3233619232,"40049"
"9348","4124",35787.8236053748,"40027"
"9349","4124",35787.8236053748,"40125"
"9350","4125",15136.6951758894,"40081"
"9351","4125",15136.6951758894,"40109"
"9352","4125",15136.6951758894,"40083"
"9353","4126",23374.9496661889,"40117"
"9354","4126",23374.9496661889,"40103"
"9355","4126",23374.9496661889,"40119"
"9356","4127",32077.2849356085,"40113"
"9357","4127",32077.2849356085,"40071"
"9358","4127",32077.2849356085,"20035"
"9359","4128",18209.0596054662,"20015"
"9360","4128",18209.0596054662,"20173"
"9361","4128",18209.0596054662,"20191"
"9362","4128",18209.0596054662,"20035"
"9363","4129",6372.82100313109,"20015"
"9364","4129",6372.82100313109,"20173"
"9365","4129",6372.82100313109,"20079"
"9366","4129",6372.82100313109,"20115"
"9367","4130",2909.01408965204,"20127"
"9368","4130",2909.01408965204,"20041"
"9369","4130",2909.01408965204,"20115"
"9370","4131",9284.19196211723,"20027"
"9371","4131",9284.19196211723,"20061"
"9372","4131",9284.19196211723,"20041"
"9373","4132",2333.68895066733,"20027"
"9374","4132",2333.68895066733,"20201"
"9375","4132",2333.68895066733,"20161"
"9376","4133",5653.39007939904,"31095"
"9377","4133",5653.39007939904,"31067"
"9378","4133",5653.39007939904,"20201"
"9379","4134",15247.1706657067,"31151"
"9380","4134",15247.1706657067,"31109"
"9381","4134",15247.1706657067,"31159"
"9382","4135",6165.88593070603,"31037"
"9383","4135",6165.88593070603,"31023"
"9384","4135",6165.88593070603,"31141"
"9385","4135",6165.88593070603,"31155"
"9386","4136",4800.29192945486,"31167"
"9387","4136",4800.29192945486,"31037"
"9388","4136",4800.29192945486,"31039"
"9389","4136",4800.29192945486,"31141"
"9390","4137",8674.28225480631,"31051"
"9391","4137",8674.28225480631,"31179"
"9392","4137",8674.28225480631,"31027"
"9393","4138",4690.18415381541,"46125"
"9394","4138",4690.18415381541,"46027"
"9395","4138",4690.18415381541,"46135"
"9396","4138",4690.18415381541,"31027"
"9397","4139",5546.26840555626,"46087"
"9398","4139",5546.26840555626,"46099"
"9399","4139",5546.26840555626,"46125"
"9400","4140",9725.32166074496,"46079"
"9401","4140",9725.32166074496,"46077"
"9402","4140",9725.32166074496,"46087"
"9403","4140",9725.32166074496,"46097"
"9404","4141",3362.37053373497,"46011"
"9405","4141",3362.37053373497,"46077"
"9406","4141",3362.37053373497,"46057"
"9407","4142",1860.63259284221,"46109"
"9408","4142",1860.63259284221,"46051"
"9409","4142",1860.63259284221,"46037"
"9410","4142",1860.63259284221,"46029"
"9411","4143",5062.30859890177,"46109"
"9412","4143",5062.30859890177,"46091"
"9413","4143",5062.30859890177,"46037"
"9414","4144",1398.32030112692,"38073"
"9415","4144",1398.32030112692,"38081"
"9416","4144",1398.32030112692,"38077"
"9417","4145",5828.03449987127,"38017"
"9418","4145",5828.03449987127,"38077"
"9419","4146",4460.49929856433,"38017"
"9420","4146",4460.49929856433,"38097"
"9421","4146",4460.49929856433,"38091"
"9422","4147",65450.2377684929,"27119"
"9423","4147",65450.2377684929,"38035"
"9424","4148",5392.59320946243,"38099"
"9425","4148",5392.59320946243,"27089"
"9426","4148",5392.59320946243,"38067"
"9427","4148",5392.59320946243,"27069"
"9428","4149",713.843351832987,"38067"
"9429","4149",713.843351832987,"27069"
"9430","4150",1946.58505716263,"48007"
"9431","4150",1946.58505716263,"48057"
"9432","4150",1946.58505716263,"48391"
"9433","4151",8236.44756175068,"48057"
"9434","4151",8236.44756175068,"48469"
"9435","4151",8236.44756175068,"48239"
"9436","4152",5822.03994391132,"48089"
"9437","4152",5822.03994391132,"48239"
"9438","4152",5822.03994391132,"48285"
"9439","4153",14070.5121656067,"48477"
"9440","4153",14070.5121656067,"48089"
"9441","4153",14070.5121656067,"48015"
"9442","4153",14070.5121656067,"48149"
"9443","4154",10910.2121527515,"48051"
"9444","4154",10910.2121527515,"48287"
"9445","4154",10910.2121527515,"48331"
"9446","4155",5435.05109905817,"48395"
"9447","4155",5435.05109905817,"48145"
"9448","4155",5435.05109905817,"48331"
"9449","4156",7765.64760760994,"48309"
"9450","4156",7765.64760760994,"48145"
"9451","4156",7765.64760760994,"48217"
"9452","4156",7765.64760760994,"48293"
"9453","4157",14139.1215766607,"48349"
"9454","4157",14139.1215766607,"48139"
"9455","4157",14139.1215766607,"48217"
"9456","4158",1218219.83576068,"48139"
"9457","4158",1218219.83576068,"48113"
"9458","4159",473775.951521,"48085"
"9459","4159",473775.951521,"48121"
"9460","4159",473775.951521,"48181"
"9461","4160",18642.7057587603,"40013"
"9462","4160",18642.7057587603,"40095"
"9463","4160",18642.7057587603,"48097"
"9464","4160",18642.7057587603,"40085"
"9465","4160",18642.7057587603,"48181"
"9466","4161",3567.73447167869,"40019"
"9467","4161",3567.73447167869,"40069"
"9468","4161",3567.73447167869,"40099"
"9469","4161",3567.73447167869,"40123"
"9470","4162",11655.7586020408,"40125"
"9471","4162",11655.7586020408,"40133"
"9472","4162",11655.7586020408,"40123"
"9473","4162",11655.7586020408,"40049"
"9474","4162",11655.7586020408,"40087"
"9475","4163",41854.4740874547,"40125"
"9476","4163",41854.4740874547,"40133"
"9477","4163",41854.4740874547,"40081"
"9478","4164",29300.0234447748,"40117"
"9479","4164",29300.0234447748,"40081"
"9480","4164",29300.0234447748,"40119"
"9481","4165",5352.63943296317,"40113"
"9482","4165",5352.63943296317,"40117"
"9483","4165",5352.63943296317,"40103"
"9484","4165",5352.63943296317,"40071"
"9485","4166",26829.3841484761,"40113"
"9486","4166",26829.3841484761,"40071"
"9487","4166",26829.3841484761,"20035"
"9488","4167",37611.5738810138,"20015"
"9489","4168",2963.53863920429,"20015"
"9490","4168",2963.53863920429,"20017"
"9491","4168",2963.53863920429,"20115"
"9492","4169",5190.32406320574,"20061"
"9493","4169",5190.32406320574,"20127"
"9494","4169",5190.32406320574,"20041"
"9495","4170",6181.77457376337,"20149"
"9496","4170",6181.77457376337,"20027"
"9497","4170",6181.77457376337,"20061"
"9498","4170",6181.77457376337,"20161"
"9499","4171",3277.61896160582,"31095"
"9500","4171",3277.61896160582,"31067"
"9501","4171",3277.61896160582,"20201"
"9502","4171",3277.61896160582,"20117"
"9503","4172",6670.22245735034,"31151"
"9504","4172",6670.22245735034,"31109"
"9505","4172",6670.22245735034,"31095"
"9506","4172",6670.22245735034,"31067"
"9507","4173",16966.1207474247,"31023"
"9508","4173",16966.1207474247,"31109"
"9509","4173",16966.1207474247,"31159"
"9510","4173",16966.1207474247,"31155"
"9511","4174",9956.15837514452,"31037"
"9512","4174",9956.15837514452,"31023"
"9513","4174",9956.15837514452,"31053"
"9514","4174",9956.15837514452,"31155"
"9515","4175",5080.24312711804,"31167"
"9516","4175",5080.24312711804,"31051"
"9517","4175",5080.24312711804,"31039"
"9518","4175",5080.24312711804,"31173"
"9519","4175",5080.24312711804,"31179"
"9520","4176",13984.0602127656,"46127"
"9521","4176",13984.0602127656,"31051"
"9522","4176",13984.0602127656,"46027"
"9523","4176",13984.0602127656,"31027"
"9524","4177",11614.1826290061,"46127"
"9525","4177",11614.1826290061,"46125"
"9526","4177",11614.1826290061,"46027"
"9527","4177",11614.1826290061,"46083"
"9528","4178",14154.3909606903,"46079"
"9529","4178",14154.3909606903,"46087"
"9530","4178",14154.3909606903,"46099"
"9531","4178",14154.3909606903,"46101"
"9532","4179",31716.5507306417,"46079"
"9533","4179",31716.5507306417,"46011"
"9534","4179",31716.5507306417,"46077"
"9535","4179",31716.5507306417,"46101"
"9536","4180",24681.0342787923,"46039"
"9537","4180",24681.0342787923,"46051"
"9538","4180",24681.0342787923,"46057"
"9539","4180",24681.0342787923,"46029"
"9540","4181",2605.69800899442,"27011"
"9541","4181",2605.69800899442,"46109"
"9542","4181",2605.69800899442,"46051"
"9543","4182",2735.19877457501,"46109"
"9544","4182",2735.19877457501,"38077"
"9545","4183",3049.03180629682,"38017"
"9546","4183",3049.03180629682,"27167"
"9547","4183",3049.03180629682,"38077"
"9548","4183",3049.03180629682,"27027"
"9549","4184",4556.40954848091,"38017"
"9550","4184",4556.40954848091,"38097"
"9551","4184",4556.40954848091,"27107"
"9552","4184",4556.40954848091,"27027"
"9553","4185",3481.16338956022,"27119"
"9554","4185",3481.16338956022,"38097"
"9555","4185",3481.16338956022,"38035"
"9556","4186",3055.79578912732,"38099"
"9557","4186",3055.79578912732,"27089"
"9558","4186",3055.79578912732,"27119"
"9559","4186",3055.79578912732,"38035"
"9560","4187",1835.71823492036,"38067"
"9561","4187",1835.71823492036,"27069"
"9562","4188",17851.1722338478,"48057"
"9563","4188",17851.1722338478,"48239"
"9564","4189",10251.794503264,"48089"
"9565","4189",10251.794503264,"48239"
"9566","4189",10251.794503264,"48285"
"9567","4189",10251.794503264,"48481"
"9568","4190",10539.4870996232,"48089"
"9569","4190",10539.4870996232,"48149"
"9570","4191",14794.9874196841,"48477"
"9571","4191",14794.9874196841,"48051"
"9572","4191",14794.9874196841,"48287"
"9573","4191",14794.9874196841,"48015"
"9574","4191",14794.9874196841,"48149"
"9575","4192",13710.8011469946,"48395"
"9576","4192",13710.8011469946,"48051"
"9577","4192",13710.8011469946,"48041"
"9578","4192",13710.8011469946,"48331"
"9579","4193",3118.19803842038,"48395"
"9580","4193",3118.19803842038,"48145"
"9581","4193",3118.19803842038,"48293"
"9582","4194",9763.50886197226,"48161"
"9583","4194",9763.50886197226,"48349"
"9584","4194",9763.50886197226,"48217"
"9585","4194",9763.50886197226,"48293"
"9586","4195",70259.842056561,"48213"
"9587","4195",70259.842056561,"48139"
"9588","4195",70259.842056561,"48113"
"9589","4195",70259.842056561,"48257"
"9590","4196",1397009.84371173,"48113"
"9591","4196",1397009.84371173,"48397"
"9592","4196",1397009.84371173,"48085"
"9593","4197",68441.5191348293,"48085"
"9594","4197",68441.5191348293,"48181"
"9595","4198",22673.6953207096,"40013"
"9596","4198",22673.6953207096,"40095"
"9597","4198",22673.6953207096,"40069"
"9598","4199",28018.1473838361,"40069"
"9599","4199",28018.1473838361,"40123"
"9600","4199",28018.1473838361,"40029"
"9601","4200",21910.1583711969,"40125"
"9602","4200",21910.1583711969,"40133"
"9603","4200",21910.1583711969,"40107"
"9604","4200",21910.1583711969,"40063"
"9605","4201",9228.86830455278,"40107"
"9606","4201",9228.86830455278,"40037"
"9607","4201",9228.86830455278,"40081"
"9608","4202",10388.5685675704,"40113"
"9609","4202",10388.5685675704,"40117"
"9610","4202",10388.5685675704,"40037"
"9611","4202",10388.5685675704,"40119"
"9612","4203",1057.47993457802,"40113"
"9613","4203",1057.47993457802,"40071"
"9614","4203",1057.47993457802,"20035"
"9615","4204",1731.09313551023,"20049"
"9616","4204",1731.09313551023,"20015"
"9617","4204",1731.09313551023,"20019"
"9618","4204",1731.09313551023,"20035"
"9619","4205",1603.53054681596,"20073"
"9620","4205",1603.53054681596,"20015"
"9621","4205",1603.53054681596,"20017"
"9622","4206",1373.24881550666,"20017"
"9623","4206",1373.24881550666,"20127"
"9624","4206",1373.24881550666,"20115"
"9625","4207",98160.6925228392,"20149"
"9626","4207",98160.6925228392,"20061"
"9627","4207",98160.6925228392,"20197"
"9628","4207",98160.6925228392,"20161"
"9629","4208",2471.29042788246,"20149"
"9630","4208",2471.29042788246,"20201"
"9631","4208",2471.29042788246,"20117"
"9632","4208",2471.29042788246,"20161"
"9633","4209",16554.9110937832,"31067"
"9634","4209",16554.9110937832,"20117"
"9635","4210",300009.31479587,"31109"
"9636","4211",10656.4509186735,"31053"
"9637","4211",10656.4509186735,"31155"
"9638","4212",8007.16113528133,"31037"
"9639","4212",8007.16113528133,"31053"
"9640","4212",8007.16113528133,"31039"
"9641","4212",8007.16113528133,"31021"
"9642","4213",6429.07631825943,"46127"
"9643","4213",6429.07631825943,"31051"
"9644","4213",6429.07631825943,"31173"
"9645","4213",6429.07631825943,"31179"
"9646","4213",6429.07631825943,"31043"
"9647","4214",5961.71203300953,"46127"
"9648","4214",5961.71203300953,"19167"
"9649","4214",5961.71203300953,"46027"
"9650","4214",5961.71203300953,"19149"
"9651","4214",5961.71203300953,"46083"
"9652","4215",228295.863045486,"46099"
"9653","4215",228295.863045486,"46125"
"9654","4215",228295.863045486,"19119"
"9655","4215",228295.863045486,"46083"
"9656","4216",5567.5215631266,"46079"
"9657","4216",5567.5215631266,"46011"
"9658","4216",5567.5215631266,"46099"
"9659","4216",5567.5215631266,"46101"
"9660","4217",3516.49987145718,"46039"
"9661","4217",3516.49987145718,"46011"
"9662","4217",3516.49987145718,"46057"
"9663","4218",5493.30061711047,"46039"
"9664","4218",5493.30061711047,"46051"
"9665","4218",5493.30061711047,"46029"
"9666","4219",2504.92335984375,"27011"
"9667","4219",2504.92335984375,"46109"
"9668","4219",2504.92335984375,"27155"
"9669","4220",12047.1419052067,"27167"
"9670","4220",12047.1419052067,"38077"
"9671","4221",215531.358840979,"38017"
"9672","4221",215531.358840979,"27167"
"9673","4221",215531.358840979,"27027"
"9674","4222",2217.92466496176,"38017"
"9675","4222",2217.92466496176,"27119"
"9676","4222",2217.92466496176,"38097"
"9677","4222",2217.92466496176,"27107"
"9678","4223",3715.94729325769,"27119"
"9679","4223",3715.94729325769,"38035"
"9680","4224",1781.94919668301,"27089"
"9681","4224",1781.94919668301,"27069"
"9682","4225",217.729883777157,"27069"
"9683","4226",1080.56198002422,"48057"
"9684","4226",1080.56198002422,"48321"
"9685","4227",3680.47106395481,"48057"
"9686","4227",3680.47106395481,"48239"
"9687","4227",3680.47106395481,"48481"
"9688","4227",3680.47106395481,"48321"
"9689","4228",2882.39441082917,"48089"
"9690","4228",2882.39441082917,"48285"
"9691","4228",2882.39441082917,"48481"
"9692","4229",15491.847968125,"48477"
"9693","4229",15491.847968125,"48089"
"9694","4229",15491.847968125,"48015"
"9695","4229",15491.847968125,"48149"
"9696","4230",173243.803929702,"48477"
"9697","4230",173243.803929702,"48051"
"9698","4230",173243.803929702,"48041"
"9699","4231",5596.03631109095,"48289"
"9700","4231",5596.03631109095,"48395"
"9701","4231",5596.03631109095,"48313"
"9702","4231",5596.03631109095,"48041"
"9703","4232",23670.6179588692,"48161"
"9704","4232",23670.6179588692,"48293"
"9705","4233",36793.2981107691,"48213"
"9706","4233",36793.2981107691,"48349"
"9707","4233",36793.2981107691,"48139"
"9708","4234",249602.864207178,"48231"
"9709","4234",249602.864207178,"48113"
"9710","4234",249602.864207178,"48397"
"9711","4234",249602.864207178,"48257"
"9712","4235",88222.580372625,"48231"
"9713","4235",88222.580372625,"48085"
"9714","4235",88222.580372625,"48181"
"9715","4235",88222.580372625,"48147"
"9716","4236",45779.9733164188,"40013"
"9717","4236",45779.9733164188,"40095"
"9718","4236",45779.9733164188,"48181"
"9719","4236",45779.9733164188,"48147"
"9720","4237",3954.50723617729,"40005"
"9721","4237",3954.50723617729,"40069"
"9722","4237",3954.50723617729,"40123"
"9723","4237",3954.50723617729,"40029"
"9724","4238",11716.0832979637,"40133"
"9725","4238",11716.0832979637,"40123"
"9726","4238",11716.0832979637,"40063"
"9727","4238",11716.0832979637,"40029"
"9728","4239",10195.5231155434,"40125"
"9729","4239",10195.5231155434,"40133"
"9730","4239",10195.5231155434,"40107"
"9731","4239",10195.5231155434,"40037"
"9732","4239",10195.5231155434,"40081"
"9733","4240",20585.1455477595,"40143"
"9734","4240",20585.1455477595,"40117"
"9735","4240",20585.1455477595,"40037"
"9736","4240",20585.1455477595,"40081"
"9737","4240",20585.1455477595,"40119"
"9738","4241",7178.81284492407,"40113"
"9739","4242",890.926213726449,"40113"
"9740","4242",890.926213726449,"20049"
"9741","4242",890.926213726449,"20019"
"9742","4242",890.926213726449,"20035"
"9743","4243",828.214777634831,"20049"
"9744","4243",828.214777634831,"20073"
"9745","4243",828.214777634831,"20015"
"9746","4244",1404.01848505157,"20111"
"9747","4244",1404.01848505157,"20073"
"9748","4244",1404.01848505157,"20015"
"9749","4244",1404.01848505157,"20017"
"9750","4245",4274.1526274316,"20111"
"9751","4245",4274.1526274316,"20061"
"9752","4245",4274.1526274316,"20127"
"9753","4245",4274.1526274316,"20197"
"9754","4246",23622.9640127132,"20149"
"9755","4246",23622.9640127132,"20161"
"9756","4247",5149.58797013613,"31133"
"9757","4247",5149.58797013613,"31067"
"9758","4247",5149.58797013613,"20117"
"9759","4248",5741.57902908914,"31109"
"9760","4248",5741.57902908914,"31133"
"9761","4248",5741.57902908914,"31067"
"9762","4248",5741.57902908914,"31097"
"9763","4248",5741.57902908914,"31131"
"9764","4249",14085.6607526235,"31153"
"9765","4249",14085.6607526235,"31109"
"9766","4249",14085.6607526235,"31025"
"9767","4249",14085.6607526235,"31155"
"9768","4250",35343.5320450276,"31053"
"9769","4250",35343.5320450276,"31177"
"9770","4250",35343.5320450276,"31055"
"9771","4250",35343.5320450276,"31021"
"9772","4250",35343.5320450276,"31155"
"9773","4251",6655.46318997646,"19133"
"9774","4251",6655.46318997646,"31039"
"9775","4251",6655.46318997646,"31021"
"9776","4251",6655.46318997646,"31173"
"9777","4251",6655.46318997646,"31043"
"9778","4251",6655.46318997646,"19193"
"9779","4252",66561.7317761148,"46127"
"9780","4252",66561.7317761148,"31051"
"9781","4252",66561.7317761148,"19149"
"9782","4252",66561.7317761148,"31043"
"9783","4252",66561.7317761148,"19193"
"9784","4253",15380.7044583551,"46127"
"9785","4253",15380.7044583551,"19167"
"9786","4253",15380.7044583551,"19119"
"9787","4253",15380.7044583551,"46083"
"9788","4254",11816.6986820525,"46099"
"9789","4254",11816.6986820525,"27117"
"9790","4254",11816.6986820525,"27133"
"9791","4254",11816.6986820525,"46101"
"9792","4255",4183.58098226383,"46011"
"9793","4255",4183.58098226383,"27081"
"9794","4255",4183.58098226383,"27117"
"9795","4255",4183.58098226383,"46101"
"9796","4256",2720.82208897972,"27073"
"9797","4256",2720.82208897972,"27173"
"9798","4256",2720.82208897972,"46039"
"9799","4256",2720.82208897972,"46051"
"9800","4257",4988.41231256002,"27011"
"9801","4257",4988.41231256002,"27073"
"9802","4257",4988.41231256002,"46109"
"9803","4257",4988.41231256002,"27155"
"9804","4257",4988.41231256002,"46051"
"9805","4258",2611.52791255257,"27167"
"9806","4258",2611.52791255257,"46109"
"9807","4258",2611.52791255257,"27155"
"9808","4258",2611.52791255257,"38077"
"9809","4259",4784.1584512278,"27167"
"9810","4259",4784.1584512278,"38077"
"9811","4259",4784.1584512278,"27027"
"9812","4260",2027.33776686881,"27107"
"9813","4260",2027.33776686881,"27027"
"9814","4261",8790.737892905,"27119"
"9815","4261",8790.737892905,"27107"
"9816","4261",8790.737892905,"27125"
"9817","4262",1697.21857995595,"27089"
"9818","4262",1697.21857995595,"27119"
"9819","4262",1697.21857995595,"27113"
"9820","4263",855.595356830635,"27069"
"9821","4263",855.595356830635,"27135"
"9822","4264",4776.84323320102,"48057"
"9823","4264",4776.84323320102,"48239"
"9824","4264",4776.84323320102,"48321"
"9825","4265",17439.5680791161,"48239"
"9826","4265",17439.5680791161,"48481"
"9827","4265",17439.5680791161,"48321"
"9828","4266",21093.5821253622,"48089"
"9829","4266",21093.5821253622,"48157"
"9830","4266",21093.5821253622,"48015"
"9831","4266",21093.5821253622,"48481"
"9832","4267",29680.004280106,"48477"
"9833","4267",29680.004280106,"48473"
"9834","4267",29680.004280106,"48041"
"9835","4267",29680.004280106,"48015"
"9836","4267",29680.004280106,"48185"
"9837","4268",67912.9867489741,"48395"
"9838","4268",67912.9867489741,"48313"
"9839","4268",67912.9867489741,"48041"
"9840","4268",67912.9867489741,"48185"
"9841","4269",6846.7043434796,"48161"
"9842","4269",6846.7043434796,"48289"
"9843","4269",6846.7043434796,"48395"
"9844","4269",6846.7043434796,"48293"
"9845","4270",6697.93102314716,"48161"
"9846","4270",6697.93102314716,"48001"
"9847","4270",6697.93102314716,"48349"
"9848","4271",50828.5261965972,"48213"
"9849","4271",50828.5261965972,"48467"
"9850","4271",50828.5261965972,"48349"
"9851","4271",50828.5261965972,"48257"
"9852","4272",92255.9430323339,"48231"
"9853","4272",92255.9430323339,"48397"
"9854","4272",92255.9430323339,"48257"
"9855","4272",92255.9430323339,"48085"
"9856","4273",30468.9705925451,"48181"
"9857","4273",30468.9705925451,"48147"
"9858","4274",26044.1609890099,"40013"
"9859","4274",26044.1609890099,"40005"
"9860","4274",26044.1609890099,"40069"
"9861","4275",4423.45398328626,"40005"
"9862","4275",4423.45398328626,"40121"
"9863","4275",4423.45398328626,"40123"
"9864","4275",4423.45398328626,"40063"
"9865","4275",4423.45398328626,"40029"
"9866","4276",5183.5381319859,"40107"
"9867","4276",5183.5381319859,"40063"
"9868","4277",14126.7851300693,"40107"
"9869","4277",14126.7851300693,"40037"
"9870","4277",14126.7851300693,"40111"
"9871","4278",17956.7898251351,"40143"
"9872","4278",17956.7898251351,"40113"
"9873","4278",17956.7898251351,"40117"
"9874","4278",17956.7898251351,"40037"
"9875","4279",1082.31248409881,"40113"
"9876","4279",1082.31248409881,"20019"
"9877","4280",2079.03236892072,"20049"
"9878","4280",2079.03236892072,"20019"
"9879","4281",3130.56833063473,"20073"
"9880","4281",3130.56833063473,"20017"
"9881","4282",27190.0086227031,"20111"
"9882","4282",27190.0086227031,"20017"
"9883","4282",27190.0086227031,"20127"
"9884","4283",8985.85440307311,"20149"
"9885","4283",8985.85440307311,"20197"
"9886","4283",8985.85440307311,"20161"
"9887","4284",3773.78957183091,"20149"
"9888","4284",3773.78957183091,"20131"
"9889","4284",3773.78957183091,"20117"
"9890","4285",2424.8406292534,"31133"
"9891","4285",2424.8406292534,"20131"
"9892","4285",2424.8406292534,"31067"
"9893","4285",2424.8406292534,"31097"
"9894","4285",2424.8406292534,"31127"
"9895","4285",2424.8406292534,"20117"
"9896","4286",9230.39898746286,"31109"
"9897","4286",9230.39898746286,"31131"
"9898","4286",9230.39898746286,"31025"
"9899","4287",348941.600796599,"31153"
"9900","4287",348941.600796599,"31053"
"9901","4287",348941.600796599,"31177"
"9902","4287",348941.600796599,"31055"
"9903","4287",348941.600796599,"31155"
"9904","4288",4834.31511127273,"31053"
"9905","4288",4834.31511127273,"31177"
"9906","4288",4834.31511127273,"19133"
"9907","4288",4834.31511127273,"31021"
"9908","4288",4834.31511127273,"19085"
"9909","4289",56853.5409930515,"19133"
"9910","4289",56853.5409930515,"31173"
"9911","4289",56853.5409930515,"31043"
"9912","4289",56853.5409930515,"19193"
"9913","4290",20992.6831837247,"19167"
"9914","4290",20992.6831837247,"19149"
"9915","4291",8408.50727189035,"46099"
"9916","4291",8408.50727189035,"27133"
"9917","4291",8408.50727189035,"19119"
"9918","4291",8408.50727189035,"27105"
"9919","4292",6887.46675575261,"27101"
"9920","4292",6887.46675575261,"27081"
"9921","4292",6887.46675575261,"27117"
"9922","4292",6887.46675575261,"27133"
"9923","4292",6887.46675575261,"46101"
"9924","4293",4874.75398977554,"27173"
"9925","4293",4874.75398977554,"46039"
"9926","4293",4874.75398977554,"46011"
"9927","4293",4874.75398977554,"27081"
"9928","4293",4874.75398977554,"27083"
"9929","4294",3271.04228856655,"27011"
"9930","4294",3271.04228856655,"27073"
"9931","4294",3271.04228856655,"27151"
"9932","4294",3271.04228856655,"46051"
"9933","4295",1978.27726893038,"27011"
"9934","4295",1978.27726893038,"27155"
"9935","4295",1978.27726893038,"27149"
"9936","4295",1978.27726893038,"27051"
"9937","4296",14135.2670442994,"27167"
"9938","4296",14135.2670442994,"27111"
"9939","4296",14135.2670442994,"27051"
"9940","4297",8879.61178363188,"27167"
"9941","4297",8879.61178363188,"27005"
"9942","4297",8879.61178363188,"27111"
"9943","4297",8879.61178363188,"27027"
"9944","4298",4497.47688140806,"27087"
"9945","4298",4497.47688140806,"27119"
"9946","4298",4497.47688140806,"27107"
"9947","4299",3831.51591249266,"27119"
"9948","4299",3831.51591249266,"27125"
"9949","4299",3831.51591249266,"27113"
"9950","4300",2530.29393655786,"27089"
"9951","4300",2530.29393655786,"27069"
"9952","4300",2530.29393655786,"27135"
"9953","4301",27.0285110702952,"27069"
"9954","4301",27.0285110702952,"27135"
"9955","4302",14177.8156880328,"48321"
"9956","4303",27919.8205570229,"48157"
"9957","4303",27919.8205570229,"48481"
"9958","4304",37398.8731045055,"48477"
"9959","4304",37398.8731045055,"48473"
"9960","4304",37398.8731045055,"48015"
"9961","4304",37398.8731045055,"48201"
"9962","4305",16340.5654419257,"48477"
"9963","4305",16340.5654419257,"48041"
"9964","4305",16340.5654419257,"48185"
"9965","4306",11840.8738450568,"48289"
"9966","4306",11840.8738450568,"48313"
"9967","4307",12015.1106781688,"48161"
"9968","4307",12015.1106781688,"48289"
"9969","4307",12015.1106781688,"48001"
"9970","4308",35773.8511059512,"48161"
"9971","4308",35773.8511059512,"48213"
"9972","4308",35773.8511059512,"48001"
"9973","4308",35773.8511059512,"48349"
"9974","4309",33016.2382590344,"48467"
"9975","4309",33016.2382590344,"48379"
"9976","4309",33016.2382590344,"48231"
"9977","4309",33016.2382590344,"48257"
"9978","4310",38371.8488601062,"48119"
"9979","4310",38371.8488601062,"48231"
"9980","4310",38371.8488601062,"48223"
"9981","4310",38371.8488601062,"48147"
"9982","4311",5101.05441852367,"40013"
"9983","4311",5101.05441852367,"40023"
"9984","4311",5101.05441852367,"48277"
"9985","4311",5101.05441852367,"48147"
"9986","4312",9396.73373503376,"40005"
"9987","4312",9396.73373503376,"40029"
"9988","4313",3372.96795062447,"40121"
"9989","4313",3372.96795062447,"40063"
"9990","4314",22566.1910130698,"40107"
"9991","4314",22566.1910130698,"40111"
"9992","4314",22566.1910130698,"40091"
"9993","4315",433621.57589554,"40143"
"9994","4315",433621.57589554,"40113"
"9995","4315",433621.57589554,"40037"
"9996","4315",433621.57589554,"40111"
"9997","4316",18146.7318494254,"40143"
"9998","4316",18146.7318494254,"40113"
"9999","4316",18146.7318494254,"40147"
"10000","4317",5175.39748809181,"40113"
"10001","4317",5175.39748809181,"20049"
"10002","4317",5175.39748809181,"20125"
"10003","4317",5175.39748809181,"40147"
"10004","4317",5175.39748809181,"20019"
"10005","4318",1950.44644713644,"20049"
"10006","4318",1950.44644713644,"20073"
"10007","4318",1950.44644713644,"20205"
"10008","4318",1950.44644713644,"20207"
"10009","4319",3715.71568269845,"20111"
"10010","4319",3715.71568269845,"20073"
"10011","4319",3715.71568269845,"20031"
"10012","4320",3200.1405541377,"20111"
"10013","4320",3200.1405541377,"20177"
"10014","4320",3200.1405541377,"20139"
"10015","4320",3200.1405541377,"20197"
"10016","4321",7021.6069481739,"20149"
"10017","4321",7021.6069481739,"20085"
"10018","4321",7021.6069481739,"20177"
"10019","4321",7021.6069481739,"20197"
"10020","4322",4830.59700534912,"31133"
"10021","4322",4830.59700534912,"20131"
"10022","4322",4830.59700534912,"20117"
"10023","4322",4830.59700534912,"31147"
"10024","4323",9204.64370617659,"31133"
"10025","4323",9204.64370617659,"31097"
"10026","4323",9204.64370617659,"31127"
"10027","4323",9204.64370617659,"31131"
"10028","4324",88132.1044178382,"31153"
"10029","4324",88132.1044178382,"31025"
"10030","4324",88132.1044178382,"19129"
"10031","4325",23492.4743441648,"31177"
"10032","4325",23492.4743441648,"31055"
"10033","4325",23492.4743441648,"31021"
"10034","4325",23492.4743441648,"19085"
"10035","4325",23492.4743441648,"19155"
"10036","4326",6272.74781516354,"19133"
"10037","4326",6272.74781516354,"31021"
"10038","4326",6272.74781516354,"19193"
"10039","4327",10338.808511801,"19035"
"10040","4327",10338.808511801,"19149"
"10041","4327",10338.808511801,"19193"
"10042","4328",20020.5186414621,"19141"
"10043","4328",20020.5186414621,"19167"
"10044","4328",20020.5186414621,"19143"
"10045","4328",20020.5186414621,"19119"
"10046","4329",10493.4379298747,"27101"
"10047","4329",10493.4379298747,"27117"
"10048","4329",10493.4379298747,"27133"
"10049","4329",10493.4379298747,"27105"
"10050","4330",5220.29522495333,"27101"
"10051","4330",5220.29522495333,"27081"
"10052","4330",5220.29522495333,"27083"
"10053","4330",5220.29522495333,"27117"
"10054","4331",3455.52770754185,"27073"
"10055","4331",3455.52770754185,"27173"
"10056","4332",1380.82398798185,"27011"
"10057","4332",1380.82398798185,"27151"
"10058","4332",1380.82398798185,"27149"
"10059","4333",3263.02771423522,"27167"
"10060","4333",3263.02771423522,"27155"
"10061","4333",3263.02771423522,"27111"
"10062","4333",3263.02771423522,"27051"
"10063","4334",8976.1012415166,"27167"
"10064","4334",8976.1012415166,"27111"
"10065","4334",8976.1012415166,"27027"
"10066","4335",4155.19168920372,"27087"
"10067","4335",4155.19168920372,"27107"
"10068","4335",4155.19168920372,"27005"
"10069","4335",4155.19168920372,"27027"
"10070","4336",4359.22145422446,"27087"
"10071","4336",4359.22145422446,"27119"
"10072","4336",4359.22145422446,"27107"
"10073","4336",4359.22145422446,"27125"
"10074","4337",12096.9184128333,"27089"
"10075","4337",12096.9184128333,"27113"
"10076","4338",3104.96913061241,"27135"
"10077","4339",127.811610754408,"48321"
"10078","4340",22916.9140237323,"48157"
"10079","4340",22916.9140237323,"48481"
"10080","4340",22916.9140237323,"48039"
"10081","4340",22916.9140237323,"48321"
"10082","4341",483612.292345538,"48473"
"10083","4341",483612.292345538,"48157"
"10084","4341",483612.292345538,"48015"
"10085","4341",483612.292345538,"48201"
"10086","4342",70730.6422825255,"48473"
"10087","4342",70730.6422825255,"48339"
"10088","4342",70730.6422825255,"48185"
"10089","4342",70730.6422825255,"48201"
"10090","4343",7041.07431544811,"48471"
"10091","4343",7041.07431544811,"48339"
"10092","4343",7041.07431544811,"48313"
"10093","4343",7041.07431544811,"48185"
"10094","4344",4897.91122543389,"48289"
"10095","4344",4897.91122543389,"48225"
"10096","4345",19963.3875014186,"48161"
"10097","4345",19963.3875014186,"48213"
"10098","4345",19963.3875014186,"48001"
"10099","4346",22791.9394721158,"48213"
"10100","4346",22791.9394721158,"48467"
"10101","4347",20710.6439178847,"48499"
"10102","4347",20710.6439178847,"48379"
"10103","4347",20710.6439178847,"48231"
"10104","4347",20710.6439178847,"48223"
"10105","4348",7034.45220332814,"48119"
"10106","4348",7034.45220332814,"48277"
"10107","4348",7034.45220332814,"48231"
"10108","4348",7034.45220332814,"48147"
"10109","4349",5168.81928340962,"40013"
"10110","4349",5168.81928340962,"40023"
"10111","4349",5168.81928340962,"40005"
"10112","4349",5168.81928340962,"40127"
"10113","4350",3093.96652317453,"40005"
"10114","4350",3093.96652317453,"40121"
"10115","4350",3093.96652317453,"40127"
"10116","4351",4893.28074541914,"40107"
"10117","4351",4893.28074541914,"40121"
"10118","4351",4893.28074541914,"40091"
"10119","4351",4893.28074541914,"40063"
"10120","4352",21765.1171841956,"40145"
"10121","4352",21765.1171841956,"40143"
"10122","4352",21765.1171841956,"40101"
"10123","4352",21765.1171841956,"40111"
"10124","4353",182050.569670017,"40145"
"10125","4353",182050.569670017,"40143"
"10126","4353",182050.569670017,"40113"
"10127","4353",182050.569670017,"40131"
"10128","4353",182050.569670017,"40147"
"10129","4354",37739.272657878,"40113"
"10130","4354",37739.272657878,"20125"
"10131","4354",37739.272657878,"40105"
"10132","4354",37739.272657878,"40147"
"10133","4355",7213.70158783632,"20049"
"10134","4355",7213.70158783632,"20125"
"10135","4355",7213.70158783632,"20205"
"10136","4355",7213.70158783632,"20019"
"10137","4356",2366.78913778147,"20073"
"10138","4356",2366.78913778147,"20031"
"10139","4356",2366.78913778147,"20207"
"10140","4357",7173.35696572999,"20111"
"10141","4357",7173.35696572999,"20031"
"10142","4357",7173.35696572999,"20139"
"10143","4358",162326.434811165,"20149"
"10144","4358",162326.434811165,"20085"
"10145","4358",162326.434811165,"20177"
"10146","4358",162326.434811165,"20197"
"10147","4359",4175.79274014518,"20149"
"10148","4359",4175.79274014518,"20085"
"10149","4359",4175.79274014518,"20013"
"10150","4359",4175.79274014518,"20131"
"10151","4360",2792.98083668828,"31133"
"10152","4360",2792.98083668828,"20131"
"10153","4360",2792.98083668828,"31127"
"10154","4360",2792.98083668828,"31147"
"10155","4361",12634.5275800988,"29005"
"10156","4361",12634.5275800988,"19071"
"10157","4361",12634.5275800988,"31131"
"10158","4361",12634.5275800988,"31025"
"10159","4362",425033.122267187,"31153"
"10160","4362",425033.122267187,"31177"
"10161","4362",425033.122267187,"31055"
"10162","4362",425033.122267187,"19129"
"10163","4362",425033.122267187,"19155"
"10164","4363",4755.17389514319,"19047"
"10165","4363",4755.17389514319,"19133"
"10166","4363",4755.17389514319,"19085"
"10167","4364",4164.12210436458,"19133"
"10168","4364",4164.12210436458,"19093"
"10169","4364",4164.12210436458,"19193"
"10170","4365",9383.5027079869,"19035"
"10171","4365",9383.5027079869,"19141"
"10172","4365",9383.5027079869,"19167"
"10173","4365",9383.5027079869,"19149"
"10174","4366",7008.74870465656,"19143"
"10175","4366",7008.74870465656,"19119"
"10176","4366",7008.74870465656,"27105"
"10177","4367",5475.79318092045,"27101"
"10178","4367",5475.79318092045,"27083"
"10179","4367",5475.79318092045,"27105"
"10180","4368",19214.0932524211,"27173"
"10181","4368",19214.0932524211,"27083"
"10182","4369",3420.67939534614,"27023"
"10183","4369",3420.67939534614,"27073"
"10184","4369",3420.67939534614,"27151"
"10185","4370",9094.84778869516,"27121"
"10186","4370",9094.84778869516,"27041"
"10187","4370",9094.84778869516,"27149"
"10188","4370",9094.84778869516,"27051"
"10189","4371",10216.1257482898,"27041"
"10190","4371",10216.1257482898,"27111"
"10191","4371",10216.1257482898,"27051"
"10192","4372",24254.8038325131,"27005"
"10193","4372",24254.8038325131,"27111"
"10194","4373",4157.57150351993,"27087"
"10195","4373",4157.57150351993,"27119"
"10196","4374",2143.9389130554,"27119"
"10197","4374",2143.9389130554,"27125"
"10198","4374",2143.9389130554,"27029"
"10199","4374",2143.9389130554,"27007"
"10200","4374",2143.9389130554,"27113"
"10201","4375",708.981392357825,"27089"
"10202","4375",708.981392357825,"27135"
"10203","4375",708.981392357825,"27007"
"10204","4376",218.089170671664,"27135"
"10205","4377",4288.95345094828,"48039"
"10206","4377",4288.95345094828,"48321"
"10207","4378",90212.4453750336,"48157"
"10208","4378",90212.4453750336,"48039"
"10209","4379",913097.827415576,"48473"
"10210","4379",913097.827415576,"48339"
"10211","4379",913097.827415576,"48201"
"10212","4380",71426.8615212154,"48471"
"10213","4380",71426.8615212154,"48339"
"10214","4380",71426.8615212154,"48185"
"10215","4381",8288.72187054371,"48289"
"10216","4381",8288.72187054371,"48471"
"10217","4381",8288.72187054371,"48225"
"10218","4381",8288.72187054371,"48313"
"10219","4382",29666.8315534386,"48161"
"10220","4382",29666.8315534386,"48289"
"10221","4382",29666.8315534386,"48001"
"10222","4382",29666.8315534386,"48225"
"10223","4383",27420.1456292867,"48213"
"10224","4383",27420.1456292867,"48423"
"10225","4383",27420.1456292867,"48001"
"10226","4384",28271.8361330203,"48423"
"10227","4384",28271.8361330203,"48499"
"10228","4384",28271.8361330203,"48467"
"10229","4384",28271.8361330203,"48379"
"10230","4385",24131.5219466798,"48119"
"10231","4385",24131.5219466798,"48223"
"10232","4386",9982.14361447245,"40013"
"10233","4386",9982.14361447245,"40023"
"10234","4386",9982.14361447245,"48277"
"10235","4386",9982.14361447245,"48147"
"10236","4387",4700.76923246438,"40005"
"10237","4387",4700.76923246438,"40127"
"10238","4388",33007.4149338888,"40121"
"10239","4388",33007.4149338888,"40077"
"10240","4389",13353.7332782485,"40101"
"10241","4389",13353.7332782485,"40111"
"10242","4389",13353.7332782485,"40091"
"10243","4390",175156.81183205,"40145"
"10244","4390",175156.81183205,"40143"
"10245","4390",175156.81183205,"40101"
"10246","4390",175156.81183205,"40131"
"10247","4391",14649.2546930969,"40131"
"10248","4391",14649.2546930969,"40105"
"10249","4391",14649.2546930969,"40147"
"10250","4392",30114.7213310028,"20125"
"10251","4392",30114.7213310028,"40105"
"10252","4392",30114.7213310028,"20099"
"10253","4393",11363.3010089713,"20001"
"10254","4393",11363.3010089713,"20205"
"10255","4393",11363.3010089713,"20133"
"10256","4393",11363.3010089713,"20207"
"10257","4394",6148.20984250206,"20031"
"10258","4394",6148.20984250206,"20003"
"10259","4395",11850.392067223,"20045"
"10260","4395",11850.392067223,"20177"
"10261","4395",11850.392067223,"20059"
"10262","4395",11850.392067223,"20139"
"10263","4396",16622.8545629511,"20085"
"10264","4396",16622.8545629511,"20087"
"10265","4396",16622.8545629511,"20177"
"10266","4396",16622.8545629511,"20005"
"10267","4397",9878.74577598457,"20013"
"10268","4397",9878.74577598457,"20131"
"10269","4397",9878.74577598457,"31147"
"10270","4398",4703.70378735526,"29005"
"10271","4398",4703.70378735526,"19071"
"10272","4398",4703.70378735526,"31127"
"10273","4398",4703.70378735526,"31131"
"10274","4398",4703.70378735526,"31147"
"10275","4399",14487.3484878406,"19071"
"10276","4399",14487.3484878406,"31025"
"10277","4399",14487.3484878406,"19129"
"10278","4399",14487.3484878406,"19155"
"10279","4400",8720.04469993927,"19165"
"10280","4400",8720.04469993927,"19085"
"10281","4400",8720.04469993927,"19155"
"10282","4401",5060.73684080864,"19047"
"10283","4401",5060.73684080864,"19133"
"10284","4401",5060.73684080864,"19093"
"10285","4401",5060.73684080864,"19193"
"10286","4402",8947.56005207643,"19035"
"10287","4402",8947.56005207643,"19093"
"10288","4402",8947.56005207643,"19193"
"10289","4403",6647.56103320755,"19041"
"10290","4403",6647.56103320755,"19141"
"10291","4403",6647.56103320755,"19143"
"10292","4403",6647.56103320755,"19059"
"10293","4404",17229.0781660861,"27101"
"10294","4404",17229.0781660861,"27033"
"10295","4404",17229.0781660861,"27063"
"10296","4404",17229.0781660861,"27105"
"10297","4405",5660.60680411073,"27127"
"10298","4405",5660.60680411073,"27101"
"10299","4405",5660.60680411073,"27033"
"10300","4405",5660.60680411073,"27083"
"10301","4406",12455.3374597428,"27023"
"10302","4406",12455.3374597428,"27129"
"10303","4406",12455.3374597428,"27073"
"10304","4406",12455.3374597428,"27173"
"10305","4407",5464.24015307066,"27151"
"10306","4407",5464.24015307066,"27121"
"10307","4407",5464.24015307066,"27149"
"10308","4408",20909.5254746925,"27041"
"10309","4408",20909.5254746925,"27111"
"10310","4408",20909.5254746925,"27051"
"10311","4409",12494.4111894831,"27111"
"10312","4410",2544.07961052868,"27087"
"10313","4410",2544.07961052868,"27005"
"10314","4410",2544.07961052868,"27029"
"10315","4411",6690.60842441445,"27087"
"10316","4411",6690.60842441445,"27119"
"10317","4411",6690.60842441445,"27029"
"10318","4412",1060.00339259865,"27089"
"10319","4412",1060.00339259865,"27029"
"10320","4412",1060.00339259865,"27007"
"10321","4412",1060.00339259865,"27113"
"10322","4413",5336.89885886349,"27077"
"10323","4413",5336.89885886349,"27135"
"10324","4414",120222.050579926,"48039"
"10325","4415",2125818.8546719,"48157"
"10326","4415",2125818.8546719,"48039"
"10327","4415",2125818.8546719,"48201"
"10328","4416",517371.571211473,"48339"
"10329","4416",517371.571211473,"48201"
"10330","4417",61408.6812050894,"48471"
"10331","4417",61408.6812050894,"48455"
"10332","4417",61408.6812050894,"48407"
"10333","4418",14608.6011035664,"48289"
"10334","4418",14608.6011035664,"48225"
"10335","4419",14926.1175383052,"48001"
"10336","4419",14926.1175383052,"48073"
"10337","4420",91621.0712363999,"48213"
"10338","4420",91621.0712363999,"48423"
"10339","4420",91621.0712363999,"48499"
"10340","4420",91621.0712363999,"48467"
"10341","4421",22963.9412344425,"48499"
"10342","4421",22963.9412344425,"48379"
"10343","4421",22963.9412344425,"48159"
"10344","4421",22963.9412344425,"48223"
"10345","4422",36414.2713054455,"48119"
"10346","4422",36414.2713054455,"48277"
"10347","4422",36414.2713054455,"48223"
"10348","4422",36414.2713054455,"48387"
"10349","4423",12037.9881996405,"40023"
"10350","4423",12037.9881996405,"40127"
"10351","4424",2680.46684161922,"40121"
"10352","4424",2680.46684161922,"40127"
"10353","4424",2680.46684161922,"40077"
"10354","4425",13645.4268330984,"40101"
"10355","4425",13645.4268330984,"40121"
"10356","4425",13645.4268330984,"40061"
"10357","4425",13645.4268330984,"40091"
"10358","4425",13645.4268330984,"40077"
"10359","4426",56181.9267472775,"40145"
"10360","4426",56181.9267472775,"40101"
"10361","4426",56181.9267472775,"40021"
"10362","4427",60951.5132054026,"40131"
"10363","4427",60951.5132054026,"40097"
"10364","4428",2290.95909384785,"40035"
"10365","4428",2290.95909384785,"20125"
"10366","4428",2290.95909384785,"40105"
"10367","4428",2290.95909384785,"20099"
"10368","4429",14090.8873001706,"20125"
"10369","4429",14090.8873001706,"20205"
"10370","4429",14090.8873001706,"20133"
"10371","4429",14090.8873001706,"20099"
"10372","4430",11172.7935868783,"20001"
"10373","4430",11172.7935868783,"20031"
"10374","4430",11172.7935868783,"20003"
"10375","4430",11172.7935868783,"20207"
"10376","4431",16821.3986696101,"20059"
"10377","4431",16821.3986696101,"20031"
"10378","4431",16821.3986696101,"20139"
"10379","4431",16821.3986696101,"20003"
"10380","4432",86368.787484417,"20087"
"10381","4432",86368.787484417,"20045"
"10382","4432",86368.787484417,"20177"
"10383","4433",5741.10188428162,"20085"
"10384","4433",5741.10188428162,"20043"
"10385","4433",5741.10188428162,"20013"
"10386","4433",5741.10188428162,"20005"
"10387","4434",5385.50329495427,"29087"
"10388","4434",5385.50329495427,"29005"
"10389","4434",5385.50329495427,"20013"
"10390","4434",5385.50329495427,"31127"
"10391","4434",5385.50329495427,"31147"
"10392","4435",8348.86652754976,"29005"
"10393","4435",8348.86652754976,"19071"
"10394","4435",8348.86652754976,"19145"
"10395","4436",6660.14800167515,"19137"
"10396","4436",6660.14800167515,"19129"
"10397","4436",6660.14800167515,"19155"
"10398","4437",6321.7841251992,"19165"
"10399","4437",6321.7841251992,"19047"
"10400","4437",6321.7841251992,"19085"
"10401","4438",7534.86651987818,"19161"
"10402","4438",7534.86651987818,"19047"
"10403","4438",7534.86651987818,"19093"
"10404","4439",3309.25580333093,"19035"
"10405","4439",3309.25580333093,"19041"
"10406","4439",3309.25580333093,"19141"
"10407","4439",3309.25580333093,"19021"
"10408","4440",4432.48456734028,"19143"
"10409","4440",4432.48456734028,"27063"
"10410","4440",4432.48456734028,"19059"
"10411","4440",4432.48456734028,"27105"
"10412","4441",2904.6713547619,"27127"
"10413","4441",2904.6713547619,"27101"
"10414","4441",2904.6713547619,"27033"
"10415","4441",2904.6713547619,"27063"
"10416","4442",3562.91054246736,"27129"
"10417","4442",3562.91054246736,"27127"
"10418","4442",3562.91054246736,"27173"
"10419","4442",3562.91054246736,"27083"
"10420","4443",5574.64262654999,"27023"
"10421","4443",5574.64262654999,"27067"
"10422","4443",5574.64262654999,"27151"
"10423","4444",12333.5006036323,"27145"
"10424","4444",12333.5006036323,"27153"
"10425","4444",12333.5006036323,"27121"
"10426","4444",12333.5006036323,"27041"
"10427","4445",6125.64774428514,"27153"
"10428","4445",6125.64774428514,"27041"
"10429","4445",6125.64774428514,"27111"
"10430","4446",5090.40303638387,"27005"
"10431","4446",5090.40303638387,"27159"
"10432","4446",5090.40303638387,"27057"
"10433","4446",5090.40303638387,"27111"
"10434","4447",3634.30259113047,"27087"
"10435","4447",3634.30259113047,"27029"
"10436","4447",3634.30259113047,"27057"
"10437","4447",3634.30259113047,"27007"
"10438","4448",733.927536463749,"27029"
"10439","4448",733.927536463749,"27007"
"10440","4449",102.330893690844,"27077"
"10441","4449",102.330893690844,"27135"
"10442","4449",102.330893690844,"27007"
"10443","4450",3761.18393452859,"27077"
"10444","4450",3761.18393452859,"27135"
"10445","4451",17459.2874448486,"48039"
"10446","4452",187792.628077383,"48167"
"10447","4452",187792.628077383,"48157"
"10448","4452",187792.628077383,"48039"
"10449","4452",187792.628077383,"48201"
"10450","4453",1067212.50850911,"48339"
"10451","4453",1067212.50850911,"48201"
"10452","4454",48879.8501273037,"48471"
"10453","4454",48879.8501273037,"48339"
"10454","4454",48879.8501273037,"48407"
"10455","4455",12479.553410469,"48471"
"10456","4455",12479.553410469,"48455"
"10457","4455",12479.553410469,"48225"
"10458","4455",12479.553410469,"48407"
"10459","4456",4042.29435010018,"48001"
"10460","4456",4042.29435010018,"48225"
"10461","4456",4042.29435010018,"48073"
"10462","4457",139855.153062609,"48213"
"10463","4457",139855.153062609,"48423"
"10464","4457",139855.153062609,"48001"
"10465","4457",139855.153062609,"48073"
"10466","4458",22459.852652004,"48423"
"10467","4458",22459.852652004,"48499"
"10468","4458",22459.852652004,"48459"
"10469","4459",10109.6865844054,"48449"
"10470","4459",10109.6865844054,"48119"
"10471","4459",10109.6865844054,"48277"
"10472","4459",10109.6865844054,"48159"
"10473","4459",10109.6865844054,"48223"
"10474","4459",10109.6865844054,"48387"
"10475","4460",3968.15188741655,"40089"
"10476","4460",3968.15188741655,"40023"
"10477","4460",3968.15188741655,"48277"
"10478","4460",3968.15188741655,"48387"
"10479","4461",1048.46303607524,"40127"
"10480","4462",7880.6532746518,"40121"
"10481","4462",7880.6532746518,"40061"
"10482","4462",7880.6532746518,"40077"
"10483","4463",11939.3876106837,"40135"
"10484","4463",11939.3876106837,"40101"
"10485","4463",11939.3876106837,"40061"
"10486","4463",11939.3876106837,"40091"
"10487","4464",28565.3465111324,"40145"
"10488","4464",28565.3465111324,"40131"
"10489","4464",28565.3465111324,"40021"
"10490","4464",28565.3465111324,"40097"
"10491","4465",17620.6152979054,"40131"
"10492","4465",17620.6152979054,"40035"
"10493","4465",17620.6152979054,"40105"
"10494","4465",17620.6152979054,"40097"
"10495","4466",7380.56453551993,"40035"
"10496","4466",7380.56453551993,"20021"
"10497","4466",7380.56453551993,"20099"
"10498","4467",4221.56414996724,"20001"
"10499","4467",4221.56414996724,"20037"
"10500","4467",4221.56414996724,"20133"
"10501","4467",4221.56414996724,"20011"
"10502","4468",6938.97017766156,"20059"
"10503","4468",6938.97017766156,"20003"
"10504","4468",6938.97017766156,"20107"
"10505","4469",57770.1811399247,"20091"
"10506","4469",57770.1811399247,"20045"
"10507","4469",57770.1811399247,"20059"
"10508","4469",57770.1811399247,"20121"
"10509","4470",10727.4471078755,"20087"
"10510","4470",10727.4471078755,"20005"
"10511","4470",10727.4471078755,"20103"
"10512","4471",5697.19138223798,"29087"
"10513","4471",5697.19138223798,"20043"
"10514","4471",5697.19138223798,"20013"
"10515","4471",5697.19138223798,"31147"
"10516","4471",5697.19138223798,"29003"
"10517","4472",4156.71169637882,"29087"
"10518","4472",4156.71169637882,"29005"
"10519","4472",4156.71169637882,"29147"
"10520","4472",4156.71169637882,"19145"
"10521","4473",9208.14852411799,"19137"
"10522","4473",9208.14852411799,"19071"
"10523","4473",9208.14852411799,"19145"
"10524","4473",9208.14852411799,"19129"
"10525","4473",9208.14852411799,"19155"
"10526","4474",10601.4687879881,"19009"
"10527","4474",10601.4687879881,"19165"
"10528","4474",10601.4687879881,"19029"
"10529","4474",10601.4687879881,"19155"
"10530","4475",13329.2467861996,"19027"
"10531","4475",13329.2467861996,"19161"
"10532","4475",13329.2467861996,"19047"
"10533","4475",13329.2467861996,"19093"
"10534","4476",16827.3404012069,"19035"
"10535","4476",16827.3404012069,"19161"
"10536","4476",16827.3404012069,"19021"
"10537","4476",16827.3404012069,"19093"
"10538","4477",18696.0065627937,"19041"
"10539","4477",18696.0065627937,"19141"
"10540","4477",18696.0065627937,"19059"
"10541","4478",9064.51327588112,"27033"
"10542","4478",9064.51327588112,"27063"
"10543","4479",6337.29452106173,"27127"
"10544","4479",6337.29452106173,"27015"
"10545","4479",6337.29452106173,"27033"
"10546","4480",7850.84260786369,"27023"
"10547","4480",7850.84260786369,"27129"
"10548","4480",7850.84260786369,"27067"
"10549","4481",6759.64098940252,"27067"
"10550","4481",6759.64098940252,"27145"
"10551","4481",6759.64098940252,"27151"
"10552","4481",6759.64098940252,"27121"
"10553","4482",16615.9247341513,"27153"
"10554","4482",16615.9247341513,"27041"
"10555","4482",16615.9247341513,"27111"
"10556","4483",11039.3639204892,"27153"
"10557","4483",11039.3639204892,"27159"
"10558","4483",11039.3639204892,"27111"
"10559","4484",7614.46498962976,"27005"
"10560","4484",7614.46498962976,"27029"
"10561","4484",7614.46498962976,"27057"
"10562","4485",8260.87344456515,"27029"
"10563","4485",8260.87344456515,"27007"
"10564","4486",54.2316753122801,"27077"
"10565","4486",54.2316753122801,"27007"
"10566","4487",2119.60548456133,"27077"
"10567","4487",2119.60548456133,"27135"
"10568","4488",94.5285340007737,"27077"
"10569","4489",3120.82177738651,"48167"
"10570","4489",3120.82177738651,"48039"
"10571","4490",1013463.57119209,"48167"
"10572","4490",1013463.57119209,"48071"
"10573","4490",1013463.57119209,"48039"
"10574","4490",1013463.57119209,"48201"
"10575","4491",126852.264657081,"48339"
"10576","4491",126852.264657081,"48407"
"10577","4491",126852.264657081,"48291"
"10578","4491",126852.264657081,"48201"
"10579","4492",32650.7873743717,"48455"
"10580","4492",32650.7873743717,"48373"
"10581","4492",32650.7873743717,"48407"
"10582","4493",4110.66211945974,"48455"
"10583","4493",4110.66211945974,"48005"
"10584","4493",4110.66211945974,"48225"
"10585","4493",4110.66211945974,"48073"
"10586","4494",32223.5936283724,"48347"
"10587","4494",32223.5936283724,"48401"
"10588","4494",32223.5936283724,"48073"
"10589","4495",45862.0782581595,"48423"
"10590","4495",45862.0782581595,"48499"
"10591","4495",45862.0782581595,"48401"
"10592","4495",45862.0782581595,"48459"
"10593","4495",45862.0782581595,"48183"
"10594","4496",21750.2433478279,"48499"
"10595","4496",21750.2433478279,"48449"
"10596","4496",21750.2433478279,"48459"
"10597","4496",21750.2433478279,"48159"
"10598","4496",21750.2433478279,"48063"
"10599","4497",7101.99637078005,"48449"
"10600","4497",7101.99637078005,"48159"
"10601","4497",7101.99637078005,"48387"
"10602","4498",6974.40398364569,"40089"
"10603","4498",6974.40398364569,"40023"
"10604","4498",6974.40398364569,"40127"
"10605","4498",6974.40398364569,"48387"
"10606","4499",4532.26483917825,"40079"
"10607","4499",4532.26483917825,"40089"
"10608","4499",4532.26483917825,"40127"
"10609","4499",4532.26483917825,"40077"
"10610","4500",10385.9900653831,"40079"
"10611","4500",10385.9900653831,"40101"
"10612","4500",10385.9900653831,"40061"
"10613","4500",10385.9900653831,"40077"
"10614","4501",26579.285408984,"40145"
"10615","4501",26579.285408984,"40135"
"10616","4501",26579.285408984,"40101"
"10617","4501",26579.285408984,"40021"
"10618","4502",17715.1811370881,"40041"
"10619","4502",17715.1811370881,"40021"
"10620","4502",17715.1811370881,"40097"
"10621","4503",20720.5677093225,"40035"
"10622","4503",20720.5677093225,"20021"
"10623","4503",20720.5677093225,"40115"
"10624","4503",20720.5677093225,"20099"
"10625","4504",4732.07398729935,"20037"
"10626","4504",4732.07398729935,"20021"
"10627","4504",4732.07398729935,"20133"
"10628","4504",4732.07398729935,"20099"
"10629","4505",3574.22817040373,"20001"
"10630","4505",3574.22817040373,"20003"
"10631","4505",3574.22817040373,"20011"
"10632","4505",3574.22817040373,"20107"
"10633","4506",21339.3640168621,"20059"
"10634","4506",21339.3640168621,"20003"
"10635","4506",21339.3640168621,"20121"
"10636","4506",21339.3640168621,"20107"
"10637","4507",95926.4584474821,"20091"
"10638","4507",95926.4584474821,"20087"
"10639","4507",95926.4584474821,"20045"
"10640","4507",95926.4584474821,"20209"
"10641","4507",95926.4584474821,"20103"
"10642","4508",30163.7944469665,"20043"
"10643","4508",30163.7944469665,"29021"
"10644","4508",30163.7944469665,"29165"
"10645","4508",30163.7944469665,"20005"
"10646","4509",4084.99901876504,"29087"
"10647","4509",4084.99901876504,"29005"
"10648","4509",4084.99901876504,"29147"
"10649","4509",4084.99901876504,"29003"
"10650","4510",8309.73047292994,"19173"
"10651","4510",8309.73047292994,"29147"
"10652","4510",8309.73047292994,"19145"
"10653","4511",11088.5956444729,"19003"
"10654","4511",11088.5956444729,"19137"
"10655","4511",11088.5956444729,"19029"
"10656","4511",11088.5956444729,"19155"
"10657","4512",5718.5120960161,"19009"
"10658","4512",5718.5120960161,"19027"
"10659","4512",5718.5120960161,"19165"
"10660","4512",5718.5120960161,"19047"
"10661","4513",6777.53221169108,"19027"
"10662","4513",6777.53221169108,"19025"
"10663","4513",6777.53221169108,"19161"
"10664","4514",5006.53764582919,"19147"
"10665","4514",5006.53764582919,"19041"
"10666","4514",5006.53764582919,"19021"
"10667","4514",5006.53764582919,"19151"
"10668","4515",19611.7447051776,"27091"
"10669","4515",19611.7447051776,"27063"
"10670","4515",19611.7447051776,"19059"
"10671","4515",19611.7447051776,"19063"
"10672","4516",5273.92651459421,"27015"
"10673","4516",5273.92651459421,"27033"
"10674","4516",5273.92651459421,"27063"
"10675","4516",5273.92651459421,"27165"
"10676","4517",10342.5430951322,"27129"
"10677","4517",10342.5430951322,"27127"
"10678","4517",10342.5430951322,"27015"
"10679","4517",10342.5430951322,"27103"
"10680","4518",33385.7291610909,"27067"
"10681","4518",33385.7291610909,"27093"
"10682","4519",17999.2145629548,"27145"
"10683","4519",17999.2145629548,"27153"
"10684","4520",11751.2825774718,"27021"
"10685","4520",11751.2825774718,"27153"
"10686","4520",11751.2825774718,"27159"
"10687","4521",9317.6715693627,"27021"
"10688","4521",9317.6715693627,"27159"
"10689","4521",9317.6715693627,"27057"
"10690","4522",29805.8600785448,"27021"
"10691","4522",29805.8600785448,"27057"
"10692","4522",29805.8600785448,"27007"
"10693","4523",6311.8695097109,"27007"
"10694","4524",38.0954853562019,"27077"
"10695","4524",38.0954853562019,"27007"
"10696","4525",192.054182939906,"27077"
"10697","4526",218363.505056992,"48167"
"10698","4526",218363.505056992,"48039"
"10699","4527",115759.208879074,"48291"
"10700","4527",115759.208879074,"48071"
"10701","4527",115759.208879074,"48201"
"10702","4528",22661.4923507585,"48373"
"10703","4528",22661.4923507585,"48407"
"10704","4528",22661.4923507585,"48291"
"10705","4529",7781.47578585211,"48455"
"10706","4529",7781.47578585211,"48005"
"10707","4529",7781.47578585211,"48373"
"10708","4530",11192.7142920907,"48347"
"10709","4530",11192.7142920907,"48005"
"10710","4530",11192.7142920907,"48225"
"10711","4530",11192.7142920907,"48073"
"10712","4531",39017.7451711946,"48423"
"10713","4531",39017.7451711946,"48401"
"10714","4531",39017.7451711946,"48073"
"10715","4532",37681.1138993716,"48315"
"10716","4532",37681.1138993716,"48459"
"10717","4532",37681.1138993716,"48183"
"10718","4533",32927.3849099666,"48449"
"10719","4533",32927.3849099666,"48037"
"10720","4533",32927.3849099666,"48343"
"10721","4533",32927.3849099666,"48387"
"10722","4534",11167.3168527592,"40089"
"10723","4534",11167.3168527592,"48037"
"10724","4534",11167.3168527592,"48387"
"10725","4535",1350.80470376266,"40079"
"10726","4535",1350.80470376266,"40089"
"10727","4535",1350.80470376266,"40127"
"10728","4536",5709.80563041366,"40079"
"10729","4536",5709.80563041366,"40061"
"10730","4536",5709.80563041366,"40077"
"10731","4537",22532.8386121637,"40079"
"10732","4537",22532.8386121637,"40135"
"10733","4537",22532.8386121637,"40101"
"10734","4537",22532.8386121637,"40021"
"10735","4537",22532.8386121637,"40061"
"10736","4538",26478.1975148788,"40041"
"10737","4538",26478.1975148788,"40001"
"10738","4538",26478.1975148788,"40021"
"10739","4539",33685.3816890518,"40041"
"10740","4539",33685.3816890518,"40035"
"10741","4539",33685.3816890518,"40115"
"10742","4539",33685.3816890518,"40097"
"10743","4540",17181.8729629277,"20021"
"10744","4540",17181.8729629277,"40115"
"10745","4541",6488.19210876432,"29011"
"10746","4541",6488.19210876432,"20037"
"10747","4541",6488.19210876432,"20011"
"10748","4541",6488.19210876432,"29217"
"10749","4542",7111.0401054556,"29013"
"10750","4542",7111.0401054556,"20121"
"10751","4542",7111.0401054556,"20107"
"10752","4543",314455.603963092,"29095"
"10753","4543",314455.603963092,"20091"
"10754","4543",314455.603963092,"20121"
"10755","4543",314455.603963092,"29037"
"10756","4544",140565.724362468,"29047"
"10757","4544",140565.724362468,"20209"
"10758","4544",140565.724362468,"29165"
"10759","4544",140565.724362468,"20005"
"10760","4544",140565.724362468,"20103"
"10761","4545",88678.5395700043,"29087"
"10762","4545",88678.5395700043,"20043"
"10763","4545",88678.5395700043,"29021"
"10764","4545",88678.5395700043,"29063"
"10765","4545",88678.5395700043,"29003"
"10766","4546",19466.5784555247,"29227"
"10767","4546",19466.5784555247,"19173"
"10768","4546",19466.5784555247,"29075"
"10769","4546",19466.5784555247,"29147"
"10770","4547",4267.56297271288,"19003"
"10771","4547",4267.56297271288,"19173"
"10772","4547",4267.56297271288,"19137"
"10773","4547",4267.56297271288,"19029"
"10774","4547",4267.56297271288,"19145"
"10775","4548",4408.00159943898,"19001"
"10776","4548",4408.00159943898,"19009"
"10777","4548",4408.00159943898,"19077"
"10778","4548",4408.00159943898,"19029"
"10779","4549",15361.6012418923,"19027"
"10780","4549",15361.6012418923,"19025"
"10781","4549",15361.6012418923,"19073"
"10782","4549",15361.6012418923,"19161"
"10783","4550",4363.08965376821,"19025"
"10784","4550",4363.08965376821,"19161"
"10785","4550",4363.08965376821,"19021"
"10786","4550",4363.08965376821,"19151"
"10787","4551",7134.39939421419,"19147"
"10788","4551",7134.39939421419,"19041"
"10789","4551",7134.39939421419,"19059"
"10790","4551",7134.39939421419,"19063"
"10791","4552",5316.17759388819,"27091"
"10792","4552",5316.17759388819,"27033"
"10793","4552",5316.17759388819,"27063"
"10794","4552",5316.17759388819,"27165"
"10795","4553",9093.13942590823,"27129"
"10796","4553",9093.13942590823,"27127"
"10797","4553",9093.13942590823,"27015"
"10798","4553",9093.13942590823,"27103"
"10799","4554",6138.76149101586,"27129"
"10800","4554",6138.76149101586,"27067"
"10801","4554",6138.76149101586,"27093"
"10802","4554",6138.76149101586,"27085"
"10803","4554",6138.76149101586,"27143"
"10804","4555",16788.3932929068,"27067"
"10805","4555",16788.3932929068,"27145"
"10806","4555",16788.3932929068,"27093"
"10807","4556",11001.9708502357,"27097"
"10808","4556",11001.9708502357,"27153"
"10809","4557",3303.24989373548,"27097"
"10810","4557",3303.24989373548,"27021"
"10811","4557",3303.24989373548,"27153"
"10812","4557",3303.24989373548,"27159"
"10813","4558",7367.99466514744,"27021"
"10814","4558",7367.99466514744,"27057"
"10815","4559",7749.58415487238,"27061"
"10816","4559",7749.58415487238,"27007"
"10817","4560",193.550339713261,"27077"
"10818","4560",193.550339713261,"27071"
"10819","4560",193.550339713261,"27007"
"10820","4561",2351.33721347602,"27077"
"10821","4561",2351.33721347602,"27071"
"10822","4562",4.79176900464751,"27077"
"10823","4563",14780.962578187,"48071"
"10824","4563",14780.962578187,"48201"
"10825","4564",23437.4279735119,"48199"
"10826","4564",23437.4279735119,"48291"
"10827","4565",9170.82645598052,"48457"
"10828","4565",9170.82645598052,"48373"
"10829","4566",81599.1704071758,"48347"
"10830","4566",81599.1704071758,"48455"
"10831","4566",81599.1704071758,"48005"
"10832","4567",9447.09110518055,"48347"
"10833","4567",9447.09110518055,"48401"
"10834","4567",9447.09110518055,"48365"
"10835","4568",140099.199145535,"48203"
"10836","4568",140099.199145535,"48401"
"10837","4568",140099.199145535,"48183"
"10838","4569",17571.12492923,"48449"
"10839","4569",17571.12492923,"48067"
"10840","4569",17571.12492923,"48315"
"10841","4569",17571.12492923,"48343"
"10842","4569",17571.12492923,"48459"
"10843","4569",17571.12492923,"48063"
"10844","4570",7762.00233572983,"40089"
"10845","4570",7762.00233572983,"48037"
"10846","4570",7762.00233572983,"48387"
"10847","4571",9534.27610584688,"40089"
"10848","4572",2181.05865859021,"40079"
"10849","4572",2181.05865859021,"40089"
"10850","4573",28450.2674149,"40079"
"10851","4573",28450.2674149,"40135"
"10852","4573",28450.2674149,"40061"
"10853","4574",15930.5314856487,"40135"
"10854","4574",15930.5314856487,"40001"
"10855","4574",15930.5314856487,"40021"
"10856","4574",15930.5314856487,"05033"
"10857","4574",15930.5314856487,"05143"
"10858","4575",47514.5597257349,"05007"
"10859","4575",47514.5597257349,"40041"
"10860","4575",47514.5597257349,"40001"
"10861","4576",23020.9298107562,"29119"
"10862","4576",23020.9298107562,"20021"
"10863","4576",23020.9298107562,"40115"
"10864","4576",23020.9298107562,"29145"
"10865","4577",35182.4159075822,"29011"
"10866","4577",35182.4159075822,"20037"
"10867","4577",35182.4159075822,"20021"
"10868","4577",35182.4159075822,"29097"
"10869","4578",12402.206592014,"29013"
"10870","4578",12402.206592014,"20011"
"10871","4578",12402.206592014,"29217"
"10872","4578",12402.206592014,"20107"
"10873","4579",17122.764828769,"29013"
"10874","4579",17122.764828769,"20121"
"10875","4579",17122.764828769,"29037"
"10876","4579",17122.764828769,"20107"
"10877","4580",940258.95092606,"29095"
"10878","4580",940258.95092606,"20091"
"10879","4580",940258.95092606,"29047"
"10880","4580",940258.95092606,"20209"
"10881","4580",940258.95092606,"29165"
"10882","4581",16626.6192182853,"29021"
"10883","4581",16626.6192182853,"29047"
"10884","4581",16626.6192182853,"29165"
"10885","4581",16626.6192182853,"29063"
"10886","4581",16626.6192182853,"29049"
"10887","4582",5511.6917796854,"29075"
"10888","4582",5511.6917796854,"29147"
"10889","4582",5511.6917796854,"29063"
"10890","4582",5511.6917796854,"29003"
"10891","4583",4719.98961405815,"29227"
"10892","4583",4719.98961405815,"19159"
"10893","4583",4719.98961405815,"19173"
"10894","4583",4719.98961405815,"29147"
"10895","4584",4859.85313079881,"19175"
"10896","4584",4859.85313079881,"19001"
"10897","4584",4859.85313079881,"19003"
"10898","4584",4859.85313079881,"19029"
"10899","4585",6734.35224842201,"19009"
"10900","4585",6734.35224842201,"19027"
"10901","4585",6734.35224842201,"19073"
"10902","4585",6734.35224842201,"19077"
"10903","4586",6112.70639820789,"19025"
"10904","4586",6112.70639820789,"19073"
"10905","4586",6112.70639820789,"19187"
"10906","4587",3500.79106444889,"19147"
"10907","4587",3500.79106444889,"19109"
"10908","4587",3500.79106444889,"19151"
"10909","4587",3500.79106444889,"19091"
"10910","4588",7227.84222411898,"27091"
"10911","4588",7227.84222411898,"19109"
"10912","4588",7227.84222411898,"19063"
"10913","4589",10060.6960820388,"27091"
"10914","4589",10060.6960820388,"27013"
"10915","4589",10060.6960820388,"27015"
"10916","4589",10060.6960820388,"27165"
"10917","4590",6155.59551753068,"27129"
"10918","4590",6155.59551753068,"27103"
"10919","4590",6155.59551753068,"27085"
"10920","4590",6155.59551753068,"27143"
"10921","4591",18802.1490037462,"27171"
"10922","4591",18802.1490037462,"27093"
"10923","4591",18802.1490037462,"27085"
"10924","4592",40424.2652647389,"27097"
"10925","4592",40424.2652647389,"27145"
"10926","4592",40424.2652647389,"27153"
"10927","4592",40424.2652647389,"27009"
"10928","4593",18575.69160232,"27097"
"10929","4593",18575.69160232,"27021"
"10930","4593",18575.69160232,"27153"
"10931","4593",18575.69160232,"27035"
"10932","4594",8057.60972914544,"27021"
"10933","4594",8057.60972914544,"27035"
"10934","4595",3925.65434231092,"27061"
"10935","4595",3925.65434231092,"27021"
"10936","4595",3925.65434231092,"27007"
"10937","4596",1809.0767843391,"27061"
"10938","4596",1809.0767843391,"27071"
"10939","4596",1809.0767843391,"27007"
"10940","4597",78.0008146855027,"27077"
"10941","4597",78.0008146855027,"27071"
"10942","4597",78.0008146855027,"27007"
"10943","4598",1838.90670595359,"48167"
"10944","4598",1838.90670595359,"48071"
"10945","4599",7477.16661934052,"48199"
"10946","4599",7477.16661934052,"48245"
"10947","4599",7477.16661934052,"48291"
"10948","4599",7477.16661934052,"48071"
"10949","4600",5864.81880508964,"48199"
"10950","4600",5864.81880508964,"48457"
"10951","4600",5864.81880508964,"48373"
"10952","4600",5864.81880508964,"48291"
"10953","4601",3993.90059912053,"48241"
"10954","4601",3993.90059912053,"48457"
"10955","4601",3993.90059912053,"48005"
"10956","4601",3993.90059912053,"48373"
"10957","4602",52982.2306706861,"48347"
"10958","4602",52982.2306706861,"48005"
"10959","4602",52982.2306706861,"48405"
"10960","4602",52982.2306706861,"48419"
"10961","4603",19030.9352979472,"48401"
"10962","4603",19030.9352979472,"48365"
"10963","4604",15131.3213085686,"48067"
"10964","4604",15131.3213085686,"48315"
"10965","4604",15131.3213085686,"48203"
"10966","4604",15131.3213085686,"48459"
"10967","4604",15131.3213085686,"48183"
"10968","4605",11366.6470384877,"48037"
"10969","4605",11366.6470384877,"48067"
"10970","4605",11366.6470384877,"48343"
"10971","4606",5328.76826328063,"05133"
"10972","4606",5328.76826328063,"40089"
"10973","4606",5328.76826328063,"48037"
"10974","4606",5328.76826328063,"05081"
"10975","4607",5720.48645422756,"40079"
"10976","4607",5720.48645422756,"40089"
"10977","4607",5720.48645422756,"05113"
"10978","4608",11097.109134952,"40079"
"10979","4608",11097.109134952,"05127"
"10980","4608",11097.109134952,"05131"
"10981","4609",135187.957287902,"40079"
"10982","4609",135187.957287902,"40135"
"10983","4609",135187.957287902,"40001"
"10984","4609",135187.957287902,"05033"
"10985","4609",135187.957287902,"05131"
"10986","4610",40687.3721837681,"05007"
"10987","4610",40687.3721837681,"40001"
"10988","4610",40687.3721837681,"05143"
"10989","4611",40795.7078104167,"05007"
"10990","4611",40795.7078104167,"40041"
"10991","4611",40795.7078104167,"29119"
"10992","4611",40795.7078104167,"40115"
"10993","4612",136483.519698976,"20021"
"10994","4612",136483.519698976,"29097"
"10995","4612",136483.519698976,"29145"
"10996","4613",10926.763989149,"29011"
"10997","4613",10926.763989149,"20037"
"10998","4613",10926.763989149,"29217"
"10999","4614",9932.02933077338,"29013"
"11000","4614",9932.02933077338,"29217"
"11001","4615",205439.897968288,"29095"
"11002","4615",205439.897968288,"29037"
"11003","4616",166762.288985055,"29095"
"11004","4616",166762.288985055,"29177"
"11005","4616",166762.288985055,"29047"
"11006","4616",166762.288985055,"29049"
"11007","4617",11350.242869157,"29061"
"11008","4617",11350.242869157,"29075"
"11009","4617",11350.242869157,"29025"
"11010","4617",11350.242869157,"29063"
"11011","4617",11350.242869157,"29049"
"11012","4618",2490.34654901852,"29227"
"11013","4618",2490.34654901852,"19159"
"11014","4618",2490.34654901852,"29081"
"11015","4618",2490.34654901852,"29075"
"11016","4619",11978.6001386371,"19175"
"11017","4619",11978.6001386371,"19001"
"11018","4619",11978.6001386371,"19003"
"11019","4619",11978.6001386371,"19159"
"11020","4619",11978.6001386371,"19173"
"11021","4620",11581.6663237671,"19001"
"11022","4620",11581.6663237671,"19049"
"11023","4620",11581.6663237671,"19077"
"11024","4620",11581.6663237671,"19121"
"11025","4621",7119.35719572078,"19025"
"11026","4621",7119.35719572078,"19073"
"11027","4621",7119.35719572078,"19187"
"11028","4621",7119.35719572078,"19015"
"11029","4622",25583.779902196,"19025"
"11030","4622",25583.779902196,"19187"
"11031","4622",25583.779902196,"19151"
"11032","4622",25583.779902196,"19091"
"11033","4623",8891.40590043487,"19147"
"11034","4623",8891.40590043487,"19109"
"11035","4623",8891.40590043487,"19063"
"11036","4624",15618.1691942186,"27091"
"11037","4624",15618.1691942186,"27013"
"11038","4624",15618.1691942186,"27043"
"11039","4624",15618.1691942186,"27165"
"11040","4625",18814.3878895129,"27013"
"11041","4625",18814.3878895129,"27015"
"11042","4625",18814.3878895129,"27103"
"11043","4625",18814.3878895129,"27143"
"11044","4626",33789.1297729924,"27171"
"11045","4626",33789.1297729924,"27093"
"11046","4626",33789.1297729924,"27085"
"11047","4626",33789.1297729924,"27143"
"11048","4627",98579.3260739284,"27171"
"11049","4627",98579.3260739284,"27145"
"11050","4627",98579.3260739284,"27141"
"11051","4627",98579.3260739284,"27093"
"11052","4628",21242.2881106993,"27097"
"11053","4628",21242.2881106993,"27009"
"11054","4629",43080.8326697677,"27021"
"11055","4629",43080.8326697677,"27035"
"11056","4630",2630.04714691489,"27021"
"11057","4631",1086.60983358255,"27061"
"11058","4631",1086.60983358255,"27021"
"11059","4632",5.5931371567586,"27071"
"11060","4633",139.654390009906,"27071"
"11061","4634",8022.69991879634,"48167"
"11062","4634",8022.69991879634,"48245"
"11063","4634",8022.69991879634,"48071"
"11064","4635",40186.4669414456,"48199"
"11065","4635",40186.4669414456,"48245"
"11066","4635",40186.4669414456,"48291"
"11067","4636",15294.4449258973,"48241"
"11068","4636",15294.4449258973,"48457"
"11069","4637",7642.57146388221,"48347"
"11070","4637",7642.57146388221,"48005"
"11071","4637",7642.57146388221,"48405"
"11072","4638",18088.8006529588,"48347"
"11073","4638",18088.8006529588,"48419"
"11074","4638",18088.8006529588,"48401"
"11075","4638",18088.8006529588,"48365"
"11076","4639",33700.3076964989,"48203"
"11077","4639",33700.3076964989,"48401"
"11078","4639",33700.3076964989,"48365"
"11079","4640",9141.03572513773,"48067"
"11080","4640",9141.03572513773,"48315"
"11081","4641",26027.8580737465,"40089"
"11082","4641",26027.8580737465,"48037"
"11083","4641",26027.8580737465,"05081"
"11084","4642",16439.7714536229,"05061"
"11085","4642",16439.7714536229,"05133"
"11086","4642",16439.7714536229,"40089"
"11087","4642",16439.7714536229,"05113"
"11088","4643",13388.4999955868,"40079"
"11089","4643",13388.4999955868,"05113"
"11090","4643",13388.4999955868,"05127"
"11091","4644",57012.9767271241,"40079"
"11092","4644",57012.9767271241,"05083"
"11093","4644",57012.9767271241,"05047"
"11094","4644",57012.9767271241,"05127"
"11095","4644",57012.9767271241,"05033"
"11096","4644",57012.9767271241,"05131"
"11097","4645",11195.3898337703,"05047"
"11098","4645",11195.3898337703,"05033"
"11099","4645",11195.3898337703,"05143"
"11100","4646",277059.946819402,"05007"
"11101","4646",277059.946819402,"05143"
"11102","4647",33308.9636012938,"29009"
"11103","4647",33308.9636012938,"29109"
"11104","4647",33308.9636012938,"29119"
"11105","4647",33308.9636012938,"29145"
"11106","4648",10900.0783476523,"29057"
"11107","4648",10900.0783476523,"29011"
"11108","4648",10900.0783476523,"29109"
"11109","4648",10900.0783476523,"29097"
"11110","4649",15286.5901959214,"29013"
"11111","4649",15286.5901959214,"29039"
"11112","4649",15286.5901959214,"29185"
"11113","4649",15286.5901959214,"29217"
"11114","4650",13965.4148769814,"29013"
"11115","4650",13965.4148769814,"29083"
"11116","4650",13965.4148769814,"29037"
"11117","4650",13965.4148769814,"29101"
"11118","4651",162303.643694722,"29095"
"11119","4651",162303.643694722,"29177"
"11120","4651",162303.643694722,"29047"
"11121","4651",162303.643694722,"29107"
"11122","4651",162303.643694722,"29101"
"11123","4652",19091.5892307645,"29177"
"11124","4652",19091.5892307645,"29047"
"11125","4652",19091.5892307645,"29025"
"11126","4652",19091.5892307645,"29063"
"11127","4652",19091.5892307645,"29049"
"11128","4653",7896.30543077327,"29081"
"11129","4653",7896.30543077327,"29061"
"11130","4653",7896.30543077327,"29075"
"11131","4653",7896.30543077327,"29063"
"11132","4654",5867.9369324493,"29227"
"11133","4654",5867.9369324493,"19159"
"11134","4654",5867.9369324493,"29081"
"11135","4654",5867.9369324493,"19053"
"11136","4655",10411.5959251739,"19175"
"11137","4655",10411.5959251739,"19001"
"11138","4655",10411.5959251739,"19121"
"11139","4655",10411.5959251739,"19039"
"11140","4656",23223.4802157157,"19049"
"11141","4656",23223.4802157157,"19073"
"11142","4656",23223.4802157157,"19077"
"11143","4656",23223.4802157157,"19015"
"11144","4657",16042.8623181378,"19073"
"11145","4657",16042.8623181378,"19079"
"11146","4657",16042.8623181378,"19187"
"11147","4657",16042.8623181378,"19015"
"11148","4658",3087.04074285672,"19197"
"11149","4658",3087.04074285672,"19081"
"11150","4658",3087.04074285672,"19109"
"11151","4658",3087.04074285672,"19091"
"11152","4659",4076.55419578845,"27091"
"11153","4659",4076.55419578845,"19189"
"11154","4659",4076.55419578845,"27043"
"11155","4659",4076.55419578845,"19109"
"11156","4660",70716.2925550503,"27013"
"11157","4660",70716.2925550503,"27103"
"11158","4660",70716.2925550503,"27043"
"11159","4661",15865.1900283082,"27139"
"11160","4661",15865.1900283082,"27103"
"11161","4661",15865.1900283082,"27019"
"11162","4661",15865.1900283082,"27085"
"11163","4661",15865.1900283082,"27079"
"11164","4661",15865.1900283082,"27143"
"11165","4662",68113.209144946,"27171"
"11166","4662",68113.209144946,"27019"
"11167","4662",68113.209144946,"27085"
"11168","4663",62658.6741271622,"27097"
"11169","4663",62658.6741271622,"27145"
"11170","4663",62658.6741271622,"27095"
"11171","4663",62658.6741271622,"27141"
"11172","4663",62658.6741271622,"27009"
"11173","4664",10037.6275172183,"27097"
"11174","4664",10037.6275172183,"27095"
"11175","4664",10037.6275172183,"27001"
"11176","4664",10037.6275172183,"27035"
"11177","4665",4468.33813109573,"27021"
"11178","4665",4468.33813109573,"27001"
"11179","4665",4468.33813109573,"27035"
"11180","4666",3911.47378038195,"27061"
"11181","4666",3911.47378038195,"27021"
"11182","4667",288.425332204202,"27061"
"11183","4667",288.425332204202,"27071"
"11184","4668",329.938936103405,"27071"
"11185","4669",97215.7750904222,"48245"
"11186","4669",97215.7750904222,"48361"
"11187","4669",97215.7750904222,"48071"
"11188","4670",25604.47979883,"48199"
"11189","4670",25604.47979883,"48241"
"11190","4670",25604.47979883,"48457"
"11191","4671",7291.39135214661,"48241"
"11192","4671",7291.39135214661,"48457"
"11193","4671",7291.39135214661,"48005"
"11194","4671",7291.39135214661,"48405"
"11195","4671",7291.39135214661,"48403"
"11196","4672",8242.84870630508,"48347"
"11197","4672",8242.84870630508,"48405"
"11198","4672",8242.84870630508,"48419"
"11199","4672",8242.84870630508,"48403"
"11200","4673",7406.09096591429,"22031"
"11201","4673",7406.09096591429,"22017"
"11202","4673",7406.09096591429,"48419"
"11203","4673",7406.09096591429,"48365"
"11204","4674",9041.07370237613,"22017"
"11205","4674",9041.07370237613,"48067"
"11206","4674",9041.07370237613,"48315"
"11207","4674",9041.07370237613,"48203"
"11208","4675",41428.5795106543,"48037"
"11209","4675",41428.5795106543,"48067"
"11210","4675",41428.5795106543,"05091"
"11211","4676",10867.8660215903,"05061"
"11212","4676",10867.8660215903,"05133"
"11213","4676",10867.8660215903,"05057"
"11214","4676",10867.8660215903,"05081"
"11215","4677",1637.85414124104,"05061"
"11216","4677",1637.85414124104,"05109"
"11217","4677",1637.85414124104,"05133"
"11218","4677",1637.85414124104,"05113"
"11219","4677",1637.85414124104,"05097"
"11220","4678",9055.0024118573,"05083"
"11221","4678",9055.0024118573,"05127"
"11222","4678",9055.0024118573,"05131"
"11223","4679",31368.5343826331,"05047"
"11224","4679",31368.5343826331,"05033"
"11225","4679",31368.5343826331,"05131"
"11226","4680",153471.977769432,"05087"
"11227","4680",153471.977769432,"05143"
"11228","4681",32497.038819675,"05015"
"11229","4681",32497.038819675,"05007"
"11230","4681",32497.038819675,"29009"
"11231","4681",32497.038819675,"29119"
"11232","4682",16749.1066156715,"29057"
"11233","4682",16749.1066156715,"29109"
"11234","4682",16749.1066156715,"29097"
"11235","4682",16749.1066156715,"29145"
"11236","4683",5440.40342669848,"29057"
"11237","4683",5440.40342669848,"29011"
"11238","4683",5440.40342669848,"29039"
"11239","4683",5440.40342669848,"29217"
"11240","4684",4007.47698595622,"29013"
"11241","4684",4007.47698595622,"29185"
"11242","4684",4007.47698595622,"29083"
"11243","4685",17779.9984747655,"29095"
"11244","4685",17779.9984747655,"29107"
"11245","4685",17779.9984747655,"29037"
"11246","4685",17779.9984747655,"29101"
"11247","4686",18604.0693937846,"29033"
"11248","4686",18604.0693937846,"29177"
"11249","4686",18604.0693937846,"29107"
"11250","4687",10052.4399931426,"29061"
"11251","4687",10052.4399931426,"29079"
"11252","4687",10052.4399931426,"29025"
"11253","4687",10052.4399931426,"29117"
"11254","4688",3473.2697961446,"29081"
"11255","4688",3473.2697961446,"19053"
"11256","4688",3473.2697961446,"29129"
"11257","4689",8788.72147427775,"19175"
"11258","4689",8788.72147427775,"19159"
"11259","4689",8788.72147427775,"19053"
"11260","4689",8788.72147427775,"19121"
"11261","4689",8788.72147427775,"19039"
"11262","4690",188508.078166278,"19049"
"11263","4690",188508.078166278,"19181"
"11264","4690",188508.078166278,"19153"
"11265","4690",188508.078166278,"19121"
"11266","4691",36943.5158010537,"19169"
"11267","4691",36943.5158010537,"19079"
"11268","4691",36943.5158010537,"19187"
"11269","4691",36943.5158010537,"19015"
"11270","4692",13453.2029061785,"19079"
"11271","4692",13453.2029061785,"19197"
"11272","4692",13453.2029061785,"19187"
"11273","4692",13453.2029061785,"19091"
"11274","4693",9035.04633612675,"19189"
"11275","4693",9035.04633612675,"19081"
"11276","4693",9035.04633612675,"19109"
"11277","4694",5620.10723351543,"27013"
"11278","4694",5620.10723351543,"27161"
"11279","4694",5620.10723351543,"27043"
"11280","4694",5620.10723351543,"27047"
"11281","4695",36136.2522290089,"27013"
"11282","4695",36136.2522290089,"27161"
"11283","4695",36136.2522290089,"27103"
"11284","4695",36136.2522290089,"27079"
"11285","4696",126763.891664276,"27053"
"11286","4696",126763.891664276,"27139"
"11287","4696",126763.891664276,"27171"
"11288","4696",126763.891664276,"27019"
"11289","4696",126763.891664276,"27085"
"11290","4696",126763.891664276,"27143"
"11291","4697",116605.068459394,"27171"
"11292","4697",116605.068459394,"27095"
"11293","4697",116605.068459394,"27141"
"11294","4697",116605.068459394,"27009"
"11295","4698",6047.03151679791,"27097"
"11296","4698",6047.03151679791,"27095"
"11297","4698",6047.03151679791,"27009"
"11298","4699",13952.2494292176,"27001"
"11299","4699",13952.2494292176,"27035"
"11300","4700",6090.90559888742,"27061"
"11301","4700",6090.90559888742,"27021"
"11302","4700",6090.90559888742,"27001"
"11303","4701",2337.7830376117,"27061"
"11304","4702",328.206390509685,"27071"
"11305","4703",379.130337031718,"48245"
"11306","4703",379.130337031718,"22023"
"11307","4704",84658.117916861,"48199"
"11308","4704",84658.117916861,"48241"
"11309","4704",84658.117916861,"48245"
"11310","4704",84658.117916861,"48361"
"11311","4704",84658.117916861,"48351"
"11312","4705",18392.4803274494,"48241"
"11313","4705",18392.4803274494,"48457"
"11314","4705",18392.4803274494,"48351"
"11315","4706",7639.77639351412,"48241"
"11316","4706",7639.77639351412,"48405"
"11317","4706",7639.77639351412,"48403"
"11318","4707",10463.5647259143,"22031"
"11319","4707",10463.5647259143,"48419"
"11320","4707",10463.5647259143,"48365"
"11321","4707",10463.5647259143,"22085"
"11322","4708",144587.17310182,"22031"
"11323","4708",144587.17310182,"22017"
"11324","4708",144587.17310182,"48203"
"11325","4708",144587.17310182,"48365"
"11326","4709",9810.50850574282,"22017"
"11327","4709",9810.50850574282,"48067"
"11328","4709",9810.50850574282,"48315"
"11329","4709",9810.50850574282,"22015"
"11330","4709",9810.50850574282,"05073"
"11331","4709",9810.50850574282,"05091"
"11332","4710",65427.0815058816,"48037"
"11333","4710",65427.0815058816,"05057"
"11334","4710",65427.0815058816,"05073"
"11335","4710",65427.0815058816,"05091"
"11336","4710",65427.0815058816,"05081"
"11337","4711",10763.0989016802,"05061"
"11338","4711",10763.0989016802,"05109"
"11339","4711",10763.0989016802,"05133"
"11340","4711",10763.0989016802,"05057"
"11341","4712",2979.55890622698,"05113"
"11342","4712",2979.55890622698,"05127"
"11343","4712",2979.55890622698,"05097"
"11344","4713",16666.7517832689,"05149"
"11345","4713",16666.7517832689,"05083"
"11346","4713",16666.7517832689,"05047"
"11347","4713",16666.7517832689,"05127"
"11348","4713",16666.7517832689,"05131"
"11349","4714",3263.34223047322,"05071"
"11350","4714",3263.34223047322,"05047"
"11351","4714",3263.34223047322,"05087"
"11352","4714",3263.34223047322,"05033"
"11353","4714",3263.34223047322,"05143"
"11354","4715",20747.8736342352,"05015"
"11355","4715",20747.8736342352,"05007"
"11356","4715",20747.8736342352,"05087"
"11357","4715",20747.8736342352,"05143"
"11358","4716",34191.9375800114,"29009"
"11359","4716",34191.9375800114,"29109"
"11360","4717",7770.30177608034,"29057"
"11361","4717",7770.30177608034,"29167"
"11362","4717",7770.30177608034,"29109"
"11363","4717",7770.30177608034,"29077"
"11364","4718",6164.66181183405,"29039"
"11365","4718",6164.66181183405,"29185"
"11366","4719",15201.5914857027,"29083"
"11367","4719",15201.5914857027,"29101"
"11368","4720",20668.1890845818,"29033"
"11369","4720",20668.1890845818,"29177"
"11370","4720",20668.1890845818,"29107"
"11371","4720",20668.1890845818,"29101"
"11372","4721",3985.3145352818,"29033"
"11373","4721",3985.3145352818,"29177"
"11374","4721",3985.3145352818,"29025"
"11375","4721",3985.3145352818,"29117"
"11376","4722",9429.40115846598,"29081"
"11377","4722",9429.40115846598,"29061"
"11378","4722",9429.40115846598,"29079"
"11379","4722",9429.40115846598,"29129"
"11380","4723",4721.07470845016,"29081"
"11381","4723",4721.07470845016,"19185"
"11382","4723",4721.07470845016,"19053"
"11383","4723",4721.07470845016,"29129"
"11384","4724",25760.3915241933,"19117"
"11385","4724",25760.3915241933,"19181"
"11386","4724",25760.3915241933,"19121"
"11387","4724",25760.3915241933,"19039"
"11388","4725",157377.064825555,"19049"
"11389","4725",157377.064825555,"19169"
"11390","4725",157377.064825555,"19153"
"11391","4725",157377.064825555,"19015"
"11392","4726",8882.86779668561,"19083"
"11393","4726",8882.86779668561,"19169"
"11394","4726",8882.86779668561,"19079"
"11395","4726",8882.86779668561,"19015"
"11396","4727",5933.83155442622,"19197"
"11397","4727",5933.83155442622,"19081"
"11398","4727",5933.83155442622,"19033"
"11399","4727",5933.83155442622,"19069"
"11400","4728",6809.03743914319,"19195"
"11401","4728",6809.03743914319,"19189"
"11402","4728",6809.03743914319,"27043"
"11403","4728",6809.03743914319,"27047"
"11404","4729",18248.6203004787,"27013"
"11405","4729",18248.6203004787,"27161"
"11406","4729",18248.6203004787,"27043"
"11407","4729",18248.6203004787,"27147"
"11408","4729",18248.6203004787,"27047"
"11409","4730",59922.9476165799,"27139"
"11410","4730",59922.9476165799,"27131"
"11411","4730",59922.9476165799,"27019"
"11412","4730",59922.9476165799,"27079"
"11413","4730",59922.9476165799,"27143"
"11414","4731",428315.726012451,"27053"
"11415","4731",428315.726012451,"27171"
"11416","4731",428315.726012451,"27141"
"11417","4731",428315.726012451,"27003"
"11418","4732",32417.6358200169,"27095"
"11419","4732",32417.6358200169,"27141"
"11420","4732",32417.6358200169,"27059"
"11421","4732",32417.6358200169,"27065"
"11422","4732",32417.6358200169,"27009"
"11423","4733",4917.22436791633,"27095"
"11424","4733",4917.22436791633,"27001"
"11425","4733",4917.22436791633,"27065"
"11426","4734",2380.56307534617,"27001"
"11427","4735",24786.1121260939,"27061"
"11428","4736",537.399458901173,"27061"
"11429","4736",537.399458901173,"27071"
"11430","4737",9075.07014235474,"27071"
"11431","4738",105229.059307156,"48245"
"11432","4738",105229.059307156,"48361"
"11433","4738",105229.059307156,"22023"
"11434","4738",105229.059307156,"22019"
"11435","4739",8986.47200803621,"22011"
"11436","4739",8986.47200803621,"48241"
"11437","4739",8986.47200803621,"48351"
"11438","4739",8986.47200803621,"22019"
"11439","4740",2787.14706322787,"48241"
"11440","4740",2787.14706322787,"48351"
"11441","4740",2787.14706322787,"48403"
"11442","4741",10486.5804931551,"48419"
"11443","4741",10486.5804931551,"48403"
"11444","4741",10486.5804931551,"22085"
"11445","4742",20311.3202570216,"22031"
"11446","4742",20311.3202570216,"22081"
"11447","4742",20311.3202570216,"22017"
"11448","4743",70666.4168462675,"22017"
"11449","4743",70666.4168462675,"22015"
"11450","4744",6453.18922405492,"05073"
"11451","4744",6453.18922405492,"05091"
"11452","4745",7855.45794637974,"05061"
"11453","4745",7855.45794637974,"05057"
"11454","4746",7866.47956921721,"05109"
"11455","4746",7866.47956921721,"05097"
"11456","4747",1316.69668057614,"05149"
"11457","4747",1316.69668057614,"05083"
"11458","4747",1316.69668057614,"05127"
"11459","4747",1316.69668057614,"05097"
"11460","4748",25436.9393902796,"05071"
"11461","4748",25436.9393902796,"05083"
"11462","4748",25436.9393902796,"05047"
"11463","4749",9701.6893034173,"05015"
"11464","4749",9701.6893034173,"05101"
"11465","4749",9701.6893034173,"05087"
"11466","4750",18619.0652317031,"05015"
"11467","4750",18619.0652317031,"29009"
"11468","4750",18619.0652317031,"29209"
"11469","4751",47875.7030111945,"29057"
"11470","4751",47875.7030111945,"29109"
"11471","4751",47875.7030111945,"29077"
"11472","4751",47875.7030111945,"29209"
"11473","4751",47875.7030111945,"29043"
"11474","4752",24025.5823003067,"29057"
"11475","4752",24025.5823003067,"29167"
"11476","4752",24025.5823003067,"29085"
"11477","4752",24025.5823003067,"29039"
"11478","4752",24025.5823003067,"29185"
"11479","4753",9563.96345862886,"29085"
"11480","4753",9563.96345862886,"29185"
"11481","4753",9563.96345862886,"29083"
"11482","4753",9563.96345862886,"29015"
"11483","4754",39489.9254344112,"29159"
"11484","4754",39489.9254344112,"29107"
"11485","4754",39489.9254344112,"29101"
"11486","4755",7072.17289360315,"29033"
"11487","4755",7072.17289360315,"29195"
"11488","4755",7072.17289360315,"29107"
"11489","4756",14051.2391413404,"29079"
"11490","4756",14051.2391413404,"29117"
"11491","4756",14051.2391413404,"29115"
"11492","4757",3853.97086081461,"29171"
"11493","4757",3853.97086081461,"19185"
"11494","4757",3853.97086081461,"29079"
"11495","4757",3853.97086081461,"29211"
"11496","4757",3853.97086081461,"29129"
"11497","4758",7786.4136031985,"19117"
"11498","4758",7786.4136031985,"19185"
"11499","4758",7786.4136031985,"19053"
"11500","4758",7786.4136031985,"19039"
"11501","4759",247842.719375667,"19181"
"11502","4759",247842.719375667,"19099"
"11503","4759",247842.719375667,"19125"
"11504","4759",247842.719375667,"19153"
"11505","4760",69570.1801196734,"19083"
"11506","4760",69570.1801196734,"19127"
"11507","4760",69570.1801196734,"19169"
"11508","4760",69570.1801196734,"19079"
"11509","4761",9727.42052836064,"19083"
"11510","4761",9727.42052836064,"19079"
"11511","4761",9727.42052836064,"19197"
"11512","4761",9727.42052836064,"19069"
"11513","4762",34482.8443656141,"19195"
"11514","4762",34482.8443656141,"19189"
"11515","4762",34482.8443656141,"19081"
"11516","4762",34482.8443656141,"19033"
"11517","4763",26085.1840248942,"27161"
"11518","4763",26085.1840248942,"27147"
"11519","4763",26085.1840248942,"27047"
"11520","4764",42790.6189300698,"27161"
"11521","4764",42790.6189300698,"27147"
"11522","4764",42790.6189300698,"27131"
"11523","4764",42790.6189300698,"27079"
"11524","4765",1100330.95088189,"27053"
"11525","4765",1100330.95088189,"27139"
"11526","4765",1100330.95088189,"27123"
"11527","4765",1100330.95088189,"27019"
"11528","4765",1100330.95088189,"27037"
"11529","4766",123669.830253862,"27141"
"11530","4766",123669.830253862,"27059"
"11531","4766",123669.830253862,"27003"
"11532","4767",15264.9318452273,"27095"
"11533","4767",15264.9318452273,"27065"
"11534","4767",15264.9318452273,"27115"
"11535","4768",2076.57684834482,"27001"
"11536","4768",2076.57684834482,"27017"
"11537","4768",2076.57684834482,"27115"
"11538","4769",2798.68815237726,"27061"
"11539","4769",2798.68815237726,"27137"
"11540","4769",2798.68815237726,"27001"
"11541","4770",2094.80093567699,"27061"
"11542","4770",2094.80093567699,"27137"
"11543","4771",403.944952802789,"27137"
"11544","4771",403.944952802789,"27071"
"11545","4772",1108.92760137921,"27137"
"11546","4772",1108.92760137921,"27071"
"11547","4773",151.799101033838,"22023"
"11548","4774",37267.9349894139,"48361"
"11549","4774",37267.9349894139,"48351"
"11550","4774",37267.9349894139,"22023"
"11551","4774",37267.9349894139,"22019"
"11552","4775",7785.55594770715,"22011"
"11553","4775",7785.55594770715,"22115"
"11554","4775",7785.55594770715,"48351"
"11555","4776",6541.38711151742,"22115"
"11556","4776",6541.38711151742,"48351"
"11557","4776",6541.38711151742,"48403"
"11558","4776",6541.38711151742,"22085"
"11559","4777",4447.86802988234,"22031"
"11560","4777",4447.86802988234,"22069"
"11561","4777",4447.86802988234,"22085"
"11562","4778",157512.655516886,"22031"
"11563","4778",157512.655516886,"22081"
"11564","4778",157512.655516886,"22119"
"11565","4778",157512.655516886,"22017"
"11566","4778",157512.655516886,"22015"
"11567","4778",157512.655516886,"22013"
"11568","4779",15848.7974683173,"22119"
"11569","4779",15848.7974683173,"22015"
"11570","4779",15848.7974683173,"05073"
"11571","4779",15848.7974683173,"05027"
"11572","4780",15887.2770887977,"05099"
"11573","4780",15887.2770887977,"05057"
"11574","4780",15887.2770887977,"05073"
"11575","4780",15887.2770887977,"05027"
"11576","4780",15887.2770887977,"05091"
"11577","4781",4831.96592994832,"05019"
"11578","4781",4831.96592994832,"05099"
"11579","4781",4831.96592994832,"05109"
"11580","4781",4831.96592994832,"05057"
"11581","4782",4516.35353542946,"05149"
"11582","4782",4516.35353542946,"05051"
"11583","4782",4516.35353542946,"05097"
"11584","4783",9360.43715861316,"05149"
"11585","4783",9360.43715861316,"05071"
"11586","4783",9360.43715861316,"05083"
"11587","4784",1938.84658023485,"05101"
"11588","4784",1938.84658023485,"05071"
"11589","4784",1938.84658023485,"05087"
"11590","4785",18489.1182558109,"05015"
"11591","4785",18489.1182558109,"05101"
"11592","4785",18489.1182558109,"05009"
"11593","4785",18489.1182558109,"05087"
"11594","4786",25612.6342861437,"29009"
"11595","4786",25612.6342861437,"29109"
"11596","4786",25612.6342861437,"29209"
"11597","4786",25612.6342861437,"29043"
"11598","4786",25612.6342861437,"29213"
"11599","4787",45642.4719483803,"29167"
"11600","4787",45642.4719483803,"29077"
"11601","4788",10456.5536941887,"29167"
"11602","4788",10456.5536941887,"29085"
"11603","4788",10456.5536941887,"29185"
"11604","4788",10456.5536941887,"29059"
"11605","4788",10456.5536941887,"29015"
"11606","4789",12747.9136277555,"29159"
"11607","4789",12747.9136277555,"29083"
"11608","4789",12747.9136277555,"29015"
"11609","4789",12747.9136277555,"29101"
"11610","4790",18949.3554186877,"29159"
"11611","4790",18949.3554186877,"29195"
"11612","4790",18949.3554186877,"29107"
"11613","4790",18949.3554186877,"29101"
"11614","4791",2874.27234827152,"29033"
"11615","4791",2874.27234827152,"29041"
"11616","4791",2874.27234827152,"29117"
"11617","4791",2874.27234827152,"29115"
"11618","4792",4888.77418562335,"29079"
"11619","4792",4888.77418562335,"29211"
"11620","4792",4888.77418562335,"29115"
"11621","4792",4888.77418562335,"29129"
"11622","4793",4771.86225159249,"29171"
"11623","4793",4771.86225159249,"19007"
"11624","4793",4771.86225159249,"19185"
"11625","4793",4771.86225159249,"29129"
"11626","4794",17786.1489175106,"19117"
"11627","4794",17786.1489175106,"19135"
"11628","4794",17786.1489175106,"19181"
"11629","4794",17786.1489175106,"19125"
"11630","4795",28590.1356448533,"19127"
"11631","4795",28590.1356448533,"19169"
"11632","4795",28590.1356448533,"19099"
"11633","4795",28590.1356448533,"19153"
"11634","4796",7530.02159669371,"19083"
"11635","4796",7530.02159669371,"19075"
"11636","4796",7530.02159669371,"19127"
"11637","4796",7530.02159669371,"19169"
"11638","4797",9766.59053883537,"19023"
"11639","4797",9766.59053883537,"19067"
"11640","4797",9766.59053883537,"19033"
"11641","4797",9766.59053883537,"19069"
"11642","4798",7556.88840994167,"19195"
"11643","4798",7556.88840994167,"19131"
"11644","4798",7556.88840994167,"27099"
"11645","4798",7556.88840994167,"27047"
"11646","4799",35820.3978647876,"27147"
"11647","4799",35820.3978647876,"27039"
"11648","4799",35820.3978647876,"27047"
"11649","4800",104266.251611909,"27139"
"11650","4800",104266.251611909,"27131"
"11651","4800",104266.251611909,"27049"
"11652","4800",104266.251611909,"27037"
"11653","4801",820693.414113533,"27053"
"11654","4801",820693.414113533,"27163"
"11655","4801",820693.414113533,"27123"
"11656","4801",820693.414113533,"27003"
"11657","4802",39383.6329080937,"27059"
"11658","4802",39383.6329080937,"27065"
"11659","4802",39383.6329080937,"27115"
"11660","4802",39383.6329080937,"27025"
"11661","4802",39383.6329080937,"55095"
"11662","4802",39383.6329080937,"55013"
"11663","4803",7854.53727588109,"27001"
"11664","4803",7854.53727588109,"27065"
"11665","4803",7854.53727588109,"27115"
"11666","4804",3118.04331951285,"27137"
"11667","4804",3118.04331951285,"27001"
"11668","4804",3118.04331951285,"27017"
"11669","4805",19690.9153567709,"27061"
"11670","4805",19690.9153567709,"27137"
"11671","4806",1174.62056187812,"27061"
"11672","4806",1174.62056187812,"27137"
"11673","4806",1174.62056187812,"27071"
"11674","4807",251.080132222018,"27137"
"11675","4807",251.080132222018,"27071"
"11676","4808",959.827834192235,"22023"
"11677","4808",959.827834192235,"22019"
"11678","4809",11485.9863978116,"22011"
"11679","4809",11485.9863978116,"22019"
"11680","4810",19512.039239237,"22011"
"11681","4810",19512.039239237,"22115"
"11682","4810",19512.039239237,"48351"
"11683","4811",10798.6306645515,"22069"
"11684","4811",10798.6306645515,"22085"
"11685","4812",7228.28654687774,"22031"
"11686","4812",7228.28654687774,"22081"
"11687","4812",7228.28654687774,"22017"
"11688","4812",7228.28654687774,"22015"
"11689","4812",7228.28654687774,"22013"
"11690","4813",23847.0388462513,"22119"
"11691","4813",23847.0388462513,"22015"
"11692","4813",23847.0388462513,"22027"
"11693","4814",19391.012825994,"05073"
"11694","4814",19391.012825994,"05027"
"11695","4815",6587.14929600197,"05019"
"11696","4815",6587.14929600197,"05099"
"11697","4815",6587.14929600197,"05057"
"11698","4816",21436.755212732,"05019"
"11699","4816",21436.755212732,"05109"
"11700","4816",21436.755212732,"05051"
"11701","4816",21436.755212732,"05097"
"11702","4816",21436.755212732,"05059"
"11703","4817",3939.35716063356,"05105"
"11704","4817",3939.35716063356,"05149"
"11705","4817",3939.35716063356,"05051"
"11706","4818",26180.7902428005,"05115"
"11707","4818",26180.7902428005,"05149"
"11708","4818",26180.7902428005,"05071"
"11709","4818",26180.7902428005,"05083"
"11710","4819",5832.79804729222,"05015"
"11711","4819",5832.79804729222,"05101"
"11712","4819",5832.79804729222,"05009"
"11713","4819",5832.79804729222,"05087"
"11714","4820",60563.4164112256,"05015"
"11715","4820",60563.4164112256,"05009"
"11716","4820",60563.4164112256,"29209"
"11717","4820",60563.4164112256,"29213"
"11718","4821",325860.735277286,"29077"
"11719","4821",325860.735277286,"29225"
"11720","4821",325860.735277286,"29209"
"11721","4821",325860.735277286,"29043"
"11722","4822",17212.8236492217,"29167"
"11723","4822",17212.8236492217,"29085"
"11724","4822",17212.8236492217,"29059"
"11725","4823",11654.0968540319,"29029"
"11726","4823",11654.0968540319,"29085"
"11727","4823",11654.0968540319,"29141"
"11728","4823",11654.0968540319,"29015"
"11729","4824",38579.479392809,"29159"
"11730","4824",38579.479392809,"29195"
"11731","4824",38579.479392809,"29053"
"11732","4824",38579.479392809,"29141"
"11733","4825",4848.76229843085,"29033"
"11734","4825",4848.76229843085,"29041"
"11735","4825",4848.76229843085,"29195"
"11736","4826",7866.11686859193,"29041"
"11737","4826",7866.11686859193,"29211"
"11738","4826",7866.11686859193,"29115"
"11739","4827",3911.34893369514,"29171"
"11740","4827",3911.34893369514,"19007"
"11741","4827",3911.34893369514,"29211"
"11742","4828",2907.18484273021,"19007"
"11743","4828",2907.18484273021,"19117"
"11744","4828",2907.18484273021,"19135"
"11745","4828",2907.18484273021,"19185"
"11746","4829",24254.555298057,"19099"
"11747","4829",24254.555298057,"19125"
"11748","4829",24254.555298057,"19123"
"11749","4830",37195.5217485178,"19083"
"11750","4830",37195.5217485178,"19075"
"11751","4830",37195.5217485178,"19127"
"11752","4830",37195.5217485178,"19169"
"11753","4831",7939.17126282056,"19083"
"11754","4831",7939.17126282056,"19075"
"11755","4831",7939.17126282056,"19023"
"11756","4831",7939.17126282056,"19069"
"11757","4832",14811.3259107375,"19195"
"11758","4832",14811.3259107375,"19131"
"11759","4832",14811.3259107375,"19067"
"11760","4832",14811.3259107375,"19033"
"11761","4833",31964.5590121772,"27147"
"11762","4833",31964.5590121772,"27099"
"11763","4833",31964.5590121772,"27039"
"11764","4833",31964.5590121772,"27047"
"11765","4834",10277.8457427203,"27147"
"11766","4834",10277.8457427203,"27131"
"11767","4834",10277.8457427203,"27049"
"11768","4834",10277.8457427203,"27039"
"11769","4835",315528.891817734,"27163"
"11770","4835",315528.891817734,"27123"
"11771","4835",315528.891817734,"55093"
"11772","4835",315528.891817734,"27049"
"11773","4835",315528.891817734,"55109"
"11774","4835",315528.891817734,"27037"
"11775","4836",87706.2841074003,"27163"
"11776","4836",87706.2841074003,"27059"
"11777","4836",87706.2841074003,"27025"
"11778","4836",87706.2841074003,"55095"
"11779","4836",87706.2841074003,"27003"
"11780","4837",14312.6807783739,"27065"
"11781","4837",14312.6807783739,"27115"
"11782","4837",14312.6807783739,"55013"
"11783","4838",11916.4094954522,"27017"
"11784","4838",11916.4094954522,"27115"
"11785","4839",2385.9100777875,"27137"
"11786","4840",19590.413862293,"27137"
"11787","4841",754.738986940625,"27137"
"11788","4842",0,"27137"
"11789","4843",257.831802065795,"22023"
"11790","4844",169585.755531077,"22023"
"11791","4844",169585.755531077,"22019"
"11792","4845",25591.5473601814,"22011"
"11793","4845",25591.5473601814,"22115"
"11794","4846",13938.0275850072,"22069"
"11795","4846",13938.0275850072,"22115"
"11796","4846",13938.0275850072,"22085"
"11797","4847",29048.5479401839,"22031"
"11798","4847",29048.5479401839,"22081"
"11799","4847",29048.5479401839,"22069"
"11800","4848",8983.32385812462,"22081"
"11801","4848",8983.32385812462,"22119"
"11802","4848",8983.32385812462,"22015"
"11803","4848",8983.32385812462,"22027"
"11804","4848",8983.32385812462,"22013"
"11805","4849",9273.60373410901,"22119"
"11806","4849",9273.60373410901,"05027"
"11807","4849",9273.60373410901,"22027"
"11808","4849",9273.60373410901,"05139"
"11809","4850",3616.49871265998,"05099"
"11810","4850",3616.49871265998,"05103"
"11811","4850",3616.49871265998,"05027"
"11812","4851",18434.3385944177,"05019"
"11813","4851",18434.3385944177,"05039"
"11814","4851",18434.3385944177,"05059"
"11815","4852",73736.8656110313,"05105"
"11816","4852",73736.8656110313,"05051"
"11817","4852",73736.8656110313,"05125"
"11818","4853",58745.9111934926,"05029"
"11819","4853",58745.9111934926,"05105"
"11820","4853",58745.9111934926,"05115"
"11821","4853",58745.9111934926,"05149"
"11822","4854",847.965152321915,"05101"
"11823","4854",847.965152321915,"05115"
"11824","4854",847.965152321915,"05129"
"11825","4854",847.965152321915,"05071"
"11826","4855",32814.5526866665,"05101"
"11827","4855",32814.5526866665,"05009"
"11828","4855",32814.5526866665,"05089"
"11829","4856",16946.4704578153,"29067"
"11830","4856",16946.4704578153,"29043"
"11831","4856",16946.4704578153,"29213"
"11832","4857",32561.6651454161,"29167"
"11833","4857",32561.6651454161,"29105"
"11834","4857",32561.6651454161,"29077"
"11835","4857",32561.6651454161,"29225"
"11836","4857",32561.6651454161,"29059"
"11837","4858",10727.3214305173,"29029"
"11838","4858",10727.3214305173,"29085"
"11839","4858",10727.3214305173,"29105"
"11840","4858",10727.3214305173,"29059"
"11841","4858",10727.3214305173,"29015"
"11842","4859",11828.8319612224,"29159"
"11843","4859",11828.8319612224,"29135"
"11844","4859",11828.8319612224,"29141"
"11845","4859",11828.8319612224,"29015"
"11846","4860",15414.0189337455,"29159"
"11847","4860",15414.0189337455,"29195"
"11848","4860",15414.0189337455,"29053"
"11849","4860",15414.0189337455,"29089"
"11850","4861",5127.13390417023,"29041"
"11851","4861",5127.13390417023,"29121"
"11852","4861",5127.13390417023,"29175"
"11853","4861",5127.13390417023,"29115"
"11854","4862",2890.79556512949,"29001"
"11855","4862",2890.79556512949,"29121"
"11856","4862",2890.79556512949,"29211"
"11857","4862",2890.79556512949,"29115"
"11858","4863",10437.130312915,"29197"
"11859","4863",10437.130312915,"29171"
"11860","4863",10437.130312915,"19007"
"11861","4864",20644.9949110048,"19135"
"11862","4864",20644.9949110048,"19125"
"11863","4864",20644.9949110048,"19123"
"11864","4864",20644.9949110048,"19179"
"11865","4865",16854.2921585292,"19127"
"11866","4865",16854.2921585292,"19171"
"11867","4865",16854.2921585292,"19099"
"11868","4865",16854.2921585292,"19157"
"11869","4866",10712.497903507,"19083"
"11870","4866",10712.497903507,"19075"
"11871","4866",10712.497903507,"19127"
"11872","4866",10712.497903507,"19171"
"11873","4867",8559.35622772477,"19017"
"11874","4867",8559.35622772477,"19023"
"11875","4867",8559.35622772477,"19067"
"11876","4867",8559.35622772477,"19037"
"11877","4868",10111.2252798443,"19131"
"11878","4868",10111.2252798443,"19089"
"11879","4868",10111.2252798443,"27099"
"11880","4869",86067.8527277044,"27109"
"11881","4869",86067.8527277044,"27099"
"11882","4869",86067.8527277044,"27039"
"11883","4870",32402.3851472301,"55093"
"11884","4870",32402.3851472301,"27049"
"11885","4870",32402.3851472301,"27037"
"11886","4871",118110.871213192,"27163"
"11887","4871",118110.871213192,"55109"
"11888","4871",118110.871213192,"55095"
"11889","4872",13831.278816366,"27115"
"11890","4872",13831.278816366,"27025"
"11891","4872",13831.278816366,"55095"
"11892","4872",13831.278816366,"55013"
"11893","4873",3051.12982070827,"27115"
"11894","4874",27793.2994696353,"27137"
"11895","4874",27793.2994696353,"27017"
"11896","4875",9815.84565165364,"27137"
"11897","4876",3241.91973303546,"27137"
"11898","4877",69.626575848535,"27137"
"11899","4878",2483.84637181036,"22053"
"11900","4878",2483.84637181036,"22023"
"11901","4878",2483.84637181036,"22019"
"11902","4879",13157.6169728233,"22011"
"11903","4879",13157.6169728233,"22053"
"11904","4879",13157.6169728233,"22003"
"11905","4879",13157.6169728233,"22019"
"11906","4880",13502.7499891362,"22011"
"11907","4880",13502.7499891362,"22115"
"11908","4880",13502.7499891362,"22003"
"11909","4881",8114.59360294946,"22069"
"11910","4881",8114.59360294946,"22043"
"11911","4881",8114.59360294946,"22127"
"11912","4882",3935.07332033985,"22081"
"11913","4882",3935.07332033985,"22069"
"11914","4882",3935.07332033985,"22127"
"11915","4882",3935.07332033985,"22049"
"11916","4882",3935.07332033985,"22013"
"11917","4883",12947.4764525245,"22119"
"11918","4883",12947.4764525245,"22027"
"11919","4883",12947.4764525245,"22061"
"11920","4883",12947.4764525245,"22013"
"11921","4884",2916.79953970555,"05103"
"11922","4884",2916.79953970555,"05027"
"11923","4884",2916.79953970555,"05139"
"11924","4885",2511.45922312038,"05019"
"11925","4885",2511.45922312038,"05099"
"11926","4885",2511.45922312038,"05103"
"11927","4885",2511.45922312038,"05039"
"11928","4886",41308.7589960125,"05019"
"11929","4886",41308.7589960125,"05051"
"11930","4886",41308.7589960125,"05059"
"11931","4887",5378.97431447206,"05119"
"11932","4887",5378.97431447206,"05105"
"11933","4887",5378.97431447206,"05051"
"11934","4887",5378.97431447206,"05125"
"11935","4888",9533.00553362863,"05029"
"11936","4888",9533.00553362863,"05115"
"11937","4888",9533.00553362863,"05141"
"11938","4889",4754.94628074853,"05101"
"11939","4889",4754.94628074853,"05009"
"11940","4889",4754.94628074853,"05129"
"11941","4889",4754.94628074853,"05089"
"11942","4890",5836.23315176228,"05009"
"11943","4890",5836.23315176228,"05089"
"11944","4890",5836.23315176228,"29153"
"11945","4890",5836.23315176228,"29213"
"11946","4891",17818.5667674377,"29067"
"11947","4891",17818.5667674377,"29225"
"11948","4891",17818.5667674377,"29229"
"11949","4891",17818.5667674377,"29043"
"11950","4892",31753.4858830877,"29105"
"11951","4892",31753.4858830877,"29225"
"11952","4892",31753.4858830877,"29059"
"11953","4893",42449.1734303239,"29029"
"11954","4893",42449.1734303239,"29131"
"11955","4893",42449.1734303239,"29141"
"11956","4894",10882.6116632969,"29135"
"11957","4894",10882.6116632969,"29053"
"11958","4894",10882.6116632969,"29141"
"11959","4895",10015.1640252223,"29041"
"11960","4895",10015.1640252223,"29195"
"11961","4895",10015.1640252223,"29175"
"11962","4895",10015.1640252223,"29089"
"11963","4896",5010.63440570115,"29041"
"11964","4896",5010.63440570115,"29121"
"11965","4896",5010.63440570115,"29115"
"11966","4897",6076.42041239218,"29197"
"11967","4897",6076.42041239218,"29171"
"11968","4897",6076.42041239218,"29001"
"11969","4897",6076.42041239218,"29211"
"11970","4898",21981.1227647559,"19007"
"11971","4898",21981.1227647559,"19135"
"11972","4898",21981.1227647559,"19051"
"11973","4898",21981.1227647559,"19179"
"11974","4899",7567.79243212073,"19099"
"11975","4899",7567.79243212073,"19157"
"11976","4899",7567.79243212073,"19123"
"11977","4899",7567.79243212073,"19107"
"11978","4900",11541.932915945,"19127"
"11979","4900",11541.932915945,"19171"
"11980","4901",79376.5813969608,"19075"
"11981","4901",79376.5813969608,"19017"
"11982","4901",79376.5813969608,"19023"
"11983","4901",79376.5813969608,"19013"
"11984","4902",15951.4970308632,"19131"
"11985","4902",15951.4970308632,"19089"
"11986","4902",15951.4970308632,"19067"
"11987","4902",15951.4970308632,"19037"
"11988","4903",15736.0281589238,"27109"
"11989","4903",15736.0281589238,"27099"
"11990","4903",15736.0281589238,"27045"
"11991","4904",24064.261952519,"27157"
"11992","4904",24064.261952519,"27109"
"11993","4904",24064.261952519,"27049"
"11994","4904",24064.261952519,"27039"
"11995","4905",45511.8301697681,"55093"
"11996","4905",45511.8301697681,"55109"
"11997","4906",24427.6250046204,"55109"
"11998","4906",24427.6250046204,"55095"
"11999","4907",7641.74060507685,"27115"
"12000","4907",7641.74060507685,"55013"
"12001","4908",5034.77330286801,"55031"
"12002","4908",5034.77330286801,"27017"
"12003","4908",5034.77330286801,"27115"
"12004","4909",7342.90334502902,"27137"
"12005","4910",10304.810997508,"27137"
"12006","4911",25.703273023317,"27137"
"12007","4912",172.800345788068,"22023"
"12008","4913",14557.0619248645,"22053"
"12009","4913",14557.0619248645,"22023"
"12010","4913",14557.0619248645,"22019"
"12011","4914",7124.42711222721,"22011"
"12012","4914",7124.42711222721,"22079"
"12013","4914",7124.42711222721,"22115"
"12014","4914",7124.42711222721,"22003"
"12015","4915",8081.82829281553,"22069"
"12016","4915",8081.82829281553,"22079"
"12017","4915",8081.82829281553,"22115"
"12018","4916",7347.8798690465,"22069"
"12019","4916",7347.8798690465,"22043"
"12020","4916",7347.8798690465,"22127"
"12021","4917",15605.320290479,"22049"
"12022","4917",15605.320290479,"22061"
"12023","4917",15605.320290479,"22013"
"12024","4918",5674.19932895818,"22111"
"12025","4918",5674.19932895818,"22027"
"12026","4918",5674.19932895818,"05139"
"12027","4919",20493.6826968895,"05103"
"12028","4919",20493.6826968895,"05013"
"12029","4919",20493.6826968895,"05139"
"12030","4920",2277.95938038547,"05019"
"12031","4920",2277.95938038547,"05039"
"12032","4920",2277.95938038547,"05053"
"12033","4920",2277.95938038547,"05059"
"12034","4921",77401.7601958303,"05119"
"12035","4921",77401.7601958303,"05051"
"12036","4921",77401.7601958303,"05125"
"12037","4921",77401.7601958303,"05059"
"12038","4922",31233.5922355842,"05045"
"12039","4922",31233.5922355842,"05029"
"12040","4922",31233.5922355842,"05105"
"12041","4922",31233.5922355842,"05115"
"12042","4923",4111.59804647503,"05115"
"12043","4923",4111.59804647503,"05129"
"12044","4923",4111.59804647503,"05141"
"12045","4924",20460.8734065571,"05005"
"12046","4924",20460.8734065571,"05089"
"12047","4925",8439.0307562487,"29067"
"12048","4925",8439.0307562487,"29153"
"12049","4925",8439.0307562487,"29213"
"12050","4926",7274.86417066409,"29105"
"12051","4926",7274.86417066409,"29225"
"12052","4926",7274.86417066409,"29229"
"12053","4927",18542.9281568892,"29029"
"12054","4927",18542.9281568892,"29105"
"12055","4927",18542.9281568892,"29131"
"12056","4927",18542.9281568892,"29169"
"12057","4928",21829.8097116886,"29135"
"12058","4928",21829.8097116886,"29131"
"12059","4928",21829.8097116886,"29051"
"12060","4928",21829.8097116886,"29141"
"12061","4929",109481.43220845,"29019"
"12062","4929",109481.43220845,"29135"
"12063","4929",109481.43220845,"29053"
"12064","4929",109481.43220845,"29089"
"12065","4930",21348.4068522987,"29041"
"12066","4930",21348.4068522987,"29137"
"12067","4930",21348.4068522987,"29121"
"12068","4930",21348.4068522987,"29205"
"12069","4930",21348.4068522987,"29175"
"12070","4931",24405.1925305529,"29001"
"12071","4931",24405.1925305529,"29121"
"12072","4931",24405.1925305529,"29103"
"12073","4932",7589.35576558517,"29199"
"12074","4932",7589.35576558517,"29197"
"12075","4932",7589.35576558517,"19007"
"12076","4932",7589.35576558517,"19051"
"12077","4933",10059.2705684333,"19123"
"12078","4933",10059.2705684333,"19179"
"12079","4933",10059.2705684333,"19107"
"12080","4934",9210.07166998456,"19171"
"12081","4934",9210.07166998456,"19095"
"12082","4934",9210.07166998456,"19157"
"12083","4934",9210.07166998456,"19011"
"12084","4935",59060.7900563554,"19075"
"12085","4935",59060.7900563554,"19171"
"12086","4935",59060.7900563554,"19013"
"12087","4935",59060.7900563554,"19011"
"12088","4936",8948.9110903915,"19017"
"12089","4936",8948.9110903915,"19037"
"12090","4937",7854.26331684432,"19191"
"12091","4937",7854.26331684432,"19089"
"12092","4937",7854.26331684432,"27099"
"12093","4937",7854.26331684432,"27045"
"12094","4938",83396.6247103379,"27157"
"12095","4938",83396.6247103379,"27109"
"12096","4938",83396.6247103379,"27045"
"12097","4938",83396.6247103379,"27169"
"12098","4939",13494.2386976281,"55011"
"12099","4939",13494.2386976281,"27157"
"12100","4939",13494.2386976281,"55091"
"12101","4939",13494.2386976281,"55093"
"12102","4939",13494.2386976281,"27049"
"12103","4940",17383.9308688278,"55005"
"12104","4940",17383.9308688278,"55033"
"12105","4940",17383.9308688278,"55109"
"12106","4940",17383.9308688278,"55095"
"12107","4941",8582.56565438476,"55005"
"12108","4941",8582.56565438476,"55129"
"12109","4941",8582.56565438476,"55095"
"12110","4941",8582.56565438476,"55013"
"12111","4942",1209.97311862236,"55031"
"12112","4942",1209.97311862236,"55129"
"12113","4942",1209.97311862236,"27115"
"12114","4942",1209.97311862236,"55013"
"12115","4943",133872.96778597,"27137"
"12116","4943",133872.96778597,"55031"
"12117","4943",133872.96778597,"27017"
"12118","4944",986.913033389031,"27137"
"12119","4945",6169.12320674525,"27075"
"12120","4945",6169.12320674525,"27137"
"12121","4946",0.249349624675459,"27137"
"12122","4947",763.62639914008,"22053"
"12123","4947",763.62639914008,"22113"
"12124","4947",763.62639914008,"22023"
"12125","4948",15527.5870926764,"22001"
"12126","4948",15527.5870926764,"22053"
"12127","4948",15527.5870926764,"22003"
"12128","4948",15527.5870926764,"22039"
"12129","4949",10666.1772797684,"22079"
"12130","4949",10666.1772797684,"22115"
"12131","4949",10666.1772797684,"22003"
"12132","4949",10666.1772797684,"22039"
"12133","4950",13196.7327381482,"22069"
"12134","4950",13196.7327381482,"22079"
"12135","4950",13196.7327381482,"22043"
"12136","4950",13196.7327381482,"22127"
"12137","4951",11736.3998686191,"22127"
"12138","4951",11736.3998686191,"22049"
"12139","4951",11736.3998686191,"22013"
"12140","4952",41296.6378863613,"22111"
"12141","4952",41296.6378863613,"22073"
"12142","4952",41296.6378863613,"22049"
"12143","4952",41296.6378863613,"22027"
"12144","4952",41296.6378863613,"22061"
"12145","4953",28651.0458762054,"05103"
"12146","4953",28651.0458762054,"05013"
"12147","4953",28651.0458762054,"05139"
"12148","4954",7767.01158121404,"05025"
"12149","4954",7767.01158121404,"05103"
"12150","4954",7767.01158121404,"05013"
"12151","4954",7767.01158121404,"05039"
"12152","4955",14991.5105240541,"05039"
"12153","4955",14991.5105240541,"05053"
"12154","4955",14991.5105240541,"05125"
"12155","4955",14991.5105240541,"05059"
"12156","4956",122463.244674883,"05045"
"12157","4956",122463.244674883,"05119"
"12158","4956",122463.244674883,"05105"
"12159","4956",122463.244674883,"05125"
"12160","4957",15159.882679665,"05045"
"12161","4957",15159.882679665,"05029"
"12162","4957",15159.882679665,"05141"
"12163","4958",5270.24341945025,"05005"
"12164","4958",5270.24341945025,"05129"
"12165","4958",5270.24341945025,"05089"
"12166","4958",5270.24341945025,"05137"
"12167","4959",12584.4588841478,"05005"
"12168","4959",12584.4588841478,"05089"
"12169","4959",12584.4588841478,"29153"
"12170","4960",14756.8969570736,"29067"
"12171","4960",14756.8969570736,"29215"
"12172","4960",14756.8969570736,"29229"
"12173","4961",6998.96095884957,"29105"
"12174","4961",6998.96095884957,"29215"
"12175","4961",6998.96095884957,"29229"
"12176","4961",6998.96095884957,"29169"
"12177","4962",9314.02395190091,"29125"
"12178","4962",9314.02395190091,"29131"
"12179","4962",9314.02395190091,"29051"
"12180","4962",9314.02395190091,"29151"
"12181","4962",9314.02395190091,"29169"
"12182","4963",50009.4704355028,"29019"
"12183","4963",50009.4704355028,"29027"
"12184","4963",50009.4704355028,"29135"
"12185","4963",50009.4704355028,"29051"
"12186","4964",17839.8512281954,"29019"
"12187","4964",17839.8512281954,"29137"
"12188","4964",17839.8512281954,"29007"
"12189","4964",17839.8512281954,"29175"
"12190","4964",17839.8512281954,"29089"
"12191","4965",5702.71879858544,"29121"
"12192","4965",5702.71879858544,"29205"
"12193","4965",5702.71879858544,"29103"
"12194","4966",4911.21138247653,"29199"
"12195","4966",4911.21138247653,"29197"
"12196","4966",4911.21138247653,"29001"
"12197","4966",4911.21138247653,"29103"
"12198","4967",17178.9528890687,"19101"
"12199","4967",17178.9528890687,"19051"
"12200","4967",17178.9528890687,"19179"
"12201","4967",17178.9528890687,"19177"
"12202","4968",7878.58506716862,"19095"
"12203","4968",7878.58506716862,"19157"
"12204","4968",7878.58506716862,"19107"
"12205","4969",10872.8355150259,"19171"
"12206","4969",10872.8355150259,"19095"
"12207","4969",10872.8355150259,"19011"
"12208","4970",30386.5842477671,"19017"
"12209","4970",30386.5842477671,"19013"
"12210","4970",30386.5842477671,"19019"
"12211","4970",30386.5842477671,"19065"
"12212","4971",7090.17560936826,"19191"
"12213","4971",7090.17560936826,"19089"
"12214","4971",7090.17560936826,"19037"
"12215","4971",7090.17560936826,"19065"
"12216","4972",7944.75651162776,"27109"
"12217","4972",7944.75651162776,"27045"
"12218","4972",7944.75651162776,"27169"
"12219","4973",13369.2709191513,"55011"
"12220","4973",13369.2709191513,"27157"
"12221","4973",13369.2709191513,"27109"
"12222","4973",13369.2709191513,"27169"
"12223","4974",31829.8964711755,"55091"
"12224","4974",31829.8964711755,"55093"
"12225","4974",31829.8964711755,"55033"
"12226","4974",31829.8964711755,"55109"
"12227","4975",18817.6266704747,"55005"
"12228","4975",18817.6266704747,"55033"
"12229","4975",18817.6266704747,"55095"
"12230","4976",10243.7808372308,"55129"
"12231","4976",10243.7808372308,"55013"
"12232","4977",8823.45101637016,"55031"
"12233","4978",10718.0959249854,"27075"
"12234","4978",10718.0959249854,"27137"
"12235","4979",1377.59327096825,"27075"
"12236","4979",1377.59327096825,"27137"
"12237","4980",28.784221269218,"27075"
"12238","4980",28.784221269218,"27137"
"12239","4981",168.67901583919,"22113"
"12240","4981",168.67901583919,"22023"
"12241","4982",46930.6901682208,"22001"
"12242","4982",46930.6901682208,"22053"
"12243","4982",46930.6901682208,"22113"
"12244","4982",46930.6901682208,"22023"
"12245","4983",20573.4892022089,"22079"
"12246","4983",20573.4892022089,"22003"
"12247","4983",20573.4892022089,"22039"
"12248","4984",104519.762199997,"22079"
"12249","4984",104519.762199997,"22043"
"12250","4985",6021.20674819393,"22043"
"12251","4985",6021.20674819393,"22127"
"12252","4985",6021.20674819393,"22021"
"12253","4985",6021.20674819393,"22059"
"12254","4986",14639.028939518,"22021"
"12255","4986",14639.028939518,"22073"
"12256","4986",14639.028939518,"22049"
"12257","4986",14639.028939518,"22061"
"12258","4987",8970.98426149132,"22111"
"12259","4987",8970.98426149132,"05139"
"12260","4988",3655.88487787554,"05011"
"12261","4988",3655.88487787554,"05013"
"12262","4989",4185.00038272937,"05025"
"12263","4989",4185.00038272937,"05039"
"12264","4989",4185.00038272937,"05053"
"12265","4989",4185.00038272937,"05069"
"12266","4990",197682.759019207,"05119"
"12267","4990",197682.759019207,"05053"
"12268","4990",197682.759019207,"05069"
"12269","4990",197682.759019207,"05125"
"12270","4991",116357.721779803,"05045"
"12271","4991",116357.721779803,"05119"
"12272","4991",116357.721779803,"05085"
"12273","4991",116357.721779803,"05145"
"12274","4992",11216.8727795513,"05129"
"12275","4992",11216.8727795513,"05023"
"12276","4992",11216.8727795513,"05141"
"12277","4992",11216.8727795513,"05137"
"12278","4993",31363.2834766663,"05049"
"12279","4993",31363.2834766663,"05005"
"12280","4993",31363.2834766663,"05089"
"12281","4993",31363.2834766663,"05065"
"12282","4993",31363.2834766663,"05137"
"12283","4994",4686.30735299871,"29067"
"12284","4994",4686.30735299871,"29091"
"12285","4994",4686.30735299871,"29153"
"12286","4995",5422.14418936494,"29105"
"12287","4995",5422.14418936494,"29215"
"12288","4995",5422.14418936494,"29229"
"12289","4996",59347.1117455869,"29125"
"12290","4996",59347.1117455869,"29131"
"12291","4996",59347.1117455869,"29169"
"12292","4996",59347.1117455869,"29161"
"12293","4997",63457.9948896211,"29027"
"12294","4997",63457.9948896211,"29125"
"12295","4997",63457.9948896211,"29131"
"12296","4997",63457.9948896211,"29051"
"12297","4997",63457.9948896211,"29151"
"12298","4998",54797.8014374671,"29019"
"12299","4998",54797.8014374671,"29027"
"12300","4998",54797.8014374671,"29007"
"12301","4999",6113.66028584687,"29137"
"12302","4999",6113.66028584687,"29205"
"12303","5000",4222.88839665245,"29111"
"12304","5000",4222.88839665245,"29205"
"12305","5000",4222.88839665245,"29103"
"12306","5001",4634.53133952047,"29199"
"12307","5001",4634.53133952047,"29045"
"12308","5001",4634.53133952047,"19051"
"12309","5001",4634.53133952047,"19177"
"12310","5002",6011.63868147116,"19101"
"12311","5002",6011.63868147116,"19179"
"12312","5002",6011.63868147116,"19107"
"12313","5002",6011.63868147116,"19183"
"12314","5003",16603.0173936762,"19113"
"12315","5003",16603.0173936762,"19103"
"12316","5003",16603.0173936762,"19095"
"12317","5003",16603.0173936762,"19011"
"12318","5004",19783.3298919806,"19113"
"12319","5004",19783.3298919806,"19013"
"12320","5004",19783.3298919806,"19019"
"12321","5004",19783.3298919806,"19011"
"12322","5005",10554.7764858501,"19017"
"12323","5005",10554.7764858501,"19037"
"12324","5005",10554.7764858501,"19065"
"12325","5006",15741.6851064358,"19191"
"12326","5006",15741.6851064358,"27045"
"12327","5006",15741.6851064358,"27055"
"12328","5007",44457.5796490584,"55011"
"12329","5007",44457.5796490584,"27045"
"12330","5007",44457.5796490584,"27169"
"12331","5007",44457.5796490584,"27055"
"12332","5008",8945.10157368667,"55011"
"12333","5008",8945.10157368667,"55091"
"12334","5008",8945.10157368667,"55033"
"12335","5008",8945.10157368667,"55035"
"12336","5009",12758.2280657226,"55005"
"12337","5009",12758.2280657226,"55033"
"12338","5009",12758.2280657226,"55017"
"12339","5010",18680.4770164195,"55113"
"12340","5010",18680.4770164195,"55005"
"12341","5010",18680.4770164195,"55129"
"12342","5010",18680.4770164195,"55107"
"12343","5011",2717.67087353207,"55113"
"12344","5011",2717.67087353207,"55007"
"12345","5011",2717.67087353207,"55031"
"12346","5011",2717.67087353207,"55129"
"12347","5012",2226.06875008522,"55007"
"12348","5012",2226.06875008522,"55031"
"12349","5013",509.999420757211,"27075"
"12350","5013",509.999420757211,"27137"
"12351","5014",489.705799609794,"27075"
"12352","5014",489.705799609794,"27137"
"12353","5015",12890.406119037,"22113"
"12354","5016",37549.4196286297,"22001"
"12355","5016",37549.4196286297,"22097"
"12356","5016",37549.4196286297,"22039"
"12357","5017",16727.3628553694,"22009"
"12358","5017",16727.3628553694,"22079"
"12359","5017",16727.3628553694,"22039"
"12360","5018",13827.5618470651,"22079"
"12361","5018",13827.5618470651,"22043"
"12362","5018",13827.5618470651,"22059"
"12363","5019",7073.17677704043,"22127"
"12364","5019",7073.17677704043,"22021"
"12365","5019",7073.17677704043,"22059"
"12366","5019",7073.17677704043,"22073"
"12367","5019",7073.17677704043,"22049"
"12368","5020",69469.4145131056,"22067"
"12369","5020",69469.4145131056,"22111"
"12370","5020",69469.4145131056,"22073"
"12371","5021",2957.54739420416,"05011"
"12372","5021",2957.54739420416,"05003"
"12373","5021",2957.54739420416,"05013"
"12374","5021",2957.54739420416,"05139"
"12375","5022",5277.98240288048,"05011"
"12376","5022",5277.98240288048,"05025"
"12377","5022",5277.98240288048,"05013"
"12378","5022",5277.98240288048,"05039"
"12379","5022",5277.98240288048,"05043"
"12380","5022",5277.98240288048,"05079"
"12381","5023",57356.8200175882,"05119"
"12382","5023",57356.8200175882,"05053"
"12383","5023",57356.8200175882,"05069"
"12384","5024",185385.626194482,"05045"
"12385","5024",185385.626194482,"05119"
"12386","5024",185385.626194482,"05085"
"12387","5025",23767.0389704968,"05045"
"12388","5025",23767.0389704968,"05145"
"12389","5025",23767.0389704968,"05023"
"12390","5025",23767.0389704968,"05141"
"12391","5026",10990.0432426251,"05005"
"12392","5026",10990.0432426251,"05065"
"12393","5026",10990.0432426251,"05137"
"12394","5027",7593.91818113331,"05049"
"12395","5027",7593.91818113331,"05005"
"12396","5027",7593.91818113331,"29091"
"12397","5027",7593.91818113331,"29153"
"12398","5028",12290.5252673167,"29067"
"12399","5028",12290.5252673167,"29091"
"12400","5028",12290.5252673167,"29215"
"12401","5029",9936.21346310344,"29215"
"12402","5029",9936.21346310344,"29169"
"12403","5029",9936.21346310344,"29065"
"12404","5029",9936.21346310344,"29161"
"12405","5030",5934.04374041893,"29125"
"12406","5030",5934.04374041893,"29151"
"12407","5030",5934.04374041893,"29161"
"12408","5031",30248.9013250291,"29027"
"12409","5031",30248.9013250291,"29151"
"12410","5032",15946.5816545444,"29173"
"12411","5032",15946.5816545444,"29137"
"12412","5032",15946.5816545444,"29007"
"12413","5033",3885.70749351469,"29137"
"12414","5033",3885.70749351469,"29111"
"12415","5033",3885.70749351469,"29205"
"12416","5033",3885.70749351469,"29103"
"12417","5033",3885.70749351469,"29127"
"12418","5034",5353.17855431558,"29199"
"12419","5034",5353.17855431558,"29111"
"12420","5034",5353.17855431558,"29045"
"12421","5034",5353.17855431558,"29103"
"12422","5035",16892.6322622931,"19111"
"12423","5035",16892.6322622931,"19087"
"12424","5035",16892.6322622931,"19101"
"12425","5035",16892.6322622931,"19177"
"12426","5036",15029.4517122652,"19103"
"12427","5036",15029.4517122652,"19095"
"12428","5036",15029.4517122652,"19107"
"12429","5036",15029.4517122652,"19183"
"12430","5037",206262.216417278,"19113"
"12431","5037",206262.216417278,"19103"
"12432","5037",206262.216417278,"19011"
"12433","5038",7962.59482739766,"19055"
"12434","5038",7962.59482739766,"19043"
"12435","5038",7962.59482739766,"19019"
"12436","5038",7962.59482739766,"19065"
"12437","5039",9222.6013607679,"19191"
"12438","5039",9222.6013607679,"19043"
"12439","5039",9222.6013607679,"19005"
"12440","5039",9222.6013607679,"19065"
"12441","5040",9685.62120775762,"19191"
"12442","5040",9685.62120775762,"19005"
"12443","5040",9685.62120775762,"27045"
"12444","5040",9685.62120775762,"27169"
"12445","5040",9685.62120775762,"27055"
"12446","5041",9533.050132881,"55011"
"12447","5041",9533.050132881,"55121"
"12448","5041",9533.050132881,"27169"
"12449","5042",106642.445767229,"55091"
"12450","5042",106642.445767229,"55033"
"12451","5042",106642.445767229,"55017"
"12452","5042",106642.445767229,"55035"
"12453","5043",11402.7300633856,"55005"
"12454","5043",11402.7300633856,"55017"
"12455","5043",11402.7300633856,"55107"
"12456","5044",11543.9902027559,"55113"
"12457","5044",11543.9902027559,"55129"
"12458","5045",3104.9167012877,"55007"
"12459","5045",3104.9167012877,"55031"
"12460","5046",298.938119113165,"27075"
"12461","5047",306.817663269505,"27075"
"12462","5048",11.9816363790056,"27075"
"12463","5049",5.14535211791144,"22045"
"12464","5049",5.14535211791144,"22113"
"12465","5050",244993.006814817,"22001"
"12466","5050",244993.006814817,"22099"
"12467","5050",244993.006814817,"22055"
"12468","5050",244993.006814817,"22097"
"12469","5050",244993.006814817,"22113"
"12470","5051",24775.3010715328,"22009"
"12471","5051",24775.3010715328,"22097"
"12472","5051",24775.3010715328,"22039"
"12473","5052",19787.1097149526,"22009"
"12474","5052",19787.1097149526,"22079"
"12475","5052",19787.1097149526,"22025"
"12476","5052",19787.1097149526,"22059"
"12477","5053",10406.9473849755,"22025"
"12478","5053",10406.9473849755,"22021"
"12479","5053",10406.9473849755,"22059"
"12480","5054",72901.4578074428,"22021"
"12481","5054",72901.4578074428,"22073"
"12482","5054",72901.4578074428,"22083"
"12483","5055",7004.59084284039,"05003"
"12484","5055",7004.59084284039,"22067"
"12485","5055",7004.59084284039,"22111"
"12486","5055",7004.59084284039,"05139"
"12487","5056",9272.38436888546,"05011"
"12488","5056",9272.38436888546,"05003"
"12489","5056",9272.38436888546,"05043"
"12490","5057",18339.6591083862,"05025"
"12491","5057",18339.6591083862,"05069"
"12492","5057",18339.6591083862,"05079"
"12493","5058",9655.37905896277,"05119"
"12494","5058",9655.37905896277,"05085"
"12495","5058",9655.37905896277,"05069"
"12496","5059",53166.3085030454,"05117"
"12497","5059",53166.3085030454,"05085"
"12498","5059",53166.3085030454,"05145"
"12499","5060",10031.1416513759,"05063"
"12500","5060",10031.1416513759,"05023"
"12501","5060",10031.1416513759,"05137"
"12502","5061",10610.0912923114,"05049"
"12503","5061",10610.0912923114,"05135"
"12504","5061",10610.0912923114,"05065"
"12505","5062",25351.5304284312,"29203"
"12506","5062",25351.5304284312,"29149"
"12507","5062",25351.5304284312,"29091"
"12508","5063",9019.63787029357,"29203"
"12509","5063",9019.63787029357,"29215"
"12510","5063",9019.63787029357,"29065"
"12511","5064",43728.8832334871,"29125"
"12512","5064",43728.8832334871,"29065"
"12513","5064",43728.8832334871,"29161"
"12514","5065",10994.8271156335,"29125"
"12515","5065",10994.8271156335,"29151"
"12516","5065",10994.8271156335,"29073"
"12517","5066",9443.75759904663,"29027"
"12518","5066",9443.75759904663,"29139"
"12519","5066",9443.75759904663,"29007"
"12520","5067",7016.01096785862,"29173"
"12521","5067",7016.01096785862,"29137"
"12522","5067",7016.01096785862,"29163"
"12523","5067",7016.01096785862,"29127"
"12524","5068",8807.75451409233,"17067"
"12525","5068",8807.75451409233,"29111"
"12526","5068",8807.75451409233,"29045"
"12527","5068",8807.75451409233,"17001"
"12528","5068",8807.75451409233,"29127"
"12529","5069",9485.93322810638,"19111"
"12530","5069",9485.93322810638,"19087"
"12531","5069",9485.93322810638,"17067"
"12532","5069",9485.93322810638,"29045"
"12533","5069",9485.93322810638,"19177"
"12534","5070",16856.9084138904,"19087"
"12535","5070",16856.9084138904,"19101"
"12536","5070",16856.9084138904,"19115"
"12537","5070",16856.9084138904,"19183"
"12538","5071",145552.086859651,"19113"
"12539","5071",145552.086859651,"19103"
"12540","5071",145552.086859651,"19031"
"12541","5072",8884.33399328787,"19113"
"12542","5072",8884.33399328787,"19055"
"12543","5072",8884.33399328787,"19105"
"12544","5072",8884.33399328787,"19019"
"12545","5073",6465.83047621592,"19043"
"12546","5073",6465.83047621592,"19065"
"12547","5074",9304.14562730079,"55023"
"12548","5074",9304.14562730079,"55123"
"12549","5074",9304.14562730079,"19191"
"12550","5074",9304.14562730079,"19005"
"12551","5074",9304.14562730079,"27055"
"12552","5075",74575.8191414876,"55011"
"12553","5075",74575.8191414876,"55121"
"12554","5075",74575.8191414876,"27169"
"12555","5075",74575.8191414876,"27055"
"12556","5075",74575.8191414876,"55063"
"12557","5076",14369.0342760052,"55011"
"12558","5076",14369.0342760052,"55121"
"12559","5076",14369.0342760052,"55053"
"12560","5076",14369.0342760052,"55035"
"12561","5077",41178.2571100216,"55017"
"12562","5078",4282.80847873794,"55113"
"12563","5078",4282.80847873794,"55107"
"12564","5079",2983.74225515853,"55113"
"12565","5079",2983.74225515853,"55007"
"12566","5080",1777.63387556006,"55007"
"12567","5081",2746.03547403415,"27075"
"12568","5082",19.8102800686518,"27031"
"12569","5082",19.8102800686518,"27075"
"12570","5083",40080.2814219754,"22045"
"12571","5083",40080.2814219754,"22055"
"12572","5083",40080.2814219754,"22113"
"12573","5083",40080.2814219754,"22101"
"12574","5084",92298.4630269893,"22099"
"12575","5084",92298.4630269893,"22055"
"12576","5084",92298.4630269893,"22097"
"12577","5085",18146.8010223827,"22009"
"12578","5085",18146.8010223827,"22097"
"12579","5085",18146.8010223827,"22077"
"12580","5085",18146.8010223827,"22125"
"12581","5086",7432.56290353387,"22029"
"12582","5086",7432.56290353387,"22025"
"12583","5086",7432.56290353387,"22059"
"12584","5087",12298.0972492516,"22025"
"12585","5087",12298.0972492516,"22041"
"12586","5087",12298.0972492516,"22021"
"12587","5087",12298.0972492516,"22083"
"12588","5088",30056.465943505,"22067"
"12589","5088",30056.465943505,"22073"
"12590","5088",30056.465943505,"22083"
"12591","5089",15551.8783465585,"05011"
"12592","5089",15551.8783465585,"05003"
"12593","5090",15632.6565568167,"05011"
"12594","5090",15632.6565568167,"05043"
"12595","5090",15632.6565568167,"05079"
"12596","5091",2828.67166413716,"05001"
"12597","5091",2828.67166413716,"05085"
"12598","5091",2828.67166413716,"05069"
"12599","5091",2828.67166413716,"05079"
"12600","5092",16642.9040523945,"05117"
"12601","5092",16642.9040523945,"05085"
"12602","5093",44342.7850534229,"05063"
"12603","5093",44342.7850534229,"05067"
"12604","5093",44342.7850534229,"05145"
"12605","5093",44342.7850534229,"05023"
"12606","5094",15995.8900700999,"05063"
"12607","5094",15995.8900700999,"05135"
"12608","5094",15995.8900700999,"05065"
"12609","5094",15995.8900700999,"05137"
"12610","5095",9259.63001217454,"05049"
"12611","5095",9259.63001217454,"05135"
"12612","5095",9259.63001217454,"29149"
"12613","5095",9259.63001217454,"29091"
"12614","5096",9327.67574904675,"29203"
"12615","5096",9327.67574904675,"29149"
"12616","5096",9327.67574904675,"29091"
"12617","5096",9327.67574904675,"29215"
"12618","5097",12988.3099855401,"29215"
"12619","5097",12988.3099855401,"29065"
"12620","5098",16074.4857229461,"29125"
"12621","5098",16074.4857229461,"29055"
"12622","5098",16074.4857229461,"29073"
"12623","5098",16074.4857229461,"29161"
"12624","5098",16074.4857229461,"29071"
"12625","5099",8094.75779674392,"29027"
"12626","5099",8094.75779674392,"29151"
"12627","5099",8094.75779674392,"29139"
"12628","5099",8094.75779674392,"29219"
"12629","5099",8094.75779674392,"29073"
"12630","5099",8094.75779674392,"29071"
"12631","5100",8415.77941069342,"29173"
"12632","5100",8415.77941069342,"29139"
"12633","5100",8415.77941069342,"29007"
"12634","5100",8415.77941069342,"29163"
"12635","5101",74829.4183372411,"17149"
"12636","5101",74829.4183372411,"29173"
"12637","5101",74829.4183372411,"29111"
"12638","5101",74829.4183372411,"17001"
"12639","5101",74829.4183372411,"29127"
"12640","5102",20252.990804008,"19111"
"12641","5102",20252.990804008,"17067"
"12642","5102",20252.990804008,"29111"
"12643","5102",20252.990804008,"29045"
"12644","5102",20252.990804008,"17001"
"12645","5103",21879.3801444171,"19111"
"12646","5103",21879.3801444171,"19087"
"12647","5103",21879.3801444171,"19057"
"12648","5103",21879.3801444171,"19115"
"12649","5104",13750.2388040396,"19103"
"12650","5104",13750.2388040396,"19115"
"12651","5104",13750.2388040396,"19139"
"12652","5104",13750.2388040396,"19183"
"12653","5104",13750.2388040396,"19031"
"12654","5105",24600.5865334572,"19113"
"12655","5105",24600.5865334572,"19103"
"12656","5105",24600.5865334572,"19105"
"12657","5105",24600.5865334572,"19031"
"12658","5106",18111.4801477065,"19055"
"12659","5106",18111.4801477065,"19043"
"12660","5106",18111.4801477065,"19061"
"12661","5107",14246.5875086139,"55043"
"12662","5107",14246.5875086139,"55023"
"12663","5107",14246.5875086139,"19043"
"12664","5107",14246.5875086139,"19005"
"12665","5108",56463.1928966192,"55123"
"12666","5108",56463.1928966192,"19005"
"12667","5108",56463.1928966192,"27055"
"12668","5108",56463.1928966192,"55063"
"12669","5109",10256.0133925812,"55121"
"12670","5109",10256.0133925812,"55053"
"12671","5109",10256.0133925812,"55063"
"12672","5109",10256.0133925812,"55081"
"12673","5110",10078.3299404475,"55017"
"12674","5110",10078.3299404475,"55019"
"12675","5110",10078.3299404475,"55053"
"12676","5110",10078.3299404475,"55035"
"12677","5111",10007.9134578196,"55119"
"12678","5111",10007.9134578196,"55017"
"12679","5111",10007.9134578196,"55107"
"12680","5112",2163.59395084411,"55003"
"12681","5112",2163.59395084411,"55113"
"12682","5113",9900.10357201862,"55003"
"12683","5113",9900.10357201862,"55007"
"12684","5114",1069.78640209132,"55003"
"12685","5114",1069.78640209132,"55007"
"12686","5115",584.825224017223,"27031"
"12687","5115",584.825224017223,"27075"
"12688","5116",89.5032660437235,"27031"
"12689","5116",89.5032660437235,"27075"
"12690","5117",101.616167631584,"22045"
"12691","5117",101.616167631584,"22101"
"12692","5118",86434.9741746174,"22099"
"12693","5118",86434.9741746174,"22045"
"12694","5118",86434.9741746174,"22055"
"12695","5119",6828.74424457729,"22009"
"12696","5119",6828.74424457729,"22097"
"12697","5119",6828.74424457729,"22077"
"12698","5119",6828.74424457729,"22125"
"12699","5120",493.894990002877,"22009"
"12700","5120",493.894990002877,"22029"
"12701","5120",493.894990002877,"28157"
"12702","5120",493.894990002877,"28001"
"12703","5120",493.894990002877,"22025"
"12704","5121",6216.88567455569,"22029"
"12705","5121",6216.88567455569,"22107"
"12706","5121",6216.88567455569,"22025"
"12707","5121",6216.88567455569,"22041"
"12708","5122",17079.2474552706,"22065"
"12709","5122",17079.2474552706,"22041"
"12710","5122",17079.2474552706,"22083"
"12711","5123",4005.14098124257,"05003"
"12712","5123",4005.14098124257,"22067"
"12713","5123",4005.14098124257,"22123"
"12714","5123",4005.14098124257,"05017"
"12715","5124",3743.52145723805,"05003"
"12716","5124",3743.52145723805,"05041"
"12717","5124",3743.52145723805,"05017"
"12718","5124",3743.52145723805,"05043"
"12719","5125",9522.16636681324,"05001"
"12720","5125",9522.16636681324,"05041"
"12721","5125",9522.16636681324,"05069"
"12722","5125",9522.16636681324,"05079"
"12723","5126",10186.3169478684,"05095"
"12724","5126",10186.3169478684,"05117"
"12725","5126",10186.3169478684,"05001"
"12726","5126",10186.3169478684,"05085"
"12727","5126",10186.3169478684,"05069"
"12728","5127",5271.2004235828,"05117"
"12729","5127",5271.2004235828,"05147"
"12730","5127",5271.2004235828,"05145"
"12731","5128",23692.123075425,"05063"
"12732","5128",23692.123075425,"05067"
"12733","5129",12990.2073209557,"05121"
"12734","5129",12990.2073209557,"05049"
"12735","5129",12990.2073209557,"05135"
"12736","5129",12990.2073209557,"05075"
"12737","5130",4611.23039986091,"29203"
"12738","5130",4611.23039986091,"29149"
"12739","5130",4611.23039986091,"29035"
"12740","5131",1228.91164495577,"29203"
"12741","5131",1228.91164495577,"29065"
"12742","5131",1228.91164495577,"29179"
"12743","5132",7559.43991322627,"29055"
"12744","5132",7559.43991322627,"29065"
"12745","5132",7559.43991322627,"29161"
"12746","5133",15776.0895808153,"29073"
"12747","5133",15776.0895808153,"29071"
"12748","5134",15122.8793301305,"29113"
"12749","5134",15122.8793301305,"29139"
"12750","5134",15122.8793301305,"29219"
"12751","5134",15122.8793301305,"29163"
"12752","5135",11790.7090277294,"17149"
"12753","5135",11790.7090277294,"29173"
"12754","5135",11790.7090277294,"29163"
"12755","5136",12357.4766101534,"17067"
"12756","5136",12357.4766101534,"17001"
"12757","5137",23125.475007427,"19111"
"12758","5137",23125.475007427,"17067"
"12759","5137",23125.475007427,"19057"
"12760","5137",23125.475007427,"17071"
"12761","5138",9881.73239186619,"17161"
"12762","5138",9881.73239186619,"17131"
"12763","5138",9881.73239186619,"19057"
"12764","5138",9881.73239186619,"19115"
"12765","5138",9881.73239186619,"19139"
"12766","5138",9881.73239186619,"17071"
"12767","5139",12910.8043771928,"19045"
"12768","5139",12910.8043771928,"19163"
"12769","5139",12910.8043771928,"19139"
"12770","5139",12910.8043771928,"19031"
"12771","5140",14149.1795076012,"19097"
"12772","5140",14149.1795076012,"19055"
"12773","5140",14149.1795076012,"19105"
"12774","5140",14149.1795076012,"19061"
"12775","5141",8760.69657318158,"55043"
"12776","5141",8760.69657318158,"19043"
"12777","5141",8760.69657318158,"19061"
"12778","5142",7373.92653054617,"55023"
"12779","5142",7373.92653054617,"55123"
"12780","5142",7373.92653054617,"19005"
"12781","5143",30932.1906754256,"55053"
"12782","5143",30932.1906754256,"55063"
"12783","5143",30932.1906754256,"55081"
"12784","5144",8376.03018251546,"55019"
"12785","5144",8376.03018251546,"55053"
"12786","5144",8376.03018251546,"55035"
"12787","5145",14172.2282096624,"55119"
"12788","5145",14172.2282096624,"55017"
"12789","5145",14172.2282096624,"55019"
"12790","5146",2405.31419341252,"55113"
"12791","5146",2405.31419341252,"55099"
"12792","5146",2405.31419341252,"55107"
"12793","5147",1231.71691797722,"55003"
"12794","5147",1231.71691797722,"55113"
"12795","5147",1231.71691797722,"55051"
"12796","5147",1231.71691797722,"55007"
"12797","5148",7672.21627849707,"55003"
"12798","5148",7672.21627849707,"55051"
"12799","5148",7672.21627849707,"55007"
"12800","5149",967.357497529657,"27031"
"12801","5150",28196.1332353151,"22099"
"12802","5150",28196.1332353151,"22045"
"12803","5150",28196.1332353151,"22101"
"12804","5151",7656.5675492798,"22047"
"12805","5151",7656.5675492798,"22099"
"12806","5151",7656.5675492798,"22097"
"12807","5151",7656.5675492798,"22077"
"12808","5151",7656.5675492798,"22121"
"12809","5152",8592.67530669975,"22009"
"12810","5152",8592.67530669975,"22029"
"12811","5152",8592.67530669975,"28157"
"12812","5152",8592.67530669975,"22077"
"12813","5152",8592.67530669975,"22125"
"12814","5153",38168.6365282829,"22029"
"12815","5153",38168.6365282829,"28001"
"12816","5154",3983.29204468126,"22107"
"12817","5154",3983.29204468126,"22025"
"12818","5154",3983.29204468126,"22065"
"12819","5154",3983.29204468126,"22041"
"12820","5155",6463.50551029069,"22035"
"12821","5155",6463.50551029069,"22067"
"12822","5155",6463.50551029069,"22123"
"12823","5155",6463.50551029069,"22065"
"12824","5155",6463.50551029069,"22083"
"12825","5156",4018.82738912303,"05003"
"12826","5156",4018.82738912303,"22067"
"12827","5156",4018.82738912303,"22123"
"12828","5156",4018.82738912303,"05017"
"12829","5157",5528.94740272561,"28011"
"12830","5157",5528.94740272561,"05041"
"12831","5157",5528.94740272561,"05017"
"12832","5157",5528.94740272561,"05043"
"12833","5157",5528.94740272561,"05079"
"12834","5158",5924.93790061225,"05001"
"12835","5158",5924.93790061225,"05069"
"12836","5159",6274.98692984001,"05095"
"12837","5159",6274.98692984001,"05117"
"12838","5159",6274.98692984001,"05147"
"12839","5159",6274.98692984001,"05123"
"12840","5160",7358.77812178168,"05063"
"12841","5160",7358.77812178168,"05067"
"12842","5160",7358.77812178168,"05147"
"12843","5160",7358.77812178168,"05145"
"12844","5161",5499.48281237844,"05063"
"12845","5161",5499.48281237844,"05067"
"12846","5161",5499.48281237844,"05135"
"12847","5161",5499.48281237844,"05075"
"12848","5162",3395.76081292882,"05121"
"12849","5162",3395.76081292882,"05135"
"12850","5162",3395.76081292882,"29149"
"12851","5162",3395.76081292882,"29181"
"12852","5163",5758.38766715063,"29203"
"12853","5163",5758.38766715063,"29149"
"12854","5163",5758.38766715063,"29035"
"12855","5163",5758.38766715063,"29179"
"12856","5164",3285.08248973715,"29203"
"12857","5164",3285.08248973715,"29055"
"12858","5164",3285.08248973715,"29221"
"12859","5164",3285.08248973715,"29093"
"12860","5164",3285.08248973715,"29065"
"12861","5164",3285.08248973715,"29179"
"12862","5165",20702.1925902214,"29055"
"12863","5165",20702.1925902214,"29221"
"12864","5165",20702.1925902214,"29071"
"12865","5166",54644.4640579918,"29113"
"12866","5166",54644.4640579918,"29183"
"12867","5166",54644.4640579918,"29219"
"12868","5166",54644.4640579918,"29071"
"12869","5167",12147.9125567927,"29113"
"12870","5167",12147.9125567927,"29163"
"12871","5168",6491.4643762699,"17149"
"12872","5168",6491.4643762699,"17009"
"12873","5168",6491.4643762699,"17001"
"12874","5169",8499.01272528098,"17067"
"12875","5169",8499.01272528098,"17109"
"12876","5169",8499.01272528098,"17001"
"12877","5169",8499.01272528098,"17169"
"12878","5170",26773.486892964,"17187"
"12879","5170",26773.486892964,"17131"
"12880","5170",26773.486892964,"19057"
"12881","5170",26773.486892964,"17071"
"12882","5171",43502.5912270511,"17161"
"12883","5171",43502.5912270511,"19163"
"12884","5171",43502.5912270511,"17131"
"12885","5171",43502.5912270511,"19139"
"12886","5171",43502.5912270511,"19031"
"12887","5172",13182.3271850761,"19045"
"12888","5172",13182.3271850761,"19097"
"12889","5172",13182.3271850761,"19105"
"12890","5172",13182.3271850761,"19031"
"12891","5173",89530.9388544118,"55043"
"12892","5173",89530.9388544118,"19043"
"12893","5173",89530.9388544118,"19061"
"12894","5173",89530.9388544118,"17085"
"12895","5174",11945.8794380854,"55043"
"12896","5174",11945.8794380854,"55023"
"12897","5174",11945.8794380854,"55103"
"12898","5175",19831.1068522492,"55123"
"12899","5175",19831.1068522492,"55103"
"12900","5175",19831.1068522492,"55063"
"12901","5175",19831.1068522492,"55081"
"12902","5176",11895.7740373452,"55053"
"12903","5176",11895.7740373452,"55081"
"12904","5177",9511.27929385344,"55019"
"12905","5178",2288.14742588479,"55119"
"12906","5178",2288.14742588479,"55099"
"12907","5178",2288.14742588479,"55107"
"12908","5179",5767.35338692418,"55003"
"12909","5179",5767.35338692418,"55113"
"12910","5179",5767.35338692418,"55099"
"12911","5180",2579.49922869744,"26053"
"12912","5180",2579.49922869744,"55003"
"12913","5180",2579.49922869744,"55051"
"12914","5181",6.82793984419643,"55003"
"12915","5182",115.072391966229,"27031"
"12916","5183",4994.71749696972,"22109"
"12917","5183",4994.71749696972,"22101"
"12918","5184",3966.60987243135,"22047"
"12919","5184",3966.60987243135,"22099"
"12920","5184",3966.60987243135,"22045"
"12921","5185",29792.9947237343,"22033"
"12922","5185",29792.9947237343,"22037"
"12923","5185",29792.9947237343,"22077"
"12924","5185",29792.9947237343,"22125"
"12925","5185",29792.9947237343,"22121"
"12926","5186",5191.27966899395,"22029"
"12927","5186",5191.27966899395,"28157"
"12928","5186",5191.27966899395,"28001"
"12929","5187",4521.81106222725,"22029"
"12930","5187",4521.81106222725,"28001"
"12931","5187",4521.81106222725,"22107"
"12932","5187",4521.81106222725,"28021"
"12933","5187",4521.81106222725,"28063"
"12934","5188",9285.16500967587,"22107"
"12935","5188",9285.16500967587,"22065"
"12936","5188",9285.16500967587,"22041"
"12937","5189",9629.70553856299,"28055"
"12938","5189",9629.70553856299,"28151"
"12939","5189",9629.70553856299,"22035"
"12940","5189",9629.70553856299,"22123"
"12941","5189",9629.70553856299,"05017"
"12942","5190",28346.2529236627,"28151"
"12943","5190",28346.2529236627,"28011"
"12944","5190",28346.2529236627,"05041"
"12945","5190",28346.2529236627,"05017"
"12946","5191",749.854945926088,"28011"
"12947","5191",749.854945926088,"05001"
"12948","5191",749.854945926088,"05041"
"12949","5191",749.854945926088,"05107"
"12950","5192",2040.04995193767,"05095"
"12951","5192",2040.04995193767,"05001"
"12952","5192",2040.04995193767,"05107"
"12953","5192",2040.04995193767,"05077"
"12954","5193",2312.82387956479,"05095"
"12955","5193",2312.82387956479,"05147"
"12956","5193",2312.82387956479,"05037"
"12957","5193",2312.82387956479,"05123"
"12958","5194",12926.2130636995,"05067"
"12959","5194",12926.2130636995,"05031"
"12960","5194",12926.2130636995,"05111"
"12961","5195",20932.9141499712,"05121"
"12962","5195",20932.9141499712,"05075"
"12963","5196",2686.12280181662,"29149"
"12964","5196",2686.12280181662,"29035"
"12965","5196",2686.12280181662,"29181"
"12966","5197",3504.48598547397,"29203"
"12967","5197",3504.48598547397,"29093"
"12968","5197",3504.48598547397,"29179"
"12969","5198",13308.9239208,"29055"
"12970","5198",13308.9239208,"29221"
"12971","5198",13308.9239208,"29093"
"12972","5199",72790.237195018,"29189"
"12973","5199",72790.237195018,"29183"
"12974","5199",72790.237195018,"29219"
"12975","5199",72790.237195018,"29071"
"12976","5199",72790.237195018,"29099"
"12977","5200",109286.239677891,"29113"
"12978","5200",109286.239677891,"29183"
"12979","5200",109286.239677891,"17013"
"12980","5200",109286.239677891,"29219"
"12981","5201",9397.97400717001,"17149"
"12982","5201",9397.97400717001,"17061"
"12983","5201",9397.97400717001,"17013"
"12984","5201",9397.97400717001,"29163"
"12985","5202",10944.184157561,"17009"
"12986","5202",10944.184157561,"17001"
"12987","5202",10944.184157561,"17169"
"12988","5203",21624.0559757384,"17187"
"12989","5203",21624.0559757384,"17067"
"12990","5203",21624.0559757384,"17071"
"12991","5203",21624.0559757384,"17109"
"12992","5204",11158.8961548254,"17187"
"12993","5204",11158.8961548254,"17161"
"12994","5204",11158.8961548254,"17131"
"12995","5204",11158.8961548254,"17071"
"12996","5205",66239.6661199209,"19045"
"12997","5205",66239.6661199209,"19163"
"12998","5205",66239.6661199209,"19139"
"12999","5206",9144.31650512489,"19097"
"13000","5206",9144.31650512489,"19061"
"13001","5206",9144.31650512489,"17085"
"13002","5207",24358.4523888007,"55043"
"13003","5207",24358.4523888007,"55049"
"13004","5207",24358.4523888007,"55065"
"13005","5208",12262.0650322619,"55043"
"13006","5208",12262.0650322619,"55023"
"13007","5208",12262.0650322619,"55123"
"13008","5208",12262.0650322619,"55103"
"13009","5209",24434.6279632915,"55057"
"13010","5209",24434.6279632915,"55081"
"13011","5210",8273.06175572546,"55141"
"13012","5210",8273.06175572546,"55019"
"13013","5210",8273.06175572546,"55053"
"13014","5211",23525.7427212105,"55119"
"13015","5211",23525.7427212105,"55073"
"13016","5211",23525.7427212105,"55019"
"13017","5212",5580.42180783099,"55099"
"13018","5213",1306.98712145757,"55003"
"13019","5213",1306.98712145757,"55051"
"13020","5213",1306.98712145757,"55099"
"13021","5214",346.621990348701,"26053"
"13022","5214",346.621990348701,"55051"
"13023","5215",2679.63161763072,"27031"
"13024","5216",0,"22109"
"13025","5216",0,"22101"
"13026","5217",34524.2169325248,"22099"
"13027","5217",34524.2169325248,"22045"
"13028","5217",34524.2169325248,"22101"
"13029","5217",34524.2169325248,"22007"
"13030","5218",365051.807946608,"22033"
"13031","5218",365051.807946608,"22047"
"13032","5218",365051.807946608,"22121"
"13033","5219",15024.8778930722,"28157"
"13034","5219",15024.8778930722,"22037"
"13035","5219",15024.8778930722,"22125"
"13036","5219",15024.8778930722,"28005"
"13037","5220",8574.73625928491,"28157"
"13038","5220",8574.73625928491,"28001"
"13039","5220",8574.73625928491,"28037"
"13040","5220",8574.73625928491,"28063"
"13041","5221",4843.0733586202,"28149"
"13042","5221",4843.0733586202,"22107"
"13043","5221",4843.0733586202,"22065"
"13044","5221",4843.0733586202,"28021"
"13045","5222",1643.47665858299,"28055"
"13046","5222",1643.47665858299,"28149"
"13047","5222",1643.47665858299,"22035"
"13048","5222",1643.47665858299,"22065"
"13049","5222",1643.47665858299,"28125"
"13050","5223",5520.66244498554,"28055"
"13051","5223",5520.66244498554,"28151"
"13052","5223",5520.66244498554,"05017"
"13053","5223",5520.66244498554,"28125"
"13054","5224",3611.41196826844,"28011"
"13055","5224",3611.41196826844,"05041"
"13056","5225",1341.42026235245,"05095"
"13057","5225",1341.42026235245,"28011"
"13058","5225",1341.42026235245,"05001"
"13059","5225",1341.42026235245,"05041"
"13060","5225",1341.42026235245,"05107"
"13061","5225",1341.42026235245,"28027"
"13062","5226",7844.82686238389,"05095"
"13063","5226",7844.82686238389,"05107"
"13064","5226",7844.82686238389,"05077"
"13065","5226",7844.82686238389,"05123"
"13066","5227",5149.44812582718,"05067"
"13067","5227",5149.44812582718,"05147"
"13068","5227",5149.44812582718,"05037"
"13069","5227",5149.44812582718,"05111"
"13070","5228",60633.7718269491,"05067"
"13071","5228",60633.7718269491,"05055"
"13072","5228",60633.7718269491,"05031"
"13073","5228",60633.7718269491,"05075"
"13074","5229",11020.6982667712,"05121"
"13075","5229",11020.6982667712,"05021"
"13076","5229",11020.6982667712,"29181"
"13077","5230",7481.17994461154,"29023"
"13078","5230",7481.17994461154,"29035"
"13079","5230",7481.17994461154,"29223"
"13080","5230",7481.17994461154,"29179"
"13081","5231",9243.00124289761,"29221"
"13082","5231",9243.00124289761,"29093"
"13083","5231",9243.00124289761,"29123"
"13084","5231",9243.00124289761,"29187"
"13085","5231",9243.00124289761,"29179"
"13086","5232",36784.8940638636,"29221"
"13087","5232",36784.8940638636,"29187"
"13088","5232",36784.8940638636,"29071"
"13089","5232",36784.8940638636,"29099"
"13090","5233",538499.449480522,"29189"
"13091","5233",538499.449480522,"29183"
"13092","5233",538499.449480522,"29071"
"13093","5234",9121.35397518186,"29113"
"13094","5234",9121.35397518186,"17149"
"13095","5234",9121.35397518186,"17061"
"13096","5234",9121.35397518186,"17083"
"13097","5234",9121.35397518186,"17013"
"13098","5234",9121.35397518186,"29163"
"13099","5235",7185.2452238934,"17017"
"13100","5235",7185.2452238934,"17149"
"13101","5235",7185.2452238934,"17137"
"13102","5235",7185.2452238934,"17009"
"13103","5235",7185.2452238934,"17171"
"13104","5236",8673.77631903075,"17057"
"13105","5236",8673.77631903075,"17109"
"13106","5236",8673.77631903075,"17169"
"13107","5237",48988.2385919762,"17187"
"13108","5237",48988.2385919762,"17095"
"13109","5238",238839.592718672,"17161"
"13110","5238",238839.592718672,"19163"
"13111","5238",238839.592718672,"17073"
"13112","5238",238839.592718672,"17131"
"13113","5239",8074.20320254938,"19045"
"13114","5239",8074.20320254938,"19097"
"13115","5240",19052.7990635373,"55043"
"13116","5240",19052.7990635373,"19061"
"13117","5240",19052.7990635373,"17085"
"13118","5240",19052.7990635373,"55065"
"13119","5241",12635.0406581068,"55043"
"13120","5241",12635.0406581068,"55111"
"13121","5241",12635.0406581068,"55049"
"13122","5241",12635.0406581068,"55103"
"13123","5242",13952.9210306817,"55111"
"13124","5242",13952.9210306817,"55057"
"13125","5242",13952.9210306817,"55123"
"13126","5242",13952.9210306817,"55103"
"13127","5242",13952.9210306817,"55081"
"13128","5243",1644.39076564523,"55001"
"13129","5243",1644.39076564523,"55057"
"13130","5243",1644.39076564523,"55141"
"13131","5243",1644.39076564523,"55053"
"13132","5243",1644.39076564523,"55081"
"13133","5244",38626.0652938176,"55073"
"13134","5244",38626.0652938176,"55141"
"13135","5244",38626.0652938176,"55019"
"13136","5245",5541.66082265233,"55069"
"13137","5245",5541.66082265233,"55119"
"13138","5245",5541.66082265233,"55073"
"13139","5245",5541.66082265233,"55099"
"13140","5246",1376.83903930617,"55051"
"13141","5246",1376.83903930617,"55085"
"13142","5246",1376.83903930617,"55125"
"13143","5246",1376.83903930617,"55099"
"13144","5247",14377.5789783811,"26053"
"13145","5247",14377.5789783811,"55051"
"13146","5247",14377.5789783811,"55125"
"13147","5248",316.30262456551,"27031"
"13148","5249",0,"22109"
"13149","5250",7792.79869238112,"22099"
"13150","5250",7792.79869238112,"22109"
"13151","5250",7792.79869238112,"22101"
"13152","5250",7792.79869238112,"22007"
"13153","5251",73449.6535234686,"22047"
"13154","5251",73449.6535234686,"22045"
"13155","5251",73449.6535234686,"22005"
"13156","5251",73449.6535234686,"22093"
"13157","5251",73449.6535234686,"22007"
"13158","5252",120213.323848314,"22033"
"13159","5252",120213.323848314,"22037"
"13160","5252",120213.323848314,"22091"
"13161","5252",120213.323848314,"22063"
"13162","5253",7704.6800898657,"28157"
"13163","5253",7704.6800898657,"28037"
"13164","5253",7704.6800898657,"28005"
"13165","5254",6665.35597785,"28021"
"13166","5254",6665.35597785,"28037"
"13167","5254",6665.35597785,"28063"
"13168","5255",43824.5639753326,"28055"
"13169","5255",43824.5639753326,"28149"
"13170","5255",43824.5639753326,"22065"
"13171","5255",43824.5639753326,"28021"
"13172","5255",43824.5639753326,"28049"
"13173","5256",3829.46486264297,"28055"
"13174","5256",3829.46486264297,"28163"
"13175","5256",3829.46486264297,"28151"
"13176","5256",3829.46486264297,"28125"
"13177","5257",18415.9611550719,"28151"
"13178","5257",18415.9611550719,"28011"
"13179","5257",18415.9611550719,"28133"
"13180","5258",5884.96805193271,"28011"
"13181","5258",5884.96805193271,"05041"
"13182","5258",5884.96805193271,"05107"
"13183","5258",5884.96805193271,"28133"
"13184","5258",5884.96805193271,"28027"
"13185","5259",16179.5741170141,"28143"
"13186","5259",16179.5741170141,"05107"
"13187","5259",16179.5741170141,"05077"
"13188","5259",16179.5741170141,"28027"
"13189","5260",31209.2147272509,"05077"
"13190","5260",31209.2147272509,"05037"
"13191","5260",31209.2147272509,"05123"
"13192","5261",40032.8563080944,"05031"
"13193","5261",40032.8563080944,"05111"
"13194","5262",20376.5379612954,"05121"
"13195","5262",20376.5379612954,"05021"
"13196","5262",20376.5379612954,"05055"
"13197","5262",20376.5379612954,"05075"
"13198","5263",30280.8151054922,"29023"
"13199","5263",30280.8151054922,"29035"
"13200","5263",30280.8151054922,"29181"
"13201","5264",6051.68204487564,"29223"
"13202","5264",6051.68204487564,"29093"
"13203","5264",6051.68204487564,"29123"
"13204","5264",6051.68204487564,"29179"
"13205","5265",74341.7083427848,"29221"
"13206","5265",74341.7083427848,"29093"
"13207","5265",74341.7083427848,"29187"
"13208","5265",74341.7083427848,"29186"
"13209","5265",74341.7083427848,"29099"
"13210","5266",276333.919689487,"29189"
"13211","5266",276333.919689487,"17133"
"13212","5266",276333.919689487,"29099"
"13213","5267",115004.733147597,"29189"
"13214","5267",115004.733147597,"29183"
"13215","5267",115004.733147597,"17083"
"13216","5267",115004.733147597,"17013"
"13217","5267",115004.733147597,"17119"
"13218","5268",10673.6811243674,"17149"
"13219","5268",10673.6811243674,"17137"
"13220","5268",10673.6811243674,"17061"
"13221","5268",10673.6811243674,"17171"
"13222","5269",14102.7318852016,"17017"
"13223","5269",14102.7318852016,"17125"
"13224","5269",14102.7318852016,"17137"
"13225","5269",14102.7318852016,"17057"
"13226","5269",14102.7318852016,"17009"
"13227","5269",14102.7318852016,"17169"
"13228","5270",10265.4206896443,"17187"
"13229","5270",10265.4206896443,"17057"
"13230","5270",10265.4206896443,"17109"
"13231","5270",10265.4206896443,"17095"
"13232","5271",9757.56561060992,"17187"
"13233","5271",9757.56561060992,"17073"
"13234","5271",9757.56561060992,"17131"
"13235","5271",9757.56561060992,"17095"
"13236","5272",43148.9785177388,"19045"
"13237","5272",43148.9785177388,"17161"
"13238","5272",43148.9785177388,"19163"
"13239","5272",43148.9785177388,"17073"
"13240","5272",43148.9785177388,"17195"
"13241","5273",9401.06473632508,"17015"
"13242","5273",9401.06473632508,"19097"
"13243","5273",9401.06473632508,"17085"
"13244","5274",15766.907383185,"55049"
"13245","5274",15766.907383185,"55065"
"13246","5275",11665.1244075042,"55111"
"13247","5275",11665.1244075042,"55049"
"13248","5275",11665.1244075042,"55103"
"13249","5276",22919.9725510489,"55001"
"13250","5276",22919.9725510489,"55057"
"13251","5277",37953.3216163414,"55097"
"13252","5277",37953.3216163414,"55141"
"13253","5278",16973.4920420498,"55069"
"13254","5278",16973.4920420498,"55119"
"13255","5278",16973.4920420498,"55073"
"13256","5279",8103.19086813729,"55069"
"13257","5279",8103.19086813729,"55085"
"13258","5279",8103.19086813729,"55099"
"13259","5280",5637.65130288407,"26053"
"13260","5280",5637.65130288407,"55051"
"13261","5280",5637.65130288407,"55125"
"13262","5281",735.952939902265,"26053"
"13263","5281",735.952939902265,"26131"
"13264","5282",203.992143448061,"27031"
"13265","5283",649.127583451401,"22109"
"13266","5284",58941.8089782762,"22109"
"13267","5284",58941.8089782762,"22057"
"13268","5284",58941.8089782762,"22093"
"13269","5284",58941.8089782762,"22007"
"13270","5285",238335.494630133,"22033"
"13271","5285",238335.494630133,"22047"
"13272","5285",238335.494630133,"22005"
"13273","5285",238335.494630133,"22063"
"13274","5286",8068.38665361383,"22037"
"13275","5286",8068.38665361383,"22091"
"13276","5286",8068.38665361383,"28005"
"13277","5287",7191.38549928018,"28085"
"13278","5287",7191.38549928018,"28037"
"13279","5287",7191.38549928018,"28005"
"13280","5287",7191.38549928018,"28063"
"13281","5288",5047.03275771747,"28149"
"13282","5288",5047.03275771747,"28029"
"13283","5288",5047.03275771747,"28021"
"13284","5288",5047.03275771747,"28049"
"13285","5289",2103.42883840185,"28055"
"13286","5289",2103.42883840185,"28163"
"13287","5289",2103.42883840185,"28149"
"13288","5289",2103.42883840185,"28049"
"13289","5289",2103.42883840185,"28125"
"13290","5290",6968.91438855699,"28151"
"13291","5290",6968.91438855699,"28053"
"13292","5290",6968.91438855699,"28133"
"13293","5290",6968.91438855699,"28125"
"13294","5291",23969.1609050132,"28011"
"13295","5291",23969.1609050132,"28083"
"13296","5291",23969.1609050132,"28133"
"13297","5292",20331.0849754092,"28011"
"13298","5292",20331.0849754092,"05107"
"13299","5292",20331.0849754092,"28119"
"13300","5292",20331.0849754092,"28027"
"13301","5293",5752.05499305141,"28143"
"13302","5293",5752.05499305141,"05107"
"13303","5293",5752.05499305141,"05077"
"13304","5293",5752.05499305141,"05123"
"13305","5293",5752.05499305141,"05035"
"13306","5294",5571.40296741734,"05037"
"13307","5294",5571.40296741734,"05111"
"13308","5294",5571.40296741734,"05035"
"13309","5295",48629.038284756,"05093"
"13310","5295",48629.038284756,"29069"
"13311","5295",48629.038284756,"05055"
"13312","5295",48629.038284756,"05031"
"13313","5296",6911.35665783273,"29023"
"13314","5296",6911.35665783273,"29069"
"13315","5296",6911.35665783273,"05021"
"13316","5296",6911.35665783273,"29181"
"13317","5297",8349.18348334604,"29207"
"13318","5297",8349.18348334604,"29023"
"13319","5297",8349.18348334604,"29017"
"13320","5297",8349.18348334604,"29223"
"13321","5298",13285.018703522,"29157"
"13322","5298",13285.018703522,"29017"
"13323","5298",13285.018703522,"29093"
"13324","5298",13285.018703522,"29123"
"13325","5298",13285.018703522,"29187"
"13326","5298",13285.018703522,"29186"
"13327","5299",40455.5507217322,"17157"
"13328","5299",40455.5507217322,"17133"
"13329","5299",40455.5507217322,"29187"
"13330","5299",40455.5507217322,"29186"
"13331","5299",40455.5507217322,"29099"
"13332","5300",991457.040276682,"29189"
"13333","5300",991457.040276682,"29510"
"13334","5300",991457.040276682,"17133"
"13335","5300",991457.040276682,"17119"
"13336","5300",991457.040276682,"17163"
"13337","5301",20548.1378866572,"17061"
"13338","5301",20548.1378866572,"17083"
"13339","5301",20548.1378866572,"17117"
"13340","5302",27625.4932557212,"17017"
"13341","5302",27625.4932557212,"17137"
"13342","5302",27625.4932557212,"17167"
"13343","5302",27625.4932557212,"17171"
"13344","5303",10881.8272327638,"17125"
"13345","5303",10881.8272327638,"17057"
"13346","5303",10881.8272327638,"17169"
"13347","5304",11554.0087335682,"17175"
"13348","5304",11554.0087335682,"17057"
"13349","5304",11554.0087335682,"17095"
"13350","5304",11554.0087335682,"17143"
"13351","5305",16082.2216327499,"17073"
"13352","5305",16082.2216327499,"17011"
"13353","5305",16082.2216327499,"17195"
"13354","5306",23540.6897285888,"19045"
"13355","5306",23540.6897285888,"17015"
"13356","5306",23540.6897285888,"19097"
"13357","5306",23540.6897285888,"17195"
"13358","5307",13186.2937085323,"17177"
"13359","5307",13186.2937085323,"17085"
"13360","5307",13186.2937085323,"55045"
"13361","5307",13186.2937085323,"55065"
"13362","5308",24183.465841632,"55111"
"13363","5308",24183.465841632,"55025"
"13364","5308",24183.465841632,"55049"
"13365","5309",45066.4373519075,"55111"
"13366","5309",45066.4373519075,"55001"
"13367","5309",45066.4373519075,"55057"
"13368","5309",45066.4373519075,"55021"
"13369","5310",12251.3524613772,"55001"
"13370","5310",12251.3524613772,"55057"
"13371","5310",12251.3524613772,"55097"
"13372","5310",12251.3524613772,"55141"
"13373","5310",12251.3524613772,"55137"
"13374","5311",19461.0177996935,"55073"
"13375","5311",19461.0177996935,"55097"
"13376","5311",19461.0177996935,"55141"
"13377","5312",18916.9345432862,"55069"
"13378","5312",18916.9345432862,"55073"
"13379","5313",14866.4830774951,"55085"
"13380","5313",14866.4830774951,"55125"
"13381","5314",1925.81285115108,"26053"
"13382","5314",1925.81285115108,"26131"
"13383","5314",1925.81285115108,"55125"
"13384","5315",1782.02752096736,"26131"
"13385","5316",50.8377934490491,"27031"
"13386","5317",0.003715556976797,"22109"
"13387","5318",109178.447918702,"22109"
"13388","5318",109178.447918702,"22057"
"13389","5319",54241.1076692309,"22005"
"13390","5319",54241.1076692309,"22063"
"13391","5319",54241.1076692309,"22095"
"13392","5319",54241.1076692309,"22089"
"13393","5319",54241.1076692309,"22093"
"13394","5320",56301.8010745146,"22091"
"13395","5320",56301.8010745146,"22105"
"13396","5320",56301.8010745146,"22063"
"13397","5321",32676.6597456868,"28085"
"13398","5321",32676.6597456868,"28037"
"13399","5321",32676.6597456868,"28005"
"13400","5321",32676.6597456868,"28113"
"13401","5322",12951.3149095221,"28029"
"13402","5322",12951.3149095221,"28021"
"13403","5322",12951.3149095221,"28085"
"13404","5322",12951.3149095221,"28037"
"13405","5322",12951.3149095221,"28063"
"13406","5323",25486.55376244,"28149"
"13407","5323",25486.55376244,"28049"
"13408","5324",19959.5009092796,"28163"
"13409","5324",19959.5009092796,"28053"
"13410","5324",19959.5009092796,"28125"
"13411","5325",10141.0186573431,"28083"
"13412","5325",10141.0186573431,"28051"
"13413","5325",10141.0186573431,"28053"
"13414","5325",10141.0186573431,"28133"
"13415","5326",9901.65624901842,"28083"
"13416","5326",9901.65624901842,"28133"
"13417","5326",9901.65624901842,"28135"
"13418","5326",9901.65624901842,"28119"
"13419","5326",9901.65624901842,"28027"
"13420","5327",8450.27347762332,"28143"
"13421","5327",8450.27347762332,"28137"
"13422","5327",8450.27347762332,"05107"
"13423","5327",8450.27347762332,"05077"
"13424","5327",8450.27347762332,"28107"
"13425","5327",8450.27347762332,"28119"
"13426","5327",8450.27347762332,"28027"
"13427","5328",35073.3431054609,"28033"
"13428","5328",35073.3431054609,"47157"
"13429","5328",35073.3431054609,"05037"
"13430","5328",35073.3431054609,"05123"
"13431","5328",35073.3431054609,"05035"
"13432","5329",11028.611053317,"05093"
"13433","5329",11028.611053317,"05031"
"13434","5329",11028.611053317,"05111"
"13435","5329",11028.611053317,"05035"
"13436","5330",18675.590082098,"05093"
"13437","5330",18675.590082098,"29069"
"13438","5330",18675.590082098,"05021"
"13439","5330",18675.590082098,"05055"
"13440","5331",17445.7137442635,"29207"
"13441","5331",17445.7137442635,"29023"
"13442","5331",17445.7137442635,"29069"
"13443","5332",6568.44700606483,"29017"
"13444","5332",6568.44700606483,"29223"
"13445","5332",6568.44700606483,"29123"
"13446","5333",12824.6842599414,"29157"
"13447","5333",12824.6842599414,"17157"
"13448","5333",12824.6842599414,"29187"
"13449","5333",12824.6842599414,"29186"
"13450","5334",82032.3723711115,"17157"
"13451","5334",82032.3723711115,"17133"
"13452","5334",82032.3723711115,"17163"
"13453","5335",145892.731617638,"29189"
"13454","5335",145892.731617638,"29183"
"13455","5335",145892.731617638,"17083"
"13456","5335",145892.731617638,"17117"
"13457","5335",145892.731617638,"17119"
"13458","5336",11481.9844250067,"17137"
"13459","5336",11481.9844250067,"17061"
"13460","5336",11481.9844250067,"17167"
"13461","5336",11481.9844250067,"17117"
"13462","5337",13498.6685319543,"17129"
"13463","5337",13498.6685319543,"17017"
"13464","5337",13498.6685319543,"17125"
"13465","5337",13498.6685319543,"17137"
"13466","5337",13498.6685319543,"17167"
"13467","5338",36502.9568593197,"17125"
"13468","5338",36502.9568593197,"17179"
"13469","5338",36502.9568593197,"17057"
"13470","5338",36502.9568593197,"17143"
"13471","5339",21356.8483595889,"17175"
"13472","5339",21356.8483595889,"17073"
"13473","5339",21356.8483595889,"17011"
"13474","5339",21356.8483595889,"17123"
"13475","5339",21356.8483595889,"17095"
"13476","5339",21356.8483595889,"17143"
"13477","5340",34849.461020249,"17073"
"13478","5340",34849.461020249,"17011"
"13479","5340",34849.461020249,"17195"
"13480","5340",34849.461020249,"17103"
"13481","5341",37468.1521609901,"17015"
"13482","5341",37468.1521609901,"17177"
"13483","5341",37468.1521609901,"17085"
"13484","5341",37468.1521609901,"17141"
"13485","5342",20362.8299821105,"55025"
"13486","5342",20362.8299821105,"55049"
"13487","5342",20362.8299821105,"55045"
"13488","5342",20362.8299821105,"55065"
"13489","5343",35161.0617386007,"55111"
"13490","5343",35161.0617386007,"55025"
"13491","5343",35161.0617386007,"55021"
"13492","5344",14053.8374127006,"55001"
"13493","5344",14053.8374127006,"55077"
"13494","5344",14053.8374127006,"55137"
"13495","5345",62298.6617642272,"55097"
"13496","5345",62298.6617642272,"55141"
"13497","5345",62298.6617642272,"55137"
"13498","5346",85049.0374223745,"55069"
"13499","5346",85049.0374223745,"55067"
"13500","5346",85049.0374223745,"55073"
"13501","5347",18582.7727956126,"55069"
"13502","5347",18582.7727956126,"55085"
"13503","5347",18582.7727956126,"55067"
"13504","5348",4640.11662684643,"26053"
"13505","5348",4640.11662684643,"55125"
"13506","5349",1303.26557358108,"26053"
"13507","5349",1303.26557358108,"26131"
"13508","5350",0,"26083"
"13509","5351",638.963725977039,"22109"
"13510","5351",638.963725977039,"22057"
"13511","5352",40864.1397701561,"22057"
"13512","5352",40864.1397701561,"22095"
"13513","5352",40864.1397701561,"22089"
"13514","5352",40864.1397701561,"22093"
"13515","5353",84310.6732854785,"22105"
"13516","5353",84310.6732854785,"22063"
"13517","5353",84310.6732854785,"22095"
"13518","5354",21376.3473262737,"22117"
"13519","5354",21376.3473262737,"22091"
"13520","5354",21376.3473262737,"22105"
"13521","5354",21376.3473262737,"28005"
"13522","5354",21376.3473262737,"28113"
"13523","5354",21376.3473262737,"28147"
"13524","5355",29916.918338171,"28085"
"13525","5355",29916.918338171,"28113"
"13526","5355",29916.918338171,"28147"
"13527","5355",29916.918338171,"28077"
"13528","5356",31910.7326842976,"28029"
"13529","5356",31910.7326842976,"28121"
"13530","5356",31910.7326842976,"28049"
"13531","5356",31910.7326842976,"28127"
"13532","5357",29899.5542611568,"28163"
"13533","5357",29899.5542611568,"28089"
"13534","5357",29899.5542611568,"28049"
"13535","5358",3676.80694268282,"28163"
"13536","5358",3676.80694268282,"28083"
"13537","5358",3676.80694268282,"28051"
"13538","5358",3676.80694268282,"28053"
"13539","5359",6619.22112579221,"28043"
"13540","5359",6619.22112579221,"28083"
"13541","5359",6619.22112579221,"28015"
"13542","5359",6619.22112579221,"28135"
"13543","5360",8409.19076713173,"28107"
"13544","5360",8409.19076713173,"28135"
"13545","5360",8409.19076713173,"28119"
"13546","5361",50312.9662387806,"28033"
"13547","5361",50312.9662387806,"28143"
"13548","5361",50312.9662387806,"28137"
"13549","5361",50312.9662387806,"05035"
"13550","5362",83974.9981955129,"05093"
"13551","5362",83974.9981955129,"47157"
"13552","5362",83974.9981955129,"47167"
"13553","5362",83974.9981955129,"05111"
"13554","5362",83974.9981955129,"05035"
"13555","5363",26515.1738230827,"05093"
"13556","5363",26515.1738230827,"29069"
"13557","5363",26515.1738230827,"29155"
"13558","5364",19167.2370110706,"29143"
"13559","5364",19167.2370110706,"29023"
"13560","5364",19167.2370110706,"29069"
"13561","5364",19167.2370110706,"05021"
"13562","5364",19167.2370110706,"29155"
"13563","5365",13266.3416841451,"29207"
"13564","5365",13266.3416841451,"29201"
"13565","5365",13266.3416841451,"29017"
"13566","5365",13266.3416841451,"29223"
"13567","5366",10022.6259172452,"29157"
"13568","5366",10022.6259172452,"29031"
"13569","5366",10022.6259172452,"29017"
"13570","5367",17812.1354197929,"17157"
"13571","5367",17812.1354197929,"17133"
"13572","5367",17812.1354197929,"29186"
"13573","5367",17812.1354197929,"17163"
"13574","5368",227717.109577358,"17027"
"13575","5368",227717.109577358,"17119"
"13576","5368",227717.109577358,"17163"
"13577","5369",31779.8715502433,"17135"
"13578","5369",31779.8715502433,"17117"
"13579","5370",168541.727717868,"17137"
"13580","5370",168541.727717868,"17167"
"13581","5371",10260.5804896968,"17129"
"13582","5371",10260.5804896968,"17125"
"13583","5371",10260.5804896968,"17107"
"13584","5371",10260.5804896968,"17179"
"13585","5372",175653.211237775,"17175"
"13586","5372",175653.211237775,"17179"
"13587","5372",175653.211237775,"17203"
"13588","5372",175653.211237775,"17123"
"13589","5372",175653.211237775,"17143"
"13590","5373",17296.6652721518,"17175"
"13591","5373",17296.6652721518,"17011"
"13592","5374",40889.642386728,"17015"
"13593","5374",40889.642386728,"17141"
"13594","5374",40889.642386728,"17195"
"13595","5374",40889.642386728,"17103"
"13596","5375",28380.190286586,"17177"
"13597","5375",28380.190286586,"55105"
"13598","5375",28380.190286586,"55045"
"13599","5375",28380.190286586,"17201"
"13600","5376",404118.821638963,"55025"
"13601","5376",404118.821638963,"55045"
"13602","5377",28469.7922867243,"55111"
"13603","5377",28469.7922867243,"55001"
"13604","5377",28469.7922867243,"55077"
"13605","5377",28469.7922867243,"55021"
"13606","5377",28469.7922867243,"55047"
"13607","5378",16516.3714177955,"55077"
"13608","5378",16516.3714177955,"55135"
"13609","5378",16516.3714177955,"55097"
"13610","5378",16516.3714177955,"55137"
"13611","5379",10867.5471643917,"55073"
"13612","5379",10867.5471643917,"55135"
"13613","5379",10867.5471643917,"55097"
"13614","5379",10867.5471643917,"55115"
"13615","5380",13105.9937934515,"55069"
"13616","5380",13105.9937934515,"55067"
"13617","5380",13105.9937934515,"55073"
"13618","5381",9677.29771973594,"55085"
"13619","5381",9677.29771973594,"55125"
"13620","5381",9677.29771973594,"55041"
"13621","5382",1312.6798558134,"26053"
"13622","5382",1312.6798558134,"26071"
"13623","5382",1312.6798558134,"26061"
"13624","5382",1312.6798558134,"26131"
"13625","5383",1247.23278943693,"26061"
"13626","5383",1247.23278943693,"26131"
"13627","5384",0,"26083"
"13628","5385",0.007431113953594,"22109"
"13629","5385",0.007431113953594,"22057"
"13630","5386",28212.3184089323,"22109"
"13631","5386",28212.3184089323,"22057"
"13632","5386",28212.3184089323,"22051"
"13633","5386",28212.3184089323,"22089"
"13634","5387",278799.252570401,"22071"
"13635","5387",278799.252570401,"22095"
"13636","5387",278799.252570401,"22051"
"13637","5387",278799.252570401,"22089"
"13638","5388",39873.0364803676,"22117"
"13639","5388",39873.0364803676,"22105"
"13640","5388",39873.0364803676,"22103"
"13641","5389",19121.1452450482,"22117"
"13642","5389",19121.1452450482,"28085"
"13643","5389",19121.1452450482,"28091"
"13644","5389",19121.1452450482,"28113"
"13645","5389",19121.1452450482,"28147"
"13646","5389",19121.1452450482,"28077"
"13647","5390",8049.97497306231,"28029"
"13648","5390",8049.97497306231,"28085"
"13649","5390",8049.97497306231,"28127"
"13650","5390",8049.97497306231,"28077"
"13651","5391",364459.512001837,"28121"
"13652","5391",364459.512001837,"28089"
"13653","5391",364459.512001837,"28049"
"13654","5392",6906.56855020262,"28007"
"13655","5392",6906.56855020262,"28163"
"13656","5392",6906.56855020262,"28051"
"13657","5392",6906.56855020262,"28089"
"13658","5393",20851.4837754868,"28083"
"13659","5393",20851.4837754868,"28051"
"13660","5393",20851.4837754868,"28015"
"13661","5394",9767.83753048905,"28043"
"13662","5394",9767.83753048905,"28161"
"13663","5394",9767.83753048905,"28135"
"13664","5394",9767.83753048905,"28119"
"13665","5395",26765.9547382025,"28137"
"13666","5395",26765.9547382025,"28107"
"13667","5396",825230.55967316,"28033"
"13668","5396",825230.55967316,"47157"
"13669","5396",825230.55967316,"05035"
"13670","5397",30897.1299742821,"47097"
"13671","5397",30897.1299742821,"05093"
"13672","5397",30897.1299742821,"47167"
"13673","5398",16663.9089772104,"05093"
"13674","5398",16663.9089772104,"29069"
"13675","5398",16663.9089772104,"47045"
"13676","5398",16663.9089772104,"47095"
"13677","5398",16663.9089772104,"29155"
"13678","5399",15383.6656960436,"29143"
"13679","5399",15383.6656960436,"29207"
"13680","5399",15383.6656960436,"29069"
"13681","5400",44790.936996939,"29207"
"13682","5400",44790.936996939,"29031"
"13683","5400",44790.936996939,"29201"
"13684","5400",44790.936996939,"29017"
"13685","5401",22887.2032759708,"29157"
"13686","5401",22887.2032759708,"17157"
"13687","5401",22887.2032759708,"17077"
"13688","5402",13322.9717492725,"17027"
"13689","5402",13322.9717492725,"17189"
"13690","5402",13322.9717492725,"17145"
"13691","5402",13322.9717492725,"17157"
"13692","5402",13322.9717492725,"17163"
"13693","5403",27536.1317451851,"17027"
"13694","5403",27536.1317451851,"17135"
"13695","5403",27536.1317451851,"17005"
"13696","5403",27536.1317451851,"17117"
"13697","5403",27536.1317451851,"17119"
"13698","5404",12259.8678138606,"17135"
"13699","5404",12259.8678138606,"17021"
"13700","5404",12259.8678138606,"17167"
"13701","5404",12259.8678138606,"17117"
"13702","5405",23677.6273113992,"17129"
"13703","5405",23677.6273113992,"17125"
"13704","5405",23677.6273113992,"17107"
"13705","5405",23677.6273113992,"17167"
"13706","5406",130745.014452453,"17179"
"13707","5406",130745.014452453,"17203"
"13708","5406",130745.014452453,"17113"
"13709","5406",130745.014452453,"17143"
"13710","5407",10790.8212252112,"17011"
"13711","5407",10790.8212252112,"17203"
"13712","5407",10790.8212252112,"17123"
"13713","5407",10790.8212252112,"17155"
"13714","5407",10790.8212252112,"17143"
"13715","5408",8456.18328230164,"17011"
"13716","5408",8456.18328230164,"17099"
"13717","5408",8456.18328230164,"17103"
"13718","5409",70504.8982112262,"17177"
"13719","5409",70504.8982112262,"17141"
"13720","5409",70504.8982112262,"17201"
"13721","5410",57193.71632873,"55105"
"13722","5410",57193.71632873,"55025"
"13723","5410",57193.71632873,"55045"
"13724","5411",82444.5081242574,"55025"
"13725","5411",82444.5081242574,"55021"
"13726","5411",82444.5081242574,"55027"
"13727","5411",82444.5081242574,"55055"
"13728","5412",14566.86634959,"55077"
"13729","5412",14566.86634959,"55137"
"13730","5412",14566.86634959,"55047"
"13731","5413",29508.6749817346,"55135"
"13732","5413",29508.6749817346,"55097"
"13733","5413",29508.6749817346,"55137"
"13734","5414",9886.71063141574,"55067"
"13735","5414",9886.71063141574,"55073"
"13736","5414",9886.71063141574,"55115"
"13737","5414",9886.71063141574,"55078"
"13738","5415",6590.63678862333,"55085"
"13739","5415",6590.63678862333,"55067"
"13740","5415",6590.63678862333,"55041"
"13741","5416",2281.36908531155,"26053"
"13742","5416",2281.36908531155,"26071"
"13743","5416",2281.36908531155,"55125"
"13744","5416",2281.36908531155,"55041"
"13745","5417",649.466790397741,"26013"
"13746","5417",649.466790397741,"26061"
"13747","5417",649.466790397741,"26131"
"13748","5418",12881.6761820216,"26061"
"13749","5419",0,"26083"
"13750","5420",1692.72962191297,"22057"
"13751","5420",1692.72962191297,"22051"
"13752","5421",253079.129702812,"22071"
"13753","5421",253079.129702812,"22057"
"13754","5421",253079.129702812,"22051"
"13755","5421",253079.129702812,"22075"
"13756","5421",253079.129702812,"22089"
"13757","5422",123458.923494334,"22071"
"13758","5422",123458.923494334,"22105"
"13759","5422",123458.923494334,"22103"
"13760","5422",123458.923494334,"22095"
"13761","5422",123458.923494334,"22051"
"13762","5423",21591.0529803045,"22117"
"13763","5423",21591.0529803045,"28147"
"13764","5424",10547.2812173197,"28091"
"13765","5424",10547.2812173197,"28065"
"13766","5424",10547.2812173197,"28147"
"13767","5424",10547.2812173197,"28077"
"13768","5425",19120.1378426067,"28029"
"13769","5425",19120.1378426067,"28121"
"13770","5425",19120.1378426067,"28127"
"13771","5426",58844.4071469157,"28121"
"13772","5426",58844.4071469157,"28089"
"13773","5426",58844.4071469157,"28123"
"13774","5427",11969.4558820632,"28007"
"13775","5427",11969.4558820632,"28051"
"13776","5427",11969.4558820632,"28015"
"13777","5428",21556.6715882749,"28043"
"13778","5428",21556.6715882749,"28015"
"13779","5428",21556.6715882749,"28097"
"13780","5429",24872.4404577705,"28161"
"13781","5429",24872.4404577705,"28071"
"13782","5429",24872.4404577705,"28107"
"13783","5429",24872.4404577705,"28135"
"13784","5430",38911.386074287,"28033"
"13785","5430",38911.386074287,"28137"
"13786","5430",38911.386074287,"28093"
"13787","5431",203142.08340226,"47157"
"13788","5431",203142.08340226,"47167"
"13789","5431",203142.08340226,"47047"
"13790","5432",11732.3821189193,"47097"
"13791","5432",11732.3821189193,"05093"
"13792","5432",11732.3821189193,"47045"
"13793","5432",11732.3821189193,"29155"
"13794","5433",12562.1500414255,"29143"
"13795","5433",12562.1500414255,"21075"
"13796","5433",12562.1500414255,"47095"
"13797","5433",12562.1500414255,"29155"
"13798","5434",30821.9439082483,"29143"
"13799","5434",30821.9439082483,"29207"
"13800","5434",30821.9439082483,"29201"
"13801","5434",30821.9439082483,"17003"
"13802","5434",30821.9439082483,"29133"
"13803","5435",23387.6360974595,"29157"
"13804","5435",23387.6360974595,"29031"
"13805","5435",23387.6360974595,"17181"
"13806","5435",23387.6360974595,"17077"
"13807","5436",17747.6245798104,"17189"
"13808","5436",17747.6245798104,"17145"
"13809","5436",17747.6245798104,"17157"
"13810","5436",17747.6245798104,"17077"
"13811","5437",24113.47348843,"17027"
"13812","5437",24113.47348843,"17189"
"13813","5437",24113.47348843,"17005"
"13814","5437",24113.47348843,"17119"
"13815","5438",14474.1986747161,"17135"
"13816","5438",14474.1986747161,"17005"
"13817","5438",14474.1986747161,"17051"
"13818","5439",22421.5267266708,"17115"
"13819","5439",22421.5267266708,"17021"
"13820","5439",22421.5267266708,"17167"
"13821","5440",22379.0284327705,"17107"
"13822","5440",22379.0284327705,"17179"
"13823","5440",22379.0284327705,"17113"
"13824","5440",22379.0284327705,"17039"
"13825","5441",27399.7452200738,"17179"
"13826","5441",27399.7452200738,"17203"
"13827","5441",27399.7452200738,"17123"
"13828","5442",44446.9827462159,"17011"
"13829","5442",44446.9827462159,"17099"
"13830","5442",44446.9827462159,"17155"
"13831","5443",22694.4645862129,"17141"
"13832","5443",22694.4645862129,"17103"
"13833","5443",22694.4645862129,"17037"
"13834","5444",197195.85960376,"17007"
"13835","5444",197195.85960376,"55105"
"13836","5444",197195.85960376,"17201"
"13837","5445",74720.7566133417,"55105"
"13838","5445",74720.7566133417,"55025"
"13839","5445",74720.7566133417,"55055"
"13840","5446",46690.3307700149,"55039"
"13841","5446",46690.3307700149,"55021"
"13842","5446",46690.3307700149,"55027"
"13843","5446",46690.3307700149,"55047"
"13844","5447",28912.9290342384,"55135"
"13845","5447",28912.9290342384,"55137"
"13846","5447",28912.9290342384,"55047"
"13847","5447",28912.9290342384,"55139"
"13848","5448",17005.1898056156,"55135"
"13849","5448",17005.1898056156,"55087"
"13850","5448",17005.1898056156,"55115"
"13851","5449",3476.941980698,"55067"
"13852","5449",3476.941980698,"55083"
"13853","5449",3476.941980698,"55041"
"13854","5449",3476.941980698,"55078"
"13855","5450",842.685520520183,"55037"
"13856","5450",842.685520520183,"55041"
"13857","5451",438.727791756548,"26013"
"13858","5451",438.727791756548,"26071"
"13859","5451",438.727791756548,"26061"
"13860","5452",9114.40495405905,"26013"
"13861","5452",9114.40495405905,"26061"
"13862","5453",380.256908391154,"26061"
"13863","5453",380.256908391154,"26083"
"13864","5454",0,"26083"
"13865","5455",1005.13249088825,"22057"
"13866","5455",1005.13249088825,"22051"
"13867","5455",1005.13249088825,"22075"
"13868","5456",181118.045223795,"22071"
"13869","5456",181118.045223795,"22103"
"13870","5456",181118.045223795,"22051"
"13871","5456",181118.045223795,"22075"
"13872","5456",181118.045223795,"22087"
"13873","5457",37826.3084100139,"22117"
"13874","5457",37826.3084100139,"28109"
"13875","5457",37826.3084100139,"22103"
"13876","5458",24676.2813128104,"22117"
"13877","5458",24676.2813128104,"28091"
"13878","5458",24676.2813128104,"28147"
"13879","5459",15970.5265175717,"28129"
"13880","5459",15970.5265175717,"28065"
"13881","5459",15970.5265175717,"28127"
"13882","5459",15970.5265175717,"28031"
"13883","5459",15970.5265175717,"28077"
"13884","5460",22170.4747914657,"28121"
"13885","5460",22170.4747914657,"28129"
"13886","5460",22170.4747914657,"28123"
"13887","5461",11889.6670535937,"28007"
"13888","5461",11889.6670535937,"28089"
"13889","5461",11889.6670535937,"28079"
"13890","5462",9885.4679057719,"28007"
"13891","5462",9885.4679057719,"28015"
"13892","5462",9885.4679057719,"28155"
"13893","5462",9885.4679057719,"28097"
"13894","5463",5171.81088043548,"28043"
"13895","5463",5171.81088043548,"28013"
"13896","5463",5171.81088043548,"28161"
"13897","5464",46818.8366380535,"28137"
"13898","5464",46818.8366380535,"28071"
"13899","5464",46818.8366380535,"28107"
"13900","5464",46818.8366380535,"28093"
"13901","5465",70864.5944334088,"28033"
"13902","5465",70864.5944334088,"47157"
"13903","5465",70864.5944334088,"47047"
"13904","5465",70864.5944334088,"28009"
"13905","5465",70864.5944334088,"28093"
"13906","5466",30123.172622837,"47097"
"13907","5466",30123.172622837,"47167"
"13908","5466",30123.172622837,"47075"
"13909","5466",30123.172622837,"47047"
"13910","5467",35421.7877094982,"47097"
"13911","5467",35421.7877094982,"47045"
"13912","5467",35421.7877094982,"47131"
"13913","5467",35421.7877094982,"47095"
"13914","5467",35421.7877094982,"29155"
"13915","5468",10525.1700285722,"29143"
"13916","5468",10525.1700285722,"29133"
"13917","5468",10525.1700285722,"21075"
"13918","5468",10525.1700285722,"47095"
"13919","5468",10525.1700285722,"21105"
"13920","5469",33000.6159540947,"29031"
"13921","5469",33000.6159540947,"29201"
"13922","5469",33000.6159540947,"17153"
"13923","5469",33000.6159540947,"17003"
"13924","5469",33000.6159540947,"29133"
"13925","5469",33000.6159540947,"17181"
"13926","5470",60657.4096282945,"17145"
"13927","5470",60657.4096282945,"17181"
"13928","5470",60657.4096282945,"17055"
"13929","5470",60657.4096282945,"17077"
"13930","5470",60657.4096282945,"17199"
"13931","5471",10634.8500824165,"17027"
"13932","5471",10634.8500824165,"17189"
"13933","5471",10634.8500824165,"17145"
"13934","5471",10634.8500824165,"17081"
"13935","5472",17332.3280045169,"17027"
"13936","5472",17332.3280045169,"17121"
"13937","5472",17332.3280045169,"17135"
"13938","5472",17332.3280045169,"17005"
"13939","5472",17332.3280045169,"17051"
"13940","5473",18687.7865517266,"17135"
"13941","5473",18687.7865517266,"17173"
"13942","5473",18687.7865517266,"17021"
"13943","5474",52735.2809614898,"17107"
"13944","5474",52735.2809614898,"17115"
"13945","5474",52735.2809614898,"17167"
"13946","5474",52735.2809614898,"17039"
"13947","5475",160962.981612686,"17203"
"13948","5475",160962.981612686,"17113"
"13949","5476",27070.9880457806,"17203"
"13950","5476",27070.9880457806,"17099"
"13951","5476",27070.9880457806,"17105"
"13952","5476",27070.9880457806,"17123"
"13953","5476",27070.9880457806,"17155"
"13954","5477",18707.3010973789,"17099"
"13955","5477",18707.3010973789,"17103"
"13956","5477",18707.3010973789,"17037"
"13957","5478",182728.89031432,"17007"
"13958","5478",182728.89031432,"17141"
"13959","5478",182728.89031432,"17111"
"13960","5478",182728.89031432,"17201"
"13961","5478",182728.89031432,"17037"
"13962","5479",106629.440481786,"55105"
"13963","5479",106629.440481786,"55127"
"13964","5479",106629.440481786,"55055"
"13965","5480",44846.6770108445,"55027"
"13966","5480",44846.6770108445,"55055"
"13967","5481",30934.7203831393,"55039"
"13968","5481",30934.7203831393,"55047"
"13969","5481",30934.7203831393,"55139"
"13970","5482",60674.519500808,"55135"
"13971","5482",60674.519500808,"55087"
"13972","5482",60674.519500808,"55139"
"13973","5483",22910.6878125913,"55083"
"13974","5483",22910.6878125913,"55115"
"13975","5483",22910.6878125913,"55078"
"13976","5484",3491.01851725806,"55075"
"13977","5484",3491.01851725806,"55067"
"13978","5484",3491.01851725806,"55083"
"13979","5484",3491.01851725806,"55041"
"13980","5485",8763.88145179553,"55037"
"13981","5485",8763.88145179553,"26071"
"13982","5485",8763.88145179553,"55041"
"13983","5486",1916.93353636648,"26013"
"13984","5486",1916.93353636648,"26071"
"13985","5487",20341.8401148527,"26061"
"13986","5487",20341.8401148527,"26083"
"13987","5488",0,"26083"
"13988","5489",287.915282813177,"22051"
"13989","5489",287.915282813177,"22075"
"13990","5490",3264.01091071394,"22071"
"13991","5490",3264.01091071394,"22075"
"13992","5490",3264.01091071394,"22087"
"13993","5491",124348.329181566,"22071"
"13994","5491",124348.329181566,"28109"
"13995","5491",124348.329181566,"22103"
"13996","5491",124348.329181566,"28045"
"13997","5492",21097.8430542793,"22117"
"13998","5492",21097.8430542793,"28109"
"13999","5492",21097.8430542793,"28091"
"14000","5492",21097.8430542793,"28073"
"14001","5493",20511.2909553553,"28091"
"14002","5493",20511.2909553553,"28065"
"14003","5493",20511.2909553553,"28073"
"14004","5493",20511.2909553553,"28031"
"14005","5493",20511.2909553553,"28035"
"14006","5494",16046.0911143613,"28121"
"14007","5494",16046.0911143613,"28129"
"14008","5494",16046.0911143613,"28127"
"14009","5495",16359.7598250397,"28089"
"14010","5495",16359.7598250397,"28079"
"14011","5495",16359.7598250397,"28123"
"14012","5496",15052.3527046095,"28007"
"14013","5496",15052.3527046095,"28159"
"14014","5496",15052.3527046095,"28019"
"14015","5496",15052.3527046095,"28079"
"14016","5497",4760.28512787838,"28043"
"14017","5497",4760.28512787838,"28013"
"14018","5497",4760.28512787838,"28155"
"14019","5497",4760.28512787838,"28097"
"14020","5498",12256.132925365,"28013"
"14021","5498",12256.132925365,"28161"
"14022","5498",12256.132925365,"28115"
"14023","5498",12256.132925365,"28071"
"14024","5499",17579.4468119647,"28009"
"14025","5499",17579.4468119647,"28093"
"14026","5500",29611.7292313741,"47167"
"14027","5500",29611.7292313741,"47075"
"14028","5500",29611.7292313741,"47069"
"14029","5500",29611.7292313741,"47047"
"14030","5501",17494.9679649734,"47097"
"14031","5501",17494.9679649734,"47053"
"14032","5501",17494.9679649734,"47045"
"14033","5501",17494.9679649734,"47075"
"14034","5501",17494.9679649734,"47033"
"14035","5502",22679.4316453744,"21075"
"14036","5502",22679.4316453744,"47131"
"14037","5502",22679.4316453744,"47095"
"14038","5503",14728.7110913854,"21007"
"14039","5503",14728.7110913854,"29201"
"14040","5503",14728.7110913854,"17153"
"14041","5503",14728.7110913854,"17003"
"14042","5503",14728.7110913854,"29133"
"14043","5503",14728.7110913854,"21039"
"14044","5503",14728.7110913854,"21105"
"14045","5504",20285.467473455,"17153"
"14046","5504",20285.467473455,"17181"
"14047","5504",20285.467473455,"17077"
"14048","5504",20285.467473455,"17087"
"14049","5504",20285.467473455,"17199"
"14050","5505",36282.2095317864,"17145"
"14051","5505",36282.2095317864,"17081"
"14052","5505",36282.2095317864,"17055"
"14053","5505",36282.2095317864,"17077"
"14054","5505",36282.2095317864,"17199"
"14055","5506",39377.8891047174,"17027"
"14056","5506",39377.8891047174,"17189"
"14057","5506",39377.8891047174,"17121"
"14058","5506",39377.8891047174,"17081"
"14059","5507",10653.4293137622,"17135"
"14060","5507",10653.4293137622,"17173"
"14061","5507",10653.4293137622,"17051"
"14062","5507",10653.4293137622,"17049"
"14063","5508",55389.951543326,"17115"
"14064","5508",55389.951543326,"17173"
"14065","5508",55389.951543326,"17021"
"14066","5508",55389.951543326,"17147"
"14067","5508",55389.951543326,"17139"
"14068","5509",23655.4059241426,"17147"
"14069","5509",23655.4059241426,"17113"
"14070","5509",23655.4059241426,"17039"
"14071","5510",23730.4137846608,"17203"
"14072","5510",23730.4137846608,"17113"
"14073","5510",23730.4137846608,"17105"
"14074","5511",38557.5320064892,"17063"
"14075","5511",38557.5320064892,"17099"
"14076","5512",100186.85507743,"17089"
"14077","5512",100186.85507743,"17037"
"14078","5513",57035.4157938658,"17007"
"14079","5513",57035.4157938658,"55105"
"14080","5513",57035.4157938658,"55127"
"14081","5513",57035.4157938658,"17111"
"14082","5514",84599.7148242771,"55127"
"14083","5514",84599.7148242771,"55133"
"14084","5514",84599.7148242771,"55055"
"14085","5515",32174.4070436889,"55039"
"14086","5515",32174.4070436889,"55027"
"14087","5515",32174.4070436889,"55131"
"14088","5516",203350.053658366,"55039"
"14089","5516",203350.053658366,"55015"
"14090","5516",203350.053658366,"55087"
"14091","5516",203350.053658366,"55139"
"14092","5517",24162.7427936416,"55083"
"14093","5517",24162.7427936416,"55135"
"14094","5517",24162.7427936416,"55087"
"14095","5517",24162.7427936416,"55115"
"14096","5517",24162.7427936416,"55009"
"14097","5518",5175.55033041329,"55075"
"14098","5518",5175.55033041329,"55083"
"14099","5518",5175.55033041329,"55078"
"14100","5519",17641.8166239701,"55037"
"14101","5519",17641.8166239701,"55075"
"14102","5519",17641.8166239701,"26043"
"14103","5519",17641.8166239701,"55041"
"14104","5520",1136.41308226741,"26103"
"14105","5520",1136.41308226741,"26013"
"14106","5520",1136.41308226741,"26071"
"14107","5520",1136.41308226741,"26043"
"14108","5521",717.660534411222,"26103"
"14109","5521",717.660534411222,"26013"
"14110","5522",461.647118717418,"26083"
"14111","5523",2957.21939562328,"22075"
"14112","5524",2.64619359155256,"22071"
"14113","5524",2.64619359155256,"22103"
"14114","5524",2.64619359155256,"22087"
"14115","5524",2.64619359155256,"28045"
"14116","5525",44944.0046328418,"28109"
"14117","5525",44944.0046328418,"28047"
"14118","5525",44944.0046328418,"28045"
"14119","5525",44944.0046328418,"28131"
"14120","5526",41345.7118262857,"28109"
"14121","5526",41345.7118262857,"28091"
"14122","5526",41345.7118262857,"28073"
"14123","5526",41345.7118262857,"28035"
"14124","5527",22625.9632296067,"28129"
"14125","5527",22625.9632296067,"28067"
"14126","5527",22625.9632296067,"28031"
"14127","5527",22625.9632296067,"28061"
"14128","5528",13181.7605588147,"28129"
"14129","5528",13181.7605588147,"28101"
"14130","5528",13181.7605588147,"28061"
"14131","5528",13181.7605588147,"28123"
"14132","5529",17432.4667795583,"28007"
"14133","5529",17432.4667795583,"28159"
"14134","5529",17432.4667795583,"28099"
"14135","5529",17432.4667795583,"28079"
"14136","5530",7935.94687292409,"28007"
"14137","5530",7935.94687292409,"28159"
"14138","5530",7935.94687292409,"28019"
"14139","5530",7935.94687292409,"28155"
"14140","5530",7935.94687292409,"28097"
"14141","5531",13496.6950920327,"28017"
"14142","5531",13496.6950920327,"28013"
"14143","5531",13496.6950920327,"28115"
"14144","5531",13496.6950920327,"28155"
"14145","5532",24320.6123235508,"28115"
"14146","5532",24320.6123235508,"28071"
"14147","5532",24320.6123235508,"28145"
"14148","5532",24320.6123235508,"28009"
"14149","5532",24320.6123235508,"28093"
"14150","5533",9477.66189141196,"47069"
"14151","5533",9477.66189141196,"47047"
"14152","5533",9477.66189141196,"28139"
"14153","5533",9477.66189141196,"28009"
"14154","5534",19239.5510024925,"47075"
"14155","5534",19239.5510024925,"47113"
"14156","5534",19239.5510024925,"47069"
"14157","5534",19239.5510024925,"47033"
"14158","5535",16675.9265984934,"47053"
"14159","5535",16675.9265984934,"47045"
"14160","5535",16675.9265984934,"47183"
"14161","5535",16675.9265984934,"47131"
"14162","5535",16675.9265984934,"47033"
"14163","5536",8545.96487635848,"29133"
"14164","5536",8545.96487635848,"21075"
"14165","5536",8545.96487635848,"21083"
"14166","5536",8545.96487635848,"47131"
"14167","5536",8545.96487635848,"21039"
"14168","5536",8545.96487635848,"21105"
"14169","5537",11694.4619582995,"21007"
"14170","5537",11694.4619582995,"17153"
"14171","5537",11694.4619582995,"21145"
"14172","5537",11694.4619582995,"17181"
"14173","5537",11694.4619582995,"17087"
"14174","5537",11694.4619582995,"17127"
"14175","5538",74369.8777301589,"17165"
"14176","5538",74369.8777301589,"17055"
"14177","5538",74369.8777301589,"17087"
"14178","5538",74369.8777301589,"17199"
"14179","5539",31777.7769250164,"17121"
"14180","5539",31777.7769250164,"17081"
"14181","5539",31777.7769250164,"17191"
"14182","5539",31777.7769250164,"17055"
"14183","5539",31777.7769250164,"17065"
"14184","5540",7024.59856493545,"17121"
"14185","5540",7024.59856493545,"17051"
"14186","5540",7024.59856493545,"17025"
"14187","5540",7024.59856493545,"17049"
"14188","5541",13103.3189086017,"17173"
"14189","5541",13103.3189086017,"17139"
"14190","5542",16551.6700353135,"17115"
"14191","5542",16551.6700353135,"17019"
"14192","5542",16551.6700353135,"17147"
"14193","5542",16551.6700353135,"17139"
"14194","5542",16551.6700353135,"17039"
"14195","5543",5641.12632914563,"17053"
"14196","5543",5641.12632914563,"17019"
"14197","5543",5641.12632914563,"17113"
"14198","5543",5641.12632914563,"17105"
"14199","5544",11778.236666261,"17063"
"14200","5544",11778.236666261,"17099"
"14201","5544",11778.236666261,"17105"
"14202","5545",191946.278959503,"17063"
"14203","5545",191946.278959503,"17089"
"14204","5545",191946.278959503,"17099"
"14205","5545",191946.278959503,"17037"
"14206","5545",191946.278959503,"17093"
"14207","5546",428621.082209107,"17031"
"14208","5546",428621.082209107,"17089"
"14209","5546",428621.082209107,"17111"
"14210","5546",428621.082209107,"17037"
"14211","5547",97560.2007203924,"55127"
"14212","5547",97560.2007203924,"55059"
"14213","5547",97560.2007203924,"55101"
"14214","5547",97560.2007203924,"55133"
"14215","5548",150997.331848366,"55027"
"14216","5548",150997.331848366,"55133"
"14217","5548",150997.331848366,"55055"
"14218","5548",150997.331848366,"55131"
"14219","5549",68059.1551831075,"55039"
"14220","5549",68059.1551831075,"55015"
"14221","5549",68059.1551831075,"55117"
"14222","5549",68059.1551831075,"55139"
"14223","5550",183335.055937439,"55015"
"14224","5550",183335.055937439,"55071"
"14225","5550",183335.055937439,"55087"
"14226","5550",183335.055937439,"55009"
"14227","5551",18440.8657713379,"55075"
"14228","5551",18440.8657713379,"55083"
"14229","5551",18440.8657713379,"55115"
"14230","5552",5453.41824815602,"55075"
"14231","5552",5453.41824815602,"26109"
"14232","5553",4252.06266923788,"55037"
"14233","5553",4252.06266923788,"26071"
"14234","5553",4252.06266923788,"26043"
"14235","5554",4866.18938620322,"26103"
"14236","5554",4866.18938620322,"26013"
"14237","5555",1335.3381945655,"22075"
"14238","5556",0.409290140813925,"22075"
"14239","5556",0.409290140813925,"22087"
"14240","5557",52342.9119849397,"28047"
"14241","5557",52342.9119849397,"28045"
"14242","5558",16926.2678915894,"28109"
"14243","5558",16926.2678915894,"28073"
"14244","5558",16926.2678915894,"28035"
"14245","5558",16926.2678915894,"28111"
"14246","5558",16926.2678915894,"28131"
"14247","5559",103514.354004598,"28067"
"14248","5559",103514.354004598,"28073"
"14249","5559",103514.354004598,"28031"
"14250","5559",103514.354004598,"28035"
"14251","5559",103514.354004598,"28111"
"14252","5560",12047.6911471681,"28129"
"14253","5560",12047.6911471681,"28067"
"14254","5560",12047.6911471681,"28061"
"14255","5561",16211.1617030491,"28099"
"14256","5561",16211.1617030491,"28101"
"14257","5561",16211.1617030491,"28079"
"14258","5561",16211.1617030491,"28123"
"14259","5562",15681.6770365581,"28007"
"14260","5562",15681.6770365581,"28159"
"14261","5562",15681.6770365581,"28019"
"14262","5562",15681.6770365581,"28099"
"14263","5563",11156.2992401534,"28017"
"14264","5563",11156.2992401534,"28013"
"14265","5563",11156.2992401534,"28105"
"14266","5563",11156.2992401534,"28019"
"14267","5563",11156.2992401534,"28025"
"14268","5563",11156.2992401534,"28155"
"14269","5564",25238.6417874022,"28017"
"14270","5564",25238.6417874022,"28013"
"14271","5564",25238.6417874022,"28115"
"14272","5564",25238.6417874022,"28081"
"14273","5565",19653.379052985,"28145"
"14274","5565",19653.379052985,"28139"
"14275","5565",19653.379052985,"28009"
"14276","5566",14888.2477325305,"47109"
"14277","5566",14888.2477325305,"47113"
"14278","5566",14888.2477325305,"47069"
"14279","5566",14888.2477325305,"47023"
"14280","5567",82729.0713716449,"47053"
"14281","5567",82729.0713716449,"47113"
"14282","5567",82729.0713716449,"47017"
"14283","5567",82729.0713716449,"47033"
"14284","5568",33581.8421450371,"47183"
"14285","5568",33581.8421450371,"21075"
"14286","5568",33581.8421450371,"21083"
"14287","5568",33581.8421450371,"47131"
"14288","5568",33581.8421450371,"21105"
"14289","5569",34936.6171728274,"21007"
"14290","5569",34936.6171728274,"21083"
"14291","5569",34936.6171728274,"21145"
"14292","5569",34936.6171728274,"21039"
"14293","5569",34936.6171728274,"21105"
"14294","5570",9696.75980653987,"17151"
"14295","5570",9696.75980653987,"17165"
"14296","5570",9696.75980653987,"17087"
"14297","5570",9696.75980653987,"17127"
"14298","5570",9696.75980653987,"17199"
"14299","5571",10378.7770391843,"17165"
"14300","5571",10378.7770391843,"17081"
"14301","5571",10378.7770391843,"17055"
"14302","5571",10378.7770391843,"17199"
"14303","5571",10378.7770391843,"17065"
"14304","5572",11853.4483786169,"17121"
"14305","5572",11853.4483786169,"17081"
"14306","5572",11853.4483786169,"17191"
"14307","5572",11853.4483786169,"17025"
"14308","5573",31963.3294197879,"17173"
"14309","5573",31963.3294197879,"17049"
"14310","5573",31963.3294197879,"17035"
"14311","5573",31963.3294197879,"17079"
"14312","5574",22783.9164275018,"17029"
"14313","5574",22783.9164275018,"17041"
"14314","5574",22783.9164275018,"17147"
"14315","5574",22783.9164275018,"17139"
"14316","5575",85941.1785146374,"17019"
"14317","5575",85941.1785146374,"17147"
"14318","5575",85941.1785146374,"17113"
"14319","5575",85941.1785146374,"17039"
"14320","5576",10739.6197444289,"17053"
"14321","5576",10739.6197444289,"17113"
"14322","5576",10739.6197444289,"17105"
"14323","5577",100006.090493295,"17091"
"14324","5577",100006.090493295,"17197"
"14325","5577",100006.090493295,"17063"
"14326","5577",100006.090493295,"17093"
"14327","5578",1040078.83513554,"17197"
"14328","5578",1040078.83513554,"17031"
"14329","5578",1040078.83513554,"17043"
"14330","5578",1040078.83513554,"17089"
"14331","5578",1040078.83513554,"17093"
"14332","5579",357145.608688646,"17097"
"14333","5579",357145.608688646,"55127"
"14334","5579",357145.608688646,"55059"
"14335","5579",357145.608688646,"17111"
"14336","5580",765393.360849046,"55101"
"14337","5580",765393.360849046,"55133"
"14338","5580",765393.360849046,"55079"
"14339","5581",81627.4762993888,"55039"
"14340","5581",81627.4762993888,"55089"
"14341","5581",81627.4762993888,"55131"
"14342","5581",81627.4762993888,"55117"
"14343","5582",35300.7277504047,"55015"
"14344","5582",35300.7277504047,"55071"
"14345","5582",35300.7277504047,"55009"
"14346","5582",35300.7277504047,"55117"
"14347","5583",191776.546131776,"55083"
"14348","5583",191776.546131776,"55009"
"14349","5583",191776.546131776,"55061"
"14350","5583",191776.546131776,"55029"
"14351","5584",16480.7603001851,"55075"
"14352","5584",16480.7603001851,"55083"
"14353","5584",16480.7603001851,"26109"
"14354","5585",10289.7604832495,"55075"
"14355","5585",10289.7604832495,"26043"
"14356","5585",10289.7604832495,"26109"
"14357","5586",1836.16905328361,"26103"
"14358","5586",1836.16905328361,"26043"
"14359","5587",905.315549307018,"26103"
"14360","5588",0,"26083"
"14361","5589",0.804101315277659,"22075"
"14362","5590",0.261575126656587,"22075"
"14363","5591",1.30972845060457,"22087"
"14364","5592",64896.0929415708,"28047"
"14365","5592",64896.0929415708,"28131"
"14366","5593",7662.69297606492,"28035"
"14367","5593",7662.69297606492,"28111"
"14368","5594",52937.0032965038,"28153"
"14369","5594",52937.0032965038,"28067"
"14370","5594",52937.0032965038,"28061"
"14371","5595",10572.7075412177,"28075"
"14372","5595",10572.7075412177,"28023"
"14373","5595",10572.7075412177,"28101"
"14374","5595",10572.7075412177,"28061"
"14375","5596",19754.1522171552,"28159"
"14376","5596",19754.1522171552,"28069"
"14377","5596",19754.1522171552,"28099"
"14378","5597",35481.400473146,"28103"
"14379","5597",35481.400473146,"28159"
"14380","5597",35481.400473146,"28105"
"14381","5597",35481.400473146,"28019"
"14382","5598",13157.8073313683,"28017"
"14383","5598",13157.8073313683,"28095"
"14384","5598",13157.8073313683,"28025"
"14385","5599",43422.8905253797,"28115"
"14386","5599",43422.8905253797,"28117"
"14387","5599",43422.8905253797,"28145"
"14388","5599",43422.8905253797,"28139"
"14389","5599",43422.8905253797,"28081"
"14390","5600",15768.8901368346,"47109"
"14391","5600",15768.8901368346,"47069"
"14392","5600",15768.8901368346,"28139"
"14393","5600",15768.8901368346,"28003"
"14394","5601",64861.8616968134,"47113"
"14395","5601",64861.8616968134,"47069"
"14396","5601",64861.8616968134,"47023"
"14397","5601",64861.8616968134,"47077"
"14398","5602",23739.7282960257,"47053"
"14399","5602",23739.7282960257,"47183"
"14400","5602",23739.7282960257,"47017"
"14401","5602",23739.7282960257,"47079"
"14402","5603",28591.3057333093,"47183"
"14403","5603",28591.3057333093,"21083"
"14404","5603",28591.3057333093,"21035"
"14405","5603",28591.3057333093,"21157"
"14406","5603",28591.3057333093,"47079"
"14407","5604",49589.8702913358,"21139"
"14408","5604",49589.8702913358,"21145"
"14409","5604",49589.8702913358,"17151"
"14410","5604",49589.8702913358,"21157"
"14411","5604",49589.8702913358,"17127"
"14412","5605",22459.1894128447,"17059"
"14413","5605",22459.1894128447,"17069"
"14414","5605",22459.1894128447,"17151"
"14415","5605",22459.1894128447,"17165"
"14416","5605",22459.1894128447,"17065"
"14417","5606",12048.6950930303,"17191"
"14418","5606",12048.6950930303,"17193"
"14419","5606",12048.6950930303,"17065"
"14420","5607",6710.27956215018,"17159"
"14421","5607",6710.27956215018,"17025"
"14422","5607",6710.27956215018,"17049"
"14423","5607",6710.27956215018,"17079"
"14424","5608",51212.984919406,"17029"
"14425","5608",51212.984919406,"17173"
"14426","5608",51212.984919406,"17139"
"14427","5608",51212.984919406,"17035"
"14428","5609",60957.5264181081,"17019"
"14429","5609",60957.5264181081,"17041"
"14430","5609",60957.5264181081,"17147"
"14431","5610",17822.6470195645,"17075"
"14432","5610",17822.6470195645,"17053"
"14433","5610",17822.6470195645,"17019"
"14434","5610",17822.6470195645,"17105"
"14435","5611",10550.6840633159,"17091"
"14436","5611",10550.6840633159,"17197"
"14437","5611",10550.6840633159,"17075"
"14438","5611",10550.6840633159,"17053"
"14439","5611",10550.6840633159,"17063"
"14440","5611",10550.6840633159,"17105"
"14441","5612",798070.670532887,"17197"
"14442","5612",798070.670532887,"17031"
"14443","5612",798070.670532887,"17043"
"14444","5612",798070.670532887,"17093"
"14445","5613",1011756.32012909,"17031"
"14446","5613",1011756.32012909,"17097"
"14447","5613",1011756.32012909,"17043"
"14448","5613",1011756.32012909,"17111"
"14449","5614",289148.514815754,"17097"
"14450","5614",289148.514815754,"55059"
"14451","5614",289148.514815754,"55101"
"14452","5614",289148.514815754,"55079"
"14453","5615",418314.541931982,"55089"
"14454","5615",418314.541931982,"55133"
"14455","5615",418314.541931982,"55131"
"14456","5615",418314.541931982,"55079"
"14457","5616",101910.258980392,"55071"
"14458","5616",101910.258980392,"55117"
"14459","5617",21669.9857878755,"55071"
"14460","5617",21669.9857878755,"55009"
"14461","5617",21669.9857878755,"55061"
"14462","5618",10578.9602577677,"55075"
"14463","5618",10578.9602577677,"55083"
"14464","5618",10578.9602577677,"55029"
"14465","5619",5519.00524271032,"55075"
"14466","5619",5519.00524271032,"26109"
"14467","5620",856.519981332602,"26041"
"14468","5620",856.519981332602,"26103"
"14469","5620",856.519981332602,"26043"
"14470","5620",856.519981332602,"26109"
"14471","5621",49098.4003561746,"26103"
"14472","5622",0.910668959471084,"22075"
"14473","5623",0,"22087"
"14474","5624",80753.4154015106,"28047"
"14475","5625",9846.67236397656,"28047"
"14476","5625",9846.67236397656,"28059"
"14477","5625",9846.67236397656,"28039"
"14478","5625",9846.67236397656,"28111"
"14479","5625",9846.67236397656,"28131"
"14480","5626",8587.85171615034,"28153"
"14481","5626",8587.85171615034,"28067"
"14482","5626",8587.85171615034,"28041"
"14483","5626",8587.85171615034,"28111"
"14484","5627",10487.9166175419,"28023"
"14485","5627",10487.9166175419,"28153"
"14486","5627",10487.9166175419,"28067"
"14487","5627",10487.9166175419,"28061"
"14488","5628",61282.9644213923,"28075"
"14489","5628",61282.9644213923,"28069"
"14490","5628",61282.9644213923,"28099"
"14491","5628",61282.9644213923,"28101"
"14492","5629",7130.91920904176,"28103"
"14493","5629",7130.91920904176,"28159"
"14494","5629",7130.91920904176,"28069"
"14495","5630",30596.6090202477,"28087"
"14496","5630",30596.6090202477,"28095"
"14497","5630",30596.6090202477,"28105"
"14498","5630",30596.6090202477,"28025"
"14499","5631",64869.936596772,"28017"
"14500","5631",64869.936596772,"28115"
"14501","5631",64869.936596772,"28095"
"14502","5631",64869.936596772,"28057"
"14503","5631",64869.936596772,"28081"
"14504","5632",24473.6348779602,"28117"
"14505","5632",24473.6348779602,"28145"
"14506","5632",24473.6348779602,"28139"
"14507","5632",24473.6348779602,"28003"
"14508","5633",23828.6900114743,"47109"
"14509","5633",23828.6900114743,"47071"
"14510","5633",23828.6900114743,"47023"
"14511","5634",22108.8520836441,"47113"
"14512","5634",22108.8520836441,"47017"
"14513","5634",22108.8520836441,"47077"
"14514","5635",25720.5847257063,"47183"
"14515","5635",25720.5847257063,"21035"
"14516","5635",25720.5847257063,"47079"
"14517","5636",38494.0563515529,"21139"
"14518","5636",38494.0563515529,"21083"
"14519","5636",38494.0563515529,"21145"
"14520","5636",38494.0563515529,"21143"
"14521","5636",38494.0563515529,"21035"
"14522","5636",38494.0563515529,"21157"
"14523","5637",7107.25672076063,"21139"
"14524","5637",7107.25672076063,"21055"
"14525","5637",7107.25672076063,"17059"
"14526","5637",7107.25672076063,"17069"
"14527","5637",7107.25672076063,"17151"
"14528","5638",11799.0813991261,"18129"
"14529","5638",11799.0813991261,"17059"
"14530","5638",11799.0813991261,"17165"
"14531","5638",11799.0813991261,"17193"
"14532","5638",11799.0813991261,"17065"
"14533","5639",5927.90206035636,"17047"
"14534","5639",5927.90206035636,"17159"
"14535","5639",5927.90206035636,"17191"
"14536","5639",5927.90206035636,"17025"
"14537","5640",10127.9626417693,"17023"
"14538","5640",10127.9626417693,"17033"
"14539","5640",10127.9626417693,"17035"
"14540","5640",10127.9626417693,"17079"
"14541","5641",9097.1668169334,"17029"
"14542","5641",9097.1668169334,"17041"
"14543","5641",9097.1668169334,"17045"
"14544","5642",80387.620104807,"17183"
"14545","5642",80387.620104807,"17019"
"14546","5643",10754.9677067737,"17075"
"14547","5643",10754.9677067737,"17053"
"14548","5644",90197.0815266953,"17091"
"14549","5644",90197.0815266953,"17197"
"14550","5645",2851963.17671285,"17031"
"14551","5645",2851963.17671285,"17043"
"14552","5646",263545.293849433,"17097"
"14553","5646",263545.293849433,"55059"
"14554","5647",108479.312980913,"55101"
"14555","5647",108479.312980913,"55079"
"14556","5648",5500.66719154593,"55089"
"14557","5648",5500.66719154593,"55117"
"14558","5649",49855.1080011484,"55071"
"14559","5650",17732.1192640931,"55061"
"14560","5650",17732.1192640931,"55029"
"14561","5651",21501.9519121029,"55075"
"14562","5651",21501.9519121029,"55029"
"14563","5651",21501.9519121029,"26109"
"14564","5652",8751.58785357473,"26041"
"14565","5652",8751.58785357473,"26109"
"14566","5653",8790.48999419841,"26041"
"14567","5653",8790.48999419841,"26103"
"14568","5653",8790.48999419841,"26003"
"14569","5654",0,"22087"
"14570","5655",81984.8744633531,"28047"
"14571","5655",81984.8744633531,"28059"
"14572","5656",8087.20116105816,"28041"
"14573","5656",8087.20116105816,"28039"
"14574","5656",8087.20116105816,"28111"
"14575","5657",14728.7502554376,"28153"
"14576","5658",17713.2256282244,"01023"
"14577","5658",17713.2256282244,"28075"
"14578","5658",17713.2256282244,"28023"
"14579","5659",5813.87250586951,"28075"
"14580","5659",5813.87250586951,"28103"
"14581","5659",5813.87250586951,"28069"
"14582","5660",7734.47205211561,"28087"
"14583","5660",7734.47205211561,"28103"
"14584","5660",7734.47205211561,"28105"
"14585","5661",24433.4083371986,"28087"
"14586","5661",24433.4083371986,"28095"
"14587","5661",24433.4083371986,"28025"
"14588","5662",21616.1422382914,"28141"
"14589","5662",21616.1422382914,"28117"
"14590","5662",21616.1422382914,"28057"
"14591","5662",21616.1422382914,"28081"
"14592","5663",37054.7550467308,"28141"
"14593","5663",37054.7550467308,"01077"
"14594","5663",37054.7550467308,"47109"
"14595","5663",37054.7550467308,"47071"
"14596","5663",37054.7550467308,"28003"
"14597","5664",18442.9406246774,"47039"
"14598","5664",18442.9406246774,"47109"
"14599","5664",18442.9406246774,"47071"
"14600","5664",18442.9406246774,"47023"
"14601","5664",18442.9406246774,"47077"
"14602","5665",21190.3070815061,"47005"
"14603","5665",21190.3070815061,"47017"
"14604","5665",21190.3070815061,"47079"
"14605","5666",37270.5267779132,"47161"
"14606","5666",37270.5267779132,"21221"
"14607","5666",37270.5267779132,"21035"
"14608","5666",37270.5267779132,"21157"
"14609","5666",37270.5267779132,"47079"
"14610","5667",15094.4920043833,"21033"
"14611","5667",15094.4920043833,"21139"
"14612","5667",15094.4920043833,"21055"
"14613","5667",15094.4920043833,"21143"
"14614","5668",10688.0676800708,"18129"
"14615","5668",10688.0676800708,"17059"
"14616","5668",10688.0676800708,"17069"
"14617","5668",10688.0676800708,"21225"
"14618","5669",9036.67953076727,"18129"
"14619","5669",9036.67953076727,"17047"
"14620","5669",9036.67953076727,"17185"
"14621","5669",9036.67953076727,"18051"
"14622","5669",9036.67953076727,"17191"
"14623","5669",9036.67953076727,"17193"
"14624","5670",20093.4772124143,"17159"
"14625","5670",20093.4772124143,"17033"
"14626","5670",20093.4772124143,"17079"
"14627","5670",20093.4772124143,"17101"
"14628","5671",12849.0452986858,"17029"
"14629","5671",12849.0452986858,"17023"
"14630","5671",12849.0452986858,"17033"
"14631","5671",12849.0452986858,"17035"
"14632","5671",12849.0452986858,"17045"
"14633","5672",11857.3566457802,"17183"
"14634","5672",11857.3566457802,"17019"
"14635","5672",11857.3566457802,"17041"
"14636","5672",11857.3566457802,"17045"
"14637","5673",11614.5799785222,"17075"
"14638","5673",11614.5799785222,"17183"
"14639","5673",11614.5799785222,"17053"
"14640","5673",11614.5799785222,"17019"
"14641","5674",38977.1870395509,"17091"
"14642","5674",38977.1870395509,"17075"
"14643","5674",38977.1870395509,"18111"
"14644","5675",984336.808407345,"17197"
"14645","5675",984336.808407345,"17031"
"14646","5675",984336.808407345,"18089"
"14647","5676",582031.740270559,"17031"
"14648","5676",582031.740270559,"17097"
"14649","5677",99.3882570604603,"55071"
"14650","5677",99.3882570604603,"55061"
"14651","5678",14872.7695816839,"55029"
"14652","5679",640.274521597173,"55029"
"14653","5679",640.274521597173,"26109"
"14654","5680",15462.6726244728,"26041"
"14655","5680",15462.6726244728,"26103"
"14656","5681",1766.28335640014,"26103"
"14657","5681",1766.28335640014,"26003"
"14658","5682",46899.3953213293,"28059"
"14659","5683",28767.4438703193,"01097"
"14660","5683",28767.4438703193,"28059"
"14661","5683",28767.4438703193,"28039"
"14662","5684",4628.43369862109,"01129"
"14663","5684",4628.43369862109,"28153"
"14664","5684",4628.43369862109,"28041"
"14665","5685",4368.82619756998,"01023"
"14666","5685",4368.82619756998,"28023"
"14667","5685",4368.82619756998,"28153"
"14668","5686",11854.6813200699,"01023"
"14669","5686",11854.6813200699,"28075"
"14670","5686",11854.6813200699,"01119"
"14671","5686",11854.6813200699,"28069"
"14672","5687",2970.54851420493,"01063"
"14673","5687",2970.54851420493,"01107"
"14674","5687",2970.54851420493,"01119"
"14675","5687",2970.54851420493,"28103"
"14676","5687",2970.54851420493,"28069"
"14677","5688",53814.7922453412,"01107"
"14678","5688",53814.7922453412,"28087"
"14679","5688",53814.7922453412,"01075"
"14680","5688",53814.7922453412,"28095"
"14681","5688",53814.7922453412,"28025"
"14682","5689",9487.90452638777,"01075"
"14683","5689",9487.90452638777,"01093"
"14684","5689",9487.90452638777,"28095"
"14685","5689",9487.90452638777,"28057"
"14686","5690",15202.5496436153,"28141"
"14687","5690",15202.5496436153,"01033"
"14688","5690",15202.5496436153,"01059"
"14689","5690",15202.5496436153,"28117"
"14690","5690",15202.5496436153,"28003"
"14691","5691",18517.1549953357,"47039"
"14692","5691",18517.1549953357,"47181"
"14693","5691",18517.1549953357,"47071"
"14694","5692",10377.8496564007,"47005"
"14695","5692",10377.8496564007,"47135"
"14696","5692",10377.8496564007,"47085"
"14697","5692",10377.8496564007,"47039"
"14698","5692",10377.8496564007,"47017"
"14699","5692",10377.8496564007,"47077"
"14700","5693",10135.8542678299,"47005"
"14701","5693",10135.8542678299,"47085"
"14702","5693",10135.8542678299,"47161"
"14703","5693",10135.8542678299,"47083"
"14704","5693",10135.8542678299,"47079"
"14705","5694",13714.8561167104,"21033"
"14706","5694",13714.8561167104,"21221"
"14707","5694",13714.8561167104,"21143"
"14708","5694",13714.8561167104,"21157"
"14709","5695",15128.6136126174,"21033"
"14710","5695",15128.6136126174,"21055"
"14711","5695",15128.6136126174,"17069"
"14712","5695",15128.6136126174,"21233"
"14713","5695",15128.6136126174,"21107"
"14714","5695",15128.6136126174,"21225"
"14715","5696",34947.9451902455,"18129"
"14716","5696",34947.9451902455,"21101"
"14717","5696",34947.9451902455,"18163"
"14718","5696",34947.9451902455,"17193"
"14719","5696",34947.9451902455,"21225"
"14720","5697",12961.641813095,"17047"
"14721","5697",12961.641813095,"17185"
"14722","5697",12961.641813095,"18083"
"14723","5697",12961.641813095,"18051"
"14724","5697",12961.641813095,"17159"
"14725","5697",12961.641813095,"17101"
"14726","5698",18731.7541295468,"17023"
"14727","5698",18731.7541295468,"17033"
"14728","5698",18731.7541295468,"18153"
"14729","5699",17517.7865190781,"17023"
"14730","5699",17517.7865190781,"18165"
"14731","5699",17517.7865190781,"18167"
"14732","5699",17517.7865190781,"17045"
"14733","5700",62398.0495121338,"17183"
"14734","5700",62398.0495121338,"18171"
"14735","5700",62398.0495121338,"18165"
"14736","5700",62398.0495121338,"18045"
"14737","5701",10549.1957115442,"17075"
"14738","5701",10549.1957115442,"18007"
"14739","5701",10549.1957115442,"18111"
"14740","5702",65794.3302041335,"17091"
"14741","5702",65794.3302041335,"17197"
"14742","5702",65794.3302041335,"18111"
"14743","5702",65794.3302041335,"18073"
"14744","5702",65794.3302041335,"18089"
"14745","5703",271378.56001626,"17031"
"14746","5703",271378.56001626,"18089"
"14747","5704",3784.62891458913,"55029"
"14748","5705",12931.4117635975,"26041"
"14749","5706",2186.67727421262,"26041"
"14750","5706",2186.67727421262,"26003"
"14751","5706",2186.67727421262,"26153"
"14752","5707",70774.7802114623,"01097"
"14753","5707",70774.7802114623,"28059"
"14754","5708",11547.1800345568,"01129"
"14755","5708",11547.1800345568,"01097"
"14756","5708",11547.1800345568,"28041"
"14757","5708",11547.1800345568,"28039"
"14758","5709",6555.55708666174,"01023"
"14759","5709",6555.55708666174,"01129"
"14760","5709",6555.55708666174,"28153"
"14761","5710",6127.27768385458,"01023"
"14762","5710",6127.27768385458,"28075"
"14763","5710",6127.27768385458,"01091"
"14764","5710",6127.27768385458,"01119"
"14765","5710",6127.27768385458,"28023"
"14766","5711",6728.04610440287,"01063"
"14767","5711",6728.04610440287,"01119"
"14768","5711",6728.04610440287,"28069"
"14769","5712",10990.9706473268,"01107"
"14770","5712",10990.9706473268,"28087"
"14771","5712",10990.9706473268,"28103"
"14772","5713",9452.5199534613,"28087"
"14773","5713",9452.5199534613,"01075"
"14774","5713",9452.5199534613,"01093"
"14775","5713",9452.5199534613,"01057"
"14776","5713",9452.5199534613,"28095"
"14777","5714",10985.4441261148,"28141"
"14778","5714",10985.4441261148,"01093"
"14779","5714",10985.4441261148,"01059"
"14780","5714",10985.4441261148,"28057"
"14781","5715",11529.0881752787,"28141"
"14782","5715",11529.0881752787,"01033"
"14783","5715",11529.0881752787,"47181"
"14784","5715",11529.0881752787,"01077"
"14785","5715",11529.0881752787,"47071"
"14786","5716",8893.13388530988,"47135"
"14787","5716",8893.13388530988,"47101"
"14788","5716",8893.13388530988,"47039"
"14789","5716",8893.13388530988,"47181"
"14790","5716",8893.13388530988,"47071"
"14791","5717",15147.3432034857,"47005"
"14792","5717",15147.3432034857,"47085"
"14793","5718",12207.1961480766,"47125"
"14794","5718",12207.1961480766,"47161"
"14795","5718",12207.1961480766,"21221"
"14796","5718",12207.1961480766,"21047"
"14797","5719",18019.8297452521,"21033"
"14798","5719",18019.8297452521,"21221"
"14799","5719",18019.8297452521,"21047"
"14800","5719",18019.8297452521,"21107"
"14801","5720",24331.0606944924,"21101"
"14802","5720",24331.0606944924,"18163"
"14803","5720",24331.0606944924,"21233"
"14804","5720",24331.0606944924,"21149"
"14805","5720",24331.0606944924,"21225"
"14806","5721",44304.9160619743,"18129"
"14807","5721",44304.9160619743,"18051"
"14808","5721",44304.9160619743,"18173"
"14809","5721",44304.9160619743,"18163"
"14810","5722",37640.7917056165,"18083"
"14811","5722",37640.7917056165,"17033"
"14812","5722",37640.7917056165,"17101"
"14813","5722",37640.7917056165,"18153"
"14814","5723",62459.6591734782,"17023"
"14815","5723",62459.6591734782,"18153"
"14816","5723",62459.6591734782,"18167"
"14817","5723",62459.6591734782,"17045"
"14818","5724",14624.9515617346,"17183"
"14819","5724",14624.9515617346,"18121"
"14820","5724",14624.9515617346,"18165"
"14821","5724",14624.9515617346,"18045"
"14822","5724",14624.9515617346,"17045"
"14823","5725",12596.4507172791,"17075"
"14824","5725",12596.4507172791,"18007"
"14825","5725",12596.4507172791,"17183"
"14826","5725",12596.4507172791,"18171"
"14827","5725",12596.4507172791,"18045"
"14828","5726",15845.4428697032,"18111"
"14829","5726",15845.4428697032,"18073"
"14830","5727",382840.802162888,"18089"
"14831","5727",382840.802162888,"18127"
"14832","5728",522.802766206759,"26041"
"14833","5728",522.802766206759,"55029"
"14834","5729",1620.12744970308,"26041"
"14835","5729",1620.12744970308,"26153"
"14836","5730",5230.94741967979,"26003"
"14837","5730",5230.94741967979,"26153"
"14838","5731",3700.46505479037,"01097"
"14839","5731",3700.46505479037,"28059"
"14840","5732",288674.388206323,"01097"
"14841","5732",288674.388206323,"01003"
"14842","5733",6428.74408324666,"01129"
"14843","5733",6428.74408324666,"01025"
"14844","5734",2966.01134591413,"01023"
"14845","5734",2966.01134591413,"01091"
"14846","5734",2966.01134591413,"01025"
"14847","5735",6331.96402845173,"01023"
"14848","5735",6331.96402845173,"01063"
"14849","5735",6331.96402845173,"01091"
"14850","5735",6331.96402845173,"01119"
"14851","5736",3225.42141690157,"01065"
"14852","5736",3225.42141690157,"01063"
"14853","5736",3225.42141690157,"01107"
"14854","5736",3225.42141690157,"01119"
"14855","5736",3225.42141690157,"01125"
"14856","5737",8147.7085685125,"01107"
"14857","5737",8147.7085685125,"01075"
"14858","5737",8147.7085685125,"01057"
"14859","5737",8147.7085685125,"01125"
"14860","5738",18693.5653214541,"01075"
"14861","5738",18693.5653214541,"01093"
"14862","5738",18693.5653214541,"01057"
"14863","5739",47740.7852761267,"01033"
"14864","5739",47740.7852761267,"01059"
"14865","5739",47740.7852761267,"01077"
"14866","5740",10823.1112334842,"47181"
"14867","5740",10823.1112334842,"47099"
"14868","5741",7597.64617257338,"47081"
"14869","5741",7597.64617257338,"47135"
"14870","5741",7597.64617257338,"47085"
"14871","5741",7597.64617257338,"47101"
"14872","5742",18237.7480634811,"47085"
"14873","5742",18237.7480634811,"47125"
"14874","5742",18237.7480634811,"47161"
"14875","5742",18237.7480634811,"47043"
"14876","5742",18237.7480634811,"47083"
"14877","5743",46012.0963959479,"21221"
"14878","5743",46012.0963959479,"21047"
"14879","5744",36178.7906548621,"21233"
"14880","5744",36178.7906548621,"21177"
"14881","5744",36178.7906548621,"21107"
"14882","5744",36178.7906548621,"21149"
"14883","5745",232204.539708349,"18147"
"14884","5745",232204.539708349,"21101"
"14885","5745",232204.539708349,"18173"
"14886","5745",232204.539708349,"18163"
"14887","5745",232204.539708349,"21059"
"14888","5746",17340.3002570855,"18027"
"14889","5746",17340.3002570855,"18083"
"14890","5746",17340.3002570855,"18051"
"14891","5746",17340.3002570855,"18125"
"14892","5747",28888.2015825924,"18083"
"14893","5747",28888.2015825924,"18021"
"14894","5747",28888.2015825924,"18055"
"14895","5747",28888.2015825924,"17033"
"14896","5747",28888.2015825924,"18153"
"14897","5748",78019.5961643727,"18021"
"14898","5748",78019.5961643727,"18121"
"14899","5748",78019.5961643727,"18165"
"14900","5748",78019.5961643727,"18167"
"14901","5749",11677.6270994081,"18121"
"14902","5749",11677.6270994081,"18157"
"14903","5749",11677.6270994081,"18171"
"14904","5749",11677.6270994081,"18107"
"14905","5749",11677.6270994081,"18045"
"14906","5750",8896.18047826775,"18007"
"14907","5750",8896.18047826775,"18181"
"14908","5750",8896.18047826775,"18157"
"14909","5750",8896.18047826775,"18111"
"14910","5750",8896.18047826775,"18073"
"14911","5751",35435.9805429905,"18091"
"14912","5751",35435.9805429905,"18073"
"14913","5751",35435.9805429905,"18131"
"14914","5751",35435.9805429905,"18149"
"14915","5751",35435.9805429905,"18089"
"14916","5751",35435.9805429905,"18127"
"14917","5752",50662.7112983096,"18091"
"14918","5752",50662.7112983096,"18127"
"14919","5752",50662.7112983096,"26021"
"14920","5753",3327.69036066626,"26105"
"14921","5754",265.005651561677,"26041"
"14922","5754",265.005651561677,"26153"
"14923","5755",447.463402361712,"26041"
"14924","5755",447.463402361712,"26003"
"14925","5755",447.463402361712,"26153"
"14926","5756",0.945448986369443,"26003"
"14927","5757",86975.4596010486,"01097"
"14928","5757",86975.4596010486,"01003"
"14929","5758",11388.9825172713,"01129"
"14930","5758",11388.9825172713,"01097"
"14931","5758",11388.9825172713,"01003"
"14932","5758",11388.9825172713,"01025"
"14933","5759",12105.3044840792,"01023"
"14934","5759",12105.3044840792,"01129"
"14935","5759",12105.3044840792,"01025"
"14936","5760",5249.94892749265,"01023"
"14937","5760",5249.94892749265,"01091"
"14938","5760",5249.94892749265,"01025"
"14939","5761",6787.9484646012,"01065"
"14940","5761",6787.9484646012,"01063"
"14941","5761",6787.9484646012,"01091"
"14942","5761",6787.9484646012,"01119"
"14943","5762",59684.1783270048,"01063"
"14944","5762",59684.1783270048,"01107"
"14945","5762",59684.1783270048,"01125"
"14946","5763",14102.3410096544,"01093"
"14947","5763",14102.3410096544,"01057"
"14948","5763",14102.3410096544,"01127"
"14949","5764",24556.9868877453,"01093"
"14950","5764",24556.9868877453,"01133"
"14951","5764",24556.9868877453,"01059"
"14952","5764",24556.9868877453,"01079"
"14953","5765",86755.723841127,"01033"
"14954","5765",86755.723841127,"47181"
"14955","5765",86755.723841127,"01077"
"14956","5765",86755.723841127,"47099"
"14957","5765",86755.723841127,"01079"
"14958","5766",17313.6686320301,"47081"
"14959","5766",17313.6686320301,"47135"
"14960","5766",17313.6686320301,"47101"
"14961","5766",17313.6686320301,"47181"
"14962","5766",17313.6686320301,"47099"
"14963","5767",46846.2753272983,"47081"
"14964","5767",46846.2753272983,"47085"
"14965","5767",46846.2753272983,"47043"
"14966","5768",221352.196926434,"47125"
"14967","5768",221352.196926434,"21219"
"14968","5768",221352.196926434,"21047"
"14969","5769",17943.6204855256,"21219"
"14970","5769",17943.6204855256,"21047"
"14971","5769",17943.6204855256,"21177"
"14972","5769",17943.6204855256,"21107"
"14973","5770",58374.2151979579,"21101"
"14974","5770",58374.2151979579,"21233"
"14975","5770",58374.2151979579,"21059"
"14976","5770",58374.2151979579,"21107"
"14977","5770",58374.2151979579,"21149"
"14978","5771",19661.8454593027,"18147"
"14979","5771",19661.8454593027,"18051"
"14980","5771",19661.8454593027,"18125"
"14981","5771",19661.8454593027,"18037"
"14982","5771",19661.8454593027,"18173"
"14983","5772",35198.7338392657,"18027"
"14984","5772",35198.7338392657,"18083"
"14985","5772",35198.7338392657,"18101"
"14986","5772",35198.7338392657,"18055"
"14987","5773",11839.172693847,"18021"
"14988","5773",11839.172693847,"18055"
"14989","5773",11839.172693847,"18119"
"14990","5773",11839.172693847,"18153"
"14991","5773",11839.172693847,"18167"
"14992","5774",16076.8297881239,"18121"
"14993","5774",16076.8297881239,"18133"
"14994","5774",16076.8297881239,"18107"
"14995","5774",16076.8297881239,"18045"
"14996","5775",191205.835134724,"18007"
"14997","5775",191205.835134724,"18181"
"14998","5775",191205.835134724,"18157"
"14999","5775",191205.835134724,"18171"
"15000","5775",191205.835134724,"18107"
"15001","5775",191205.835134724,"18045"
"15002","5776",11762.0626551446,"18181"
"15003","5776",11762.0626551446,"18073"
"15004","5776",11762.0626551446,"18131"
"15005","5777",59188.8629988641,"18091"
"15006","5777",59188.8629988641,"18149"
"15007","5777",59188.8629988641,"18127"
"15008","5778",17606.7145632647,"26021"
"15009","5779",14094.7808608861,"26105"
"15010","5779",14094.7808608861,"26127"
"15011","5780",14083.1376949099,"26101"
"15012","5780",14083.1376949099,"26105"
"15013","5781",843.355304082243,"26019"
"15014","5782",5910.7110030343,"26153"
"15015","5783",154.429126840374,"26003"
"15016","5783",154.429126840374,"26095"
"15017","5783",154.429126840374,"26153"
"15018","5784",8658.91739779259,"01003"
"15019","5785",73670.8452543491,"01097"
"15020","5785",73670.8452543491,"01003"
"15021","5786",2889.87935555685,"01129"
"15022","5786",2889.87935555685,"01053"
"15023","5786",2889.87935555685,"01003"
"15024","5786",2889.87935555685,"01099"
"15025","5786",2889.87935555685,"01025"
"15026","5787",9551.23397994748,"01091"
"15027","5787",9551.23397994748,"01131"
"15028","5787",9551.23397994748,"01025"
"15029","5788",10906.1883819583,"01065"
"15030","5788",10906.1883819583,"01063"
"15031","5788",10906.1883819583,"01091"
"15032","5788",10906.1883819583,"01047"
"15033","5788",10906.1883819583,"01105"
"15034","5789",21110.5357853125,"01065"
"15035","5789",21110.5357853125,"01063"
"15036","5789",21110.5357853125,"01125"
"15037","5789",21110.5357853125,"01007"
"15038","5789",21110.5357853125,"01105"
"15039","5790",9868.53361634024,"01057"
"15040","5790",9868.53361634024,"01125"
"15041","5790",9868.53361634024,"01127"
"15042","5791",14485.2349334124,"01093"
"15043","5791",14485.2349334124,"01133"
"15044","5791",14485.2349334124,"01127"
"15045","5792",19933.219324611,"01033"
"15046","5792",19933.219324611,"01059"
"15047","5792",19933.219324611,"01079"
"15048","5793",32337.0415598702,"47055"
"15049","5793",32337.0415598702,"01077"
"15050","5793",32337.0415598702,"47099"
"15051","5794",19485.2583413657,"47081"
"15052","5794",19485.2583413657,"47119"
"15053","5794",19485.2583413657,"47101"
"15054","5794",19485.2583413657,"47187"
"15055","5795",35050.3859911442,"47021"
"15056","5795",35050.3859911442,"47125"
"15057","5795",35050.3859911442,"47043"
"15058","5796",15315.0585424951,"47125"
"15059","5796",15315.0585424951,"21141"
"15060","5796",15315.0585424951,"21219"
"15061","5796",15315.0585424951,"21047"
"15062","5797",25854.8693554882,"21183"
"15063","5797",25854.8693554882,"21177"
"15064","5797",25854.8693554882,"21107"
"15065","5797",25854.8693554882,"21149"
"15066","5798",51491.134440057,"18147"
"15067","5798",51491.134440057,"18173"
"15068","5798",51491.134440057,"21091"
"15069","5798",51491.134440057,"21059"
"15070","5799",35688.6937206924,"18027"
"15071","5799",35688.6937206924,"18125"
"15072","5799",35688.6937206924,"18101"
"15073","5799",35688.6937206924,"18037"
"15074","5800",18648.8930901185,"18027"
"15075","5800",18648.8930901185,"18101"
"15076","5800",18648.8930901185,"18055"
"15077","5800",18648.8930901185,"18119"
"15078","5800",18648.8930901185,"18105"
"15079","5801",35069.5047034973,"18021"
"15080","5801",35069.5047034973,"18109"
"15081","5801",35069.5047034973,"18119"
"15082","5801",35069.5047034973,"18121"
"15083","5801",35069.5047034973,"18133"
"15084","5801",35069.5047034973,"18063"
"15085","5802",35502.1916252221,"18157"
"15086","5802",35502.1916252221,"18107"
"15087","5802",35502.1916252221,"18011"
"15088","5802",35502.1916252221,"18023"
"15089","5803",30512.5158000894,"18181"
"15090","5803",30512.5158000894,"18017"
"15091","5803",30512.5158000894,"18157"
"15092","5803",30512.5158000894,"18015"
"15093","5804",27119.4436753422,"18099"
"15094","5804",27119.4436753422,"18091"
"15095","5804",27119.4436753422,"18131"
"15096","5804",27119.4436753422,"18149"
"15097","5804",27119.4436753422,"18049"
"15098","5805",46364.4466357567,"18091"
"15099","5805",46364.4466357567,"18141"
"15100","5805",46364.4466357567,"26021"
"15101","5806",19861.0259827316,"26159"
"15102","5806",19861.0259827316,"26021"
"15103","5807",15393.5436125786,"26005"
"15104","5807",15393.5436125786,"26139"
"15105","5808",51066.6746804153,"26121"
"15106","5808",51066.6746804153,"26127"
"15107","5809",23716.070996449,"26105"
"15108","5809",23716.070996449,"26127"
"15109","5809",23716.070996449,"26085"
"15110","5810",14553.9500748296,"26019"
"15111","5810",14553.9500748296,"26101"
"15112","5811",279.931246102641,"26089"
"15113","5812",0,"26089"
"15114","5812",0,"26029"
"15115","5813",2202.89177638497,"26097"
"15116","5813",2202.89177638497,"26095"
"15117","5813",2202.89177638497,"26153"
"15118","5814",492.230758574797,"26003"
"15119","5814",492.230758574797,"26095"
"15120","5815",86716.2660024252,"01003"
"15121","5816",19562.96057947,"12033"
"15122","5816",19562.96057947,"01053"
"15123","5816",19562.96057947,"01003"
"15124","5817",4353.80752743753,"01099"
"15125","5817",4353.80752743753,"01025"
"15126","5818",4819.53556256823,"01091"
"15127","5818",4819.53556256823,"01131"
"15128","5818",4819.53556256823,"01047"
"15129","5819",10107.1533200461,"01065"
"15130","5819",10107.1533200461,"01105"
"15131","5820",130586.170384292,"01125"
"15132","5820",130586.170384292,"01007"
"15133","5821",36867.4347439105,"01057"
"15134","5821",36867.4347439105,"01127"
"15135","5822",11154.8171161267,"01043"
"15136","5822",11154.8171161267,"01103"
"15137","5822",11154.8171161267,"01133"
"15138","5822",11154.8171161267,"01079"
"15139","5823",35439.9557316557,"47055"
"15140","5823",35439.9557316557,"01077"
"15141","5823",35439.9557316557,"01083"
"15142","5823",35439.9557316557,"47099"
"15143","5823",35439.9557316557,"01079"
"15144","5824",31904.5317939953,"47117"
"15145","5824",31904.5317939953,"47055"
"15146","5824",31904.5317939953,"47119"
"15147","5824",31904.5317939953,"47101"
"15148","5824",31904.5317939953,"47099"
"15149","5825",133876.225423852,"47081"
"15150","5825",133876.225423852,"47021"
"15151","5825",133876.225423852,"47037"
"15152","5825",133876.225423852,"47119"
"15153","5825",133876.225423852,"47043"
"15154","5825",133876.225423852,"47187"
"15155","5826",59832.7943334015,"47021"
"15156","5826",59832.7943334015,"47037"
"15157","5826",59832.7943334015,"47147"
"15158","5826",59832.7943334015,"47125"
"15159","5826",59832.7943334015,"21141"
"15160","5826",59832.7943334015,"21219"
"15161","5827",12004.351724156,"21031"
"15162","5827",12004.351724156,"21183"
"15163","5827",12004.351724156,"21141"
"15164","5827",12004.351724156,"21219"
"15165","5827",12004.351724156,"21177"
"15166","5828",21003.083398798,"21085"
"15167","5828",21003.083398798,"21183"
"15168","5828",21003.083398798,"21091"
"15169","5828",21003.083398798,"21059"
"15170","5828",21003.083398798,"21149"
"15171","5829",20938.9404426732,"18147"
"15172","5829",20938.9404426732,"18123"
"15173","5829",20938.9404426732,"18037"
"15174","5829",20938.9404426732,"21091"
"15175","5829",20938.9404426732,"18025"
"15176","5830",14344.0084475239,"18027"
"15177","5830",14344.0084475239,"18101"
"15178","5830",14344.0084475239,"18117"
"15179","5830",14344.0084475239,"18093"
"15180","5831",139778.891303328,"18055"
"15181","5831",139778.891303328,"18109"
"15182","5831",139778.891303328,"18119"
"15183","5831",139778.891303328,"18105"
"15184","5832",132675.756336727,"18133"
"15185","5832",132675.756336727,"18107"
"15186","5832",132675.756336727,"18011"
"15187","5832",132675.756336727,"18063"
"15188","5833",33838.6983497846,"18067"
"15189","5833",33838.6983497846,"18157"
"15190","5833",33838.6983497846,"18015"
"15191","5833",33838.6983497846,"18011"
"15192","5833",33838.6983497846,"18023"
"15193","5834",16988.2739087864,"18181"
"15194","5834",16988.2739087864,"18017"
"15195","5834",16988.2739087864,"18131"
"15196","5834",16988.2739087864,"18049"
"15197","5835",50584.9735444137,"18099"
"15198","5835",50584.9735444137,"18091"
"15199","5835",50584.9735444137,"18141"
"15200","5835",50584.9735444137,"18149"
"15201","5836",87932.7725402239,"26159"
"15202","5836",87932.7725402239,"26027"
"15203","5836",87932.7725402239,"26021"
"15204","5837",28824.9299562995,"26159"
"15205","5837",28824.9299562995,"26005"
"15206","5838",182320.33258971,"26121"
"15207","5838",182320.33258971,"26139"
"15208","5839",12344.0627396644,"26123"
"15209","5839",12344.0627396644,"26105"
"15210","5839",12344.0627396644,"26127"
"15211","5839",12344.0627396644,"26085"
"15212","5840",6261.10053378763,"26165"
"15213","5840",6261.10053378763,"26101"
"15214","5840",6261.10053378763,"26105"
"15215","5840",6261.10053378763,"26085"
"15216","5841",42127.2053999228,"26055"
"15217","5841",42127.2053999228,"26089"
"15218","5841",42127.2053999228,"26019"
"15219","5842",0,"26089"
"15220","5843",336.326496282012,"26097"
"15221","5843",336.326496282012,"26153"
"15222","5843",336.326496282012,"26029"
"15223","5844",5570.86895950148,"26097"
"15224","5844",5570.86895950148,"26095"
"15225","5844",5570.86895950148,"26153"
"15226","5845",12029.4452006812,"12033"
"15227","5845",12029.4452006812,"01003"
"15228","5846",15670.7984763432,"12033"
"15229","5846",15670.7984763432,"12113"
"15230","5846",15670.7984763432,"01003"
"15231","5847",8466.35802935346,"01035"
"15232","5847",8466.35802935346,"01053"
"15233","5847",8466.35802935346,"01099"
"15234","5848",4909.97902862031,"01131"
"15235","5848",4909.97902862031,"01099"
"15236","5848",4909.97902862031,"01025"
"15237","5849",5749.61122059665,"01047"
"15238","5849",5749.61122059665,"01105"
"15239","5850",14133.6623760496,"01125"
"15240","5850",14133.6623760496,"01007"
"15241","5850",14133.6623760496,"01105"
"15242","5851",50737.4049549102,"01073"
"15243","5851",50737.4049549102,"01125"
"15244","5851",50737.4049549102,"01127"
"15245","5852",22707.7474943715,"01043"
"15246","5852",22707.7474943715,"01133"
"15247","5852",22707.7474943715,"01127"
"15248","5853",102227.24896123,"01103"
"15249","5853",102227.24896123,"01083"
"15250","5853",102227.24896123,"01079"
"15251","5854",22746.6328189676,"47055"
"15252","5854",22746.6328189676,"01083"
"15253","5854",22746.6328189676,"47103"
"15254","5855",107211.101253523,"47149"
"15255","5855",107211.101253523,"47117"
"15256","5855",107211.101253523,"47119"
"15257","5855",107211.101253523,"47187"
"15258","5856",437437.582500475,"47165"
"15259","5856",437437.582500475,"47021"
"15260","5856",437437.582500475,"47037"
"15261","5856",437437.582500475,"47147"
"15262","5857",32272.5453966101,"47147"
"15263","5857",32272.5453966101,"21141"
"15264","5857",32272.5453966101,"21227"
"15265","5857",32272.5453966101,"21213"
"15266","5858",17609.2842004353,"21031"
"15267","5858",17609.2842004353,"21085"
"15268","5858",17609.2842004353,"21183"
"15269","5858",17609.2842004353,"21227"
"15270","5859",24390.1530185961,"18147"
"15271","5859",24390.1530185961,"21027"
"15272","5859",24390.1530185961,"18123"
"15273","5859",24390.1530185961,"21091"
"15274","5859",24390.1530185961,"21059"
"15275","5860",18923.0344306784,"18123"
"15276","5860",18923.0344306784,"18101"
"15277","5860",18923.0344306784,"18037"
"15278","5860",18923.0344306784,"18117"
"15279","5860",18923.0344306784,"18025"
"15280","5861",57309.3236750787,"18071"
"15281","5861",57309.3236750787,"18101"
"15282","5861",57309.3236750787,"18055"
"15283","5861",57309.3236750787,"18105"
"15284","5861",57309.3236750787,"18093"
"15285","5861",57309.3236750787,"18013"
"15286","5862",103332.17973778,"18109"
"15287","5862",103332.17973778,"18097"
"15288","5862",103332.17973778,"18105"
"15289","5862",103332.17973778,"18063"
"15290","5862",103332.17973778,"18081"
"15291","5863",150637.084361985,"18159"
"15292","5863",150637.084361985,"18097"
"15293","5863",150637.084361985,"18057"
"15294","5863",150637.084361985,"18011"
"15295","5863",150637.084361985,"18023"
"15296","5863",150637.084361985,"18063"
"15297","5864",63920.4200787867,"18103"
"15298","5864",63920.4200787867,"18067"
"15299","5864",63920.4200787867,"18017"
"15300","5864",63920.4200787867,"18015"
"15301","5865",27254.1285817142,"18099"
"15302","5865",27254.1285817142,"18085"
"15303","5865",27254.1285817142,"18049"
"15304","5866",375048.580003926,"26027"
"15305","5866",375048.580003926,"18141"
"15306","5866",375048.580003926,"18039"
"15307","5866",375048.580003926,"26021"
"15308","5867",47255.3413448778,"26159"
"15309","5867",47255.3413448778,"26005"
"15310","5867",47255.3413448778,"26021"
"15311","5868",242916.398634411,"26005"
"15312","5868",242916.398634411,"26081"
"15313","5868",242916.398634411,"26139"
"15314","5869",37231.7628736089,"26121"
"15315","5869",37231.7628736089,"26123"
"15316","5869",37231.7628736089,"26127"
"15317","5869",37231.7628736089,"26081"
"15318","5869",37231.7628736089,"26139"
"15319","5870",9226.70926897467,"26133"
"15320","5870",9226.70926897467,"26123"
"15321","5870",9226.70926897467,"26085"
"15322","5871",14742.6763138968,"26055"
"15323","5871",14742.6763138968,"26165"
"15324","5871",14742.6763138968,"26019"
"15325","5871",14742.6763138968,"26101"
"15326","5872",13002.9014709777,"26055"
"15327","5872",13002.9014709777,"26089"
"15328","5872",13002.9014709777,"26009"
"15329","5873",318.325580464661,"26029"
"15330","5874",1364.81232312985,"26097"
"15331","5874",1364.81232312985,"26095"
"15332","5875",60.3946980188997,"26033"
"15333","5875",60.3946980188997,"26095"
"15334","5876",280506.936854335,"12033"
"15335","5876",280506.936854335,"12113"
"15336","5876",280506.936854335,"01003"
"15337","5877",18464.9820470771,"12033"
"15338","5877",18464.9820470771,"12113"
"15339","5877",18464.9820470771,"01053"
"15340","5878",12105.7737486656,"01035"
"15341","5878",12105.7737486656,"01099"
"15342","5879",2452.32620105147,"01131"
"15343","5879",2452.32620105147,"01047"
"15344","5880",5473.90208644497,"01001"
"15345","5880",5473.90208644497,"01047"
"15346","5880",5473.90208644497,"01021"
"15347","5880",5473.90208644497,"01105"
"15348","5881",126340.65817629,"01117"
"15349","5881",126340.65817629,"01073"
"15350","5881",126340.65817629,"01021"
"15351","5881",126340.65817629,"01125"
"15352","5881",126340.65817629,"01007"
"15353","5882",73699.2809279323,"01043"
"15354","5882",73699.2809279323,"01009"
"15355","5882",73699.2809279323,"01073"
"15356","5882",73699.2809279323,"01127"
"15357","5883",63395.2256268957,"01043"
"15358","5883",63395.2256268957,"01103"
"15359","5884",221565.540164905,"01089"
"15360","5884",221565.540164905,"47055"
"15361","5884",221565.540164905,"01083"
"15362","5884",221565.540164905,"47103"
"15363","5885",30302.9710486176,"47003"
"15364","5885",30302.9710486176,"47117"
"15365","5885",30302.9710486176,"47127"
"15366","5885",30302.9710486176,"47055"
"15367","5885",30302.9710486176,"47119"
"15368","5885",30302.9710486176,"47103"
"15369","5886",457647.617265415,"47149"
"15370","5886",457647.617265415,"47037"
"15371","5886",457647.617265415,"47187"
"15372","5887",135590.063017872,"47165"
"15373","5887",135590.063017872,"47037"
"15374","5887",135590.063017872,"47147"
"15375","5887",135590.063017872,"21213"
"15376","5888",117414.984857959,"21031"
"15377","5888",117414.984857959,"21141"
"15378","5888",117414.984857959,"21227"
"15379","5888",117414.984857959,"21061"
"15380","5889",20644.9532383217,"21093"
"15381","5889",20644.9532383217,"21085"
"15382","5889",20644.9532383217,"21183"
"15383","5889",20644.9532383217,"21027"
"15384","5889",20644.9532383217,"21091"
"15385","5890",9025.84653358765,"18061"
"15386","5890",9025.84653358765,"21027"
"15387","5890",9025.84653358765,"18123"
"15388","5890",9025.84653358765,"21163"
"15389","5890",9025.84653358765,"18025"
"15390","5891",21620.3251696595,"18175"
"15391","5891",21620.3251696595,"18071"
"15392","5891",21620.3251696595,"18117"
"15393","5891",21620.3251696595,"18093"
"15394","5892",24553.4249577401,"18071"
"15395","5892",24553.4249577401,"18109"
"15396","5892",24553.4249577401,"18105"
"15397","5892",24553.4249577401,"18005"
"15398","5892",24553.4249577401,"18081"
"15399","5892",24553.4249577401,"18013"
"15400","5893",969986.942215192,"18109"
"15401","5893",969986.942215192,"18097"
"15402","5893",969986.942215192,"18059"
"15403","5893",969986.942215192,"18057"
"15404","5893",969986.942215192,"18011"
"15405","5893",969986.942215192,"18063"
"15406","5893",969986.942215192,"18081"
"15407","5894",62538.9424496278,"18067"
"15408","5894",62538.9424496278,"18159"
"15409","5894",62538.9424496278,"18057"
"15410","5894",62538.9424496278,"18023"
"15411","5895",39313.4598478736,"18103"
"15412","5895",39313.4598478736,"18085"
"15413","5895",39313.4598478736,"18017"
"15414","5895",39313.4598478736,"18169"
"15415","5895",39313.4598478736,"18049"
"15416","5896",59769.6100842752,"18099"
"15417","5896",59769.6100842752,"18085"
"15418","5896",59769.6100842752,"18141"
"15419","5896",59769.6100842752,"18039"
"15420","5897",27383.2393866221,"26159"
"15421","5897",27383.2393866221,"26027"
"15422","5897",27383.2393866221,"26149"
"15423","5897",27383.2393866221,"26077"
"15424","5898",51217.7113207565,"26015"
"15425","5898",51217.7113207565,"26159"
"15426","5898",51217.7113207565,"26077"
"15427","5898",51217.7113207565,"26005"
"15428","5899",377594.836340154,"26121"
"15429","5899",377594.836340154,"26081"
"15430","5899",377594.836340154,"26139"
"15431","5900",34008.198176826,"26117"
"15432","5900",34008.198176826,"26123"
"15433","5900",34008.198176826,"26107"
"15434","5901",27304.032518544,"26165"
"15435","5901",27304.032518544,"26133"
"15436","5901",27304.032518544,"26113"
"15437","5901",27304.032518544,"26085"
"15438","5902",67443.8034885902,"26055"
"15439","5902",67443.8034885902,"26089"
"15440","5902",67443.8034885902,"26079"
"15441","5902",67443.8034885902,"26009"
"15442","5903",11110.5089359125,"26089"
"15443","5903",11110.5089359125,"26009"
"15444","5903",11110.5089359125,"26029"
"15445","5904",5.05787930665226,"26029"
"15446","5904",5.05787930665226,"26047"
"15447","5905",504.552294701459,"26033"
"15448","5905",504.552294701459,"26097"
"15449","5905",504.552294701459,"26095"
"15450","5906",0,"26033"
"15451","5907",99638.1445378415,"12033"
"15452","5907",99638.1445378415,"12113"
"15453","5908",14383.665521843,"01035"
"15454","5908",14383.665521843,"01053"
"15455","5909",2054.86736109349,"01035"
"15456","5909",2054.86736109349,"01131"
"15457","5909",2054.86736109349,"01013"
"15458","5909",2054.86736109349,"01099"
"15459","5910",31879.2906448742,"01001"
"15460","5910",31879.2906448742,"01047"
"15461","5910",31879.2906448742,"01085"
"15462","5911",29537.6642337606,"01117"
"15463","5911",29537.6642337606,"01021"
"15464","5911",29537.6642337606,"01007"
"15465","5911",29537.6642337606,"01105"
"15466","5912",500640.512018039,"01117"
"15467","5912",500640.512018039,"01073"
"15468","5913",41912.7672951808,"01043"
"15469","5913",41912.7672951808,"01009"
"15470","5914",134519.633521373,"01089"
"15471","5914",134519.633521373,"01095"
"15472","5914",134519.633521373,"01103"
"15473","5914",134519.633521373,"01083"
"15474","5915",37686.9138859807,"01089"
"15475","5915",37686.9138859807,"47127"
"15476","5915",37686.9138859807,"47103"
"15477","5916",73005.267044371,"47003"
"15478","5916",73005.267044371,"47149"
"15479","5916",73005.267044371,"47117"
"15480","5916",73005.267044371,"47187"
"15481","5917",212422.806811667,"47149"
"15482","5917",212422.806811667,"47165"
"15483","5917",212422.806811667,"47189"
"15484","5917",212422.806811667,"47037"
"15485","5917",212422.806811667,"47169"
"15486","5918",37037.358869723,"21003"
"15487","5918",37037.358869723,"47165"
"15488","5918",37037.358869723,"21227"
"15489","5918",37037.358869723,"21213"
"15490","5918",37037.358869723,"47111"
"15491","5919",15924.2403381735,"21031"
"15492","5919",15924.2403381735,"21099"
"15493","5919",15924.2403381735,"21085"
"15494","5919",15924.2403381735,"21227"
"15495","5919",15924.2403381735,"21061"
"15496","5920",30260.9071833226,"21093"
"15497","5920",30260.9071833226,"18061"
"15498","5920",30260.9071833226,"21027"
"15499","5920",30260.9071833226,"21163"
"15500","5921",44904.2535517762,"18061"
"15501","5921",44904.2535517762,"18175"
"15502","5921",44904.2535517762,"18117"
"15503","5921",44904.2535517762,"18043"
"15504","5921",44904.2535517762,"18019"
"15505","5921",44904.2535517762,"18025"
"15506","5922",35938.3906757631,"18175"
"15507","5922",35938.3906757631,"18071"
"15508","5922",35938.3906757631,"18005"
"15509","5922",35938.3906757631,"18093"
"15510","5922",35938.3906757631,"18013"
"15511","5923",140436.090212365,"18097"
"15512","5923",140436.090212365,"18005"
"15513","5923",140436.090212365,"18145"
"15514","5923",140436.090212365,"18081"
"15515","5924",380798.073837351,"18159"
"15516","5924",380798.073837351,"18095"
"15517","5924",380798.073837351,"18097"
"15518","5924",380798.073837351,"18059"
"15519","5924",380798.073837351,"18057"
"15520","5925",52706.7960293881,"18103"
"15521","5925",52706.7960293881,"18067"
"15522","5925",52706.7960293881,"18159"
"15523","5925",52706.7960293881,"18053"
"15524","5925",52706.7960293881,"18069"
"15525","5925",52706.7960293881,"18169"
"15526","5926",59813.5801720275,"18085"
"15527","5926",59813.5801720275,"18069"
"15528","5926",59813.5801720275,"18169"
"15529","5926",59813.5801720275,"18049"
"15530","5926",59813.5801720275,"18183"
"15531","5927",92407.9651087461,"26027"
"15532","5927",92407.9651087461,"26149"
"15533","5927",92407.9651087461,"18039"
"15534","5927",92407.9651087461,"18087"
"15535","5927",92407.9651087461,"18113"
"15536","5928",245351.44483461,"26159"
"15537","5928",245351.44483461,"26149"
"15538","5928",245351.44483461,"26077"
"15539","5929",202640.009229803,"26015"
"15540","5929",202640.009229803,"26067"
"15541","5929",202640.009229803,"26005"
"15542","5929",202640.009229803,"26081"
"15543","5930",46141.6161487909,"26117"
"15544","5930",46141.6161487909,"26123"
"15545","5930",46141.6161487909,"26107"
"15546","5930",46141.6161487909,"26081"
"15547","5931",19254.0114062596,"26133"
"15548","5931",19254.0114062596,"26123"
"15549","5931",19254.0114062596,"26107"
"15550","5931",19254.0114062596,"26085"
"15551","5932",17385.8931125755,"26055"
"15552","5932",17385.8931125755,"26165"
"15553","5932",17385.8931125755,"26079"
"15554","5932",17385.8931125755,"26113"
"15555","5933",20660.9380785768,"26079"
"15556","5933",20660.9380785768,"26009"
"15557","5933",20660.9380785768,"26029"
"15558","5934",8897.0328029344,"26029"
"15559","5934",8897.0328029344,"26047"
"15560","5935",1142.44698374207,"26033"
"15561","5935",1142.44698374207,"26097"
"15562","5936",467.093821523079,"26033"
"15563","5937",76137.5749954189,"12033"
"15564","5937",76137.5749954189,"12113"
"15565","5937",76137.5749954189,"12091"
"15566","5938",3886.50141017351,"12113"
"15567","5938",3886.50141017351,"01039"
"15568","5938",3886.50141017351,"01053"
"15569","5938",3886.50141017351,"12091"
"15570","5939",9960.19150352694,"01035"
"15571","5939",9960.19150352694,"01039"
"15572","5939",9960.19150352694,"01013"
"15573","5940",4302.93228149721,"01131"
"15574","5940",4302.93228149721,"01047"
"15575","5940",4302.93228149721,"01013"
"15576","5940",4302.93228149721,"01085"
"15577","5941",17128.7281242894,"01001"
"15578","5941",17128.7281242894,"01021"
"15579","5942",55239.1513058049,"01117"
"15580","5942",55239.1513058049,"01021"
"15581","5942",55239.1513058049,"01037"
"15582","5942",55239.1513058049,"01121"
"15583","5943",158168.816228765,"01115"
"15584","5943",158168.816228765,"01009"
"15585","5943",158168.816228765,"01073"
"15586","5944",54299.0809228681,"01095"
"15587","5944",54299.0809228681,"01043"
"15588","5944",54299.0809228681,"01009"
"15589","5944",54299.0809228681,"01103"
"15590","5945",109234.684672338,"01089"
"15591","5945",109234.684672338,"01071"
"15592","5945",109234.684672338,"47103"
"15593","5946",58637.012914364,"47003"
"15594","5946",58637.012914364,"47031"
"15595","5946",58637.012914364,"47127"
"15596","5946",58637.012914364,"47103"
"15597","5946",58637.012914364,"47051"
"15598","5947",183506.101663143,"47149"
"15599","5947",183506.101663143,"47189"
"15600","5947",183506.101663143,"47015"
"15601","5948",41901.7538093752,"21003"
"15602","5948",41901.7538093752,"47165"
"15603","5948",41901.7538093752,"47189"
"15604","5948",41901.7538093752,"47169"
"15605","5948",41901.7538093752,"47111"
"15606","5948",41901.7538093752,"47159"
"15607","5949",30765.6510717507,"21003"
"15608","5949",30765.6510717507,"21227"
"15609","5949",30765.6510717507,"21009"
"15610","5949",30765.6510717507,"21061"
"15611","5950",23690.7897454395,"21093"
"15612","5950",23690.7897454395,"21099"
"15613","5950",23690.7897454395,"21085"
"15614","5950",23690.7897454395,"21027"
"15615","5950",23690.7897454395,"21123"
"15616","5951",185969.223984725,"21093"
"15617","5951",185969.223984725,"18061"
"15618","5951",185969.223984725,"21029"
"15619","5951",185969.223984725,"21111"
"15620","5951",185969.223984725,"18043"
"15621","5951",185969.223984725,"21163"
"15622","5952",41736.4718708072,"18175"
"15623","5952",41736.4718708072,"18071"
"15624","5952",41736.4718708072,"18143"
"15625","5952",41736.4718708072,"18019"
"15626","5953",79587.912842276,"18071"
"15627","5953",79587.912842276,"18031"
"15628","5953",79587.912842276,"18005"
"15629","5953",79587.912842276,"18079"
"15630","5953",79587.912842276,"18145"
"15631","5954",78350.4793132759,"18065"
"15632","5954",78350.4793132759,"18097"
"15633","5954",78350.4793132759,"18059"
"15634","5954",78350.4793132759,"18139"
"15635","5954",78350.4793132759,"18145"
"15636","5955",56698.8704818142,"18035"
"15637","5955",56698.8704818142,"18159"
"15638","5955",56698.8704818142,"18053"
"15639","5955",56698.8704818142,"18095"
"15640","5955",56698.8704818142,"18057"
"15641","5956",32615.7657614774,"18069"
"15642","5956",32615.7657614774,"18169"
"15643","5956",32615.7657614774,"18183"
"15644","5957",42738.9305349854,"18085"
"15645","5957",42738.9305349854,"18039"
"15646","5957",42738.9305349854,"18183"
"15647","5957",42738.9305349854,"18087"
"15648","5957",42738.9305349854,"18113"
"15649","5958",44807.2120938154,"26023"
"15650","5958",44807.2120938154,"26149"
"15651","5958",44807.2120938154,"26077"
"15652","5958",44807.2120938154,"18087"
"15653","5959",53965.3005790541,"26015"
"15654","5959",53965.3005790541,"26077"
"15655","5959",53965.3005790541,"26005"
"15656","5959",53965.3005790541,"26025"
"15657","5960",71440.9933879414,"26117"
"15658","5960",71440.9933879414,"26067"
"15659","5960",71440.9933879414,"26081"
"15660","5961",23158.3552487354,"26117"
"15661","5961",23158.3552487354,"26073"
"15662","5961",23158.3552487354,"26107"
"15663","5962",10090.900250939,"26133"
"15664","5962",10090.900250939,"26143"
"15665","5962",10090.900250939,"26035"
"15666","5962",10090.900250939,"26113"
"15667","5963",11042.7270191418,"26079"
"15668","5963",11042.7270191418,"26039"
"15669","5963",11042.7270191418,"26009"
"15670","5963",11042.7270191418,"26113"
"15671","5964",29715.5992835501,"26137"
"15672","5964",29715.5992835501,"26009"
"15673","5964",29715.5992835501,"26031"
"15674","5964",29715.5992835501,"26029"
"15675","5964",29715.5992835501,"26047"
"15676","5965",7000.90349965736,"26097"
"15677","5965",7000.90349965736,"26031"
"15678","5965",7000.90349965736,"26047"
"15679","5966",4519.56951567235,"26033"
"15680","5966",4519.56951567235,"26097"
"15681","5967",38411.7569613601,"12113"
"15682","5967",38411.7569613601,"12091"
"15683","5968",11662.1828641035,"01035"
"15684","5968",11662.1828641035,"01039"
"15685","5968",11662.1828641035,"01053"
"15686","5969",14700.3839040096,"01041"
"15687","5969",14700.3839040096,"01013"
"15688","5970",64945.4675498179,"01001"
"15689","5970",64945.4675498179,"01051"
"15690","5970",64945.4675498179,"01101"
"15691","5970",64945.4675498179,"01085"
"15692","5971",16590.4529957715,"01001"
"15693","5971",16590.4529957715,"01051"
"15694","5971",16590.4529957715,"01117"
"15695","5971",16590.4529957715,"01021"
"15696","5971",16590.4529957715,"01037"
"15697","5972",37050.5678220573,"01117"
"15698","5972",37050.5678220573,"01115"
"15699","5972",37050.5678220573,"01073"
"15700","5972",37050.5678220573,"01121"
"15701","5973",37004.7362972759,"01055"
"15702","5973",37004.7362972759,"01095"
"15703","5973",37004.7362972759,"01115"
"15704","5973",37004.7362972759,"01009"
"15705","5974",25170.7070116974,"01089"
"15706","5974",25170.7070116974,"01049"
"15707","5974",25170.7070116974,"01095"
"15708","5974",25170.7070116974,"01071"
"15709","5975",24682.9773740402,"01089"
"15710","5975",24682.9773740402,"47127"
"15711","5975",24682.9773740402,"01071"
"15712","5975",24682.9773740402,"47103"
"15713","5975",24682.9773740402,"47051"
"15714","5976",35403.4522679766,"47003"
"15715","5976",35403.4522679766,"47149"
"15716","5976",35403.4522679766,"47031"
"15717","5976",35403.4522679766,"47177"
"15718","5976",35403.4522679766,"47015"
"15719","5977",29691.7088832329,"47189"
"15720","5977",29691.7088832329,"47041"
"15721","5977",29691.7088832329,"47169"
"15722","5977",29691.7088832329,"47159"
"15723","5978",14145.4943200612,"21003"
"15724","5978",14145.4943200612,"21171"
"15725","5978",14145.4943200612,"47027"
"15726","5978",14145.4943200612,"21009"
"15727","5978",14145.4943200612,"47111"
"15728","5979",21318.1073315957,"21099"
"15729","5979",21318.1073315957,"21085"
"15730","5979",21318.1073315957,"21123"
"15731","5979",21318.1073315957,"21169"
"15732","5979",21318.1073315957,"21087"
"15733","5979",21318.1073315957,"21009"
"15734","5979",21318.1073315957,"21061"
"15735","5980",107064.431350438,"21093"
"15736","5980",107064.431350438,"21179"
"15737","5980",107064.431350438,"21029"
"15738","5980",107064.431350438,"21123"
"15739","5980",107064.431350438,"21163"
"15740","5981",514056.325046345,"21111"
"15741","5981",514056.325046345,"18043"
"15742","5981",514056.325046345,"18019"
"15743","5981",514056.325046345,"21185"
"15744","5982",33262.1506487196,"18071"
"15745","5982",33262.1506487196,"18143"
"15746","5982",33262.1506487196,"18137"
"15747","5982",33262.1506487196,"18079"
"15748","5982",33262.1506487196,"18077"
"15749","5983",35485.0590451521,"18031"
"15750","5983",35485.0590451521,"18139"
"15751","5983",35485.0590451521,"18005"
"15752","5983",35485.0590451521,"18145"
"15753","5984",100183.433458455,"18035"
"15754","5984",100183.433458455,"18065"
"15755","5984",100183.433458455,"18095"
"15756","5984",100183.433458455,"18059"
"15757","5985",33421.9919215258,"18009"
"15758","5985",33421.9919215258,"18035"
"15759","5985",33421.9919215258,"18179"
"15760","5985",33421.9919215258,"18053"
"15761","5985",33421.9919215258,"18075"
"15762","5985",33421.9919215258,"18069"
"15763","5986",209559.073025284,"18003"
"15764","5986",209559.073025284,"18069"
"15765","5986",209559.073025284,"18183"
"15766","5986",209559.073025284,"18113"
"15767","5987",33546.6770985956,"26023"
"15768","5987",33546.6770985956,"26149"
"15769","5987",33546.6770985956,"18033"
"15770","5987",33546.6770985956,"18087"
"15771","5987",33546.6770985956,"18113"
"15772","5987",33546.6770985956,"18151"
"15773","5988",95072.1454041794,"26023"
"15774","5988",95072.1454041794,"26149"
"15775","5988",95072.1454041794,"26077"
"15776","5988",95072.1454041794,"26025"
"15777","5989",28802.0924838932,"26015"
"15778","5989",28802.0924838932,"26045"
"15779","5989",28802.0924838932,"26067"
"15780","5990",29579.400454861,"26117"
"15781","5990",29579.400454861,"26073"
"15782","5990",29579.400454861,"26057"
"15783","5990",29579.400454861,"26067"
"15784","5991",23766.1445707569,"26133"
"15785","5991",23766.1445707569,"26035"
"15786","5991",23766.1445707569,"26073"
"15787","5991",23766.1445707569,"26107"
"15788","5992",17875.9974405198,"26079"
"15789","5992",17875.9974405198,"26143"
"15790","5992",17875.9974405198,"26039"
"15791","5992",17875.9974405198,"26113"
"15792","5993",23423.9244398204,"26137"
"15793","5993",23423.9244398204,"26079"
"15794","5993",23423.9244398204,"26039"
"15795","5993",23423.9244398204,"26009"
"15796","5994",18593.9979890332,"26031"
"15797","5994",18593.9979890332,"26047"
"15798","5995",3151.70630625562,"26033"
"15799","5995",3151.70630625562,"26097"
"15800","5996",15494.475834979,"26033"
"15801","5997",119136.372567709,"12131"
"15802","5997",119136.372567709,"12091"
"15803","5998",22792.8509072758,"12131"
"15804","5998",22792.8509072758,"01039"
"15805","5998",22792.8509072758,"12091"
"15806","5999",11429.7784090542,"01041"
"15807","5999",11429.7784090542,"01039"
"15808","5999",11429.7784090542,"01013"
"15809","6000",7887.35931804169,"01101"
"15810","6000",7887.35931804169,"01041"
"15811","6000",7887.35931804169,"01013"
"15812","6000",7887.35931804169,"01085"
"15813","6000",7887.35931804169,"01109"
"15814","6001",95000.0580317815,"01001"
"15815","6001",95000.0580317815,"01051"
"15816","6001",95000.0580317815,"01101"
"15817","6001",95000.0580317815,"01021"
"15818","6001",95000.0580317815,"01037"
"15819","6002",30764.4387532623,"01027"
"15820","6002",30764.4387532623,"01037"
"15821","6002",30764.4387532623,"01121"
"15822","6003",43469.5697861539,"01115"
"15823","6003",43469.5697861539,"01015"
"15824","6003",43469.5697861539,"01121"
"15825","6004",74613.0344252277,"01055"
"15826","6004",74613.0344252277,"01049"
"15827","6004",74613.0344252277,"01095"
"15828","6005",23138.9549488063,"01071"
"15829","6006",23364.1421179214,"47031"
"15830","6006",23364.1421179214,"47115"
"15831","6006",23364.1421179214,"47061"
"15832","6006",23364.1421179214,"47051"
"15833","6007",29463.3824386601,"47185"
"15834","6007",29463.3824386601,"47189"
"15835","6007",29463.3824386601,"47041"
"15836","6007",29463.3824386601,"47177"
"15837","6007",29463.3824386601,"47015"
"15838","6008",14604.1366659412,"47087"
"15839","6008",14604.1366659412,"47169"
"15840","6008",14604.1366659412,"47027"
"15841","6008",14604.1366659412,"47111"
"15842","6008",14604.1366659412,"47159"
"15843","6009",28841.60353682,"21001"
"15844","6009",28841.60353682,"21171"
"15845","6009",28841.60353682,"21169"
"15846","6009",28841.60353682,"21009"
"15847","6009",28841.60353682,"21057"
"15848","6010",19876.1335140491,"21093"
"15849","6010",19876.1335140491,"21099"
"15850","6010",19876.1335140491,"21155"
"15851","6010",19876.1335140491,"21179"
"15852","6010",19876.1335140491,"21217"
"15853","6010",19876.1335140491,"21123"
"15854","6010",19876.1335140491,"21087"
"15855","6011",343049.114844289,"21179"
"15856","6011",343049.114844289,"21029"
"15857","6011",343049.114844289,"21111"
"15858","6011",343049.114844289,"21215"
"15859","6011",343049.114844289,"21211"
"15860","6012",37002.0694178032,"18143"
"15861","6012",37002.0694178032,"21041"
"15862","6012",37002.0694178032,"18077"
"15863","6012",37002.0694178032,"18019"
"15864","6012",37002.0694178032,"21185"
"15865","6012",37002.0694178032,"21223"
"15866","6013",19638.0109350831,"18031"
"15867","6013",19638.0109350831,"18137"
"15868","6013",19638.0109350831,"18079"
"15869","6013",19638.0109350831,"18047"
"15870","6014",35169.3612922058,"18041"
"15871","6014",35169.3612922058,"18065"
"15872","6014",35169.3612922058,"18177"
"15873","6014",35169.3612922058,"18139"
"15874","6015",104382.371984228,"18009"
"15875","6015",104382.371984228,"18035"
"15876","6015",104382.371984228,"18065"
"15877","6015",104382.371984228,"18075"
"15878","6015",104382.371984228,"18135"
"15879","6016",33969.8462382532,"18179"
"15880","6016",33969.8462382532,"18003"
"15881","6016",33969.8462382532,"18069"
"15882","6016",33969.8462382532,"18001"
"15883","6017",88693.6592316177,"18003"
"15884","6017",88693.6592316177,"18033"
"15885","6017",88693.6592316177,"18113"
"15886","6017",88693.6592316177,"18151"
"15887","6018",40065.4586897981,"26023"
"15888","6018",40065.4586897981,"26025"
"15889","6018",40065.4586897981,"26059"
"15890","6018",40065.4586897981,"18151"
"15891","6019",39970.7595774803,"26015"
"15892","6019",39970.7595774803,"26075"
"15893","6019",39970.7595774803,"26045"
"15894","6019",39970.7595774803,"26025"
"15895","6020",29047.5985879078,"26037"
"15896","6020",29047.5985879078,"26117"
"15897","6020",29047.5985879078,"26057"
"15898","6020",29047.5985879078,"26067"
"15899","6021",70553.8984702034,"26117"
"15900","6021",70553.8984702034,"26073"
"15901","6021",70553.8984702034,"26057"
"15902","6021",70553.8984702034,"26111"
"15903","6022",20647.8091841462,"26051"
"15904","6022",20647.8091841462,"26143"
"15905","6022",20647.8091841462,"26035"
"15906","6023",12547.6702912477,"26135"
"15907","6023",12547.6702912477,"26143"
"15908","6023",12547.6702912477,"26039"
"15909","6024",4787.2944845235,"26137"
"15910","6024",4787.2944845235,"26141"
"15911","6024",4787.2944845235,"26119"
"15912","6024",4787.2944845235,"26031"
"15913","6025",7155.42296380756,"26097"
"15914","6025",7155.42296380756,"26141"
"15915","6025",7155.42296380756,"26031"
"15916","6026",12848.209944329,"26033"
"15917","6026",12848.209944329,"26097"
"15918","6027",18436.2896288143,"12131"
"15919","6027",18436.2896288143,"12091"
"15920","6028",14281.351246818,"01039"
"15921","6028",14281.351246818,"01061"
"15922","6028",14281.351246818,"01031"
"15923","6029",11935.6258525205,"01041"
"15924","6029",11935.6258525205,"01109"
"15925","6029",11935.6258525205,"01031"
"15926","6030",188744.369017716,"01051"
"15927","6030",188744.369017716,"01087"
"15928","6030",188744.369017716,"01101"
"15929","6030",188744.369017716,"01011"
"15930","6031",23091.7334039393,"01051"
"15931","6031",23091.7334039393,"01037"
"15932","6031",23091.7334039393,"01123"
"15933","6032",28235.3658545917,"01027"
"15934","6032",28235.3658545917,"01029"
"15935","6032",28235.3658545917,"01121"
"15936","6033",96776.5568296577,"01055"
"15937","6033",96776.5568296577,"01115"
"15938","6033",96776.5568296577,"01015"
"15939","6033",96776.5568296577,"01019"
"15940","6034",47018.772793284,"01049"
"15941","6034",47018.772793284,"01071"
"15942","6035",21755.7952839082,"01071"
"15943","6035",21755.7952839082,"13083"
"15944","6035",21755.7952839082,"47115"
"15945","6035",21755.7952839082,"47061"
"15946","6035",21755.7952839082,"47051"
"15947","6036",30823.5196401142,"47031"
"15948","6036",30823.5196401142,"47153"
"15949","6036",30823.5196401142,"47177"
"15950","6036",30823.5196401142,"47061"
"15951","6036",30823.5196401142,"47175"
"15952","6037",79761.2937398131,"47185"
"15953","6037",79761.2937398131,"47041"
"15954","6037",79761.2937398131,"47087"
"15955","6037",79761.2937398131,"47141"
"15956","6037",79761.2937398131,"47159"
"15957","6038",13589.9782912491,"21171"
"15958","6038",13589.9782912491,"21169"
"15959","6038",13589.9782912491,"47027"
"15960","6038",13589.9782912491,"21057"
"15961","6039",26303.3817125788,"21099"
"15962","6039",26303.3817125788,"21217"
"15963","6039",26303.3817125788,"21001"
"15964","6039",26303.3817125788,"21169"
"15965","6039",26303.3817125788,"21087"
"15966","6040",50535.7173450581,"21155"
"15967","6040",50535.7173450581,"21179"
"15968","6040",50535.7173450581,"21229"
"15969","6040",50535.7173450581,"21029"
"15970","6040",50535.7173450581,"21123"
"15971","6040",50535.7173450581,"21215"
"15972","6041",136079.303255763,"21103"
"15973","6041",136079.303255763,"21111"
"15974","6041",136079.303255763,"21211"
"15975","6041",136079.303255763,"21185"
"15976","6041",136079.303255763,"21223"
"15977","6042",18246.8824335308,"18115"
"15978","6042",18246.8824335308,"21041"
"15979","6042",18246.8824335308,"18029"
"15980","6042",18246.8824335308,"18137"
"15981","6042",18246.8824335308,"18155"
"15982","6042",18246.8824335308,"18077"
"15983","6042",18246.8824335308,"21223"
"15984","6043",30209.1238011411,"18031"
"15985","6043",30209.1238011411,"18041"
"15986","6043",30209.1238011411,"18029"
"15987","6043",30209.1238011411,"18139"
"15988","6043",30209.1238011411,"18137"
"15989","6043",30209.1238011411,"18161"
"15990","6043",30209.1238011411,"18047"
"15991","6044",23923.9087104433,"18035"
"15992","6044",23923.9087104433,"18065"
"15993","6044",23923.9087104433,"18177"
"15994","6044",23923.9087104433,"18135"
"15995","6045",25381.5089850547,"18009"
"15996","6045",25381.5089850547,"18179"
"15997","6045",25381.5089850547,"18075"
"15998","6045",25381.5089850547,"39107"
"15999","6045",25381.5089850547,"18001"
"16000","6046",154763.198849813,"39125"
"16001","6046",154763.198849813,"18003"
"16002","6046",154763.198849813,"18001"
"16003","6046",154763.198849813,"39161"
"16004","6047",32084.2011342086,"26023"
"16005","6047",32084.2011342086,"39171"
"16006","6047",32084.2011342086,"18033"
"16007","6047",32084.2011342086,"26059"
"16008","6047",32084.2011342086,"18151"
"16009","6048",37764.5152212192,"26023"
"16010","6048",37764.5152212192,"26075"
"16011","6048",37764.5152212192,"26025"
"16012","6048",37764.5152212192,"26059"
"16013","6049",313791.230649045,"26037"
"16014","6049",313791.230649045,"26065"
"16015","6049",313791.230649045,"26045"
"16016","6049",313791.230649045,"26067"
"16017","6050",31193.2220099138,"26037"
"16018","6050",31193.2220099138,"26057"
"16019","6050",31193.2220099138,"26145"
"16020","6051",27750.1362479329,"26051"
"16021","6051",27750.1362479329,"26035"
"16022","6051",27750.1362479329,"26073"
"16023","6051",27750.1362479329,"26111"
"16024","6052",11911.4938802801,"26135"
"16025","6052",11911.4938802801,"26143"
"16026","6052",11911.4938802801,"26039"
"16027","6052",11911.4938802801,"26129"
"16028","6053",7051.10923776727,"26135"
"16029","6053",7051.10923776727,"26137"
"16030","6053",7051.10923776727,"26119"
"16031","6053",7051.10923776727,"26039"
"16032","6054",5929.43490144379,"26141"
"16033","6054",5929.43490144379,"26031"
"16034","6055",1647.67589973125,"26033"
"16035","6055",1647.67589973125,"26097"
"16036","6056",173.216197482153,"26033"
"16037","6057",27956.0979900113,"12131"
"16038","6057",27956.0979900113,"12133"
"16039","6057",27956.0979900113,"12005"
"16040","6058",20917.4056412518,"12131"
"16041","6058",20917.4056412518,"01039"
"16042","6058",20917.4056412518,"01061"
"16043","6058",20917.4056412518,"12059"
"16044","6059",15773.2427971209,"01041"
"16045","6059",15773.2427971209,"01039"
"16046","6059",15773.2427971209,"01109"
"16047","6059",15773.2427971209,"01031"
"16048","6060",5975.14392097757,"01101"
"16049","6060",5975.14392097757,"01041"
"16050","6060",5975.14392097757,"01011"
"16051","6060",5975.14392097757,"01109"
"16052","6061",25051.8633380077,"01051"
"16053","6061",25051.8633380077,"01087"
"16054","6061",25051.8633380077,"01101"
"16055","6061",25051.8633380077,"01123"
"16056","6062",11459.8636132919,"01027"
"16057","6062",11459.8636132919,"01037"
"16058","6062",11459.8636132919,"01111"
"16059","6062",11459.8636132919,"01123"
"16060","6063",101601.163865484,"01015"
"16061","6063",101601.163865484,"01027"
"16062","6063",101601.163865484,"01029"
"16063","6063",101601.163865484,"01121"
"16064","6064",26352.4197561781,"01055"
"16065","6064",26352.4197561781,"01049"
"16066","6064",26352.4197561781,"01019"
"16067","6065",26585.6421685665,"01049"
"16068","6065",26585.6421685665,"01071"
"16069","6065",26585.6421685665,"13083"
"16070","6065",26585.6421685665,"13295"
"16071","6066",26678.1499930818,"47115"
"16072","6066",26678.1499930818,"47153"
"16073","6066",26678.1499930818,"47061"
"16074","6067",26571.079049738,"47185"
"16075","6067",26571.079049738,"47041"
"16076","6067",26571.079049738,"47177"
"16077","6067",26571.079049738,"47175"
"16078","6068",26543.5932182554,"47087"
"16079","6068",26543.5932182554,"47133"
"16080","6068",26543.5932182554,"47027"
"16081","6068",26543.5932182554,"47141"
"16082","6069",15971.7361455515,"21207"
"16083","6069",15971.7361455515,"21001"
"16084","6069",15971.7361455515,"21169"
"16085","6069",15971.7361455515,"21053"
"16086","6069",15971.7361455515,"21057"
"16087","6070",27940.890716605,"21155"
"16088","6070",27940.890716605,"21217"
"16089","6070",27940.890716605,"21229"
"16090","6070",27940.890716605,"21045"
"16091","6070",27940.890716605,"21021"
"16092","6071",29578.9140737374,"21179"
"16093","6071",29578.9140737374,"21229"
"16094","6071",29578.9140737374,"21005"
"16095","6071",29578.9140737374,"21167"
"16096","6071",29578.9140737374,"21215"
"16097","6071",29578.9140737374,"21073"
"16098","6071",29578.9140737374,"21211"
"16099","6072",21167.3519998921,"21187"
"16100","6072",21167.3519998921,"21041"
"16101","6072",21167.3519998921,"21077"
"16102","6072",21167.3519998921,"21103"
"16103","6072",21167.3519998921,"18155"
"16104","6072",21167.3519998921,"18077"
"16105","6072",21167.3519998921,"21223"
"16106","6073",63250.1768003019,"39061"
"16107","6073",63250.1768003019,"18115"
"16108","6073",63250.1768003019,"18029"
"16109","6073",63250.1768003019,"18137"
"16110","6073",63250.1768003019,"18047"
"16111","6073",63250.1768003019,"21015"
"16112","6074",56152.3580325696,"18041"
"16113","6074",56152.3580325696,"18177"
"16114","6074",56152.3580325696,"39135"
"16115","6074",56152.3580325696,"39017"
"16116","6074",56152.3580325696,"18161"
"16117","6074",56152.3580325696,"18047"
"16118","6075",25967.8178186999,"18075"
"16119","6075",25967.8178186999,"39107"
"16120","6075",25967.8178186999,"39037"
"16121","6075",25967.8178186999,"18135"
"16122","6076",38367.1577659092,"39107"
"16123","6076",38367.1577659092,"18001"
"16124","6076",38367.1577659092,"39161"
"16125","6077",23126.5559061049,"39039"
"16126","6077",23126.5559061049,"39125"
"16127","6077",23126.5559061049,"18003"
"16128","6077",23126.5559061049,"39171"
"16129","6077",23126.5559061049,"18033"
"16130","6078",34267.7298624027,"39171"
"16131","6078",34267.7298624027,"26091"
"16132","6078",34267.7298624027,"26059"
"16133","6079",77943.9759908356,"26065"
"16134","6079",77943.9759908356,"26075"
"16135","6079",77943.9759908356,"26045"
"16136","6080",63437.7446493371,"26037"
"16137","6080",63437.7446493371,"26155"
"16138","6080",63437.7446493371,"26057"
"16139","6080",63437.7446493371,"26145"
"16140","6081",85990.8620267038,"26017"
"16141","6081",85990.8620267038,"26057"
"16142","6081",85990.8620267038,"26111"
"16143","6081",85990.8620267038,"26145"
"16144","6082",12280.7689513157,"26051"
"16145","6082",12280.7689513157,"26017"
"16146","6082",12280.7689513157,"26143"
"16147","6082",12280.7689513157,"26011"
"16148","6082",12280.7689513157,"26129"
"16149","6083",7028.65762758842,"26135"
"16150","6083",7028.65762758842,"26001"
"16151","6083",7028.65762758842,"26069"
"16152","6083",7028.65762758842,"26129"
"16153","6084",4522.47136535178,"26007"
"16154","6084",4522.47136535178,"26141"
"16155","6084",4522.47136535178,"26119"
"16156","6085",0,"26033"
"16157","6086",14467.3218789767,"12131"
"16158","6086",14467.3218789767,"12133"
"16159","6086",14467.3218789767,"12059"
"16160","6087",27667.4365907317,"01061"
"16161","6087",27667.4365907317,"12059"
"16162","6087",27667.4365907317,"01045"
"16163","6087",27667.4365907317,"01031"
"16164","6087",27667.4365907317,"01069"
"16165","6088",30450.8150300267,"01005"
"16166","6088",30450.8150300267,"01045"
"16167","6088",30450.8150300267,"01011"
"16168","6088",30450.8150300267,"01109"
"16169","6088",30450.8150300267,"01031"
"16170","6089",13482.6551373859,"01087"
"16171","6089",13482.6551373859,"01101"
"16172","6089",13482.6551373859,"01011"
"16173","6090",13703.4271212078,"01051"
"16174","6090",13703.4271212078,"01017"
"16175","6090",13703.4271212078,"01123"
"16176","6090",13703.4271212078,"01081"
"16177","6091",12819.1042435218,"01027"
"16178","6091",12819.1042435218,"01029"
"16179","6091",12819.1042435218,"01111"
"16180","6092",13699.868684548,"13143"
"16181","6092",13699.868684548,"01015"
"16182","6092",13699.868684548,"01029"
"16183","6092",13699.868684548,"13233"
"16184","6092",13699.868684548,"01019"
"16185","6093",28607.642133216,"01049"
"16186","6093",28607.642133216,"13295"
"16187","6093",28607.642133216,"13115"
"16188","6093",28607.642133216,"13055"
"16189","6093",28607.642133216,"01019"
"16190","6094",232096.44667879,"47065"
"16191","6094",232096.44667879,"01071"
"16192","6094",232096.44667879,"13083"
"16193","6094",232096.44667879,"13295"
"16194","6094",232096.44667879,"47115"
"16195","6094",232096.44667879,"47153"
"16196","6094",232096.44667879,"13047"
"16197","6095",13832.3171718671,"47143"
"16198","6095",13832.3171718671,"47065"
"16199","6095",13832.3171718671,"47153"
"16200","6095",13832.3171718671,"47007"
"16201","6095",13832.3171718671,"47175"
"16202","6096",25758.042583459,"47049"
"16203","6096",25758.042583459,"47185"
"16204","6096",25758.042583459,"47035"
"16205","6096",25758.042583459,"47133"
"16206","6096",25758.042583459,"47141"
"16207","6097",17026.3126621068,"47049"
"16208","6097",17026.3126621068,"21231"
"16209","6097",17026.3126621068,"47133"
"16210","6097",17026.3126621068,"47027"
"16211","6097",17026.3126621068,"21053"
"16212","6097",17026.3126621068,"47137"
"16213","6097",17026.3126621068,"21057"
"16214","6098",22657.9134655474,"21217"
"16215","6098",22657.9134655474,"21045"
"16216","6098",22657.9134655474,"21207"
"16217","6098",22657.9134655474,"21001"
"16218","6098",22657.9134655474,"21199"
"16219","6099",26017.5998943858,"21155"
"16220","6099",26017.5998943858,"21229"
"16221","6099",26017.5998943858,"21005"
"16222","6099",26017.5998943858,"21167"
"16223","6099",26017.5998943858,"21021"
"16224","6100",56644.8204178697,"21239"
"16225","6100",56644.8204178697,"21209"
"16226","6100",56644.8204178697,"21187"
"16227","6100",56644.8204178697,"21103"
"16228","6100",56644.8204178697,"21073"
"16229","6100",56644.8204178697,"21211"
"16230","6101",46429.6163194783,"21187"
"16231","6101",46429.6163194783,"18115"
"16232","6101",46429.6163194783,"21041"
"16233","6101",46429.6163194783,"21077"
"16234","6101",46429.6163194783,"18155"
"16235","6101",46429.6163194783,"21081"
"16236","6101",46429.6163194783,"21015"
"16237","6102",191569.629873313,"39061"
"16238","6102",191569.629873313,"39017"
"16239","6102",191569.629873313,"18029"
"16240","6102",191569.629873313,"18161"
"16241","6102",191569.629873313,"18047"
"16242","6103",38433.1107104218,"18177"
"16243","6103",38433.1107104218,"39135"
"16244","6103",38433.1107104218,"39037"
"16245","6103",38433.1107104218,"18135"
"16246","6103",38433.1107104218,"39113"
"16247","6104",52604.2915247566,"39107"
"16248","6104",52604.2915247566,"39037"
"16249","6104",52604.2915247566,"39149"
"16250","6104",52604.2915247566,"39011"
"16251","6105",18212.336505986,"39125"
"16252","6105",18212.336505986,"39137"
"16253","6105",18212.336505986,"39161"
"16254","6106",35260.2316494784,"39039"
"16255","6106",35260.2316494784,"39171"
"16256","6106",35260.2316494784,"26091"
"16257","6106",35260.2316494784,"39069"
"16258","6106",35260.2316494784,"39051"
"16259","6106",35260.2316494784,"26059"
"16260","6107",106061.210001387,"26075"
"16261","6107",106061.210001387,"26091"
"16262","6107",106061.210001387,"26161"
"16263","6107",106061.210001387,"26059"
"16264","6108",67575.2787613024,"26037"
"16265","6108",67575.2787613024,"26065"
"16266","6108",67575.2787613024,"26155"
"16267","6108",67575.2787613024,"26093"
"16268","6109",28127.5148852446,"26155"
"16269","6109",28127.5148852446,"26145"
"16270","6109",28127.5148852446,"26049"
"16271","6110",39220.6949824591,"26051"
"16272","6110",39220.6949824591,"26017"
"16273","6110",39220.6949824591,"26011"
"16274","6110",39220.6949824591,"26111"
"16275","6111",15050.7118292812,"26011"
"16276","6111",15050.7118292812,"26069"
"16277","6111",15050.7118292812,"26129"
"16278","6112",3010.34777133926,"26135"
"16279","6112",3010.34777133926,"26007"
"16280","6112",3010.34777133926,"26119"
"16281","6112",3010.34777133926,"26001"
"16282","6113",5733.75098776082,"26141"
"16283","6114",937.035840367699,"26033"
"16284","6115",76484.0148034099,"12131"
"16285","6115",76484.0148034099,"12133"
"16286","6115",76484.0148034099,"12005"
"16287","6116",19803.4190868417,"12133"
"16288","6116",19803.4190868417,"01061"
"16289","6116",19803.4190868417,"12059"
"16290","6116",19803.4190868417,"12063"
"16291","6117",61630.3755256471,"01045"
"16292","6117",61630.3755256471,"01031"
"16293","6117",61630.3755256471,"01069"
"16294","6118",5894.23891231875,"01005"
"16295","6118",5894.23891231875,"01011"
"16296","6118",5894.23891231875,"01109"
"16297","6119",91884.596323481,"01113"
"16298","6119",91884.596323481,"01087"
"16299","6119",91884.596323481,"01123"
"16300","6119",91884.596323481,"01081"
"16301","6120",14164.9507530725,"01017"
"16302","6120",14164.9507530725,"01111"
"16303","6120",14164.9507530725,"01123"
"16304","6121",24837.902806397,"13143"
"16305","6121",24837.902806397,"01029"
"16306","6121",24837.902806397,"01111"
"16307","6121",24837.902806397,"13045"
"16308","6122",83789.9753752213,"13233"
"16309","6122",83789.9753752213,"13115"
"16310","6122",83789.9753752213,"13055"
"16311","6122",83789.9753752213,"01019"
"16312","6123",51627.7041551804,"13313"
"16313","6123",51627.7041551804,"13295"
"16314","6123",51627.7041551804,"13047"
"16315","6123",51627.7041551804,"13115"
"16316","6123",51627.7041551804,"13055"
"16317","6123",51627.7041551804,"13129"
"16318","6124",124085.116813409,"47121"
"16319","6124",124085.116813409,"47065"
"16320","6124",124085.116813409,"47153"
"16321","6124",124085.116813409,"47007"
"16322","6124",124085.116813409,"47011"
"16323","6125",37082.7528812093,"47143"
"16324","6125",37082.7528812093,"47185"
"16325","6125",37082.7528812093,"47035"
"16326","6125",37082.7528812093,"47007"
"16327","6125",37082.7528812093,"47175"
"16328","6126",17545.6915198192,"47049"
"16329","6126",17545.6915198192,"47129"
"16330","6126",17545.6915198192,"47133"
"16331","6126",17545.6915198192,"47137"
"16332","6127",26467.4183572443,"21231"
"16333","6127",26467.4183572443,"21207"
"16334","6127",26467.4183572443,"21199"
"16335","6127",26467.4183572443,"21053"
"16336","6128",28528.3146253964,"21045"
"16337","6128",28528.3146253964,"21021"
"16338","6128",28528.3146253964,"21137"
"16339","6129",130173.452553872,"21239"
"16340","6129",130173.452553872,"21005"
"16341","6129",130173.452553872,"21167"
"16342","6129",130173.452553872,"21209"
"16343","6129",130173.452553872,"21067"
"16344","6129",130173.452553872,"21113"
"16345","6129",130173.452553872,"21073"
"16346","6130",22613.5673231317,"21097"
"16347","6130",22613.5673231317,"21209"
"16348","6130",22613.5673231317,"21187"
"16349","6130",22613.5673231317,"21191"
"16350","6130",22613.5673231317,"21081"
"16351","6131",855086.54929334,"39061"
"16352","6131",855086.54929334,"21015"
"16353","6131",855086.54929334,"21117"
"16354","6131",855086.54929334,"21037"
"16355","6132",125985.044965566,"39135"
"16356","6132",125985.044965566,"39165"
"16357","6132",125985.044965566,"39017"
"16358","6132",125985.044965566,"39113"
"16359","6133",59662.6566037752,"39037"
"16360","6133",59662.6566037752,"39149"
"16361","6133",59662.6566037752,"39109"
"16362","6134",82153.6600449705,"39137"
"16363","6134",82153.6600449705,"39107"
"16364","6134",82153.6600449705,"39161"
"16365","6134",82153.6600449705,"39003"
"16366","6134",82153.6600449705,"39011"
"16367","6135",43086.8819005217,"39039"
"16368","6135",43086.8819005217,"39125"
"16369","6135",43086.8819005217,"39137"
"16370","6135",43086.8819005217,"39069"
"16371","6136",51591.3295815434,"26091"
"16372","6136",51591.3295815434,"39051"
"16373","6136",51591.3295815434,"26059"
"16374","6137",73356.9584777813,"26065"
"16375","6137",73356.9584777813,"26075"
"16376","6137",73356.9584777813,"26093"
"16377","6137",73356.9584777813,"26161"
"16378","6138",98162.0564800835,"26155"
"16379","6138",98162.0564800835,"26093"
"16380","6138",98162.0564800835,"26049"
"16381","6139",197983.964234587,"26017"
"16382","6139",197983.964234587,"26145"
"16383","6139",197983.964234587,"26157"
"16384","6140",9051.84799614868,"26017"
"16385","6140",9051.84799614868,"26011"
"16386","6140",9051.84799614868,"26069"
"16387","6141",3832.69485859943,"26001"
"16388","6141",3832.69485859943,"26069"
"16389","6141",3832.69485859943,"26129"
"16390","6142",23410.689290991,"26007"
"16391","6142",23410.689290991,"26141"
"16392","6143",63446.7127180863,"12005"
"16393","6144",17773.2757202013,"12133"
"16394","6144",17773.2757202013,"12005"
"16395","6144",17773.2757202013,"12063"
"16396","6145",91707.6381263894,"01061"
"16397","6145",91707.6381263894,"12059"
"16398","6145",91707.6381263894,"01045"
"16399","6145",91707.6381263894,"12063"
"16400","6145",91707.6381263894,"01069"
"16401","6146",8372.2673592596,"01005"
"16402","6146",8372.2673592596,"01067"
"16403","6146",8372.2673592596,"01045"
"16404","6147",3541.82324020782,"01005"
"16405","6147",3541.82324020782,"01113"
"16406","6147",3541.82324020782,"01087"
"16407","6147",3541.82324020782,"01011"
"16408","6148",61868.5736145083,"01017"
"16409","6148",61868.5736145083,"13145"
"16410","6148",61868.5736145083,"13285"
"16411","6148",61868.5736145083,"01081"
"16412","6149",17651.0218712937,"13149"
"16413","6149",17651.0218712937,"01111"
"16414","6149",17651.0218712937,"13285"
"16415","6149",17651.0218712937,"13045"
"16416","6150",68290.6015997188,"13143"
"16417","6150",68290.6015997188,"13233"
"16418","6150",68290.6015997188,"13223"
"16419","6150",68290.6015997188,"13045"
"16420","6151",79312.1072549452,"13295"
"16421","6151",79312.1072549452,"13015"
"16422","6151",79312.1072549452,"13115"
"16423","6151",79312.1072549452,"13055"
"16424","6151",79312.1072549452,"13129"
"16425","6152",173514.701555846,"13313"
"16426","6152",173514.701555846,"13213"
"16427","6152",173514.701555846,"47065"
"16428","6152",173514.701555846,"13047"
"16429","6152",173514.701555846,"47011"
"16430","6153",38706.4750834924,"47121"
"16431","6153",38706.4750834924,"47107"
"16432","6153",38706.4750834924,"47143"
"16433","6153",38706.4750834924,"47065"
"16434","6153",38706.4750834924,"47007"
"16435","6153",38706.4750834924,"47011"
"16436","6154",21553.1142970377,"47049"
"16437","6154",21553.1142970377,"47035"
"16438","6154",21553.1142970377,"47129"
"16439","6155",3202.3470796126,"47049"
"16440","6155",3202.3470796126,"21231"
"16441","6155",3202.3470796126,"47151"
"16442","6155",3202.3470796126,"21147"
"16443","6155",3202.3470796126,"47137"
"16444","6156",57419.1803588942,"21231"
"16445","6156",57419.1803588942,"21045"
"16446","6156",57419.1803588942,"21137"
"16447","6156",57419.1803588942,"21199"
"16448","6157",63109.8578109604,"21151"
"16449","6157",63109.8578109604,"21167"
"16450","6157",63109.8578109604,"21079"
"16451","6157",63109.8578109604,"21113"
"16452","6157",63109.8578109604,"21021"
"16453","6157",63109.8578109604,"21137"
"16454","6158",93078.4496361586,"21017"
"16455","6158",93078.4496361586,"21239"
"16456","6158",93078.4496361586,"21097"
"16457","6158",93078.4496361586,"21209"
"16458","6158",93078.4496361586,"21067"
"16459","6159",54934.1562141553,"39025"
"16460","6159",54934.1562141553,"21191"
"16461","6159",54934.1562141553,"21081"
"16462","6159",54934.1562141553,"21015"
"16463","6159",54934.1562141553,"21117"
"16464","6159",54934.1562141553,"21037"
"16465","6159",54934.1562141553,"21023"
"16466","6160",557450.668401378,"39061"
"16467","6160",557450.668401378,"39025"
"16468","6160",557450.668401378,"39165"
"16469","6160",557450.668401378,"39017"
"16470","6161",346752.288185448,"39037"
"16471","6161",346752.288185448,"39057"
"16472","6161",346752.288185448,"39023"
"16473","6161",346752.288185448,"39113"
"16474","6161",346752.288185448,"39109"
"16475","6162",55281.9493730077,"39091"
"16476","6162",55281.9493730077,"39149"
"16477","6162",55281.9493730077,"39011"
"16478","6163",33813.7449227007,"39137"
"16479","6163",33813.7449227007,"39063"
"16480","6163",33813.7449227007,"39003"
"16481","6164",52343.10345158,"39095"
"16482","6164",52343.10345158,"39069"
"16483","6164",52343.10345158,"39051"
"16484","6164",52343.10345158,"39173"
"16485","6165",71727.553501706,"26115"
"16486","6165",71727.553501706,"26091"
"16487","6165",71727.553501706,"26161"
"16488","6166",194233.440998151,"26125"
"16489","6166",194233.440998151,"26093"
"16490","6166",194233.440998151,"26049"
"16491","6167",201507.880172113,"26087"
"16492","6167",201507.880172113,"26145"
"16493","6167",201507.880172113,"26049"
"16494","6167",201507.880172113,"26157"
"16495","6168",6083.74124974297,"26063"
"16496","6168",6083.74124974297,"26017"
"16497","6168",6083.74124974297,"26157"
"16498","6169",10917.7833238605,"26011"
"16499","6169",10917.7833238605,"26069"
"16500","6170",6597.77820024261,"26007"
"16501","6170",6597.77820024261,"26001"
"16502","6171",581.921671029881,"26141"
"16503","6172",189.441734850838,"12045"
"16504","6173",42016.8425902816,"12013"
"16505","6173",42016.8425902816,"12045"
"16506","6173",42016.8425902816,"12005"
"16507","6174",31208.3594468817,"12133"
"16508","6174",31208.3594468817,"12059"
"16509","6174",31208.3594468817,"12063"
"16510","6174",31208.3594468817,"01069"
"16511","6175",36541.4560343645,"01067"
"16512","6175",36541.4560343645,"01045"
"16513","6175",36541.4560343645,"01069"
"16514","6176",16624.434538182,"01005"
"16515","6176",16624.434538182,"01113"
"16516","6176",16624.434538182,"13239"
"16517","6176",16624.434538182,"13259"
"16518","6177",135899.559570407,"01113"
"16519","6177",135899.559570407,"13215"
"16520","6177",135899.559570407,"13145"
"16521","6177",135899.559570407,"13053"
"16522","6177",135899.559570407,"01081"
"16523","6178",66036.527608663,"13149"
"16524","6178",66036.527608663,"01017"
"16525","6178",66036.527608663,"13145"
"16526","6178",66036.527608663,"01111"
"16527","6178",66036.527608663,"13285"
"16528","6179",120244.287730624,"13121"
"16529","6179",120244.287730624,"13149"
"16530","6179",120244.287730624,"13077"
"16531","6179",120244.287730624,"13143"
"16532","6179",120244.287730624,"13045"
"16533","6179",120244.287730624,"13097"
"16534","6180",135754.433765116,"13233"
"16535","6180",135754.433765116,"13223"
"16536","6180",135754.433765116,"13015"
"16537","6180",135754.433765116,"13115"
"16538","6180",135754.433765116,"13067"
"16539","6181",118833.13145753,"13313"
"16540","6181",118833.13145753,"13123"
"16541","6181",118833.13145753,"13213"
"16542","6181",118833.13145753,"13129"
"16543","6182",110828.554900641,"47121"
"16544","6182",110828.554900641,"47107"
"16545","6182",110828.554900641,"47065"
"16546","6182",110828.554900641,"47139"
"16547","6182",110828.554900641,"47011"
"16548","6183",36680.1152764518,"47121"
"16549","6183",36680.1152764518,"47107"
"16550","6183",36680.1152764518,"47123"
"16551","6183",36680.1152764518,"47143"
"16552","6183",36680.1152764518,"47035"
"16553","6183",36680.1152764518,"47129"
"16554","6183",36680.1152764518,"47145"
"16555","6183",36680.1152764518,"47105"
"16556","6184",14166.8261136608,"47049"
"16557","6184",14166.8261136608,"47151"
"16558","6184",14166.8261136608,"47129"
"16559","6185",17063.1206363059,"21231"
"16560","6185",17063.1206363059,"21125"
"16561","6185",17063.1206363059,"21147"
"16562","6185",17063.1206363059,"21235"
"16563","6185",17063.1206363059,"21199"
"16564","6186",26053.8969781054,"21151"
"16565","6186",26053.8969781054,"21079"
"16566","6186",26053.8969781054,"21203"
"16567","6186",26053.8969781054,"21137"
"16568","6186",26053.8969781054,"21199"
"16569","6187",296391.525373935,"21017"
"16570","6187",296391.525373935,"21151"
"16571","6187",296391.525373935,"21049"
"16572","6187",296391.525373935,"21067"
"16573","6187",296391.525373935,"21113"
"16574","6188",20744.5068625387,"21017"
"16575","6188",20744.5068625387,"21097"
"16576","6188",20744.5068625387,"21181"
"16577","6188",20744.5068625387,"21201"
"16578","6188",20744.5068625387,"21191"
"16579","6188",20744.5068625387,"21023"
"16580","6189",216902.620914087,"39061"
"16581","6189",216902.620914087,"39025"
"16582","6189",216902.620914087,"39015"
"16583","6189",216902.620914087,"21037"
"16584","6190",372424.894494848,"39165"
"16585","6190",372424.894494848,"39057"
"16586","6190",372424.894494848,"39027"
"16587","6190",372424.894494848,"39113"
"16588","6191",26580.1203274445,"39091"
"16589","6191",26580.1203274445,"39023"
"16590","6191",26580.1203274445,"39149"
"16591","6191",26580.1203274445,"39109"
"16592","6191",26580.1203274445,"39021"
"16593","6192",41406.0831756432,"39091"
"16594","6192",41406.0831756432,"39065"
"16595","6192",41406.0831756432,"39063"
"16596","6192",41406.0831756432,"39003"
"16597","6192",41406.0831756432,"39011"
"16598","6193",23814.8811001943,"39137"
"16599","6193",23814.8811001943,"39069"
"16600","6193",23814.8811001943,"39063"
"16601","6193",23814.8811001943,"39173"
"16602","6194",290045.05367745,"26115"
"16603","6194",290045.05367745,"39095"
"16604","6194",290045.05367745,"26091"
"16605","6194",290045.05367745,"39051"
"16606","6195",543177.773497325,"26163"
"16607","6195",543177.773497325,"26125"
"16608","6195",543177.773497325,"26093"
"16609","6195",543177.773497325,"26161"
"16610","6196",214628.294559686,"26125"
"16611","6196",214628.294559686,"26093"
"16612","6196",214628.294559686,"26087"
"16613","6196",214628.294559686,"26049"
"16614","6197",30540.2394427897,"26087"
"16615","6197",30540.2394427897,"26157"
"16616","6198",6193.65676987486,"26063"
"16617","6198",6193.65676987486,"26011"
"16618","6199",9954.54690628471,"26001"
"16619","6199",9954.54690628471,"26069"
"16620","6200",87.1800618648578,"26007"
"16621","6201",9669.80265896912,"12077"
"16622","6201",9669.80265896912,"12045"
"16623","6201",9669.80265896912,"12005"
"16624","6202",13934.7987571793,"12013"
"16625","6202",13934.7987571793,"12005"
"16626","6202",13934.7987571793,"12063"
"16627","6203",19414.5755371367,"13253"
"16628","6203",19414.5755371367,"13099"
"16629","6203",19414.5755371367,"12063"
"16630","6203",19414.5755371367,"01069"
"16631","6204",9019.96641991621,"01005"
"16632","6204",9019.96641991621,"13243"
"16633","6204",9019.96641991621,"13239"
"16634","6204",9019.96641991621,"01067"
"16635","6204",9019.96641991621,"13099"
"16636","6204",9019.96641991621,"13061"
"16637","6205",8838.88717003784,"01005"
"16638","6205",8838.88717003784,"01113"
"16639","6205",8838.88717003784,"13053"
"16640","6205",8838.88717003784,"13259"
"16641","6206",45595.7830747428,"13215"
"16642","6206",45595.7830747428,"13145"
"16643","6206",45595.7830747428,"13285"
"16644","6206",45595.7830747428,"13199"
"16645","6206",45595.7830747428,"01081"
"16646","6207",120684.26867774,"13149"
"16647","6207",120684.26867774,"13077"
"16648","6207",120684.26867774,"13285"
"16649","6207",120684.26867774,"13199"
"16650","6208",528720.104058541,"13121"
"16651","6208",528720.104058541,"13223"
"16652","6208",528720.104058541,"13067"
"16653","6208",528720.104058541,"13045"
"16654","6208",528720.104058541,"13097"
"16655","6209",47788.1895967069,"13123"
"16656","6209",47788.1895967069,"13057"
"16657","6209",47788.1895967069,"13015"
"16658","6209",47788.1895967069,"13129"
"16659","6209",47788.1895967069,"13227"
"16660","6210",15976.5590022876,"13123"
"16661","6210",15976.5590022876,"13213"
"16662","6210",15976.5590022876,"13111"
"16663","6210",15976.5590022876,"47139"
"16664","6210",15976.5590022876,"47011"
"16665","6211",72564.4141052503,"47121"
"16666","6211",72564.4141052503,"47107"
"16667","6211",72564.4141052503,"47123"
"16668","6211",72564.4141052503,"47105"
"16669","6212",63360.0042848369,"47001"
"16670","6212",63360.0042848369,"47151"
"16671","6212",63360.0042848369,"47129"
"16672","6212",63360.0042848369,"47145"
"16673","6212",63360.0042848369,"47105"
"16674","6212",63360.0042848369,"47093"
"16675","6213",24002.9075314199,"47151"
"16676","6213",24002.9075314199,"47013"
"16677","6213",24002.9075314199,"21147"
"16678","6213",24002.9075314199,"21235"
"16679","6214",37449.1660892882,"21125"
"16680","6214",37449.1660892882,"21147"
"16681","6214",37449.1660892882,"21235"
"16682","6214",37449.1660892882,"21203"
"16683","6214",37449.1660892882,"21199"
"16684","6215",89767.5520205667,"21065"
"16685","6215",89767.5520205667,"21151"
"16686","6215",89767.5520205667,"21109"
"16687","6215",89767.5520205667,"21079"
"16688","6215",89767.5520205667,"21203"
"16689","6216",26941.6267880456,"21017"
"16690","6216",26941.6267880456,"21049"
"16691","6216",26941.6267880456,"21097"
"16692","6216",26941.6267880456,"21181"
"16693","6216",26941.6267880456,"21011"
"16694","6216",26941.6267880456,"21173"
"16695","6217",29269.720828534,"21201"
"16696","6217",29269.720828534,"39025"
"16697","6217",29269.720828534,"21191"
"16698","6217",29269.720828534,"39015"
"16699","6217",29269.720828534,"21023"
"16700","6217",29269.720828534,"21161"
"16701","6218",52108.346116071,"39025"
"16702","6218",52108.346116071,"39165"
"16703","6218",52108.346116071,"39071"
"16704","6218",52108.346116071,"39027"
"16705","6218",52108.346116071,"39015"
"16706","6219",163841.769149769,"39097"
"16707","6219",163841.769149769,"39057"
"16708","6219",163841.769149769,"39023"
"16709","6219",163841.769149769,"39021"
"16710","6220",41767.9395320596,"39159"
"16711","6220",41767.9395320596,"39091"
"16712","6220",41767.9395320596,"39065"
"16713","6220",41767.9395320596,"39021"
"16714","6221",67465.0334649778,"39175"
"16715","6221",67465.0334649778,"39147"
"16716","6221",67465.0334649778,"39065"
"16717","6221",67465.0334649778,"39063"
"16718","6222",254965.097945516,"39095"
"16719","6222",254965.097945516,"39123"
"16720","6222",254965.097945516,"39143"
"16721","6222",254965.097945516,"39173"
"16722","6223",153282.257020903,"26115"
"16723","6223",153282.257020903,"26163"
"16724","6223",153282.257020903,"26161"
"16725","6224",843339.174246147,"26163"
"16726","6224",843339.174246147,"26125"
"16727","6225",59566.2183679475,"26087"
"16728","6225",59566.2183679475,"26049"
"16729","6225",59566.2183679475,"26157"
"16730","6226",16036.5636477612,"26063"
"16731","6226",16036.5636477612,"26151"
"16732","6226",16036.5636477612,"26157"
"16733","6227",6841.68457125818,"12037"
"16734","6227",6841.68457125818,"12045"
"16735","6228",7796.76548875433,"12077"
"16736","6228",7796.76548875433,"12013"
"16737","6228",7796.76548875433,"12045"
"16738","6229",23515.3605326613,"12039"
"16739","6229",23515.3605326613,"12013"
"16740","6229",23515.3605326613,"13253"
"16741","6229",23515.3605326613,"13087"
"16742","6229",23515.3605326613,"12063"
"16743","6230",8752.12878070941,"13201"
"16744","6230",8752.12878070941,"13037"
"16745","6230",8752.12878070941,"01067"
"16746","6230",8752.12878070941,"13099"
"16747","6230",8752.12878070941,"13061"
"16748","6230",8752.12878070941,"01069"
"16749","6231",8793.37683223599,"13243"
"16750","6231",8793.37683223599,"13239"
"16751","6231",8793.37683223599,"13259"
"16752","6231",8793.37683223599,"13307"
"16753","6231",8793.37683223599,"13061"
"16754","6232",143564.52417934,"01113"
"16755","6232",143564.52417934,"13215"
"16756","6232",143564.52417934,"13197"
"16757","6232",143564.52417934,"13145"
"16758","6232",143564.52417934,"13053"
"16759","6232",143564.52417934,"13263"
"16760","6233",17179.6973833855,"13145"
"16761","6233",17179.6973833855,"13285"
"16762","6233",17179.6973833855,"13293"
"16763","6233",17179.6973833855,"13199"
"16764","6233",17179.6973833855,"13231"
"16765","6233",17179.6973833855,"13263"
"16766","6234",327956.329631486,"13121"
"16767","6234",327956.329631486,"13077"
"16768","6234",327956.329631486,"13113"
"16769","6234",327956.329631486,"13063"
"16770","6234",327956.329631486,"13097"
"16771","6235",707520.046313539,"13121"
"16772","6235",707520.046313539,"13223"
"16773","6235",707520.046313539,"13057"
"16774","6235",707520.046313539,"13015"
"16775","6235",707520.046313539,"13067"
"16776","6236",42806.6510217578,"13123"
"16777","6236",42806.6510217578,"13213"
"16778","6236",42806.6510217578,"13111"
"16779","6236",42806.6510217578,"13085"
"16780","6236",42806.6510217578,"13129"
"16781","6236",42806.6510217578,"13227"
"16782","6237",10918.3977912646,"37039"
"16783","6237",10918.3977912646,"47107"
"16784","6237",10918.3977912646,"47123"
"16785","6237",10918.3977912646,"47139"
"16786","6238",95512.9358379847,"47123"
"16787","6238",95512.9358379847,"47009"
"16788","6238",95512.9358379847,"47145"
"16789","6238",95512.9358379847,"47105"
"16790","6238",95512.9358379847,"47093"
"16791","6239",45290.6979349732,"47001"
"16792","6239",45290.6979349732,"47173"
"16793","6239",45290.6979349732,"47151"
"16794","6239",45290.6979349732,"47013"
"16795","6240",49375.1027459655,"21125"
"16796","6240",49375.1027459655,"21147"
"16797","6240",49375.1027459655,"21235"
"16798","6240",49375.1027459655,"21121"
"16799","6241",16579.2886126968,"21189"
"16800","6241",16579.2886126968,"21109"
"16801","6241",16579.2886126968,"21125"
"16802","6241",16579.2886126968,"21051"
"16803","6241",16579.2886126968,"21203"
"16804","6242",45270.7401001504,"21065"
"16805","6242",45270.7401001504,"21151"
"16806","6242",45270.7401001504,"21049"
"16807","6242",45270.7401001504,"21197"
"16808","6242",45270.7401001504,"21165"
"16809","6242",45270.7401001504,"21011"
"16810","6242",45270.7401001504,"21173"
"16811","6243",17760.071548575,"21069"
"16812","6243",17760.071548575,"21135"
"16813","6243",17760.071548575,"21181"
"16814","6243",17760.071548575,"21011"
"16815","6243",17760.071548575,"21201"
"16816","6243",17760.071548575,"21023"
"16817","6243",17760.071548575,"21161"
"16818","6244",29840.4586759577,"39001"
"16819","6244",29840.4586759577,"39071"
"16820","6244",29840.4586759577,"39015"
"16821","6245",25784.0159582052,"39047"
"16822","6245",25784.0159582052,"39097"
"16823","6245",25784.0159582052,"39057"
"16824","6245",25784.0159582052,"39027"
"16825","6246",39459.6786674239,"39159"
"16826","6246",39459.6786674239,"39097"
"16827","6246",39459.6786674239,"39091"
"16828","6246",39459.6786674239,"39023"
"16829","6246",39459.6786674239,"39021"
"16830","6247",22535.9227153039,"39175"
"16831","6247",22535.9227153039,"39159"
"16832","6247",22535.9227153039,"39091"
"16833","6247",22535.9227153039,"39065"
"16834","6247",22535.9227153039,"39101"
"16835","6248",46422.6494539026,"39147"
"16836","6248",46422.6494539026,"39143"
"16837","6248",46422.6494539026,"39063"
"16838","6248",46422.6494539026,"39173"
"16839","6249",34885.895495173,"26115"
"16840","6249",34885.895495173,"39095"
"16841","6249",34885.895495173,"39123"
"16842","6250",1071587.06599412,"26163"
"16843","6250",1071587.06599412,"26125"
"16844","6251",188368.031702072,"26099"
"16845","6251",188368.031702072,"26147"
"16846","6251",188368.031702072,"26125"
"16847","6251",188368.031702072,"26087"
"16848","6252",18472.4448687793,"26087"
"16849","6252",18472.4448687793,"26151"
"16850","6252",18472.4448687793,"26157"
"16851","6253",9241.4148902902,"26063"
"16852","6254",702.921701987784,"12077"
"16853","6254",702.921701987784,"12037"
"16854","6254",702.921701987784,"12045"
"16855","6255",15097.9529220943,"12039"
"16856","6255",15097.9529220943,"12077"
"16857","6255",15097.9529220943,"12013"
"16858","6255",15097.9529220943,"12063"
"16859","6256",12743.0323363566,"13201"
"16860","6256",12743.0323363566,"13253"
"16861","6256",12743.0323363566,"13099"
"16862","6256",12743.0323363566,"13087"
"16863","6257",7734.59824963857,"13037"
"16864","6257",7734.59824963857,"13243"
"16865","6257",7734.59824963857,"13273"
"16866","6257",7734.59824963857,"13099"
"16867","6257",7734.59824963857,"13061"
"16868","6258",6504.69540834657,"13197"
"16869","6258",6504.69540834657,"13053"
"16870","6258",6504.69540834657,"13249"
"16871","6258",6504.69540834657,"13259"
"16872","6258",6504.69540834657,"13307"
"16873","6259",9381.87523881548,"13269"
"16874","6259",9381.87523881548,"13197"
"16875","6259",9381.87523881548,"13145"
"16876","6259",9381.87523881548,"13293"
"16877","6259",9381.87523881548,"13199"
"16878","6259",9381.87523881548,"13263"
"16879","6260",102711.732474431,"13077"
"16880","6260",102711.732474431,"13113"
"16881","6260",102711.732474431,"13151"
"16882","6260",102711.732474431,"13063"
"16883","6260",102711.732474431,"13255"
"16884","6260",102711.732474431,"13199"
"16885","6260",102711.732474431,"13231"
"16886","6261",1253065.04377054,"13121"
"16887","6261",1253065.04377054,"13135"
"16888","6261",1253065.04377054,"13063"
"16889","6261",1253065.04377054,"13089"
"16890","6261",1253065.04377054,"13067"
"16891","6261",1253065.04377054,"13097"
"16892","6262",150056.768424454,"13121"
"16893","6262",150056.768424454,"13117"
"16894","6262",150056.768424454,"13057"
"16895","6262",150056.768424454,"13085"
"16896","6262",150056.768424454,"13227"
"16897","6263",40715.1799357816,"13291"
"16898","6263",40715.1799357816,"37039"
"16899","6263",40715.1799357816,"13123"
"16900","6263",40715.1799357816,"13111"
"16901","6263",40715.1799357816,"47139"
"16902","6264",11906.1550878779,"37075"
"16903","6264",11906.1550878779,"47123"
"16904","6264",11906.1550878779,"47009"
"16905","6264",11906.1550878779,"37173"
"16906","6265",450160.44980578,"47001"
"16907","6265",450160.44980578,"47009"
"16908","6265",450160.44980578,"47093"
"16909","6266",19040.0426457007,"47173"
"16910","6266",19040.0426457007,"47013"
"16911","6266",19040.0426457007,"47025"
"16912","6266",19040.0426457007,"21235"
"16913","6266",19040.0426457007,"21013"
"16914","6266",19040.0426457007,"21121"
"16915","6267",37297.5820217512,"21125"
"16916","6267",37297.5820217512,"21051"
"16917","6267",37297.5820217512,"21121"
"16918","6268",14376.2694013842,"21065"
"16919","6268",14376.2694013842,"21189"
"16920","6268",14376.2694013842,"21237"
"16921","6268",14376.2694013842,"21109"
"16922","6268",14376.2694013842,"21197"
"16923","6268",14376.2694013842,"21129"
"16924","6269",20550.447753969,"21069"
"16925","6269",20550.447753969,"21181"
"16926","6269",20550.447753969,"21205"
"16927","6269",20550.447753969,"21165"
"16928","6269",20550.447753969,"21011"
"16929","6269",20550.447753969,"21173"
"16930","6270",28832.4715583327,"21135"
"16931","6270",28832.4715583327,"39001"
"16932","6270",28832.4715583327,"39015"
"16933","6270",28832.4715583327,"21161"
"16934","6271",37901.5754667055,"39047"
"16935","6271",37901.5754667055,"39131"
"16936","6271",37901.5754667055,"39071"
"16937","6271",37901.5754667055,"39027"
"16938","6271",37901.5754667055,"39141"
"16939","6272",34219.8889558249,"39047"
"16940","6272",34219.8889558249,"39129"
"16941","6272",34219.8889558249,"39097"
"16942","6272",34219.8889558249,"39023"
"16943","6272",34219.8889558249,"39049"
"16944","6273",67214.5657175126,"39159"
"16945","6273",67214.5657175126,"39041"
"16946","6273",67214.5657175126,"39101"
"16947","6274",23999.0566960261,"39175"
"16948","6274",23999.0566960261,"39147"
"16949","6274",23999.0566960261,"39033"
"16950","6275",57563.4992776284,"39043"
"16951","6275",57563.4992776284,"39123"
"16952","6275",57563.4992776284,"39143"
"16953","6276",7816.04240749706,"26115"
"16954","6276",7816.04240749706,"26163"
"16955","6277",1024493.78010702,"26099"
"16956","6277",1024493.78010702,"26147"
"16957","6277",1024493.78010702,"26163"
"16958","6277",1024493.78010702,"26125"
"16959","6278",27255.0377496432,"26147"
"16960","6278",27255.0377496432,"26087"
"16961","6278",27255.0377496432,"26151"
"16962","6279",6598.58273730985,"26063"
"16963","6279",6598.58273730985,"26151"
"16964","6280",3511.65208130182,"12037"
"16965","6281",854.253125759376,"12073"
"16966","6281",854.253125759376,"12077"
"16967","6281",854.253125759376,"12129"
"16968","6282",25093.4156867147,"12039"
"16969","6282",25093.4156867147,"13253"
"16970","6282",25093.4156867147,"13087"
"16971","6283",3615.0385561588,"13007"
"16972","6283",3615.0385561588,"13201"
"16973","6283",3615.0385561588,"13037"
"16974","6283",3615.0385561588,"13205"
"16975","6283",3615.0385561588,"13099"
"16976","6284",8924.76185969195,"13261"
"16977","6284",8924.76185969195,"13243"
"16978","6284",8924.76185969195,"13273"
"16979","6284",8924.76185969195,"13177"
"16980","6284",8924.76185969195,"13259"
"16981","6284",8924.76185969195,"13307"
"16982","6285",10387.363833104,"13269"
"16983","6285",10387.363833104,"13197"
"16984","6285",10387.363833104,"13249"
"16985","6285",10387.363833104,"13193"
"16986","6285",10387.363833104,"13263"
"16987","6286",42694.8366497157,"13171"
"16988","6286",42694.8366497157,"13293"
"16989","6286",42694.8366497157,"13199"
"16990","6286",42694.8366497157,"13231"
"16991","6286",42694.8366497157,"13263"
"16992","6287",558843.633286756,"13217"
"16993","6287",558843.633286756,"13113"
"16994","6287",558843.633286756,"13151"
"16995","6287",558843.633286756,"13063"
"16996","6287",558843.633286756,"13089"
"16997","6287",558843.633286756,"13255"
"16998","6287",558843.633286756,"13247"
"16999","6288",1078406.32749905,"13121"
"17000","6288",1078406.32749905,"13139"
"17001","6288",1078406.32749905,"13135"
"17002","6288",1078406.32749905,"13117"
"17003","6288",1078406.32749905,"13089"
"17004","6289",40879.2694454356,"13291"
"17005","6289",40879.2694454356,"13123"
"17006","6289",40879.2694454356,"13311"
"17007","6289",40879.2694454356,"13111"
"17008","6289",40879.2694454356,"13085"
"17009","6289",40879.2694454356,"13187"
"17010","6290",28216.1548235244,"13291"
"17011","6290",28216.1548235244,"37039"
"17012","6290",28216.1548235244,"37043"
"17013","6290",28216.1548235244,"37075"
"17014","6290",28216.1548235244,"47123"
"17015","6290",28216.1548235244,"13281"
"17016","6291",112434.423013066,"47155"
"17017","6291",112434.423013066,"47009"
"17018","6291",112434.423013066,"37173"
"17019","6291",112434.423013066,"47093"
"17020","6292",52305.6827040829,"47001"
"17021","6292",52305.6827040829,"47173"
"17022","6292",52305.6827040829,"47057"
"17023","6292",52305.6827040829,"47013"
"17024","6292",52305.6827040829,"47089"
"17025","6292",52305.6827040829,"47025"
"17026","6292",52305.6827040829,"47093"
"17027","6293",32580.2050744016,"21235"
"17028","6293",32580.2050744016,"21013"
"17029","6293",32580.2050744016,"21121"
"17030","6293",32580.2050744016,"21095"
"17031","6294",9331.43737527611,"21131"
"17032","6294",9331.43737527611,"21189"
"17033","6294",9331.43737527611,"21025"
"17034","6294",9331.43737527611,"21109"
"17035","6294",9331.43737527611,"21193"
"17036","6294",9331.43737527611,"21051"
"17037","6294",9331.43737527611,"21129"
"17038","6295",12847.4716791029,"21237"
"17039","6295",12847.4716791029,"21197"
"17040","6295",12847.4716791029,"21205"
"17041","6295",12847.4716791029,"21165"
"17042","6295",12847.4716791029,"21175"
"17043","6295",12847.4716791029,"21011"
"17044","6296",8884.24888802827,"21069"
"17045","6296",8884.24888802827,"21043"
"17046","6296",8884.24888802827,"21135"
"17047","6296",8884.24888802827,"21205"
"17048","6297",15652.0750704874,"39131"
"17049","6297",15652.0750704874,"39001"
"17050","6297",15652.0750704874,"39071"
"17051","6297",15652.0750704874,"39145"
"17052","6298",32181.6110465795,"39047"
"17053","6298",32181.6110465795,"39129"
"17054","6298",32181.6110465795,"39141"
"17055","6299",831498.640985492,"39159"
"17056","6299",831498.640985492,"39097"
"17057","6299",831498.640985492,"39041"
"17058","6299",831498.640985492,"39049"
"17059","6300",64895.1127234406,"39175"
"17060","6300",64895.1127234406,"39117"
"17061","6300",64895.1127234406,"39033"
"17062","6300",64895.1127234406,"39041"
"17063","6300",64895.1127234406,"39101"
"17064","6301",40420.495670837,"39043"
"17065","6301",40420.495670837,"39147"
"17066","6301",40420.495670837,"39077"
"17067","6301",40420.495670837,"39143"
"17068","6301",40420.495670837,"39033"
"17069","6302",4876.559930895,"39043"
"17070","6302",4876.559930895,"39123"
"17071","6303",436.942837461763,"26163"
"17072","6304",100029.232127785,"26099"
"17073","6304",100029.232127785,"26147"
"17074","6305",14871.0473390658,"26147"
"17075","6305",14871.0473390658,"26151"
"17076","6306",1041.41184716622,"26063"
"17077","6307",6260.47755855732,"12077"
"17078","6307",6260.47755855732,"12037"
"17079","6307",6260.47755855732,"12129"
"17080","6308",121998.051441401,"12039"
"17081","6308",121998.051441401,"12073"
"17082","6308",121998.051441401,"12077"
"17083","6308",121998.051441401,"12129"
"17084","6309",12339.2462792419,"13007"
"17085","6309",12339.2462792419,"13201"
"17086","6309",12339.2462792419,"13205"
"17087","6309",12339.2462792419,"13087"
"17088","6309",12339.2462792419,"13131"
"17089","6310",76687.4618378155,"13007"
"17090","6310",76687.4618378155,"13037"
"17091","6310",76687.4618378155,"13273"
"17092","6310",76687.4618378155,"13095"
"17093","6310",76687.4618378155,"13177"
"17094","6311",33524.2340862027,"13261"
"17095","6311",33524.2340862027,"13197"
"17096","6311",33524.2340862027,"13249"
"17097","6311",33524.2340862027,"13307"
"17098","6311",33524.2340862027,"13193"
"17099","6312",11360.3513874288,"13269"
"17100","6312",11360.3513874288,"13079"
"17101","6312",11360.3513874288,"13193"
"17102","6312",11360.3513874288,"13293"
"17103","6312",11360.3513874288,"13263"
"17104","6313",95911.2856247113,"13171"
"17105","6313",95911.2856247113,"13151"
"17106","6313",95911.2856247113,"13207"
"17107","6313",95911.2856247113,"13255"
"17108","6313",95911.2856247113,"13035"
"17109","6313",95911.2856247113,"13231"
"17110","6314",578097.32536768,"13217"
"17111","6314",578097.32536768,"13135"
"17112","6314",578097.32536768,"13089"
"17113","6314",578097.32536768,"13247"
"17114","6314",578097.32536768,"13297"
"17115","6315",267805.469233339,"13139"
"17116","6315",267805.469233339,"13157"
"17117","6315",267805.469233339,"13135"
"17118","6315",267805.469233339,"13117"
"17119","6315",267805.469233339,"13085"
"17120","6315",267805.469233339,"13187"
"17121","6316",28442.5427830959,"13291"
"17122","6316",28442.5427830959,"13137"
"17123","6316",28442.5427830959,"37043"
"17124","6316",28442.5427830959,"13311"
"17125","6316",28442.5427830959,"13187"
"17126","6316",28442.5427830959,"13281"
"17127","6316",28442.5427830959,"13241"
"17128","6317",10222.0302530678,"37039"
"17129","6317",10222.0302530678,"37075"
"17130","6317",10222.0302530678,"47009"
"17131","6317",10222.0302530678,"37173"
"17132","6317",10222.0302530678,"37113"
"17133","6318",128416.334467451,"47057"
"17134","6318",128416.334467451,"47155"
"17135","6318",128416.334467451,"47089"
"17136","6318",128416.334467451,"47009"
"17137","6318",128416.334467451,"47093"
"17138","6319",37198.1774101065,"47057"
"17139","6319",37198.1774101065,"47025"
"17140","6319",37198.1774101065,"51105"
"17141","6319",37198.1774101065,"21013"
"17142","6319",37198.1774101065,"47067"
"17143","6320",9473.42771677568,"21131"
"17144","6320",9473.42771677568,"21051"
"17145","6320",9473.42771677568,"21013"
"17146","6320",9473.42771677568,"21121"
"17147","6320",9473.42771677568,"21095"
"17148","6321",11716.3193379028,"21189"
"17149","6321",11716.3193379028,"21237"
"17150","6321",11716.3193379028,"21025"
"17151","6321",11716.3193379028,"21153"
"17152","6321",11716.3193379028,"21175"
"17153","6321",11716.3193379028,"21129"
"17154","6322",26762.0586069599,"21043"
"17155","6322",26762.0586069599,"21063"
"17156","6322",26762.0586069599,"21205"
"17157","6322",26762.0586069599,"21165"
"17158","6322",26762.0586069599,"21175"
"17159","6322",26762.0586069599,"21011"
"17160","6323",30048.1578196235,"21135"
"17161","6323",30048.1578196235,"21089"
"17162","6323",30048.1578196235,"39001"
"17163","6323",30048.1578196235,"39145"
"17164","6324",62942.6847273072,"39131"
"17165","6324",62942.6847273072,"39141"
"17166","6325",187960.287807625,"39129"
"17167","6325",187960.287807625,"39045"
"17168","6325",187960.287807625,"39049"
"17169","6326",169270.153653725,"39083"
"17170","6326",169270.153653725,"39117"
"17171","6326",169270.153653725,"39089"
"17172","6326",169270.153653725,"39041"
"17173","6326",169270.153653725,"39049"
"17174","6326",169270.153653725,"39101"
"17175","6327",57068.0604806357,"39147"
"17176","6327",57068.0604806357,"39077"
"17177","6327",57068.0604806357,"39117"
"17178","6327",57068.0604806357,"39033"
"17179","6327",57068.0604806357,"39139"
"17180","6327",57068.0604806357,"39101"
"17181","6328",72119.5334139367,"39043"
"17182","6328",72119.5334139367,"39123"
"17183","6328",72119.5334139367,"39077"
"17184","6328",72119.5334139367,"39143"
"17185","6329",9228.3501517535,"26147"
"17186","6330",70715.5604576769,"26147"
"17187","6330",70715.5604576769,"26151"
"17188","6331",38539.5604310491,"12073"
"17189","6331",38539.5604310491,"12129"
"17190","6332",41238.5867872268,"12039"
"17191","6332",41238.5867872268,"12073"
"17192","6332",41238.5867872268,"13087"
"17193","6332",41238.5867872268,"13275"
"17194","6332",41238.5867872268,"13131"
"17195","6333",20114.438215489,"13007"
"17196","6333",20114.438215489,"13205"
"17197","6333",20114.438215489,"13095"
"17198","6333",20114.438215489,"13321"
"17199","6333",20114.438215489,"13071"
"17200","6334",18170.8433189508,"13261"
"17201","6334",18170.8433189508,"13273"
"17202","6334",18170.8433189508,"13177"
"17203","6334",18170.8433189508,"13081"
"17204","6334",18170.8433189508,"13321"
"17205","6335",15422.1783427886,"13269"
"17206","6335",15422.1783427886,"13079"
"17207","6335",15422.1783427886,"13261"
"17208","6335",15422.1783427886,"13093"
"17209","6335",15422.1783427886,"13249"
"17210","6335",15422.1783427886,"13225"
"17211","6335",15422.1783427886,"13193"
"17212","6335",15422.1783427886,"13153"
"17213","6336",42098.1789907597,"13171"
"17214","6336",42098.1789907597,"13021"
"17215","6336",42098.1789907597,"13079"
"17216","6336",42098.1789907597,"13207"
"17217","6336",42098.1789907597,"13293"
"17218","6337",163093.380569257,"13217"
"17219","6337",163093.380569257,"13151"
"17220","6337",163093.380569257,"13159"
"17221","6337",163093.380569257,"13035"
"17222","6337",163093.380569257,"13211"
"17223","6337",163093.380569257,"13247"
"17224","6338",306765.490747408,"13139"
"17225","6338",306765.490747408,"13157"
"17226","6338",306765.490747408,"13219"
"17227","6338",306765.490747408,"13135"
"17228","6338",306765.490747408,"13297"
"17229","6338",306765.490747408,"13013"
"17230","6339",90894.0291941897,"13137"
"17231","6339",90894.0291941897,"13139"
"17232","6339",90894.0291941897,"13311"
"17233","6339",90894.0291941897,"13011"
"17234","6339",90894.0291941897,"13187"
"17235","6340",17719.627036901,"37039"
"17236","6340",17719.627036901,"37043"
"17237","6340",17719.627036901,"37113"
"17238","6340",17719.627036901,"13281"
"17239","6340",17719.627036901,"13241"
"17240","6341",19802.1138652302,"47155"
"17241","6341",19802.1138652302,"47009"
"17242","6341",19802.1138652302,"37173"
"17243","6342",106911.677190741,"47029"
"17244","6342",106911.677190741,"47063"
"17245","6342",106911.677190741,"47073"
"17246","6342",106911.677190741,"47057"
"17247","6342",106911.677190741,"47089"
"17248","6343",23306.3516829948,"51105"
"17249","6343",23306.3516829948,"21013"
"17250","6343",23306.3516829948,"21095"
"17251","6343",23306.3516829948,"47067"
"17252","6344",30299.4854140019,"21131"
"17253","6344",30299.4854140019,"21025"
"17254","6344",30299.4854140019,"21119"
"17255","6344",30299.4854140019,"21193"
"17256","6345",20068.513452155,"21237"
"17257","6345",20068.513452155,"21063"
"17258","6345",20068.513452155,"21153"
"17259","6345",20068.513452155,"21175"
"17260","6345",20068.513452155,"21115"
"17261","6346",24633.4470931243,"21043"
"17262","6346",24633.4470931243,"21063"
"17263","6346",24633.4470931243,"21135"
"17264","6346",24633.4470931243,"21089"
"17265","6347",41756.7310893181,"39131"
"17266","6347",41756.7310893181,"39079"
"17267","6347",41756.7310893181,"39145"
"17268","6348",45867.8620471435,"39163"
"17269","6348",45867.8620471435,"39073"
"17270","6348",45867.8620471435,"39129"
"17271","6348",45867.8620471435,"39141"
"17272","6348",45867.8620471435,"39045"
"17273","6349",488152.53823255,"39089"
"17274","6349",488152.53823255,"39041"
"17275","6349",488152.53823255,"39045"
"17276","6349",488152.53823255,"39049"
"17277","6350",50090.6252715577,"39083"
"17278","6350",50090.6252715577,"39117"
"17279","6350",50090.6252715577,"39139"
"17280","6351",46675.1961383269,"39043"
"17281","6351",46675.1961383269,"39077"
"17282","6351",46675.1961383269,"39139"
"17283","6351",46675.1961383269,"39005"
"17284","6351",46675.1961383269,"39093"
"17285","6352",279.520010681917,"12037"
"17286","6352",279.520010681917,"12129"
"17287","6353",184034.263749562,"12065"
"17288","6353",184034.263749562,"12073"
"17289","6353",184034.263749562,"12129"
"17290","6354",46010.077196428,"13205"
"17291","6354",46010.077196428,"13071"
"17292","6354",46010.077196428,"13275"
"17293","6354",46010.077196428,"13131"
"17294","6355",48203.5228683764,"13007"
"17295","6355",48203.5228683764,"13205"
"17296","6355",48203.5228683764,"13095"
"17297","6355",48203.5228683764,"13177"
"17298","6355",48203.5228683764,"13321"
"17299","6356",28983.868434084,"13261"
"17300","6356",28983.868434084,"13093"
"17301","6356",28983.868434084,"13177"
"17302","6356",28983.868434084,"13081"
"17303","6356",28983.868434084,"13193"
"17304","6357",196877.689762688,"13289"
"17305","6357",196877.689762688,"13021"
"17306","6357",196877.689762688,"13079"
"17307","6357",196877.689762688,"13225"
"17308","6357",196877.689762688,"13193"
"17309","6357",196877.689762688,"13153"
"17310","6358",10934.3950109575,"13237"
"17311","6358",10934.3950109575,"13159"
"17312","6358",10934.3950109575,"13169"
"17313","6358",10934.3950109575,"13207"
"17314","6358",10934.3950109575,"13035"
"17315","6359",70137.4648299787,"13217"
"17316","6359",70137.4648299787,"13219"
"17317","6359",70137.4648299787,"13211"
"17318","6359",70137.4648299787,"13297"
"17319","6360",71157.6428302209,"13139"
"17320","6360",71157.6428302209,"13157"
"17321","6360",71157.6428302209,"13195"
"17322","6360",71157.6428302209,"13011"
"17323","6360",71157.6428302209,"13119"
"17324","6361",21135.0148634757,"13137"
"17325","6361",21135.0148634757,"45073"
"17326","6361",21135.0148634757,"13311"
"17327","6361",21135.0148634757,"13257"
"17328","6361",21135.0148634757,"13281"
"17329","6361",21135.0148634757,"13241"
"17330","6362",60286.4398959231,"37099"
"17331","6362",60286.4398959231,"37173"
"17332","6362",60286.4398959231,"37113"
"17333","6363",50154.7033734463,"47029"
"17334","6363",50154.7033734463,"47063"
"17335","6363",50154.7033734463,"47155"
"17336","6363",50154.7033734463,"47089"
"17337","6363",50154.7033734463,"37087"
"17338","6364",31060.9579718609,"47063"
"17339","6364",31060.9579718609,"47073"
"17340","6364",31060.9579718609,"47057"
"17341","6364",31060.9579718609,"51105"
"17342","6364",31060.9579718609,"47067"
"17343","6365",14474.1634716371,"21131"
"17344","6365",14474.1634716371,"21193"
"17345","6365",14474.1634716371,"51105"
"17346","6365",14474.1634716371,"51195"
"17347","6365",14474.1634716371,"21133"
"17348","6365",14474.1634716371,"21095"
"17349","6366",12615.488876206,"21025"
"17350","6366",12615.488876206,"21071"
"17351","6366",12615.488876206,"21119"
"17352","6366",12615.488876206,"21153"
"17353","6366",12615.488876206,"21115"
"17354","6367",10353.4675714299,"21043"
"17355","6367",10353.4675714299,"21063"
"17356","6367",10353.4675714299,"21175"
"17357","6367",10353.4675714299,"21127"
"17358","6367",10353.4675714299,"21115"
"17359","6368",72596.075630183,"21089"
"17360","6368",72596.075630183,"21019"
"17361","6368",72596.075630183,"39087"
"17362","6368",72596.075630183,"39145"
"17363","6369",33667.7087644303,"39163"
"17364","6369",33667.7087644303,"39131"
"17365","6369",33667.7087644303,"39079"
"17366","6369",33667.7087644303,"39141"
"17367","6370",98924.0063316911,"39127"
"17368","6370",98924.0063316911,"39073"
"17369","6370",98924.0063316911,"39045"
"17370","6371",55484.749169399,"39083"
"17371","6371",55484.749169399,"39117"
"17372","6371",55484.749169399,"39089"
"17373","6372",105837.327296307,"39139"
"17374","6372",105837.327296307,"39005"
"17375","6373",211685.271829071,"39043"
"17376","6373",211685.271829071,"39077"
"17377","6373",211685.271829071,"39093"
"17378","6374",124.784473979215,"12065"
"17379","6374",124.784473979215,"12123"
"17380","6374",124.784473979215,"12129"
"17381","6375",15893.4698857991,"12065"
"17382","6375",15893.4698857991,"12073"
"17383","6375",15893.4698857991,"13027"
"17384","6375",15893.4698857991,"13275"
"17385","6376",42035.4422530269,"13205"
"17386","6376",42035.4422530269,"13321"
"17387","6376",42035.4422530269,"13071"
"17388","6377",12183.2361801938,"13287"
"17389","6377",12183.2361801938,"13315"
"17390","6377",12183.2361801938,"13081"
"17391","6377",12183.2361801938,"13321"
"17392","6378",35416.8656441436,"13023"
"17393","6378",35416.8656441436,"13093"
"17394","6378",35416.8656441436,"13235"
"17395","6378",35416.8656441436,"13153"
"17396","6379",149017.31283901,"13009"
"17397","6379",149017.31283901,"13319"
"17398","6379",149017.31283901,"13289"
"17399","6379",149017.31283901,"13021"
"17400","6379",149017.31283901,"13169"
"17401","6379",149017.31283901,"13207"
"17402","6380",21179.5353978259,"13133"
"17403","6380",21179.5353978259,"13237"
"17404","6380",21179.5353978259,"13159"
"17405","6380",21179.5353978259,"13211"
"17406","6381",197519.273174487,"13157"
"17407","6381",197519.273174487,"13195"
"17408","6381",197519.273174487,"13219"
"17409","6381",197519.273174487,"13059"
"17410","6381",197519.273174487,"13013"
"17411","6381",197519.273174487,"13221"
"17412","6382",44076.8536045048,"13137"
"17413","6382",44076.8536045048,"45073"
"17414","6382",44076.8536045048,"13257"
"17415","6382",44076.8536045048,"13011"
"17416","6382",44076.8536045048,"13119"
"17417","6383",18726.7438281898,"37099"
"17418","6383",18726.7438281898,"37175"
"17419","6383",18726.7438281898,"45073"
"17420","6383",18726.7438281898,"37113"
"17421","6383",18726.7438281898,"13241"
"17422","6384",31996.4333144078,"37099"
"17423","6384",31996.4333144078,"47029"
"17424","6384",31996.4333144078,"47155"
"17425","6384",31996.4333144078,"37173"
"17426","6384",31996.4333144078,"37087"
"17427","6385",48921.3646851111,"47029"
"17428","6385",48921.3646851111,"47063"
"17429","6385",48921.3646851111,"47073"
"17430","6385",48921.3646851111,"47059"
"17431","6386",23678.8696212934,"47073"
"17432","6386",23678.8696212934,"51105"
"17433","6386",23678.8696212934,"51195"
"17434","6386",23678.8696212934,"51169"
"17435","6386",23678.8696212934,"21095"
"17436","6386",23678.8696212934,"47067"
"17437","6387",31765.8949569484,"21195"
"17438","6387",31765.8949569484,"21071"
"17439","6387",31765.8949569484,"21119"
"17440","6387",31765.8949569484,"21193"
"17441","6387",31765.8949569484,"51195"
"17442","6387",31765.8949569484,"21133"
"17443","6388",36623.2701441304,"21195"
"17444","6388",36623.2701441304,"21071"
"17445","6388",36623.2701441304,"21159"
"17446","6388",36623.2701441304,"21127"
"17447","6388",36623.2701441304,"21115"
"17448","6389",121782.829001995,"21043"
"17449","6389",121782.829001995,"54099"
"17450","6389",121782.829001995,"21089"
"17451","6389",121782.829001995,"54011"
"17452","6389",121782.829001995,"21127"
"17453","6389",121782.829001995,"21019"
"17454","6389",121782.829001995,"39087"
"17455","6390",17631.4132095903,"39053"
"17456","6390",17631.4132095903,"39079"
"17457","6390",17631.4132095903,"39087"
"17458","6390",17631.4132095903,"39145"
"17459","6391",31159.7829102193,"39127"
"17460","6391",31159.7829102193,"39163"
"17461","6391",31159.7829102193,"39009"
"17462","6391",31159.7829102193,"39073"
"17463","6392",115616.304347538,"39119"
"17464","6392",115616.304347538,"39127"
"17465","6392",115616.304347538,"39089"
"17466","6392",115616.304347538,"39045"
"17467","6393",27531.2446557439,"39083"
"17468","6393",27531.2446557439,"39169"
"17469","6393",27531.2446557439,"39031"
"17470","6393",27531.2446557439,"39139"
"17471","6393",27531.2446557439,"39005"
"17472","6393",27531.2446557439,"39075"
"17473","6394",58495.6815140521,"39103"
"17474","6394",58495.6815140521,"39169"
"17475","6394",58495.6815140521,"39005"
"17476","6394",58495.6815140521,"39093"
"17477","6395",80984.0367653471,"39035"
"17478","6395",80984.0367653471,"39093"
"17479","6396",10.6235206977134,"12123"
"17480","6397",6977.1707133351,"12065"
"17481","6397",6977.1707133351,"12123"
"17482","6397",6977.1707133351,"12079"
"17483","6398",12294.4290803191,"13027"
"17484","6398",12294.4290803191,"13075"
"17485","6398",12294.4290803191,"13071"
"17486","6398",12294.4290803191,"13275"
"17487","6399",43401.090006394,"13019"
"17488","6399",43401.090006394,"13287"
"17489","6399",43401.090006394,"13277"
"17490","6399",43401.090006394,"13321"
"17491","6399",43401.090006394,"13071"
"17492","6399",43401.090006394,"13155"
"17493","6400",8348.71012365296,"13093"
"17494","6400",8348.71012365296,"13287"
"17495","6400",8348.71012365296,"13315"
"17496","6400",8348.71012365296,"13235"
"17497","6400",8348.71012365296,"13081"
"17498","6400",8348.71012365296,"13091"
"17499","6401",16311.1316247937,"13319"
"17500","6401",16311.1316247937,"13289"
"17501","6401",16311.1316247937,"13023"
"17502","6401",16311.1316247937,"13175"
"17503","6401",16311.1316247937,"13153"
"17504","6402",54130.7381346222,"13009"
"17505","6402",54130.7381346222,"13141"
"17506","6402",54130.7381346222,"13237"
"17507","6402",54130.7381346222,"13169"
"17508","6403",16484.4554164796,"13133"
"17509","6403",16484.4554164796,"13219"
"17510","6403",16484.4554164796,"13211"
"17511","6403",16484.4554164796,"13221"
"17512","6404",33405.4918260601,"13195"
"17513","6404",33405.4918260601,"13119"
"17514","6404",33405.4918260601,"13147"
"17515","6404",33405.4918260601,"13105"
"17516","6405",66789.9767737864,"45077"
"17517","6405",66789.9767737864,"45073"
"17518","6405",66789.9767737864,"13241"
"17519","6406",15601.1583561417,"37099"
"17520","6406",15601.1583561417,"37175"
"17521","6406",15601.1583561417,"37087"
"17522","6407",10505.0625143867,"47029"
"17523","6407",10505.0625143867,"37115"
"17524","6407",10505.0625143867,"37021"
"17525","6407",10505.0625143867,"37087"
"17526","6407",10505.0625143867,"47059"
"17527","6408",43546.5851676222,"47073"
"17528","6408",43546.5851676222,"47163"
"17529","6408",43546.5851676222,"47179"
"17530","6408",43546.5851676222,"47059"
"17531","6409",35665.9529968041,"51051"
"17532","6409",35665.9529968041,"51105"
"17533","6409",35665.9529968041,"51195"
"17534","6409",35665.9529968041,"21133"
"17535","6409",35665.9529968041,"51720"
"17536","6409",35665.9529968041,"51169"
"17537","6409",35665.9529968041,"21095"
"17538","6410",42866.1926252766,"21195"
"17539","6410",42866.1926252766,"21071"
"17540","6410",42866.1926252766,"21119"
"17541","6411",21277.3132862855,"54043"
"17542","6411",21277.3132862855,"21159"
"17543","6411",21277.3132862855,"54059"
"17544","6411",21277.3132862855,"54099"
"17545","6411",21277.3132862855,"21127"
"17546","6412",47468.1114275985,"54011"
"17547","6412",47468.1114275985,"39053"
"17548","6412",47468.1114275985,"54053"
"17549","6412",47468.1114275985,"39087"
"17550","6413",15969.5273874084,"39105"
"17551","6413",15969.5273874084,"39053"
"17552","6413",15969.5273874084,"39163"
"17553","6413",15969.5273874084,"39009"
"17554","6413",15969.5273874084,"39079"
"17555","6414",32038.10823593,"39115"
"17556","6414",32038.10823593,"39119"
"17557","6414",32038.10823593,"39127"
"17558","6414",32038.10823593,"39009"
"17559","6414",32038.10823593,"39073"
"17560","6414",32038.10823593,"39045"
"17561","6415",31229.8403824533,"39119"
"17562","6415",31229.8403824533,"39083"
"17563","6415",31229.8403824533,"39089"
"17564","6415",31229.8403824533,"39031"
"17565","6416",82949.0072913729,"39169"
"17566","6416",82949.0072913729,"39005"
"17567","6416",82949.0072913729,"39075"
"17568","6417",611319.079336677,"39035"
"17569","6417",611319.079336677,"39103"
"17570","6417",611319.079336677,"39153"
"17571","6417",611319.079336677,"39093"
"17572","6418",21479.0054709018,"12123"
"17573","6419",10725.7818841356,"12065"
"17574","6419",10725.7818841356,"13027"
"17575","6419",10725.7818841356,"13185"
"17576","6419",10725.7818841356,"12079"
"17577","6420",27624.6868335474,"13027"
"17578","6420",27624.6868335474,"13185"
"17579","6420",27624.6868335474,"13075"
"17580","6420",27624.6868335474,"13019"
"17581","6420",27624.6868335474,"13277"
"17582","6420",27624.6868335474,"13071"
"17583","6421",22147.6025904138,"13287"
"17584","6421",22147.6025904138,"13315"
"17585","6421",22147.6025904138,"13017"
"17586","6421",22147.6025904138,"13155"
"17587","6422",32688.9272123871,"13023"
"17588","6422",32688.9272123871,"13235"
"17589","6422",32688.9272123871,"13091"
"17590","6422",32688.9272123871,"13175"
"17591","6423",8306.33699773147,"13009"
"17592","6423",8306.33699773147,"13319"
"17593","6423",8306.33699773147,"13289"
"17594","6423",8306.33699773147,"13303"
"17595","6424",14386.318806639,"13141"
"17596","6424",14386.318806639,"13133"
"17597","6424",14386.318806639,"13237"
"17598","6424",14386.318806639,"13265"
"17599","6425",12309.9924912494,"13317"
"17600","6425",12309.9924912494,"13195"
"17601","6425",12309.9924912494,"13105"
"17602","6425",12309.9924912494,"13221"
"17603","6426",62518.8867480008,"45077"
"17604","6426",62518.8867480008,"45073"
"17605","6426",62518.8867480008,"45007"
"17606","6426",62518.8867480008,"13119"
"17607","6426",62518.8867480008,"13147"
"17608","6427",26834.7029745019,"37099"
"17609","6427",26834.7029745019,"37175"
"17610","6427",26834.7029745019,"45077"
"17611","6427",26834.7029745019,"45073"
"17612","6427",26834.7029745019,"45045"
"17613","6428",183424.949411274,"37175"
"17614","6428",183424.949411274,"37089"
"17615","6428",183424.949411274,"37115"
"17616","6428",183424.949411274,"37021"
"17617","6428",183424.949411274,"37087"
"17618","6429",46884.2645922339,"37199"
"17619","6429",46884.2645922339,"37115"
"17620","6429",46884.2645922339,"47179"
"17621","6429",46884.2645922339,"47171"
"17622","6429",46884.2645922339,"47059"
"17623","6430",96029.5757709255,"47073"
"17624","6430",96029.5757709255,"47163"
"17625","6430",96029.5757709255,"51191"
"17626","6430",96029.5757709255,"51169"
"17627","6430",96029.5757709255,"51167"
"17628","6431",27893.2925797239,"21195"
"17629","6431",27893.2925797239,"51051"
"17630","6431",27893.2925797239,"51195"
"17631","6431",27893.2925797239,"21133"
"17632","6431",27893.2925797239,"51027"
"17633","6432",27582.2420475457,"21195"
"17634","6432",27582.2420475457,"54045"
"17635","6432",27582.2420475457,"21159"
"17636","6432",27582.2420475457,"54059"
"17637","6432",27582.2420475457,"54099"
"17638","6433",54383.6591459474,"54043"
"17639","6433",54383.6591459474,"54099"
"17640","6433",54383.6591459474,"54011"
"17641","6433",54383.6591459474,"54079"
"17642","6434",37963.4345442058,"39105"
"17643","6434",37963.4345442058,"39053"
"17644","6434",37963.4345442058,"54035"
"17645","6434",37963.4345442058,"54053"
"17646","6435",52321.3597946231,"39115"
"17647","6435",52321.3597946231,"39167"
"17648","6435",52321.3597946231,"39009"
"17649","6435",52321.3597946231,"39073"
"17650","6436",69955.7073746093,"39115"
"17651","6436",69955.7073746093,"39119"
"17652","6436",69955.7073746093,"39059"
"17653","6437",42649.640939623,"39157"
"17654","6437",42649.640939623,"39031"
"17655","6437",42649.640939623,"39075"
"17656","6438",375690.194473524,"39103"
"17657","6438",375690.194473524,"39153"
"17658","6438",375690.194473524,"39151"
"17659","6438",375690.194473524,"39169"
"17660","6439",660834.837158031,"39035"
"17661","6439",660834.837158031,"39055"
"17662","6439",660834.837158031,"39085"
"17663","6440",3053.44764236256,"12123"
"17664","6440",3053.44764236256,"12029"
"17665","6440",3053.44764236256,"12067"
"17666","6441",13604.5414505268,"12123"
"17667","6441",13604.5414505268,"12047"
"17668","6441",13604.5414505268,"12079"
"17669","6441",13604.5414505268,"12121"
"17670","6441",13604.5414505268,"12067"
"17671","6442",116719.259356368,"13027"
"17672","6442",116719.259356368,"13185"
"17673","6442",116719.259356368,"13075"
"17674","6442",116719.259356368,"13019"
"17675","6442",116719.259356368,"13101"
"17676","6442",116719.259356368,"13173"
"17677","6443",12390.7436833498,"13019"
"17678","6443",12390.7436833498,"13003"
"17679","6443",12390.7436833498,"13069"
"17680","6443",12390.7436833498,"13277"
"17681","6443",12390.7436833498,"13155"
"17682","6444",10909.9718137094,"13271"
"17683","6444",10909.9718137094,"13315"
"17684","6444",10909.9718137094,"13091"
"17685","6444",10909.9718137094,"13017"
"17686","6445",40032.5813824953,"13319"
"17687","6445",40032.5813824953,"13023"
"17688","6445",40032.5813824953,"13091"
"17689","6445",40032.5813824953,"13175"
"17690","6446",12982.7603664161,"13009"
"17691","6446",12982.7603664161,"13141"
"17692","6446",12982.7603664161,"13319"
"17693","6446",12982.7603664161,"13303"
"17694","6447",8793.64529350039,"13317"
"17695","6447",8793.64529350039,"13133"
"17696","6447",8793.64529350039,"13265"
"17697","6447",8793.64529350039,"13301"
"17698","6447",8793.64529350039,"13221"
"17699","6448",23623.9991656187,"45007"
"17700","6448",23623.9991656187,"45001"
"17701","6448",23623.9991656187,"13147"
"17702","6448",23623.9991656187,"13105"
"17703","6449",163719.292350702,"45077"
"17704","6449",163719.292350702,"45073"
"17705","6449",163719.292350702,"45007"
"17706","6449",163719.292350702,"45045"
"17707","6450",127587.546808271,"37175"
"17708","6450",127587.546808271,"37089"
"17709","6450",127587.546808271,"37021"
"17710","6450",127587.546808271,"45045"
"17711","6451",45169.5339565877,"37199"
"17712","6451",45169.5339565877,"37115"
"17713","6451",45169.5339565877,"37021"
"17714","6451",45169.5339565877,"47171"
"17715","6452",192668.109098431,"47019"
"17716","6452",192668.109098431,"47163"
"17717","6452",192668.109098431,"47179"
"17718","6452",192668.109098431,"47171"
"17719","6453",23171.9750732295,"51051"
"17720","6453",23171.9750732295,"51195"
"17721","6453",23171.9750732295,"51191"
"17722","6453",23171.9750732295,"51169"
"17723","6453",23171.9750732295,"51167"
"17724","6454",20054.5612410127,"21195"
"17725","6454",20054.5612410127,"54047"
"17726","6454",20054.5612410127,"54059"
"17727","6454",20054.5612410127,"51027"
"17728","6455",27150.896740418,"54005"
"17729","6455",27150.896740418,"54045"
"17730","6455",27150.896740418,"54043"
"17731","6455",27150.896740418,"54059"
"17732","6455",27150.896740418,"54099"
"17733","6456",72634.2238325471,"54039"
"17734","6456",72634.2238325471,"54011"
"17735","6456",72634.2238325471,"54079"
"17736","6456",72634.2238325471,"54053"
"17737","6457",29045.04638439,"54107"
"17738","6457",29045.04638439,"39105"
"17739","6457",29045.04638439,"39009"
"17740","6457",29045.04638439,"54035"
"17741","6457",29045.04638439,"54053"
"17742","6458",15615.4616992972,"39115"
"17743","6458",15615.4616992972,"39167"
"17744","6458",15615.4616992972,"39119"
"17745","6458",15615.4616992972,"39121"
"17746","6459",31539.8742925311,"39119"
"17747","6459",31539.8742925311,"39157"
"17748","6459",31539.8742925311,"39059"
"17749","6459",31539.8742925311,"39031"
"17750","6460",214858.925069393,"39151"
"17751","6460",214858.925069393,"39157"
"17752","6460",214858.925069393,"39169"
"17753","6460",214858.925069393,"39075"
"17754","6461",362689.069241955,"39035"
"17755","6461",362689.069241955,"39055"
"17756","6461",362689.069241955,"39153"
"17757","6461",362689.069241955,"39133"
"17758","6462",132544.673362547,"39055"
"17759","6462",132544.673362547,"39085"
"17760","6463",629.290662016048,"12029"
"17761","6464",10287.7950681884,"12123"
"17762","6464",10287.7950681884,"12121"
"17763","6464",10287.7950681884,"12067"
"17764","6465",20679.7357147624,"13027"
"17765","6465",20679.7357147624,"13185"
"17766","6465",20679.7357147624,"12047"
"17767","6465",20679.7357147624,"12079"
"17768","6465",20679.7357147624,"12121"
"17769","6465",20679.7357147624,"13101"
"17770","6466",20899.477209071,"13185"
"17771","6466",20899.477209071,"13019"
"17772","6466",20899.477209071,"13003"
"17773","6466",20899.477209071,"13065"
"17774","6466",20899.477209071,"13173"
"17775","6467",10751.3889833037,"13271"
"17776","6467",10751.3889833037,"13069"
"17777","6467",10751.3889833037,"13161"
"17778","6467",10751.3889833037,"13017"
"17779","6467",10751.3889833037,"13155"
"17780","6468",19312.4866793186,"13271"
"17781","6468",19312.4866793186,"13283"
"17782","6468",19312.4866793186,"13309"
"17783","6468",19312.4866793186,"13091"
"17784","6468",19312.4866793186,"13175"
"17785","6469",15973.6750484365,"13319"
"17786","6469",15973.6750484365,"13303"
"17787","6469",15973.6750484365,"13167"
"17788","6469",15973.6750484365,"13175"
"17789","6470",9143.03579952158,"13141"
"17790","6470",9143.03579952158,"13189"
"17791","6470",9143.03579952158,"13303"
"17792","6470",9143.03579952158,"13265"
"17793","6470",9143.03579952158,"13301"
"17794","6470",9143.03579952158,"13125"
"17795","6471",6813.24247601622,"13317"
"17796","6471",6813.24247601622,"13181"
"17797","6471",6813.24247601622,"45065"
"17798","6471",6813.24247601622,"45001"
"17799","6471",6813.24247601622,"13105"
"17800","6471",6813.24247601622,"13221"
"17801","6472",101308.993436734,"45047"
"17802","6472",101308.993436734,"45059"
"17803","6472",101308.993436734,"45007"
"17804","6472",101308.993436734,"45045"
"17805","6472",101308.993436734,"45001"
"17806","6473",322754.654895096,"45077"
"17807","6473",322754.654895096,"45083"
"17808","6473",322754.654895096,"45007"
"17809","6473",322754.654895096,"45045"
"17810","6474",105815.244451824,"37111"
"17811","6474",105815.244451824,"37089"
"17812","6474",105815.244451824,"37149"
"17813","6474",105815.244451824,"37161"
"17814","6474",105815.244451824,"37021"
"17815","6475",25358.3515394599,"37199"
"17816","6475",25358.3515394599,"47019"
"17817","6475",25358.3515394599,"37121"
"17818","6475",25358.3515394599,"47171"
"17819","6475",25358.3515394599,"37011"
"17820","6476",96127.3613406772,"47019"
"17821","6476",96127.3613406772,"47091"
"17822","6476",96127.3613406772,"47163"
"17823","6476",96127.3613406772,"51191"
"17824","6476",96127.3613406772,"51169"
"17825","6476",96127.3613406772,"51520"
"17826","6477",22291.5147331183,"51051"
"17827","6477",22291.5147331183,"51185"
"17828","6477",22291.5147331183,"51027"
"17829","6477",22291.5147331183,"51167"
"17830","6478",23571.7345477783,"21195"
"17831","6478",23571.7345477783,"54045"
"17832","6478",23571.7345477783,"54047"
"17833","6478",23571.7345477783,"54109"
"17834","6478",23571.7345477783,"54059"
"17835","6478",23571.7345477783,"51027"
"17836","6479",86186.4084446397,"54005"
"17837","6479",86186.4084446397,"54039"
"17838","6479",86186.4084446397,"54043"
"17839","6479",86186.4084446397,"54079"
"17840","6480",23531.3457960205,"54039"
"17841","6480",23531.3457960205,"54087"
"17842","6480",23531.3457960205,"39105"
"17843","6480",23531.3457960205,"54035"
"17844","6480",23531.3457960205,"54079"
"17845","6480",23531.3457960205,"54053"
"17846","6481",113052.27816963,"54107"
"17847","6481",113052.27816963,"39167"
"17848","6481",113052.27816963,"39009"
"17849","6482",29138.2548908954,"39119"
"17850","6482",29138.2548908954,"39121"
"17851","6482",29138.2548908954,"39059"
"17852","6482",29138.2548908954,"39111"
"17853","6483",65793.096988825,"39067"
"17854","6483",65793.096988825,"39019"
"17855","6483",65793.096988825,"39157"
"17856","6484",240600.387079746,"39099"
"17857","6484",240600.387079746,"39153"
"17858","6484",240600.387079746,"39151"
"17859","6484",240600.387079746,"39133"
"17860","6484",240600.387079746,"39029"
"17861","6485",85739.1963650185,"39055"
"17862","6485",85739.1963650185,"39007"
"17863","6485",85739.1963650185,"39133"
"17864","6485",85739.1963650185,"39155"
"17865","6485",85739.1963650185,"39085"
"17866","6486",1584.5398411779,"12075"
"17867","6486",1584.5398411779,"12029"
"17868","6487",15943.9586814526,"12041"
"17869","6487",15943.9586814526,"12029"
"17870","6487",15943.9586814526,"12067"
"17871","6488",31374.4449808931,"12047"
"17872","6488",31374.4449808931,"12079"
"17873","6488",31374.4449808931,"12121"
"17874","6489",3874.70093721099,"13185"
"17875","6489",3874.70093721099,"13065"
"17876","6489",3874.70093721099,"13101"
"17877","6489",3874.70093721099,"13173"
"17878","6490",37631.6739420828,"13003"
"17879","6490",37631.6739420828,"13069"
"17880","6490",37631.6739420828,"13299"
"17881","6491",21735.8174212265,"13209"
"17882","6491",21735.8174212265,"13271"
"17883","6491",21735.8174212265,"13309"
"17884","6491",21735.8174212265,"13069"
"17885","6491",21735.8174212265,"13161"
"17886","6492",14636.4532767513,"13283"
"17887","6492",14636.4532767513,"13107"
"17888","6492",14636.4532767513,"13167"
"17889","6492",14636.4532767513,"13175"
"17890","6493",11220.9688137285,"13303"
"17891","6493",11220.9688137285,"13125"
"17892","6493",11220.9688137285,"13163"
"17893","6494",28159.1909354242,"13189"
"17894","6494",28159.1909354242,"13317"
"17895","6494",28159.1909354242,"13181"
"17896","6494",28159.1909354242,"13301"
"17897","6494",28159.1909354242,"13073"
"17898","6495",27584.6747700317,"45047"
"17899","6495",27584.6747700317,"45065"
"17900","6495",27584.6747700317,"45001"
"17901","6496",220416.337928218,"45059"
"17902","6496",220416.337928218,"45083"
"17903","6496",220416.337928218,"45007"
"17904","6496",220416.337928218,"45045"
"17905","6497",48108.73614328,"37089"
"17906","6497",48108.73614328,"37149"
"17907","6497",48108.73614328,"37161"
"17908","6497",48108.73614328,"45083"
"17909","6497",48108.73614328,"45045"
"17910","6498",46608.4471573847,"37111"
"17911","6498",46608.4471573847,"37199"
"17912","6498",46608.4471573847,"37023"
"17913","6498",46608.4471573847,"37021"
"17914","6498",46608.4471573847,"37121"
"17915","6498",46608.4471573847,"37011"
"17916","6499",30161.3460131572,"47019"
"17917","6499",30161.3460131572,"47091"
"17918","6499",30161.3460131572,"47163"
"17919","6499",30161.3460131572,"37189"
"17920","6499",30161.3460131572,"37011"
"17921","6500",33569.8183308266,"51185"
"17922","6500",33569.8183308266,"51191"
"17923","6500",33569.8183308266,"51173"
"17924","6500",33569.8183308266,"51167"
"17925","6501",14318.465408053,"54047"
"17926","6501",14318.465408053,"54109"
"17927","6501",14318.465408053,"54059"
"17928","6501",14318.465408053,"51027"
"17929","6502",14514.3737005664,"54005"
"17930","6502",14514.3737005664,"54039"
"17931","6502",14514.3737005664,"54045"
"17932","6502",14514.3737005664,"54081"
"17933","6502",14514.3737005664,"54109"
"17934","6503",73958.2358437098,"54039"
"17935","6503",73958.2358437098,"54087"
"17936","6503",73958.2358437098,"54035"
"17937","6503",73958.2358437098,"54079"
"17938","6504",14081.3208844465,"54087"
"17939","6504",14081.3208844465,"54107"
"17940","6504",14081.3208844465,"54013"
"17941","6504",14081.3208844465,"54085"
"17942","6504",14081.3208844465,"54035"
"17943","6504",14081.3208844465,"54105"
"17944","6505",12729.0698239124,"39167"
"17945","6505",12729.0698239124,"39121"
"17946","6505",12729.0698239124,"39111"
"17947","6506",18720.3034238831,"39067"
"17948","6506",18720.3034238831,"39157"
"17949","6506",18720.3034238831,"39013"
"17950","6506",18720.3034238831,"39121"
"17951","6506",18720.3034238831,"39059"
"17952","6507",41396.3407439573,"39019"
"17953","6507",41396.3407439573,"39151"
"17954","6507",41396.3407439573,"39157"
"17955","6507",41396.3407439573,"39081"
"17956","6507",41396.3407439573,"39029"
"17957","6508",103248.992243952,"39055"
"17958","6508",103248.992243952,"39099"
"17959","6508",103248.992243952,"39133"
"17960","6508",103248.992243952,"39155"
"17961","6509",74342.7925930317,"39055"
"17962","6509",74342.7925930317,"39007"
"17963","6509",74342.7925930317,"39085"
"17964","6510",15821.0216842765,"12041"
"17965","6510",15821.0216842765,"12075"
"17966","6510",15821.0216842765,"12029"
"17967","6511",24429.8457938553,"12023"
"17968","6511",24429.8457938553,"12041"
"17969","6511",24429.8457938553,"12121"
"17970","6511",24429.8457938553,"12029"
"17971","6511",24429.8457938553,"12067"
"17972","6512",7483.93529302067,"12023"
"17973","6512",7483.93529302067,"12047"
"17974","6512",7483.93529302067,"13101"
"17975","6513",6905.93278744479,"13003"
"17976","6513",6905.93278744479,"13065"
"17977","6513",6905.93278744479,"13299"
"17978","6514",18168.0802677743,"13001"
"17979","6514",18168.0802677743,"13069"
"17980","6514",18168.0802677743,"13161"
"17981","6514",18168.0802677743,"13299"
"17982","6514",18168.0802677743,"13005"
"17983","6515",30408.4921358942,"13209"
"17984","6515",30408.4921358942,"13283"
"17985","6515",30408.4921358942,"13279"
"17986","6515",30408.4921358942,"13107"
"17987","6515",30408.4921358942,"13309"
"17988","6516",14097.1593293824,"13303"
"17989","6516",14097.1593293824,"13107"
"17990","6516",14097.1593293824,"13167"
"17991","6516",14097.1593293824,"13033"
"17992","6516",14097.1593293824,"13163"
"17993","6517",26737.6496626957,"13189"
"17994","6517",26737.6496626957,"13245"
"17995","6517",26737.6496626957,"13301"
"17996","6517",26737.6496626957,"13073"
"17997","6517",26737.6496626957,"13125"
"17998","6517",26737.6496626957,"13033"
"17999","6517",26737.6496626957,"13163"
"18000","6518",12306.2968534305,"13181"
"18001","6518",12306.2968534305,"45047"
"18002","6518",12306.2968534305,"45065"
"18003","6518",12306.2968534305,"13073"
"18004","6518",12306.2968534305,"45037"
"18005","6519",50633.7358237612,"45047"
"18006","6519",50633.7358237612,"45059"
"18007","6519",50633.7358237612,"45045"
"18008","6519",50633.7358237612,"45001"
"18009","6520",242041.220642106,"45083"
"18010","6520",242041.220642106,"45045"
"18011","6521",47795.9156633737,"37111"
"18012","6521",47795.9156633737,"37023"
"18013","6521",47795.9156633737,"37161"
"18014","6522",19600.7698713757,"37027"
"18015","6522",19600.7698713757,"37111"
"18016","6522",19600.7698713757,"37023"
"18017","6522",19600.7698713757,"37189"
"18018","6522",19600.7698713757,"37121"
"18019","6522",19600.7698713757,"37011"
"18020","6523",21911.4740012284,"37009"
"18021","6523",21911.4740012284,"47091"
"18022","6523",21911.4740012284,"47163"
"18023","6523",21911.4740012284,"51191"
"18024","6523",21911.4740012284,"37189"
"18025","6523",21911.4740012284,"51173"
"18026","6523",21911.4740012284,"51077"
"18027","6524",27834.5856913658,"51185"
"18028","6524",27834.5856913658,"54047"
"18029","6524",27834.5856913658,"51027"
"18030","6524",27834.5856913658,"51173"
"18031","6524",27834.5856913658,"51021"
"18032","6524",27834.5856913658,"51167"
"18033","6525",19226.9216023268,"54005"
"18034","6525",19226.9216023268,"54045"
"18035","6525",19226.9216023268,"54047"
"18036","6525",19226.9216023268,"54081"
"18037","6525",19226.9216023268,"54109"
"18038","6526",33910.9203939507,"54005"
"18039","6526",33910.9203939507,"54039"
"18040","6526",33910.9203939507,"54067"
"18041","6526",33910.9203939507,"54019"
"18042","6526",33910.9203939507,"54015"
"18043","6527",12856.0624858671,"54087"
"18044","6527",12856.0624858671,"54013"
"18045","6527",12856.0624858671,"54105"
"18046","6528",16932.2977924119,"54107"
"18047","6528",16932.2977924119,"54095"
"18048","6528",16932.2977924119,"39167"
"18049","6528",16932.2977924119,"54085"
"18050","6528",16932.2977924119,"54073"
"18051","6528",16932.2977924119,"54105"
"18052","6529",12991.1731971801,"39013"
"18053","6529",12991.1731971801,"39121"
"18054","6529",12991.1731971801,"39059"
"18055","6529",12991.1731971801,"39111"
"18056","6530",22363.3058365088,"39067"
"18057","6530",22363.3058365088,"39019"
"18058","6530",22363.3058365088,"39081"
"18059","6531",98039.9943867097,"39099"
"18060","6531",98039.9943867097,"39133"
"18061","6531",98039.9943867097,"39029"
"18062","6532",32217.6280071776,"39007"
"18063","6532",32217.6280071776,"39155"
"18064","6532",32217.6280071776,"42085"
"18065","6532",32217.6280071776,"42039"
"18066","6533",22658.5884523754,"42049"
"18067","6533",22658.5884523754,"39007"
"18068","6534",6283.3444263646,"12103"
"18069","6535",3466.22707416299,"12075"
"18070","6535",3466.22707416299,"12017"
"18071","6536",27426.1626324893,"12023"
"18072","6536",27426.1626324893,"12041"
"18073","6536",27426.1626324893,"12075"
"18074","6536",27426.1626324893,"12001"
"18075","6537",60436.3054492661,"12023"
"18076","6537",60436.3054492661,"12047"
"18077","6537",60436.3054492661,"12121"
"18078","6537",60436.3054492661,"12003"
"18079","6538",456.509380603405,"13065"
"18080","6538",456.509380603405,"13049"
"18081","6538",456.509380603405,"13299"
"18082","6538",456.509380603405,"13101"
"18083","6539",29905.4055487147,"13229"
"18084","6539",29905.4055487147,"13003"
"18085","6539",29905.4055487147,"13069"
"18086","6539",29905.4055487147,"13299"
"18087","6539",29905.4055487147,"13005"
"18088","6540",19710.3067430692,"13209"
"18089","6540",19710.3067430692,"13267"
"18090","6540",19710.3067430692,"13279"
"18091","6540",19710.3067430692,"13001"
"18092","6540",19710.3067430692,"13309"
"18093","6540",19710.3067430692,"13161"
"18094","6541",12513.98127605,"13209"
"18095","6541",12513.98127605,"13267"
"18096","6541",12513.98127605,"13283"
"18097","6541",12513.98127605,"13279"
"18098","6541",12513.98127605,"13107"
"18099","6541",12513.98127605,"13043"
"18100","6542",6688.33203650484,"13165"
"18101","6542",6688.33203650484,"13033"
"18102","6542",6688.33203650484,"13163"
"18103","6543",358859.246253625,"13245"
"18104","6543",358859.246253625,"45003"
"18105","6543",358859.246253625,"45065"
"18106","6543",358859.246253625,"13073"
"18107","6543",358859.246253625,"45037"
"18108","6544",33138.1262410557,"45047"
"18109","6544",33138.1262410557,"45071"
"18110","6544",33138.1262410557,"45059"
"18111","6544",33138.1262410557,"45065"
"18112","6544",33138.1262410557,"45081"
"18113","6544",33138.1262410557,"45037"
"18114","6545",35916.6339406015,"45059"
"18115","6545",35916.6339406015,"45083"
"18116","6545",35916.6339406015,"45087"
"18117","6546",94556.3005643607,"37149"
"18118","6546",94556.3005643607,"37161"
"18119","6546",94556.3005643607,"45083"
"18120","6546",94556.3005643607,"45021"
"18121","6546",94556.3005643607,"37045"
"18122","6547",88281.0556732066,"37027"
"18123","6547",88281.0556732066,"37111"
"18124","6547",88281.0556732066,"37023"
"18125","6547",88281.0556732066,"37161"
"18126","6547",88281.0556732066,"37035"
"18127","6547",88281.0556732066,"37045"
"18128","6548",63142.6563300743,"37027"
"18129","6548",63142.6563300743,"37009"
"18130","6548",63142.6563300743,"47091"
"18131","6548",63142.6563300743,"37193"
"18132","6548",63142.6563300743,"37189"
"18133","6549",25395.4810113205,"51191"
"18134","6549",25395.4810113205,"51173"
"18135","6549",25395.4810113205,"51197"
"18136","6549",25395.4810113205,"51021"
"18137","6549",25395.4810113205,"51077"
"18138","6550",43063.167564885,"51185"
"18139","6550",43063.167564885,"54047"
"18140","6550",43063.167564885,"54109"
"18141","6550",43063.167564885,"54055"
"18142","6550",43063.167564885,"51021"
"18143","6551",68317.7018487641,"54039"
"18144","6551",68317.7018487641,"54019"
"18145","6551",68317.7018487641,"54081"
"18146","6552",9657.551072834,"54039"
"18147","6552",9657.551072834,"54067"
"18148","6552",9657.551072834,"54087"
"18149","6552",9657.551072834,"54015"
"18150","6553",9093.81415738838,"54021"
"18151","6553",9093.81415738838,"54013"
"18152","6553",9093.81415738838,"54085"
"18153","6553",9093.81415738838,"54105"
"18154","6554",22187.4727675657,"54095"
"18155","6554",22187.4727675657,"39167"
"18156","6554",22187.4727675657,"54085"
"18157","6554",22187.4727675657,"54073"
"18158","6554",22187.4727675657,"54103"
"18159","6554",22187.4727675657,"39111"
"18160","6555",107724.817153198,"39067"
"18161","6555",107724.817153198,"39013"
"18162","6555",107724.817153198,"54069"
"18163","6555",107724.817153198,"54051"
"18164","6555",107724.817153198,"39081"
"18165","6555",107724.817153198,"54009"
"18166","6556",58929.2085762473,"39019"
"18167","6556",58929.2085762473,"42007"
"18168","6556",58929.2085762473,"39081"
"18169","6556",58929.2085762473,"39029"
"18170","6556",58929.2085762473,"54029"
"18171","6557",281285.633824469,"42073"
"18172","6557",281285.633824469,"39099"
"18173","6557",281285.633824469,"39155"
"18174","6557",281285.633824469,"42085"
"18175","6558",23857.4155789709,"42049"
"18176","6558",23857.4155789709,"39007"
"18177","6558",23857.4155789709,"42039"
"18178","6559",0.425754919417854,"42049"
"18179","6560",276785.64646215,"12057"
"18180","6560",276785.64646215,"12103"
"18181","6561",325228.816924482,"12057"
"18182","6561",325228.816924482,"12101"
"18183","6561",325228.816924482,"12103"
"18184","6562",48140.8959589606,"12053"
"18185","6562",48140.8959589606,"12075"
"18186","6562",48140.8959589606,"12017"
"18187","6563",25969.1635719645,"12075"
"18188","6563",25969.1635719645,"12001"
"18189","6563",25969.1635719645,"12083"
"18190","6564",38685.6892292979,"12023"
"18191","6564",38685.6892292979,"12007"
"18192","6564",38685.6892292979,"12001"
"18193","6564",38685.6892292979,"12125"
"18194","6565",1223.37186886834,"12023"
"18195","6565",1223.37186886834,"13065"
"18196","6565",1223.37186886834,"13049"
"18197","6565",1223.37186886834,"13299"
"18198","6565",1223.37186886834,"13101"
"18199","6565",1223.37186886834,"12003"
"18200","6566",13911.7402252729,"13229"
"18201","6566",13911.7402252729,"13025"
"18202","6566",13911.7402252729,"13065"
"18203","6566",13911.7402252729,"13049"
"18204","6566",13911.7402252729,"13299"
"18205","6567",7542.88855588043,"13229"
"18206","6567",7542.88855588043,"13305"
"18207","6567",7542.88855588043,"13001"
"18208","6567",7542.88855588043,"13005"
"18209","6568",23384.8500320278,"13267"
"18210","6568",23384.8500320278,"13279"
"18211","6568",23384.8500320278,"13043"
"18212","6568",23384.8500320278,"13109"
"18213","6569",11089.5761285647,"13251"
"18214","6569",11089.5761285647,"13107"
"18215","6569",11089.5761285647,"13031"
"18216","6569",11089.5761285647,"13043"
"18217","6569",11089.5761285647,"13165"
"18218","6569",11089.5761285647,"13033"
"18219","6570",45334.1920509487,"13245"
"18220","6570",45334.1920509487,"45003"
"18221","6570",45334.1920509487,"45011"
"18222","6570",45334.1920509487,"13033"
"18223","6571",24934.0164281683,"45003"
"18224","6571",24934.0164281683,"45081"
"18225","6571",24934.0164281683,"45037"
"18226","6572",26153.6548776815,"45071"
"18227","6572",26153.6548776815,"45059"
"18228","6572",26153.6548776815,"45081"
"18229","6573",33756.5290854304,"45091"
"18230","6573",33756.5290854304,"45083"
"18231","6573",33756.5290854304,"45087"
"18232","6573",33756.5290854304,"45021"
"18233","6573",33756.5290854304,"45023"
"18234","6574",73907.818347378,"37023"
"18235","6574",73907.818347378,"37161"
"18236","6574",73907.818347378,"37035"
"18237","6574",73907.818347378,"37109"
"18238","6574",73907.818347378,"37071"
"18239","6574",73907.818347378,"37045"
"18240","6575",71550.9470755325,"37027"
"18241","6575",71550.9470755325,"37193"
"18242","6575",71550.9470755325,"37003"
"18243","6576",19389.3165072051,"37009"
"18244","6576",19389.3165072051,"37193"
"18245","6576",19389.3165072051,"37005"
"18246","6576",19389.3165072051,"51077"
"18247","6577",17185.9905269833,"51185"
"18248","6577",17185.9905269833,"51173"
"18249","6577",17185.9905269833,"51197"
"18250","6577",17185.9905269833,"51021"
"18251","6578",29883.8029325191,"54081"
"18252","6578",29883.8029325191,"54109"
"18253","6578",29883.8029325191,"54055"
"18254","6578",29883.8029325191,"54089"
"18255","6579",18338.8407698526,"54067"
"18256","6579",18338.8407698526,"54019"
"18257","6579",18338.8407698526,"54025"
"18258","6580",11462.1407108284,"54021"
"18259","6580",11462.1407108284,"54067"
"18260","6580",11462.1407108284,"54087"
"18261","6580",11462.1407108284,"54013"
"18262","6580",11462.1407108284,"54007"
"18263","6580",11462.1407108284,"54015"
"18264","6581",13055.2350825051,"54021"
"18265","6581",13055.2350825051,"54017"
"18266","6581",13055.2350825051,"54033"
"18267","6581",13055.2350825051,"54095"
"18268","6581",13055.2350825051,"54085"
"18269","6581",13055.2350825051,"54041"
"18270","6582",21138.5977243073,"42059"
"18271","6582",21138.5977243073,"39013"
"18272","6582",21138.5977243073,"54051"
"18273","6582",21138.5977243073,"54103"
"18274","6582",21138.5977243073,"39111"
"18275","6583",95090.53488646,"42007"
"18276","6583",95090.53488646,"54069"
"18277","6583",95090.53488646,"39081"
"18278","6583",95090.53488646,"54029"
"18279","6583",95090.53488646,"54009"
"18280","6583",95090.53488646,"42125"
"18281","6584",124574.865114496,"42073"
"18282","6584",124574.865114496,"39099"
"18283","6584",124574.865114496,"42007"
"18284","6584",124574.865114496,"39029"
"18285","6585",36413.1203209967,"39155"
"18286","6585",36413.1203209967,"42085"
"18287","6585",36413.1203209967,"42039"
"18288","6586",134507.537784026,"42049"
"18289","6586",134507.537784026,"42039"
"18290","6587",202973.104296713,"12057"
"18291","6587",202973.104296713,"12115"
"18292","6587",202973.104296713,"12081"
"18293","6587",202973.104296713,"12103"
"18294","6588",972353.622870844,"12057"
"18295","6588",972353.622870844,"12101"
"18296","6588",972353.622870844,"12103"
"18297","6589",220547.486812433,"12053"
"18298","6589",220547.486812433,"12101"
"18299","6589",220547.486812433,"12017"
"18300","6590",65478.5496506076,"12075"
"18301","6590",65478.5496506076,"12017"
"18302","6590",65478.5496506076,"12083"
"18303","6591",229636.249451067,"12075"
"18304","6591",229636.249451067,"12001"
"18305","6591",229636.249451067,"12083"
"18306","6592",29759.1526382129,"12023"
"18307","6592",29759.1526382129,"12007"
"18308","6592",29759.1526382129,"12003"
"18309","6592",29759.1526382129,"12125"
"18310","6593",4888.05255638687,"12089"
"18311","6593",4888.05255638687,"13049"
"18312","6593",4888.05255638687,"13299"
"18313","6593",4888.05255638687,"12003"
"18314","6594",24777.4085530138,"13229"
"18315","6594",24777.4085530138,"13305"
"18316","6594",24777.4085530138,"13025"
"18317","6595",18624.0911597597,"13183"
"18318","6595",18624.0911597597,"13267"
"18319","6595",18624.0911597597,"13305"
"18320","6595",18624.0911597597,"13001"
"18321","6596",74271.1859244317,"13267"
"18322","6596",74271.1859244317,"13031"
"18323","6596",74271.1859244317,"13043"
"18324","6596",74271.1859244317,"13109"
"18325","6597",7254.44093981591,"13251"
"18326","6597",7254.44093981591,"13165"
"18327","6597",7254.44093981591,"13033"
"18328","6598",104456.429753334,"45003"
"18329","6599",33019.8689070148,"45063"
"18330","6599",33019.8689070148,"45071"
"18331","6599",33019.8689070148,"45003"
"18332","6599",33019.8689070148,"45081"
"18333","6600",12494.1277637126,"45071"
"18334","6600",12494.1277637126,"45059"
"18335","6600",12494.1277637126,"45087"
"18336","6600",12494.1277637126,"45039"
"18337","6600",12494.1277637126,"45023"
"18338","6601",85709.1642504482,"45091"
"18339","6601",85709.1642504482,"45021"
"18340","6601",85709.1642504482,"37071"
"18341","6601",85709.1642504482,"37045"
"18342","6602",182706.848475175,"37027"
"18343","6602",182706.848475175,"37023"
"18344","6602",182706.848475175,"37035"
"18345","6602",182706.848475175,"37109"
"18346","6602",182706.848475175,"37003"
"18347","6603",55730.5325948088,"37009"
"18348","6603",55730.5325948088,"37193"
"18349","6603",55730.5325948088,"37005"
"18350","6604",25295.1880524015,"51173"
"18351","6604",25295.1880524015,"51197"
"18352","6604",25295.1880524015,"51035"
"18353","6604",25295.1880524015,"51640"
"18354","6604",25295.1880524015,"51077"
"18355","6605",41384.1331458366,"54063"
"18356","6605",41384.1331458366,"54055"
"18357","6605",41384.1331458366,"54089"
"18358","6605",41384.1331458366,"51021"
"18359","6605",41384.1331458366,"51071"
"18360","6606",12209.8726784845,"54019"
"18361","6606",12209.8726784845,"54081"
"18362","6606",12209.8726784845,"54025"
"18363","6606",12209.8726784845,"54089"
"18364","6607",17587.4995797039,"54067"
"18365","6607",17587.4995797039,"54007"
"18366","6607",17587.4995797039,"54015"
"18367","6607",17587.4995797039,"54101"
"18368","6608",14817.2720540608,"54021"
"18369","6608",14817.2720540608,"54007"
"18370","6608",14817.2720540608,"54041"
"18371","6609",15486.2480055234,"54017"
"18372","6609",15486.2480055234,"54033"
"18373","6609",15486.2480055234,"54095"
"18374","6609",15486.2480055234,"54049"
"18375","6609",15486.2480055234,"54103"
"18376","6610",24101.1590639185,"42059"
"18377","6610",24101.1590639185,"54069"
"18378","6610",24101.1590639185,"54051"
"18379","6610",24101.1590639185,"42125"
"18380","6611",230631.26373572,"42003"
"18381","6611",230631.26373572,"42019"
"18382","6611",230631.26373572,"42007"
"18383","6611",230631.26373572,"42125"
"18384","6612",63991.570753166,"42073"
"18385","6612",63991.570753166,"42121"
"18386","6612",63991.570753166,"42019"
"18387","6612",63991.570753166,"42085"
"18388","6613",46662.6266635412,"42121"
"18389","6613",46662.6266635412,"42085"
"18390","6613",46662.6266635412,"42039"
"18391","6614",117575.37493387,"36013"
"18392","6614",117575.37493387,"42049"
"18393","6615",109623.848372903,"12115"
"18394","6616",245714.275294072,"12057"
"18395","6616",245714.275294072,"12081"
"18396","6616",245714.275294072,"12103"
"18397","6617",344730.75318889,"12057"
"18398","6617",344730.75318889,"12101"
"18399","6618",89904.7410765518,"12053"
"18400","6618",89904.7410765518,"12119"
"18401","6618",89904.7410765518,"12017"
"18402","6618",89904.7410765518,"12083"
"18403","6619",71595.2627735047,"12075"
"18404","6619",71595.2627735047,"12001"
"18405","6619",71595.2627735047,"12083"
"18406","6620",40941.0180023993,"12007"
"18407","6620",40941.0180023993,"12019"
"18408","6620",40941.0180023993,"12001"
"18409","6620",40941.0180023993,"12125"
"18410","6621",15815.5128622239,"12089"
"18411","6621",15815.5128622239,"12031"
"18412","6621",15815.5128622239,"13049"
"18413","6621",15815.5128622239,"13299"
"18414","6621",15815.5128622239,"12003"
"18415","6622",10950.1617765779,"13025"
"18416","6622",10950.1617765779,"13049"
"18417","6622",10950.1617765779,"13299"
"18418","6622",10950.1617765779,"13039"
"18419","6623",27549.356098523,"13183"
"18420","6623",27549.356098523,"13305"
"18421","6624",15812.436037916,"13179"
"18422","6624",15812.436037916,"13183"
"18423","6624",15812.436037916,"13267"
"18424","6624",15812.436037916,"13029"
"18425","6624",15812.436037916,"13031"
"18426","6624",15812.436037916,"13109"
"18427","6625",14599.7705350053,"13103"
"18428","6625",14599.7705350053,"13251"
"18429","6625",14599.7705350053,"13031"
"18430","6625",14599.7705350053,"13165"
"18431","6626",5924.67425364707,"45005"
"18432","6626",5924.67425364707,"13251"
"18433","6626",5924.67425364707,"45003"
"18434","6626",5924.67425364707,"45011"
"18435","6626",5924.67425364707,"13033"
"18436","6627",27728.7974986288,"45063"
"18437","6627",27728.7974986288,"45003"
"18438","6627",27728.7974986288,"45081"
"18439","6628",28903.447096242,"45063"
"18440","6628",28903.447096242,"45071"
"18441","6628",28903.447096242,"45039"
"18442","6628",28903.447096242,"45079"
"18443","6629",52912.9649279029,"45091"
"18444","6629",52912.9649279029,"45087"
"18445","6629",52912.9649279029,"45023"
"18446","6630",248921.88831435,"37035"
"18447","6630",248921.88831435,"37109"
"18448","6630",248921.88831435,"37119"
"18449","6630",248921.88831435,"37071"
"18450","6631",65230.7047817974,"37193"
"18451","6631",65230.7047817974,"37097"
"18452","6631",65230.7047817974,"37035"
"18453","6631",65230.7047817974,"37003"
"18454","6632",26158.6488965535,"37193"
"18455","6632",26158.6488965535,"37171"
"18456","6632",26158.6488965535,"37005"
"18457","6632",26158.6488965535,"51035"
"18458","6632",26158.6488965535,"51640"
"18459","6632",26158.6488965535,"51077"
"18460","6633",33299.2982123052,"51063"
"18461","6633",33299.2982123052,"51155"
"18462","6633",33299.2982123052,"51197"
"18463","6633",33299.2982123052,"51021"
"18464","6633",33299.2982123052,"51035"
"18465","6633",33299.2982123052,"51071"
"18466","6634",14335.1255689917,"54063"
"18467","6634",14335.1255689917,"54089"
"18468","6634",14335.1255689917,"51071"
"18469","6635",10160.6474468646,"54067"
"18470","6635",10160.6474468646,"54019"
"18471","6635",10160.6474468646,"54025"
"18472","6636",5974.52564922543,"54083"
"18473","6636",5974.52564922543,"54007"
"18474","6636",5974.52564922543,"54041"
"18475","6636",5974.52564922543,"54101"
"18476","6636",5974.52564922543,"54097"
"18477","6637",61778.7751548863,"54001"
"18478","6637",61778.7751548863,"54017"
"18479","6637",61778.7751548863,"54033"
"18480","6637",61778.7751548863,"54041"
"18481","6637",61778.7751548863,"54097"
"18482","6637",61778.7751548863,"54091"
"18483","6638",19851.6422894758,"42059"
"18484","6638",19851.6422894758,"54049"
"18485","6638",19851.6422894758,"54061"
"18486","6638",19851.6422894758,"54103"
"18487","6639",393201.992010747,"42003"
"18488","6639",393201.992010747,"42125"
"18489","6640",143556.898611869,"42003"
"18490","6640",143556.898611869,"42073"
"18491","6640",143556.898611869,"42019"
"18492","6640",143556.898611869,"42007"
"18493","6641",41426.3394284887,"42121"
"18494","6641",41426.3394284887,"42085"
"18495","6641",41426.3394284887,"42039"
"18496","6642",27667.2274687921,"36013"
"18497","6642",27667.2274687921,"42049"
"18498","6642",27667.2274687921,"42123"
"18499","6642",27667.2274687921,"42039"
"18500","6643",9621.44039943347,"36013"
"18501","6644",17.8304590869298,"12087"
"18502","6645",28091.1881837774,"12115"
"18503","6645",28091.1881837774,"12015"
"18504","6646",296014.001132596,"12115"
"18505","6646",296014.001132596,"12081"
"18506","6647",683490.789043682,"12057"
"18507","6648",76886.3575258157,"12053"
"18508","6648",76886.3575258157,"12119"
"18509","6648",76886.3575258157,"12101"
"18510","6649",321140.938718112,"12069"
"18511","6649",321140.938718112,"12119"
"18512","6649",321140.938718112,"12083"
"18513","6650",33228.3891134964,"12107"
"18514","6650",33228.3891134964,"12007"
"18515","6650",33228.3891134964,"12019"
"18516","6650",33228.3891134964,"12001"
"18517","6650",33228.3891134964,"12083"
"18518","6651",272070.474654078,"12089"
"18519","6651",272070.474654078,"12007"
"18520","6651",272070.474654078,"12031"
"18521","6651",272070.474654078,"12019"
"18522","6651",272070.474654078,"12003"
"18523","6652",36766.150732457,"12089"
"18524","6652",36766.150732457,"12031"
"18525","6652",36766.150732457,"13049"
"18526","6652",36766.150732457,"13039"
"18527","6653",27260.5327484645,"13305"
"18528","6653",27260.5327484645,"13025"
"18529","6653",27260.5327484645,"13127"
"18530","6653",27260.5327484645,"13039"
"18531","6654",71177.1206160212,"13179"
"18532","6654",71177.1206160212,"13183"
"18533","6654",71177.1206160212,"13029"
"18534","6654",71177.1206160212,"13191"
"18535","6655",28848.8106046012,"13103"
"18536","6655",28848.8106046012,"13251"
"18537","6655",28848.8106046012,"13029"
"18538","6655",28848.8106046012,"13031"
"18539","6656",8740.53458196216,"45005"
"18540","6656",8740.53458196216,"13251"
"18541","6656",8740.53458196216,"45049"
"18542","6657",17044.9141755135,"45009"
"18543","6657",17044.9141755135,"45003"
"18544","6657",17044.9141755135,"45011"
"18545","6657",17044.9141755135,"45075"
"18546","6658",374428.455065625,"45063"
"18547","6658",374428.455065625,"45071"
"18548","6658",374428.455065625,"45079"
"18549","6659",12607.1270578089,"45039"
"18550","6659",12607.1270578089,"45023"
"18551","6660",532263.495533868,"45091"
"18552","6660",532263.495533868,"45057"
"18553","6660",532263.495533868,"37179"
"18554","6660",532263.495533868,"37119"
"18555","6660",532263.495533868,"37071"
"18556","6661",208740.533482828,"37159"
"18557","6661",208740.533482828,"37097"
"18558","6661",208740.533482828,"37025"
"18559","6661",208740.533482828,"37035"
"18560","6661",208740.533482828,"37109"
"18561","6661",208740.533482828,"37119"
"18562","6662",48343.1494654985,"37059"
"18563","6662",48343.1494654985,"37193"
"18564","6662",48343.1494654985,"37097"
"18565","6662",48343.1494654985,"37197"
"18566","6662",48343.1494654985,"37171"
"18567","6663",27684.1148664035,"51063"
"18568","6663",27684.1148664035,"51141"
"18569","6663",27684.1148664035,"37171"
"18570","6663",27684.1148664035,"51035"
"18571","6663",27684.1148664035,"51640"
"18572","6664",110646.273712854,"51121"
"18573","6664",110646.273712854,"51155"
"18574","6664",110646.273712854,"51045"
"18575","6664",110646.273712854,"51750"
"18576","6664",110646.273712854,"51071"
"18577","6665",25356.4966525639,"54063"
"18578","6665",25356.4966525639,"51005"
"18579","6665",25356.4966525639,"54025"
"18580","6665",25356.4966525639,"54089"
"18581","6666",3375.24592871165,"54067"
"18582","6666",3375.24592871165,"54025"
"18583","6666",3375.24592871165,"54083"
"18584","6666",3375.24592871165,"54101"
"18585","6666",3375.24592871165,"54075"
"18586","6667",24110.9747863844,"54001"
"18587","6667",24110.9747863844,"54083"
"18588","6667",24110.9747863844,"54041"
"18589","6667",24110.9747863844,"54097"
"18590","6668",74988.7036213254,"54033"
"18591","6668",74988.7036213254,"54049"
"18592","6668",74988.7036213254,"54061"
"18593","6668",74988.7036213254,"54077"
"18594","6668",74988.7036213254,"54091"
"18595","6669",76902.1782265834,"42059"
"18596","6669",76902.1782265834,"42051"
"18597","6669",76902.1782265834,"42125"
"18598","6670",735974.238485013,"42003"
"18599","6670",735974.238485013,"42019"
"18600","6670",735974.238485013,"42129"
"18601","6671",25264.9061767657,"42005"
"18602","6671",25264.9061767657,"42031"
"18603","6671",25264.9061767657,"42121"
"18604","6671",25264.9061767657,"42019"
"18605","6672",20469.7754315244,"42121"
"18606","6672",20469.7754315244,"42123"
"18607","6672",20469.7754315244,"42053"
"18608","6672",20469.7754315244,"42039"
"18609","6673",29762.6501749134,"36013"
"18610","6673",29762.6501749134,"42123"
"18611","6674",25528.3934831425,"36063"
"18612","6675",1730.18991190106,"12071"
"18613","6676",201317.986703964,"12115"
"18614","6676",201317.986703964,"12027"
"18615","6676",201317.986703964,"12081"
"18616","6676",201317.986703964,"12015"
"18617","6677",12903.174121876,"12057"
"18618","6677",12903.174121876,"12105"
"18619","6677",12903.174121876,"12049"
"18620","6677",12903.174121876,"12081"
"18621","6678",191849.663761977,"12057"
"18622","6678",191849.663761977,"12105"
"18623","6678",191849.663761977,"12119"
"18624","6678",191849.663761977,"12101"
"18625","6679",184154.288715751,"12069"
"18626","6679",184154.288715751,"12119"
"18627","6680",18748.6976406688,"12107"
"18628","6680",18748.6976406688,"12083"
"18629","6681",26063.6087291119,"12107"
"18630","6681",26063.6087291119,"12109"
"18631","6681",26063.6087291119,"12019"
"18632","6682",497812.338774381,"12089"
"18633","6682",497812.338774381,"12031"
"18634","6683",22628.1483786949,"13127"
"18635","6683",22628.1483786949,"13039"
"18636","6684",16897.7748068773,"13179"
"18637","6684",16897.7748068773,"13183"
"18638","6684",16897.7748068773,"13305"
"18639","6684",16897.7748068773,"13191"
"18640","6684",16897.7748068773,"13127"
"18641","6685",93744.3723271204,"13103"
"18642","6685",93744.3723271204,"13179"
"18643","6685",93744.3723271204,"13051"
"18644","6685",93744.3723271204,"13029"
"18645","6686",11346.0703930886,"13103"
"18646","6686",11346.0703930886,"13251"
"18647","6686",11346.0703930886,"45053"
"18648","6686",11346.0703930886,"45049"
"18649","6687",13435.5325519786,"45005"
"18650","6687",13435.5325519786,"45029"
"18651","6687",13435.5325519786,"45009"
"18652","6687",13435.5325519786,"45011"
"18653","6687",13435.5325519786,"45049"
"18654","6688",40061.5904476257,"45063"
"18655","6688",40061.5904476257,"45003"
"18656","6688",40061.5904476257,"45017"
"18657","6688",40061.5904476257,"45075"
"18658","6689",152855.073976479,"45055"
"18659","6689",152855.073976479,"45039"
"18660","6689",152855.073976479,"45079"
"18661","6690",93345.7698573822,"45091"
"18662","6690",93345.7698573822,"45057"
"18663","6690",93345.7698573822,"45023"
"18664","6690",93345.7698573822,"37179"
"18665","6691",832695.572428024,"37159"
"18666","6691",832695.572428024,"37025"
"18667","6691",832695.572428024,"37119"
"18668","6691",832695.572428024,"37071"
"18669","6692",62389.3959160781,"37059"
"18670","6692",62389.3959160781,"37057"
"18671","6692",62389.3959160781,"37159"
"18672","6692",62389.3959160781,"37097"
"18673","6692",62389.3959160781,"37197"
"18674","6693",64217.0729099315,"51141"
"18675","6693",64217.0729099315,"37169"
"18676","6693",64217.0729099315,"37197"
"18677","6693",64217.0729099315,"37171"
"18678","6693",64217.0729099315,"51035"
"18679","6694",29717.2361695584,"51067"
"18680","6694",29717.2361695584,"51063"
"18681","6694",29717.2361695584,"51141"
"18682","6694",29717.2361695584,"51121"
"18683","6694",29717.2361695584,"51155"
"18684","6694",29717.2361695584,"51035"
"18685","6695",6038.77452679803,"51161"
"18686","6695",6038.77452679803,"54063"
"18687","6695",6038.77452679803,"51005"
"18688","6695",6038.77452679803,"51121"
"18689","6695",6038.77452679803,"51045"
"18690","6695",6038.77452679803,"51071"
"18691","6696",3996.25794211874,"51017"
"18692","6696",3996.25794211874,"51005"
"18693","6696",3996.25794211874,"54025"
"18694","6696",3996.25794211874,"54075"
"18695","6697",3895.43105988609,"54083"
"18696","6697",3895.43105988609,"54101"
"18697","6697",3895.43105988609,"54075"
"18698","6698",18563.5978952347,"54001"
"18699","6698",18563.5978952347,"54093"
"18700","6698",18563.5978952347,"54083"
"18701","6698",18563.5978952347,"54097"
"18702","6698",18563.5978952347,"54077"
"18703","6698",18563.5978952347,"54091"
"18704","6699",113795.464166817,"42059"
"18705","6699",113795.464166817,"42051"
"18706","6699",113795.464166817,"54061"
"18707","6699",113795.464166817,"54077"
"18708","6700",254630.250379558,"42003"
"18709","6700",254630.250379558,"42051"
"18710","6700",254630.250379558,"42129"
"18711","6700",254630.250379558,"42125"
"18712","6701",69722.8908419168,"42005"
"18713","6701",69722.8908419168,"42003"
"18714","6701",69722.8908419168,"42019"
"18715","6701",69722.8908419168,"42129"
"18716","6702",26570.7151321906,"42031"
"18717","6702",26570.7151321906,"42121"
"18718","6702",26570.7151321906,"42053"
"18719","6703",27946.3460368241,"36013"
"18720","6703",27946.3460368241,"42123"
"18721","6704",45941.7910221252,"36013"
"18722","6704",45941.7910221252,"36009"
"18723","6705",280145.501473317,"36029"
"18724","6705",280145.501473317,"36063"
"18725","6706",96145.7237015545,"12071"
"18726","6706",96145.7237015545,"12015"
"18727","6707",8125.79573591392,"12115"
"18728","6707",8125.79573591392,"12049"
"18729","6707",8125.79573591392,"12027"
"18730","6707",8125.79573591392,"12081"
"18731","6708",262980.642757261,"12057"
"18732","6708",262980.642757261,"12105"
"18733","6709",131374.290588153,"12095"
"18734","6709",131374.290588153,"12069"
"18735","6709",131374.290588153,"12105"
"18736","6709",131374.290588153,"12119"
"18737","6710",69130.984635254,"12069"
"18738","6710",69130.984635254,"12083"
"18739","6711",47105.8308256107,"12107"
"18740","6711",47105.8308256107,"12035"
"18741","6711",47105.8308256107,"12109"
"18742","6711",47105.8308256107,"12083"
"18743","6712",344599.091655854,"12109"
"18744","6712",344599.091655854,"12031"
"18745","6712",344599.091655854,"12019"
"18746","6713",71545.9616069529,"12089"
"18747","6713",71545.9616069529,"12031"
"18748","6713",71545.9616069529,"13039"
"18749","6714",71882.5865082831,"13191"
"18750","6714",71882.5865082831,"13127"
"18751","6715",18837.4731689573,"13179"
"18752","6715",18837.4731689573,"13051"
"18753","6715",18837.4731689573,"13029"
"18754","6715",18837.4731689573,"13191"
"18755","6716",77641.7497819933,"13103"
"18756","6716",77641.7497819933,"13051"
"18757","6716",77641.7497819933,"45053"
"18758","6716",77641.7497819933,"45013"
"18759","6717",14258.2161704271,"45005"
"18760","6717",14258.2161704271,"45029"
"18761","6717",14258.2161704271,"45053"
"18762","6717",14258.2161704271,"45049"
"18763","6718",57113.9439616699,"45009"
"18764","6718",57113.9439616699,"45075"
"18765","6719",169980.346368332,"45063"
"18766","6719",169980.346368332,"45055"
"18767","6719",169980.346368332,"45017"
"18768","6719",169980.346368332,"45085"
"18769","6719",169980.346368332,"45079"
"18770","6720",18560.9378353772,"45055"
"18771","6720",18560.9378353772,"45057"
"18772","6720",18560.9378353772,"45039"
"18773","6720",18560.9378353772,"45023"
"18774","6721",430962.280971841,"45057"
"18775","6721",430962.280971841,"37179"
"18776","6721",430962.280971841,"37119"
"18777","6722",188011.412135048,"37059"
"18778","6722",188011.412135048,"37057"
"18779","6722",188011.412135048,"37159"
"18780","6722",188011.412135048,"37025"
"18781","6723",334117.746184205,"37059"
"18782","6723",334117.746184205,"37057"
"18783","6723",334117.746184205,"37169"
"18784","6723",334117.746184205,"37197"
"18785","6723",334117.746184205,"37171"
"18786","6723",334117.746184205,"37067"
"18787","6724",16104.965274531,"51063"
"18788","6724",16104.965274531,"51089"
"18789","6724",16104.965274531,"51141"
"18790","6724",16104.965274531,"37169"
"18791","6724",16104.965274531,"51035"
"18792","6725",130418.036114472,"51161"
"18793","6725",130418.036114472,"51067"
"18794","6725",130418.036114472,"51063"
"18795","6725",130418.036114472,"51121"
"18796","6725",130418.036114472,"51045"
"18797","6725",130418.036114472,"51770"
"18798","6725",130418.036114472,"51775"
"18799","6726",14723.1109043478,"51023"
"18800","6726",14723.1109043478,"51005"
"18801","6726",14723.1109043478,"54025"
"18802","6726",14723.1109043478,"51045"
"18803","6726",14723.1109043478,"51580"
"18804","6727",4098.0107144751,"51017"
"18805","6727",4098.0107144751,"51091"
"18806","6727",4098.0107144751,"54075"
"18807","6728",22217.8862884641,"54001"
"18808","6728",22217.8862884641,"54083"
"18809","6728",22217.8862884641,"54075"
"18810","6729",23917.0839327758,"54001"
"18811","6729",23917.0839327758,"54093"
"18812","6729",23917.0839327758,"24023"
"18813","6729",23917.0839327758,"54077"
"18814","6729",23917.0839327758,"54091"
"18815","6730",63883.2694813153,"42111"
"18816","6730",63883.2694813153,"42051"
"18817","6731",86273.2702853941,"42005"
"18818","6731",86273.2702853941,"42063"
"18819","6731",86273.2702853941,"42129"
"18820","6732",19058.2346934635,"42005"
"18821","6732",19058.2346934635,"42031"
"18822","6732",19058.2346934635,"42063"
"18823","6732",19058.2346934635,"42065"
"18824","6733",8041.38570063067,"42031"
"18825","6733",8041.38570063067,"42047"
"18826","6733",8041.38570063067,"42123"
"18827","6733",8041.38570063067,"42053"
"18828","6734",47818.7148759033,"36013"
"18829","6734",47818.7148759033,"36009"
"18830","6734",47818.7148759033,"42083"
"18831","6734",47818.7148759033,"42123"
"18832","6735",101474.701218469,"36013"
"18833","6735",101474.701218469,"36029"
"18834","6735",101474.701218469,"36009"
"18835","6736",183632.046771674,"36029"
"18836","6736",183632.046771674,"36063"
"18837","6737",406170.847110323,"12071"
"18838","6738",61235.502231646,"12115"
"18839","6738",61235.502231646,"12027"
"18840","6738",61235.502231646,"12015"
"18841","6739",32914.6916207575,"12105"
"18842","6739",32914.6916207575,"12049"
"18843","6740",222006.099490486,"12097"
"18844","6740",222006.099490486,"12105"
"18845","6741",372779.152065022,"12095"
"18846","6741",372779.152065022,"12069"
"18847","6741",372779.152065022,"12117"
"18848","6742",13840.9447206304,"12107"
"18849","6742",13840.9447206304,"12127"
"18850","6742",13840.9447206304,"12069"
"18851","6742",13840.9447206304,"12035"
"18852","6742",13840.9447206304,"12083"
"18853","6743",136191.930720034,"12107"
"18854","6743",136191.930720034,"12109"
"18855","6743",136191.930720034,"12019"
"18856","6744",171893.558837267,"12109"
"18857","6744",171893.558837267,"12031"
"18858","6745",236.911627250202,"13179"
"18859","6745",236.911627250202,"13191"
"18860","6746",219238.975000148,"13051"
"18861","6746",219238.975000148,"45053"
"18862","6746",219238.975000148,"45013"
"18863","6747",39388.374098653,"45029"
"18864","6747",39388.374098653,"45053"
"18865","6747",39388.374098653,"45049"
"18866","6747",39388.374098653,"45013"
"18867","6748",10102.8144909579,"45029"
"18868","6748",10102.8144909579,"45009"
"18869","6748",10102.8144909579,"45035"
"18870","6748",10102.8144909579,"45075"
"18871","6749",15700.4423372238,"45027"
"18872","6749",15700.4423372238,"45017"
"18873","6749",15700.4423372238,"45085"
"18874","6749",15700.4423372238,"45079"
"18875","6749",15700.4423372238,"45075"
"18876","6750",54563.5378106782,"45055"
"18877","6750",54563.5378106782,"45061"
"18878","6750",54563.5378106782,"45085"
"18879","6750",54563.5378106782,"45079"
"18880","6751",37636.8746579368,"37007"
"18881","6751",37636.8746579368,"45025"
"18882","6751",37636.8746579368,"45055"
"18883","6751",37636.8746579368,"45057"
"18884","6751",37636.8746579368,"37179"
"18885","6752",68025.0444103759,"37007"
"18886","6752",68025.0444103759,"37179"
"18887","6752",68025.0444103759,"37025"
"18888","6752",68025.0444103759,"37119"
"18889","6752",68025.0444103759,"37167"
"18890","6753",138504.668723969,"37059"
"18891","6753",138504.668723969,"37057"
"18892","6753",138504.668723969,"37159"
"18893","6753",138504.668723969,"37151"
"18894","6753",138504.668723969,"37067"
"18895","6754",51135.1179807212,"51141"
"18896","6754",51135.1179807212,"37169"
"18897","6754",51135.1179807212,"37081"
"18898","6754",51135.1179807212,"37157"
"18899","6754",51135.1179807212,"37067"
"18900","6755",37301.9589619584,"51067"
"18901","6755",37301.9589619584,"51063"
"18902","6755",37301.9589619584,"51089"
"18903","6755",37301.9589619584,"51141"
"18904","6756",103463.624627834,"51161"
"18905","6756",103463.624627834,"51019"
"18906","6756",103463.624627834,"51023"
"18907","6756",103463.624627834,"51045"
"18908","6756",103463.624627834,"51770"
"18909","6757",8148.52534043092,"51017"
"18910","6757",8148.52534043092,"51005"
"18911","6757",8148.52534043092,"54025"
"18912","6757",8148.52534043092,"54075"
"18913","6757",8148.52534043092,"51163"
"18914","6758",3095.80877695381,"51091"
"18915","6758",3095.80877695381,"54071"
"18916","6758",3095.80877695381,"54083"
"18917","6758",3095.80877695381,"54075"
"18918","6759",7089.74387365033,"54023"
"18919","6759",7089.74387365033,"54093"
"18920","6759",7089.74387365033,"54083"
"18921","6759",7089.74387365033,"24023"
"18922","6759",7089.74387365033,"54077"
"18923","6760",18488.9296922324,"42111"
"18924","6760",18488.9296922324,"42051"
"18925","6760",18488.9296922324,"24023"
"18926","6760",18488.9296922324,"54077"
"18927","6761",41836.6313865041,"42111"
"18928","6761",41836.6313865041,"42051"
"18929","6761",41836.6313865041,"42129"
"18930","6762",56881.5433248964,"42005"
"18931","6762",56881.5433248964,"42063"
"18932","6763",14818.8094559924,"42031"
"18933","6763",14818.8094559924,"42047"
"18934","6763",14818.8094559924,"42065"
"18935","6763",14818.8094559924,"42053"
"18936","6764",11329.9999034086,"42083"
"18937","6764",11329.9999034086,"42047"
"18938","6764",11329.9999034086,"42123"
"18939","6764",11329.9999034086,"42053"
"18940","6765",13896.3014139124,"36029"
"18941","6765",13896.3014139124,"36009"
"18942","6766",452888.22666039,"36029"
"18943","6766",452888.22666039,"36121"
"18944","6766",452888.22666039,"36037"
"18945","6767",8261.72048251676,"36073"
"18946","6767",8261.72048251676,"36063"
"18947","6768",0,"12087"
"18948","6769",317062.889995212,"12071"
"18949","6769",317062.889995212,"12021"
"18950","6770",233622.935192367,"12071"
"18951","6770",233622.935192367,"12015"
"18952","6770",233622.935192367,"12043"
"18953","6771",8030.03305218063,"12055"
"18954","6771",8030.03305218063,"12049"
"18955","6771",8030.03305218063,"12027"
"18956","6772",92797.8386327399,"12105"
"18957","6773",825763.548170203,"12095"
"18958","6773",825763.548170203,"12097"
"18959","6773",825763.548170203,"12069"
"18960","6773",825763.548170203,"12105"
"18961","6774",215245.78449258,"12095"
"18962","6774",215245.78449258,"12127"
"18963","6774",215245.78449258,"12069"
"18964","6774",215245.78449258,"12117"
"18965","6775",178931.147289748,"12127"
"18966","6775",178931.147289748,"12035"
"18967","6775",178931.147289748,"12109"
"18968","6776",8033.34428813508,"12109"
"18969","6777",0,"13051"
"18970","6778",130325.54906297,"45053"
"18971","6778",130325.54906297,"45013"
"18972","6779",22453.113566255,"45029"
"18973","6779",22453.113566255,"45049"
"18974","6779",22453.113566255,"45013"
"18975","6780",26068.5868911622,"45017"
"18976","6780",26068.5868911622,"45035"
"18977","6780",26068.5868911622,"45075"
"18978","6781",96478.2479499766,"45027"
"18979","6781",96478.2479499766,"45085"
"18980","6781",96478.2479499766,"45079"
"18981","6782",14960.4063297234,"45025"
"18982","6782",14960.4063297234,"45055"
"18983","6782",14960.4063297234,"45061"
"18984","6782",14960.4063297234,"45031"
"18985","6783",33418.4720276024,"37007"
"18986","6783",33418.4720276024,"45025"
"18987","6783",33418.4720276024,"37179"
"18988","6783",33418.4720276024,"37167"
"18989","6784",31617.0848589646,"37057"
"18990","6784",31617.0848589646,"37123"
"18991","6784",31617.0848589646,"37159"
"18992","6784",31617.0848589646,"37025"
"18993","6784",31617.0848589646,"37151"
"18994","6784",31617.0848589646,"37167"
"18995","6785",483330.966078385,"37057"
"18996","6785",483330.966078385,"37081"
"18997","6785",483330.966078385,"37151"
"18998","6785",483330.966078385,"37067"
"18999","6786",78022.2715447832,"51143"
"19000","6786",78022.2715447832,"51089"
"19001","6786",78022.2715447832,"51141"
"19002","6786",78022.2715447832,"37169"
"19003","6786",78022.2715447832,"37157"
"19004","6786",78022.2715447832,"51690"
"19005","6787",80509.4466129459,"51161"
"19006","6787",80509.4466129459,"51019"
"19007","6787",80509.4466129459,"51067"
"19008","6787",80509.4466129459,"51143"
"19009","6787",80509.4466129459,"51770"
"19010","6788",14395.1373357447,"51017"
"19011","6788",14395.1373357447,"51019"
"19012","6788",14395.1373357447,"51023"
"19013","6788",14395.1373357447,"51005"
"19014","6788",14395.1373357447,"51678"
"19015","6788",14395.1373357447,"51163"
"19016","6789",1829.32220803684,"51015"
"19017","6789",1829.32220803684,"51017"
"19018","6789",1829.32220803684,"51091"
"19019","6789",1829.32220803684,"51163"
"19020","6790",4833.78106414433,"54023"
"19021","6790",4833.78106414433,"54071"
"19022","6790",4833.78106414433,"54083"
"19023","6791",16567.6659117832,"54023"
"19024","6791",16567.6659117832,"54093"
"19025","6791",16567.6659117832,"24023"
"19026","6791",16567.6659117832,"54057"
"19027","6791",16567.6659117832,"54077"
"19028","6792",32547.8160956274,"42111"
"19029","6792",32547.8160956274,"42051"
"19030","6792",32547.8160956274,"24023"
"19031","6793",83786.3269379936,"42111"
"19032","6793",83786.3269379936,"42063"
"19033","6793",83786.3269379936,"42021"
"19034","6793",83786.3269379936,"42129"
"19035","6794",28592.2709365674,"42033"
"19036","6794",28592.2709365674,"42063"
"19037","6794",28592.2709365674,"42065"
"19038","6795",19205.3895029412,"42083"
"19039","6795",19205.3895029412,"42047"
"19040","6795",19205.3895029412,"42053"
"19041","6796",49177.6275700883,"36009"
"19042","6796",49177.6275700883,"42083"
"19043","6797",32088.2215111372,"36029"
"19044","6797",32088.2215111372,"36009"
"19045","6797",32088.2215111372,"36121"
"19046","6797",32088.2215111372,"36003"
"19047","6798",54897.2054481344,"36029"
"19048","6798",54897.2054481344,"36073"
"19049","6798",54897.2054481344,"36037"
"19050","6798",54897.2054481344,"36063"
"19051","6799",0,"12087"
"19052","6800",34689.8721877236,"12021"
"19053","6801",135269.558159344,"12071"
"19054","6801",135269.558159344,"12021"
"19055","6801",135269.558159344,"12051"
"19056","6802",1666.4263872591,"12055"
"19057","6802",1666.4263872591,"12027"
"19058","6802",1666.4263872591,"12015"
"19059","6802",1666.4263872591,"12043"
"19060","6803",82281.6057669523,"12055"
"19061","6803",82281.6057669523,"12105"
"19062","6803",82281.6057669523,"12049"
"19063","6804",173996.305998153,"12097"
"19064","6804",173996.305998153,"12105"
"19065","6805",937232.00046472,"12095"
"19066","6805",937232.00046472,"12127"
"19067","6805",937232.00046472,"12117"
"19068","6806",228366.163570542,"12127"
"19069","6806",228366.163570542,"12035"
"19070","6807",572.802741203429,"12035"
"19071","6807",572.802741203429,"12109"
"19072","6808",40804.1473802628,"45019"
"19073","6808",40804.1473802628,"45029"
"19074","6808",40804.1473802628,"45013"
"19075","6809",41502.3623986567,"45029"
"19076","6809",41502.3623986567,"45015"
"19077","6809",41502.3623986567,"45035"
"19078","6810",26564.2317707855,"45027"
"19079","6810",26564.2317707855,"45015"
"19080","6810",26564.2317707855,"45017"
"19081","6810",26564.2317707855,"45085"
"19082","6810",26564.2317707855,"45075"
"19083","6811",22501.4113897471,"45041"
"19084","6811",22501.4113897471,"45061"
"19085","6811",22501.4113897471,"45085"
"19086","6811",22501.4113897471,"45031"
"19087","6812",26938.3631052819,"37007"
"19088","6812",26938.3631052819,"45025"
"19089","6812",26938.3631052819,"45069"
"19090","6813",19814.0774405038,"37007"
"19091","6813",19814.0774405038,"37123"
"19092","6813",19814.0774405038,"37153"
"19093","6813",19814.0774405038,"37167"
"19094","6814",113731.267559266,"37057"
"19095","6814",113731.267559266,"37081"
"19096","6814",113731.267559266,"37151"
"19097","6815",89647.9563523134,"37081"
"19098","6815",89647.9563523134,"37157"
"19099","6816",16241.4117549932,"51067"
"19100","6816",16241.4117549932,"51143"
"19101","6816",16241.4117549932,"51089"
"19102","6817",34850.4481666462,"51019"
"19103","6817",34850.4481666462,"51023"
"19104","6817",34850.4481666462,"51163"
"19105","6818",23839.2849527303,"51015"
"19106","6818",23839.2849527303,"51017"
"19107","6818",23839.2849527303,"51009"
"19108","6818",23839.2849527303,"51678"
"19109","6818",23839.2849527303,"51163"
"19110","6819",5064.08144553093,"51015"
"19111","6819",5064.08144553093,"51091"
"19112","6819",5064.08144553093,"51165"
"19113","6819",5064.08144553093,"54071"
"19114","6820",17341.5406579745,"54023"
"19115","6820",17341.5406579745,"54071"
"19116","6820",17341.5406579745,"54093"
"19117","6820",17341.5406579745,"54083"
"19118","6820",17341.5406579745,"54031"
"19119","6821",56096.2748909197,"42111"
"19120","6821",56096.2748909197,"24001"
"19121","6821",56096.2748909197,"24023"
"19122","6821",56096.2748909197,"54057"
"19123","6822",39731.0894594609,"42111"
"19124","6822",39731.0894594609,"42021"
"19125","6822",39731.0894594609,"42009"
"19126","6823",32782.5065176358,"42033"
"19127","6823",32782.5065176358,"42063"
"19128","6823",32782.5065176358,"42021"
"19129","6824",30059.7041864282,"42033"
"19130","6824",30059.7041864282,"42047"
"19131","6824",30059.7041864282,"42065"
"19132","6825",9540.69175155937,"42023"
"19133","6825",9540.69175155937,"42083"
"19134","6825",9540.69175155937,"42047"
"19135","6826",16836.9430870288,"36009"
"19136","6826",16836.9430870288,"36003"
"19137","6827",34177.3635228219,"36121"
"19138","6827",34177.3635228219,"36051"
"19139","6827",34177.3635228219,"36037"
"19140","6828",33201.8867662528,"36073"
"19141","6828",33201.8867662528,"36055"
"19142","6829",27713.9629050874,"12087"
"19143","6830",33402.5820455963,"12021"
"19144","6831",25848.7416596277,"12071"
"19145","6831",25848.7416596277,"12021"
"19146","6831",25848.7416596277,"12051"
"19147","6831",25848.7416596277,"12015"
"19148","6831",25848.7416596277,"12043"
"19149","6832",24866.5650262462,"12055"
"19150","6832",24866.5650262462,"12043"
"19151","6833",2559.3662625624,"12055"
"19152","6833",2559.3662625624,"12097"
"19153","6833",2559.3662625624,"12105"
"19154","6834",75654.935552152,"12095"
"19155","6834",75654.935552152,"12097"
"19156","6835",107670.19739927,"12009"
"19157","6835",107670.19739927,"12127"
"19158","6835",107670.19739927,"12117"
"19159","6836",2416.84294564713,"12127"
"19160","6836",2416.84294564713,"12035"
"19161","6837",778.703140478075,"45013"
"19162","6838",27897.2489076357,"45019"
"19163","6838",27897.2489076357,"45029"
"19164","6838",27897.2489076357,"45035"
"19165","6839",32368.8138955772,"45027"
"19166","6839",32368.8138955772,"45015"
"19167","6839",32368.8138955772,"45035"
"19168","6839",32368.8138955772,"45075"
"19169","6840",16556.62081755,"45027"
"19170","6840",16556.62081755,"45089"
"19171","6840",16556.62081755,"45041"
"19172","6840",16556.62081755,"45061"
"19173","6840",16556.62081755,"45085"
"19174","6841",55766.0145558014,"45025"
"19175","6841",55766.0145558014,"45069"
"19176","6841",55766.0145558014,"45031"
"19177","6842",46013.5739441779,"37007"
"19178","6842",46013.5739441779,"37165"
"19179","6842",46013.5739441779,"45025"
"19180","6842",46013.5739441779,"37153"
"19181","6842",46013.5739441779,"45069"
"19182","6843",31327.0073409146,"37037"
"19183","6843",31327.0073409146,"37123"
"19184","6843",31327.0073409146,"37125"
"19185","6843",31327.0073409146,"37151"
"19186","6844",227668.513621324,"37001"
"19187","6844",227668.513621324,"37081"
"19188","6844",227668.513621324,"37151"
"19189","6845",75945.3945810719,"51143"
"19190","6845",75945.3945810719,"37033"
"19191","6845",75945.3945810719,"37157"
"19192","6845",75945.3945810719,"51590"
"19193","6846",26650.7331611751,"51019"
"19194","6846",26650.7331611751,"51143"
"19195","6846",26650.7331611751,"51031"
"19196","6847",22053.8524567092,"51125"
"19197","6847",22053.8524567092,"51019"
"19198","6847",22053.8524567092,"51530"
"19199","6847",22053.8524567092,"51009"
"19200","6847",22053.8524567092,"51163"
"19201","6848",67256.6715389561,"51015"
"19202","6848",67256.6715389561,"51790"
"19203","6848",67256.6715389561,"51820"
"19204","6849",8187.69569734249,"51165"
"19205","6849",8187.69569734249,"54023"
"19206","6849",8187.69569734249,"54071"
"19207","6849",8187.69569734249,"54031"
"19208","6849",8187.69569734249,"51171"
"19209","6850",15917.5679084853,"54023"
"19210","6850",15917.5679084853,"54027"
"19211","6850",15917.5679084853,"54031"
"19212","6850",15917.5679084853,"54057"
"19213","6851",37328.4142832722,"42111"
"19214","6851",37328.4142832722,"24001"
"19215","6851",37328.4142832722,"54057"
"19216","6851",37328.4142832722,"42009"
"19217","6852",60347.2082306761,"42111"
"19218","6852",60347.2082306761,"42013"
"19219","6852",60347.2082306761,"42021"
"19220","6852",60347.2082306761,"42009"
"19221","6853",41110.8444201535,"42027"
"19222","6853",41110.8444201535,"42033"
"19223","6853",41110.8444201535,"42021"
"19224","6854",7974.40248029327,"42023"
"19225","6854",7974.40248029327,"42047"
"19226","6855",15399.84917109,"36009"
"19227","6855",15399.84917109,"42083"
"19228","6855",15399.84917109,"42105"
"19229","6855",15399.84917109,"36003"
"19230","6856",16041.3669240403,"36121"
"19231","6856",16041.3669240403,"36051"
"19232","6856",16041.3669240403,"36003"
"19233","6857",110330.345291016,"36073"
"19234","6857",110330.345291016,"36051"
"19235","6857",110330.345291016,"36037"
"19236","6857",110330.345291016,"36055"
"19237","6858",6777.38242360946,"12087"
"19238","6859",2178.09519097098,"12087"
"19239","6859",2178.09519097098,"12021"
"19240","6860",24337.0974805088,"12021"
"19241","6860",24337.0974805088,"12051"
"19242","6861",7983.01716607207,"12055"
"19243","6861",7983.01716607207,"12051"
"19244","6861",7983.01716607207,"12043"
"19245","6862",2467.00002578235,"12055"
"19246","6862",2467.00002578235,"12093"
"19247","6862",2467.00002578235,"12097"
"19248","6862",2467.00002578235,"12105"
"19249","6863",2981.72600890602,"12009"
"19250","6863",2981.72600890602,"12097"
"19251","6864",100006.901318559,"12009"
"19252","6864",100006.901318559,"12095"
"19253","6864",100006.901318559,"12127"
"19254","6864",100006.901318559,"12117"
"19255","6865",11345.278791282,"12127"
"19256","6866",4274.26775633489,"45019"
"19257","6866",4274.26775633489,"45029"
"19258","6867",402626.311533108,"45019"
"19259","6867",402626.311533108,"45015"
"19260","6867",402626.311533108,"45035"
"19261","6868",17010.6989624092,"45027"
"19262","6868",17010.6989624092,"45089"
"19263","6868",17010.6989624092,"45015"
"19264","6869",110771.581371332,"45041"
"19265","6869",110771.581371332,"45061"
"19266","6869",110771.581371332,"45085"
"19267","6869",110771.581371332,"45031"
"19268","6870",31423.894825485,"37165"
"19269","6870",31423.894825485,"45025"
"19270","6870",31423.894825485,"45069"
"19271","6870",31423.894825485,"45031"
"19272","6871",65167.568644851,"37093"
"19273","6871",65167.568644851,"37165"
"19274","6871",65167.568644851,"37123"
"19275","6871",65167.568644851,"37153"
"19276","6871",65167.568644851,"37125"
"19277","6872",41935.0543401262,"37037"
"19278","6872",41935.0543401262,"37001"
"19279","6872",41935.0543401262,"37151"
"19280","6873",59329.1430563807,"37145"
"19281","6873",59329.1430563807,"37001"
"19282","6873",59329.1430563807,"37033"
"19283","6873",59329.1430563807,"37081"
"19284","6873",59329.1430563807,"37157"
"19285","6873",59329.1430563807,"37135"
"19286","6874",17384.2353509185,"51083"
"19287","6874",17384.2353509185,"51143"
"19288","6875",160831.748015876,"51019"
"19289","6875",160831.748015876,"51031"
"19290","6875",160831.748015876,"51011"
"19291","6875",160831.748015876,"51680"
"19292","6875",160831.748015876,"51009"
"19293","6876",22692.4395760307,"51015"
"19294","6876",22692.4395760307,"51125"
"19295","6876",22692.4395760307,"51003"
"19296","6876",22692.4395760307,"51820"
"19297","6876",22692.4395760307,"51009"
"19298","6876",22692.4395760307,"51163"
"19299","6877",117944.9497381,"51015"
"19300","6877",117944.9497381,"51165"
"19301","6877",117944.9497381,"51660"
"19302","6877",117944.9497381,"51139"
"19303","6878",13789.3063779289,"51069"
"19304","6878",13789.3063779289,"54027"
"19305","6878",13789.3063779289,"54031"
"19306","6878",13789.3063779289,"51171"
"19307","6879",20457.2585171707,"24001"
"19308","6879",20457.2585171707,"54027"
"19309","6879",20457.2585171707,"54065"
"19310","6879",20457.2585171707,"54057"
"19311","6880",28656.6842747964,"42009"
"19312","6881",93187.8096127149,"42027"
"19313","6881",93187.8096127149,"42033"
"19314","6881",93187.8096127149,"42061"
"19315","6881",93187.8096127149,"42013"
"19316","6881",93187.8096127149,"42021"
"19317","6882",8148.94145621389,"42035"
"19318","6882",8148.94145621389,"42027"
"19319","6882",8148.94145621389,"42033"
"19320","6882",8148.94145621389,"42023"
"19321","6882",8148.94145621389,"42047"
"19322","6883",7279.29000662991,"42023"
"19323","6883",7279.29000662991,"42083"
"19324","6883",7279.29000662991,"42105"
"19325","6884",23130.2470609212,"36003"
"19326","6884",23130.2470609212,"36101"
"19327","6885",45475.0686724539,"36121"
"19328","6885",45475.0686724539,"36051"
"19329","6885",45475.0686724539,"36069"
"19330","6885",45475.0686724539,"36037"
"19331","6886",431875.741687729,"36055"
"19332","6887",0,"12087"
"19333","6888",11.6317543622267,"12021"
"19334","6888",11.6317543622267,"12051"
"19335","6889",18134.9527111965,"12099"
"19336","6889",18134.9527111965,"12051"
"19337","6889",18134.9527111965,"12043"
"19338","6890",32684.0266987071,"12055"
"19339","6890",32684.0266987071,"12093"
"19340","6890",32684.0266987071,"12043"
"19341","6891",817.305894253836,"12009"
"19342","6891",817.305894253836,"12093"
"19343","6891",817.305894253836,"12097"
"19344","6891",817.305894253836,"12061"
"19345","6892",218717.921100256,"12009"
"19346","6892",218717.921100256,"12095"
"19347","6892",218717.921100256,"12097"
"19348","6893",65.9107550346052,"12009"
"19349","6893",65.9107550346052,"12127"
"19350","6894",197821.087254587,"45019"
"19351","6894",197821.087254587,"45015"
"19352","6895",18700.9048647694,"45019"
"19353","6895",18700.9048647694,"45043"
"19354","6895",18700.9048647694,"45089"
"19355","6895",18700.9048647694,"45015"
"19356","6896",30163.2751324169,"45089"
"19357","6896",30163.2751324169,"45041"
"19358","6897",20373.6198117833,"45069"
"19359","6897",20373.6198117833,"45067"
"19360","6897",20373.6198117833,"45041"
"19361","6897",20373.6198117833,"45031"
"19362","6897",20373.6198117833,"45033"
"19363","6898",43128.2467073115,"37093"
"19364","6898",43128.2467073115,"37165"
"19365","6898",43128.2467073115,"37153"
"19366","6898",43128.2467073115,"37155"
"19367","6899",70392.6499155101,"37037"
"19368","6899",70392.6499155101,"37085"
"19369","6899",70392.6499155101,"37105"
"19370","6899",70392.6499155101,"37125"
"19371","6900",173649.504607498,"37037"
"19372","6900",173649.504607498,"37001"
"19373","6900",173649.504607498,"37135"
"19374","6901",29965.0639162869,"51083"
"19375","6901",29965.0639162869,"51143"
"19376","6901",29965.0639162869,"37145"
"19377","6901",29965.0639162869,"37033"
"19378","6902",12068.9308954682,"51037"
"19379","6902",12068.9308954682,"51083"
"19380","6902",12068.9308954682,"51143"
"19381","6902",12068.9308954682,"51031"
"19382","6903",12448.0241260284,"51125"
"19383","6903",12448.0241260284,"51029"
"19384","6903",12448.0241260284,"51011"
"19385","6903",12448.0241260284,"51009"
"19386","6904",62656.5292795009,"51015"
"19387","6904",62656.5292795009,"51125"
"19388","6904",62656.5292795009,"51165"
"19389","6904",62656.5292795009,"51003"
"19390","6904",62656.5292795009,"51079"
"19391","6904",62656.5292795009,"51820"
"19392","6905",44673.7748061445,"51165"
"19393","6905",44673.7748061445,"51113"
"19394","6905",44673.7748061445,"51171"
"19395","6905",44673.7748061445,"51139"
"19396","6906",27497.9204549259,"51069"
"19397","6906",27497.9204549259,"54027"
"19398","6906",27497.9204549259,"54031"
"19399","6906",27497.9204549259,"51171"
"19400","6907",17458.7101036938,"24043"
"19401","6907",17458.7101036938,"24001"
"19402","6907",17458.7101036938,"54065"
"19403","6907",17458.7101036938,"42009"
"19404","6907",17458.7101036938,"42057"
"19405","6908",21304.1915801704,"42061"
"19406","6908",21304.1915801704,"42013"
"19407","6908",21304.1915801704,"42009"
"19408","6908",21304.1915801704,"42057"
"19409","6909",108165.673805416,"42027"
"19410","6909",108165.673805416,"42033"
"19411","6909",108165.673805416,"42061"
"19412","6909",108165.673805416,"42013"
"19413","6910",3160.03782180701,"42035"
"19414","6910",3160.03782180701,"42027"
"19415","6910",3160.03782180701,"42023"
"19416","6910",3160.03782180701,"42105"
"19417","6911",7349.10113905625,"42117"
"19418","6911",7349.10113905625,"42105"
"19419","6911",7349.10113905625,"36003"
"19420","6911",7349.10113905625,"36101"
"19421","6912",34019.3586845184,"36051"
"19422","6912",34019.3586845184,"36069"
"19423","6912",34019.3586845184,"36003"
"19424","6912",34019.3586845184,"36101"
"19425","6913",251850.756594382,"36051"
"19426","6913",251850.756594382,"36069"
"19427","6913",251850.756594382,"36117"
"19428","6913",251850.756594382,"36055"
"19429","6914",10114.2528554463,"12087"
"19430","6915",0,"12087"
"19431","6916",74.4574898662633,"12086"
"19432","6916",74.4574898662633,"12087"
"19433","6916",74.4574898662633,"12021"
"19434","6917",835.168957177208,"12099"
"19435","6917",835.168957177208,"12021"
"19436","6917",835.168957177208,"12051"
"19437","6917",835.168957177208,"12011"
"19438","6918",4715.92626933171,"12093"
"19439","6918",4715.92626933171,"12099"
"19440","6918",4715.92626933171,"12051"
"19441","6918",4715.92626933171,"12043"
"19442","6918",4715.92626933171,"12085"
"19443","6919",6612.17730510367,"12093"
"19444","6919",6612.17730510367,"12111"
"19445","6919",6612.17730510367,"12061"
"19446","6920",280229.122643722,"12009"
"19447","6920",280229.122643722,"12061"
"19448","6921",2495.38346359575,"12009"
"19449","6922",43330.2178732846,"45019"
"19450","6922",43330.2178732846,"45015"
"19451","6923",16143.224544351,"45043"
"19452","6923",16143.224544351,"45089"
"19453","6924",21321.4494335868,"45067"
"19454","6924",21321.4494335868,"45041"
"19455","6924",21321.4494335868,"45051"
"19456","6925",47950.0109349108,"37165"
"19457","6925",47950.0109349108,"45069"
"19458","6925",47950.0109349108,"37155"
"19459","6925",47950.0109349108,"45033"
"19460","6926",115081.951444435,"37093"
"19461","6926",115081.951444435,"37085"
"19462","6926",115081.951444435,"37125"
"19463","6926",115081.951444435,"37051"
"19464","6927",51596.7298727885,"37037"
"19465","6927",51596.7298727885,"37085"
"19466","6927",51596.7298727885,"37105"
"19467","6927",51596.7298727885,"37183"
"19468","6928",100579.809982743,"37145"
"19469","6928",100579.809982743,"37063"
"19470","6928",100579.809982743,"37135"
"19471","6928",100579.809982743,"37077"
"19472","6929",24610.4428396682,"51037"
"19473","6929",24610.4428396682,"51083"
"19474","6929",24610.4428396682,"51117"
"19475","6930",17454.0912511347,"51037"
"19476","6930",17454.0912511347,"51029"
"19477","6930",17454.0912511347,"51031"
"19478","6930",17454.0912511347,"51147"
"19479","6930",17454.0912511347,"51011"
"19480","6931",20186.8698753886,"51125"
"19481","6931",20186.8698753886,"51029"
"19482","6931",20186.8698753886,"51003"
"19483","6931",20186.8698753886,"51065"
"19484","6932",32907.546320513,"51137"
"19485","6932",32907.546320513,"51165"
"19486","6932",32907.546320513,"51113"
"19487","6932",32907.546320513,"51003"
"19488","6932",32907.546320513,"51079"
"19489","6932",32907.546320513,"51139"
"19490","6933",66391.2539129816,"51069"
"19491","6933",66391.2539129816,"51187"
"19492","6933",66391.2539129816,"51157"
"19493","6933",66391.2539129816,"51171"
"19494","6933",66391.2539129816,"51139"
"19495","6933",66391.2539129816,"51061"
"19496","6934",84690.807111894,"51069"
"19497","6934",84690.807111894,"54027"
"19498","6934",84690.807111894,"54065"
"19499","6934",84690.807111894,"54003"
"19500","6935",16280.4069066581,"42061"
"19501","6935",16280.4069066581,"42055"
"19502","6935",16280.4069066581,"42009"
"19503","6935",16280.4069066581,"42057"
"19504","6936",36077.6043063159,"42067"
"19505","6936",36077.6043063159,"42061"
"19506","6936",36077.6043063159,"42013"
"19507","6936",36077.6043063159,"42087"
"19508","6937",28042.5524929941,"42035"
"19509","6937",28042.5524929941,"42027"
"19510","6938",2517.99418709465,"42035"
"19511","6938",2517.99418709465,"42117"
"19512","6938",2517.99418709465,"42105"
"19513","6938",2517.99418709465,"42081"
"19514","6939",12362.5535693936,"42117"
"19515","6939",12362.5535693936,"36101"
"19516","6940",24627.3307350009,"36123"
"19517","6940",24627.3307350009,"36051"
"19518","6940",24627.3307350009,"36069"
"19519","6940",24627.3307350009,"36101"
"19520","6941",49918.2507917234,"36117"
"19521","6941",49918.2507917234,"36055"
"19522","6942",54.807745435932,"12087"
"19523","6943",0.028758804978919,"12086"
"19524","6943",0.028758804978919,"12087"
"19525","6944",9.58784830366454,"12086"
"19526","6944",9.58784830366454,"12021"
"19527","6944",9.58784830366454,"12011"
"19528","6945",29763.067841162,"12099"
"19529","6945",29763.067841162,"12051"
"19530","6946",14782.6535848293,"12093"
"19531","6946",14782.6535848293,"12111"
"19532","6946",14782.6535848293,"12085"
"19533","6947",160837.501073187,"12009"
"19534","6947",160837.501073187,"12111"
"19535","6947",160837.501073187,"12061"
"19536","6948",45.7151322748719,"12009"
"19537","6949",6012.09324559931,"45019"
"19538","6949",6012.09324559931,"45043"
"19539","6949",6012.09324559931,"45015"
"19540","6950",19244.1154153371,"45043"
"19541","6950",19244.1154153371,"45089"
"19542","6950",19244.1154153371,"45067"
"19543","6950",19244.1154153371,"45041"
"19544","6950",19244.1154153371,"45051"
"19545","6951",26077.3261309879,"45067"
"19546","6951",26077.3261309879,"45051"
"19547","6951",26077.3261309879,"37047"
"19548","6951",26077.3261309879,"37155"
"19549","6951",26077.3261309879,"45033"
"19550","6952",81370.4339308988,"37093"
"19551","6952",81370.4339308988,"37017"
"19552","6952",81370.4339308988,"37051"
"19553","6952",81370.4339308988,"37155"
"19554","6953",94981.934222842,"37085"
"19555","6953",94981.934222842,"37105"
"19556","6953",94981.934222842,"37051"
"19557","6954",783763.402924616,"37037"
"19558","6954",783763.402924616,"37183"
"19559","6954",783763.402924616,"37063"
"19560","6954",783763.402924616,"37135"
"19561","6954",783763.402924616,"37077"
"19562","6955",29052.5510409428,"51083"
"19563","6955",29052.5510409428,"37145"
"19564","6955",29052.5510409428,"37181"
"19565","6955",29052.5510409428,"51117"
"19566","6955",29052.5510409428,"37077"
"19567","6956",11049.7699719307,"51037"
"19568","6956",11049.7699719307,"51083"
"19569","6956",11049.7699719307,"51111"
"19570","6956",11049.7699719307,"51147"
"19571","6956",11049.7699719307,"51117"
"19572","6957",15771.1833709925,"51029"
"19573","6957",15771.1833709925,"51049"
"19574","6958",152746.358492958,"51137"
"19575","6958",152746.358492958,"51113"
"19576","6958",152746.358492958,"51003"
"19577","6958",152746.358492958,"51079"
"19578","6958",152746.358492958,"51540"
"19579","6958",152746.358492958,"51065"
"19580","6958",152746.358492958,"51109"
"19581","6959",25274.8108406223,"51113"
"19582","6959",25274.8108406223,"51157"
"19583","6959",25274.8108406223,"51047"
"19584","6959",25274.8108406223,"51139"
"19585","6960",131568.58905215,"51069"
"19586","6960",131568.58905215,"51107"
"19587","6960",131568.58905215,"51187"
"19588","6960",131568.58905215,"54037"
"19589","6960",131568.58905215,"54003"
"19590","6960",131568.58905215,"51043"
"19591","6960",131568.58905215,"51840"
"19592","6960",131568.58905215,"51061"
"19593","6961",137362.149971172,"24043"
"19594","6961",137362.149971172,"54065"
"19595","6961",137362.149971172,"42055"
"19596","6961",137362.149971172,"54003"
"19597","6961",137362.149971172,"42057"
"19598","6962",14962.9979812564,"42067"
"19599","6962",14962.9979812564,"42099"
"19600","6962",14962.9979812564,"42041"
"19601","6962",14962.9979812564,"42061"
"19602","6962",14962.9979812564,"42055"
"19603","6962",14962.9979812564,"42087"
"19604","6963",49131.1925837482,"42027"
"19605","6963",49131.1925837482,"42061"
"19606","6963",49131.1925837482,"42087"
"19607","6964",7074.58334360448,"42035"
"19608","6964",7074.58334360448,"42081"
"19609","6965",19644.6255848011,"42117"
"19610","6965",19644.6255848011,"36101"
"19611","6966",25360.9457518405,"36123"
"19612","6966",25360.9457518405,"36097"
"19613","6966",25360.9457518405,"36101"
"19614","6967",79164.2825342967,"36123"
"19615","6967",79164.2825342967,"36099"
"19616","6967",79164.2825342967,"36069"
"19617","6967",79164.2825342967,"36117"
"19618","6968",1973.54044950866,"12087"
"19619","6969",7.82558084074809,"12086"
"19620","6969",7.82558084074809,"12087"
"19621","6970",1472.31910164937,"12086"
"19622","6971",0,"12099"
"19623","6971",0,"12011"
"19624","6972",19020.1533877628,"12099"
"19625","6972",19020.1533877628,"12085"
"19626","6973",363382.382337331,"12111"
"19627","6973",363382.382337331,"12061"
"19628","6973",363382.382337331,"12085"
"19629","6974",118.591144459863,"12009"
"19630","6975",0,"45019"
"19631","6976",39060.6626226141,"45043"
"19632","6976",39060.6626226141,"45051"
"19633","6977",74586.2949811059,"45051"
"19634","6978",58504.1342400076,"37017"
"19635","6978",58504.1342400076,"37047"
"19636","6978",58504.1342400076,"37155"
"19637","6979",247572.889191121,"37163"
"19638","6979",247572.889191121,"37051"
"19639","6980",377125.207301699,"37085"
"19640","6980",377125.207301699,"37101"
"19641","6980",377125.207301699,"37183"
"19642","6981",90109.9884362588,"37069"
"19643","6981",90109.9884362588,"37183"
"19644","6981",90109.9884362588,"37181"
"19645","6981",90109.9884362588,"37063"
"19646","6981",90109.9884362588,"37077"
"19647","6982",16656.5670267989,"51037"
"19648","6982",16656.5670267989,"51083"
"19649","6982",16656.5670267989,"51111"
"19650","6982",16656.5670267989,"37181"
"19651","6982",16656.5670267989,"51117"
"19652","6982",16656.5670267989,"37077"
"19653","6983",32547.1451657678,"51007"
"19654","6983",32547.1451657678,"51111"
"19655","6983",32547.1451657678,"51029"
"19656","6983",32547.1451657678,"51147"
"19657","6983",32547.1451657678,"51135"
"19658","6983",32547.1451657678,"51049"
"19659","6984",19534.6188868214,"51145"
"19660","6984",19534.6188868214,"51029"
"19661","6984",19534.6188868214,"51075"
"19662","6984",19534.6188868214,"51049"
"19663","6984",19534.6188868214,"51065"
"19664","6984",19534.6188868214,"51109"
"19665","6985",52025.8252225459,"51137"
"19666","6985",52025.8252225459,"51177"
"19667","6985",52025.8252225459,"51113"
"19668","6985",52025.8252225459,"51047"
"19669","6985",52025.8252225459,"51109"
"19670","6986",43079.9285424259,"51107"
"19671","6986",43079.9285424259,"51187"
"19672","6986",43079.9285424259,"51157"
"19673","6986",43079.9285424259,"51153"
"19674","6986",43079.9285424259,"51043"
"19675","6986",43079.9285424259,"51047"
"19676","6986",43079.9285424259,"51061"
"19677","6987",145255.861157279,"24043"
"19678","6987",145255.861157279,"24021"
"19679","6987",145255.861157279,"51107"
"19680","6987",145255.861157279,"54037"
"19681","6987",145255.861157279,"54003"
"19682","6988",121633.147419594,"42041"
"19683","6988",121633.147419594,"42055"
"19684","6988",121633.147419594,"42001"
"19685","6989",36846.6097029534,"42067"
"19686","6989",36846.6097029534,"42099"
"19687","6989",36846.6097029534,"42087"
"19688","6990",30133.6067722032,"42035"
"19689","6990",30133.6067722032,"42027"
"19690","6990",30133.6067722032,"42119"
"19691","6990",30133.6067722032,"42081"
"19692","6990",30133.6067722032,"42087"
"19693","6991",5565.55190654299,"42117"
"19694","6991",5565.55190654299,"42081"
"19695","6992",62548.7286670787,"42117"
"19696","6992",62548.7286670787,"36015"
"19697","6992",62548.7286670787,"42015"
"19698","6992",62548.7286670787,"36101"
"19699","6993",30926.7655126113,"36123"
"19700","6993",30926.7655126113,"36097"
"19701","6993",30926.7655126113,"36099"
"19702","6993",30926.7655126113,"36069"
"19703","6993",30926.7655126113,"36011"
"19704","6994",26369.1468160135,"36075"
"19705","6994",26369.1468160135,"36099"
"19706","6994",26369.1468160135,"36117"
"19707","6994",26369.1468160135,"36011"
"19708","6995",1082.86710235909,"36045"
"19709","6996",5162.6085532431,"12087"
"19710","6997",158954.308754873,"12086"
"19711","6998",608931.735397442,"12086"
"19712","6998",608931.735397442,"12011"
"19713","6999",109994.245764982,"12099"
"19714","7000",181052.255097927,"12111"
"19715","7000",181052.255097927,"12099"
"19716","7000",181052.255097927,"12085"
"19717","7001",1743.95695712025,"12061"
"19718","7002",12.5562515310939,"45043"
"19719","7003",207988.282915655,"45043"
"19720","7003",207988.282915655,"45051"
"19721","7004",42173.2933702982,"45051"
"19722","7004",42173.2933702982,"37047"
"19723","7005",19651.6105175271,"37017"
"19724","7005",19651.6105175271,"37051"
"19725","7005",19651.6105175271,"37155"
"19726","7006",70171.3731349707,"37085"
"19727","7006",70171.3731349707,"37163"
"19728","7006",70171.3731349707,"37101"
"19729","7006",70171.3731349707,"37051"
"19730","7007",431163.556728696,"37069"
"19731","7007",431163.556728696,"37127"
"19732","7007",431163.556728696,"37101"
"19733","7007",431163.556728696,"37183"
"19734","7008",57820.3301680072,"37069"
"19735","7008",57820.3301680072,"37185"
"19736","7008",57820.3301680072,"37181"
"19737","7008",57820.3301680072,"51117"
"19738","7008",57820.3301680072,"37077"
"19739","7009",12089.0000621489,"51111"
"19740","7009",12089.0000621489,"51025"
"19741","7009",12089.0000621489,"51135"
"19742","7009",12089.0000621489,"51117"
"19743","7010",27643.6044152869,"51145"
"19744","7010",27643.6044152869,"51007"
"19745","7010",27643.6044152869,"51041"
"19746","7010",27643.6044152869,"51075"
"19747","7010",27643.6044152869,"51049"
"19748","7011",33501.8965110458,"51085"
"19749","7011",33501.8965110458,"51137"
"19750","7011",33501.8965110458,"51177"
"19751","7011",33501.8965110458,"51075"
"19752","7011",33501.8965110458,"51065"
"19753","7011",33501.8965110458,"51109"
"19754","7012",51986.642973059,"51137"
"19755","7012",51986.642973059,"51179"
"19756","7012",51986.642973059,"51153"
"19757","7012",51986.642973059,"51047"
"19758","7012",51986.642973059,"51061"
"19759","7013",346841.141109922,"24031"
"19760","7013",346841.141109922,"51107"
"19761","7013",346841.141109922,"54037"
"19762","7013",346841.141109922,"51153"
"19763","7013",346841.141109922,"51043"
"19764","7013",346841.141109922,"51061"
"19765","7014",112801.243006317,"24043"
"19766","7014",112801.243006317,"24021"
"19767","7014",112801.243006317,"42055"
"19768","7014",112801.243006317,"42001"
"19769","7014",112801.243006317,"24013"
"19770","7015",85333.2654412983,"42099"
"19771","7015",85333.2654412983,"42041"
"19772","7015",85333.2654412983,"42055"
"19773","7015",85333.2654412983,"42001"
"19774","7016",27656.7388662258,"42067"
"19775","7016",27656.7388662258,"42099"
"19776","7016",27656.7388662258,"42119"
"19777","7016",27656.7388662258,"42109"
"19778","7016",27656.7388662258,"42087"
"19779","7017",89459.7564445735,"42035"
"19780","7017",89459.7564445735,"42097"
"19781","7017",89459.7564445735,"42119"
"19782","7017",89459.7564445735,"42081"
"19783","7018",21389.182836003,"42117"
"19784","7018",21389.182836003,"42015"
"19785","7019",37359.2247456106,"36123"
"19786","7019",37359.2247456106,"36097"
"19787","7019",37359.2247456106,"36015"
"19788","7019",37359.2247456106,"36109"
"19789","7019",37359.2247456106,"36101"
"19790","7020",67098.1743701645,"36067"
"19791","7020",67098.1743701645,"36099"
"19792","7020",67098.1743701645,"36011"
"19793","7021",69593.5682840174,"36075"
"19794","7021",69593.5682840174,"36011"
"19795","7022",6097.65609010812,"36045"
"19796","7023",11363.1109173447,"12086"
"19797","7023",11363.1109173447,"12087"
"19798","7024",1490539.4992239,"12086"
"19799","7025",1317167.05854593,"12099"
"19800","7025",1317167.05854593,"12011"
"19801","7026",647555.445318396,"12099"
"19802","7026",647555.445318396,"12085"
"19803","7027",1436.96205107811,"12111"
"19804","7028",88391.7502230276,"45051"
"19805","7028",88391.7502230276,"37019"
"19806","7028",88391.7502230276,"37047"
"19807","7029",17229.5137932942,"37017"
"19808","7029",17229.5137932942,"37047"
"19809","7030",38942.1586900761,"37017"
"19810","7030",38942.1586900761,"37163"
"19811","7030",38942.1586900761,"37051"
"19812","7031",124590.070134056,"37101"
"19813","7031",124590.070134056,"37191"
"19814","7031",124590.070134056,"37195"
"19815","7032",41915.2612793738,"37069"
"19816","7032",41915.2612793738,"37127"
"19817","7032",41915.2612793738,"37185"
"19818","7033",21028.523727938,"37083"
"19819","7033",21028.523727938,"51111"
"19820","7033",21028.523727938,"37131"
"19821","7033",21028.523727938,"51025"
"19822","7033",21028.523727938,"37185"
"19823","7033",21028.523727938,"51117"
"19824","7034",14147.4018967898,"51053"
"19825","7034",14147.4018967898,"51007"
"19826","7034",14147.4018967898,"51041"
"19827","7034",14147.4018967898,"51111"
"19828","7034",14147.4018967898,"51025"
"19829","7034",14147.4018967898,"51135"
"19830","7035",127157.361126348,"51085"
"19831","7035",127157.361126348,"51145"
"19832","7035",127157.361126348,"51087"
"19833","7035",127157.361126348,"51075"
"19834","7035",127157.361126348,"51109"
"19835","7036",223951.880997778,"51137"
"19836","7036",223951.880997778,"51177"
"19837","7036",223951.880997778,"51033"
"19838","7036",223951.880997778,"51179"
"19839","7036",223951.880997778,"51630"
"19840","7036",223951.880997778,"51047"
"19841","7036",223951.880997778,"51061"
"19842","7037",703367.532244787,"51107"
"19843","7037",703367.532244787,"51059"
"19844","7037",703367.532244787,"51153"
"19845","7037",703367.532244787,"51685"
"19846","7037",703367.532244787,"51600"
"19847","7037",703367.532244787,"51683"
"19848","7037",703367.532244787,"51061"
"19849","7038",286857.588233165,"24021"
"19850","7038",286857.588233165,"24031"
"19851","7038",286857.588233165,"51107"
"19852","7038",286857.588233165,"24027"
"19853","7038",286857.588233165,"24013"
"19854","7039",86004.1167108271,"24021"
"19855","7039",86004.1167108271,"42041"
"19856","7039",86004.1167108271,"42001"
"19857","7039",86004.1167108271,"24013"
"19858","7040",95293.8805768639,"42099"
"19859","7040",95293.8805768639,"42041"
"19860","7040",95293.8805768639,"42043"
"19861","7041",98806.5894036619,"42097"
"19862","7041",98806.5894036619,"42119"
"19863","7041",98806.5894036619,"42081"
"19864","7041",98806.5894036619,"42109"
"19865","7041",98806.5894036619,"42093"
"19866","7042",5682.04041730959,"42117"
"19867","7042",5682.04041730959,"42081"
"19868","7042",5682.04041730959,"42113"
"19869","7042",5682.04041730959,"42015"
"19870","7043",71689.8533451794,"36107"
"19871","7043",71689.8533451794,"36015"
"19872","7043",71689.8533451794,"42015"
"19873","7044",96951.3460221188,"36097"
"19874","7044",96951.3460221188,"36099"
"19875","7044",96951.3460221188,"36011"
"19876","7044",96951.3460221188,"36109"
"19877","7044",96951.3460221188,"36023"
"19878","7045",346968.110664154,"36075"
"19879","7045",346968.110664154,"36067"
"19880","7045",346968.110664154,"36011"
"19881","7046",15484.6268123388,"36045"
"19882","7046",15484.6268123388,"36075"
"19883","7047",19880.6062378715,"36045"
"19884","7048",988.528243462143,"12086"
"19885","7048",988.528243462143,"12087"
"19886","7049",1080571.14929189,"12086"
"19887","7049",1080571.14929189,"12011"
"19888","7050",506610.949263756,"12099"
"19889","7051",33.868649779242,"12099"
"19890","7051",33.868649779242,"12085"
"19891","7052",7781.8981517132,"37019"
"19892","7052",7781.8981517132,"37047"
"19893","7053",9750.95132814421,"37017"
"19894","7053",9750.95132814421,"37163"
"19895","7053",9750.95132814421,"37141"
"19896","7053",9750.95132814421,"37061"
"19897","7054",44194.258974785,"37163"
"19898","7054",44194.258974785,"37101"
"19899","7054",44194.258974785,"37191"
"19900","7054",44194.258974785,"37061"
"19901","7055",98476.2100961617,"37069"
"19902","7055",98476.2100961617,"37127"
"19903","7055",98476.2100961617,"37101"
"19904","7055",98476.2100961617,"37195"
"19905","7056",13992.6692729033,"37069"
"19906","7056",13992.6692729033,"37083"
"19907","7056",13992.6692729033,"37127"
"19908","7056",13992.6692729033,"37185"
"19909","7057",12992.389337734,"51053"
"19910","7057",12992.389337734,"51081"
"19911","7057",12992.389337734,"51025"
"19912","7057",12992.389337734,"51135"
"19913","7057",12992.389337734,"51183"
"19914","7058",363368.562406021,"51053"
"19915","7058",363368.562406021,"51145"
"19916","7058",363368.562406021,"51007"
"19917","7058",363368.562406021,"51041"
"19918","7058",363368.562406021,"51087"
"19919","7058",363368.562406021,"51075"
"19920","7058",363368.562406021,"51760"
"19921","7059",39663.7622536695,"51085"
"19922","7059",39663.7622536695,"51177"
"19923","7059",39663.7622536695,"51033"
"19924","7059",39663.7622536695,"51109"
"19925","7060",320003.289237228,"51099"
"19926","7060",320003.289237228,"24017"
"19927","7060",320003.289237228,"51179"
"19928","7060",320003.289237228,"51153"
"19929","7060",320003.289237228,"51061"
"19930","7061",1508878.54184617,"11001"
"19931","7061",1508878.54184617,"24031"
"19932","7061",1508878.54184617,"51107"
"19933","7061",1508878.54184617,"51059"
"19934","7061",1508878.54184617,"51610"
"19935","7061",1508878.54184617,"51013"
"19936","7061",1508878.54184617,"51600"
"19937","7062",120885.056715793,"24021"
"19938","7062",120885.056715793,"42133"
"19939","7062",120885.056715793,"42001"
"19940","7062",120885.056715793,"24013"
"19941","7063",284126.343196972,"42133"
"19942","7063",284126.343196972,"42041"
"19943","7063",284126.343196972,"42071"
"19944","7063",284126.343196972,"42043"
"19945","7063",284126.343196972,"42001"
"19946","7064",38932.938484952,"42067"
"19947","7064",38932.938484952,"42099"
"19948","7064",38932.938484952,"42043"
"19949","7064",38932.938484952,"42097"
"19950","7064",38932.938484952,"42107"
"19951","7064",38932.938484952,"42109"
"19952","7065",33818.1911191586,"42097"
"19953","7065",33818.1911191586,"42081"
"19954","7065",33818.1911191586,"42037"
"19955","7065",33818.1911191586,"42113"
"19956","7065",33818.1911191586,"42093"
"19957","7066",18473.4332272053,"42113"
"19958","7066",18473.4332272053,"42015"
"19959","7067",26110.0264098592,"36107"
"19960","7067",26110.0264098592,"36015"
"19961","7067",26110.0264098592,"36109"
"19962","7067",26110.0264098592,"36023"
"19963","7067",26110.0264098592,"36007"
"19964","7068",29290.6349766378,"36067"
"19965","7068",29290.6349766378,"36011"
"19966","7068",29290.6349766378,"36023"
"19967","7069",45558.1186644575,"36065"
"19968","7069",45558.1186644575,"36075"
"19969","7069",45558.1186644575,"36067"
"19970","7070",69347.0052804151,"36045"
"19971","7070",69347.0052804151,"36049"
"19972","7071",6756.43853432308,"36045"
"19973","7071",6756.43853432308,"36089"
"19974","7072",49887.5904013096,"37019"
"19975","7073",25582.5455739656,"37017"
"19976","7073",25582.5455739656,"37019"
"19977","7073",25582.5455739656,"37047"
"19978","7073",25582.5455739656,"37141"
"19979","7073",25582.5455739656,"37129"
"19980","7074",29316.8179176323,"37163"
"19981","7074",29316.8179176323,"37061"
"19982","7075",96709.3042863473,"37107"
"19983","7075",96709.3042863473,"37101"
"19984","7075",96709.3042863473,"37079"
"19985","7075",96709.3042863473,"37191"
"19986","7075",96709.3042863473,"37195"
"19987","7076",97068.958211349,"37083"
"19988","7076",97068.958211349,"37127"
"19989","7076",97068.958211349,"37065"
"19990","7076",97068.958211349,"37195"
"19991","7077",45291.1816681923,"37083"
"19992","7077",45291.1816681923,"51175"
"19993","7077",45291.1816681923,"37131"
"19994","7077",45291.1816681923,"51081"
"19995","7077",45291.1816681923,"51025"
"19996","7077",45291.1816681923,"51595"
"19997","7078",77823.9434193013,"51053"
"19998","7078",77823.9434193013,"51149"
"19999","7078",77823.9434193013,"51041"
"20000","7078",77823.9434193013,"51570"
"20001","7078",77823.9434193013,"51183"
"20002","7078",77823.9434193013,"51730"
"20003","7079",496555.937248943,"51085"
"20004","7079",496555.937248943,"51033"
"20005","7079",496555.937248943,"51127"
"20006","7079",496555.937248943,"51087"
"20007","7079",496555.937248943,"51101"
"20008","7079",496555.937248943,"51760"
"20009","7080",38803.7656665035,"51099"
"20010","7080",38803.7656665035,"51177"
"20011","7080",38803.7656665035,"51033"
"20012","7080",38803.7656665035,"51057"
"20013","7080",38803.7656665035,"51179"
"20014","7080",38803.7656665035,"51193"
"20015","7081",1236006.5662526,"11001"
"20016","7081",1236006.5662526,"24033"
"20017","7081",1236006.5662526,"24017"
"20018","7081",1236006.5662526,"51059"
"20019","7081",1236006.5662526,"51153"
"20020","7081",1236006.5662526,"51610"
"20021","7081",1236006.5662526,"51510"
"20022","7081",1236006.5662526,"51013"
"20023","7081",1236006.5662526,"51600"
"20024","7082",490451.359934566,"24003"
"20025","7082",490451.359934566,"24033"
"20026","7082",490451.359934566,"24005"
"20027","7082",490451.359934566,"24031"
"20028","7082",490451.359934566,"24027"
"20029","7082",490451.359934566,"24013"
"20030","7083",224357.314243672,"24005"
"20031","7083",224357.314243672,"42133"
"20032","7083",224357.314243672,"42001"
"20033","7083",224357.314243672,"24013"
"20034","7084",245957.058270943,"42071"
"20035","7084",245957.058270943,"42043"
"20036","7084",245957.058270943,"42075"
"20037","7085",89733.0490424469,"42097"
"20038","7085",89733.0490424469,"42037"
"20039","7085",89733.0490424469,"42107"
"20040","7085",89733.0490424469,"42093"
"20041","7086",5896.73469120787,"42131"
"20042","7086",5896.73469120787,"42079"
"20043","7086",5896.73469120787,"42081"
"20044","7086",5896.73469120787,"42037"
"20045","7086",5896.73469120787,"42113"
"20046","7086",5896.73469120787,"42015"
"20047","7087",37526.9266426358,"42115"
"20048","7087",37526.9266426358,"36107"
"20049","7087",37526.9266426358,"42015"
"20050","7087",37526.9266426358,"36007"
"20051","7088",43597.1059511782,"36017"
"20052","7088",43597.1059511782,"36107"
"20053","7088",43597.1059511782,"36109"
"20054","7088",43597.1059511782,"36023"
"20055","7088",43597.1059511782,"36007"
"20056","7089",128766.14654896,"36053"
"20057","7089",128766.14654896,"36065"
"20058","7089",128766.14654896,"36075"
"20059","7089",128766.14654896,"36067"
"20060","7090",2074.16053606078,"36045"
"20061","7090",2074.16053606078,"36065"
"20062","7090",2074.16053606078,"36075"
"20063","7090",2074.16053606078,"36049"
"20064","7091",18907.0126538285,"36045"
"20065","7091",18907.0126538285,"36049"
"20066","7091",18907.0126538285,"36089"
"20067","7092",22862.7058656734,"36089"
"20068","7093",161839.523276923,"37019"
"20069","7093",161839.523276923,"37129"
"20070","7094",29965.3629960242,"37141"
"20071","7094",29965.3629960242,"37061"
"20072","7095",45324.605790994,"37103"
"20073","7095",45324.605790994,"37107"
"20074","7095",45324.605790994,"37191"
"20075","7095",45324.605790994,"37061"
"20076","7096",37555.8180956477,"37065"
"20077","7096",37555.8180956477,"37079"
"20078","7096",37555.8180956477,"37147"
"20079","7096",37555.8180956477,"37195"
"20080","7097",13514.8748954866,"37083"
"20081","7097",13514.8748954866,"37065"
"20082","7097",13514.8748954866,"37131"
"20083","7098",14021.8678844466,"51053"
"20084","7098",14021.8678844466,"51175"
"20085","7098",14021.8678844466,"51081"
"20086","7098",14021.8678844466,"51183"
"20087","7098",14021.8678844466,"51595"
"20088","7099",140702.087681882,"51149"
"20089","7099",140702.087681882,"51036"
"20090","7099",140702.087681882,"51041"
"20091","7099",140702.087681882,"51127"
"20092","7099",140702.087681882,"51087"
"20093","7099",140702.087681882,"51570"
"20094","7099",140702.087681882,"51760"
"20095","7099",140702.087681882,"51670"
"20096","7099",140702.087681882,"51730"
"20097","7100",19122.5884223975,"51033"
"20098","7100",19122.5884223975,"51057"
"20099","7100",19122.5884223975,"51101"
"20100","7100",19122.5884223975,"51097"
"20101","7101",73020.8947801237,"51099"
"20102","7101",73020.8947801237,"24017"
"20103","7101",73020.8947801237,"51193"
"20104","7101",73020.8947801237,"24037"
"20105","7102",1329094.11772734,"11001"
"20106","7102",1329094.11772734,"24003"
"20107","7102",1329094.11772734,"24033"
"20108","7102",1329094.11772734,"24031"
"20109","7102",1329094.11772734,"24027"
"20110","7103",538177.430942871,"24005"
"20111","7103",538177.430942871,"24025"
"20112","7103",538177.430942871,"24510"
"20113","7103",538177.430942871,"24013"
"20114","7104",357389.096768024,"42133"
"20115","7104",357389.096768024,"42071"
"20116","7104",357389.096768024,"42043"
"20117","7104",357389.096768024,"42075"
"20118","7105",65018.4662937218,"42043"
"20119","7105",65018.4662937218,"42011"
"20120","7105",65018.4662937218,"42075"
"20121","7105",65018.4662937218,"42107"
"20122","7106",59451.7024967325,"42079"
"20123","7106",59451.7024967325,"42037"
"20124","7107",22255.5815454508,"42131"
"20125","7107",22255.5815454508,"42115"
"20126","7107",22255.5815454508,"42015"
"20127","7108",172008.919887181,"36017"
"20128","7108",172008.919887181,"36107"
"20129","7108",172008.919887181,"36007"
"20130","7109",14528.441521026,"36053"
"20131","7109",14528.441521026,"36017"
"20132","7109",14528.441521026,"36067"
"20133","7109",14528.441521026,"36023"
"20134","7110",60601.1243604228,"36053"
"20135","7110",60601.1243604228,"36065"
"20136","7110",60601.1243604228,"36049"
"20137","7111",16071.6943922172,"36049"
"20138","7112",15167.2254599875,"36089"
"20139","7113",22293.6891888432,"36089"
"20140","7114",4410.76539965518,"37019"
"20141","7114",4410.76539965518,"37129"
"20142","7115",173084.525536559,"37019"
"20143","7115",173084.525536559,"37141"
"20144","7115",173084.525536559,"37129"
"20145","7116",48956.4494860149,"37103"
"20146","7116",48956.4494860149,"37133"
"20147","7116",48956.4494860149,"37107"
"20148","7116",48956.4494860149,"37141"
"20149","7116",48956.4494860149,"37061"
"20150","7117",82166.4329391234,"37049"
"20151","7117",82166.4329391234,"37107"
"20152","7117",82166.4329391234,"37079"
"20153","7117",82166.4329391234,"37147"
"20154","7118",25809.5586631572,"37083"
"20155","7118",25809.5586631572,"37117"
"20156","7118",25809.5586631572,"37065"
"20157","7118",25809.5586631572,"37015"
"20158","7118",25809.5586631572,"37147"
"20159","7119",16678.14694941,"37091"
"20160","7119",16678.14694941,"51175"
"20161","7119",16678.14694941,"37131"
"20162","7119",16678.14694941,"51081"
"20163","7120",11669.2936789861,"51149"
"20164","7120",11669.2936789861,"51175"
"20165","7120",11669.2936789861,"51181"
"20166","7120",11669.2936789861,"51183"
"20167","7121",29390.1020765669,"51085"
"20168","7121",29390.1020765669,"51036"
"20169","7121",29390.1020765669,"51095"
"20170","7121",29390.1020765669,"51127"
"20171","7121",29390.1020765669,"51101"
"20172","7121",29390.1020765669,"51097"
"20173","7122",18717.8078366416,"24017"
"20174","7122",18717.8078366416,"51057"
"20175","7122",18717.8078366416,"51159"
"20176","7122",18717.8078366416,"51193"
"20177","7122",18717.8078366416,"24037"
"20178","7123",155281.070177845,"24003"
"20179","7123",155281.070177845,"24033"
"20180","7123",155281.070177845,"24017"
"20181","7123",155281.070177845,"24009"
"20182","7123",155281.070177845,"24037"
"20183","7124",1027558.96987083,"24003"
"20184","7124",1027558.96987083,"24005"
"20185","7124",1027558.96987083,"24027"
"20186","7124",1027558.96987083,"24510"
"20187","7125",69881.2044408863,"24005"
"20188","7125",69881.2044408863,"42133"
"20189","7125",69881.2044408863,"42071"
"20190","7125",69881.2044408863,"24015"
"20191","7125",69881.2044408863,"24025"
"20192","7126",233612.874801566,"42071"
"20193","7126",233612.874801566,"42011"
"20194","7126",233612.874801566,"42075"
"20195","7127",98078.9403368706,"42079"
"20196","7127",98078.9403368706,"42037"
"20197","7127",98078.9403368706,"42107"
"20198","7127",98078.9403368706,"42025"
"20199","7128",227789.878273394,"42131"
"20200","7128",227789.878273394,"42079"
"20201","7128",227789.878273394,"42069"
"20202","7129",28372.1308246833,"42115"
"20203","7129",28372.1308246833,"36007"
"20204","7130",26260.2037827226,"36077"
"20205","7130",26260.2037827226,"36017"
"20206","7130",26260.2037827226,"36007"
"20207","7131",69172.7325363801,"36053"
"20208","7131",69172.7325363801,"36065"
"20209","7132",12532.1531148746,"36043"
"20210","7132",12532.1531148746,"36065"
"20211","7132",12532.1531148746,"36049"
"20212","7133",2407.01927290393,"36043"
"20213","7133",2407.01927290393,"36049"
"20214","7133",2407.01927290393,"36089"
"20215","7134",31025.267116615,"36089"
"20216","7135",641.61501031605,"36033"
"20217","7135",641.61501031605,"36089"
"20218","7136",50903.8897929249,"37133"
"20219","7136",50903.8897929249,"37141"
"20220","7137",12000.4400323406,"37049"
"20221","7137",12000.4400323406,"37103"
"20222","7137",12000.4400323406,"37133"
"20223","7137",12000.4400323406,"37107"
"20224","7138",153933.423511495,"37117"
"20225","7138",153933.423511495,"37013"
"20226","7138",153933.423511495,"37147"
"20227","7139",21506.7095754683,"37083"
"20228","7139",21506.7095754683,"37091"
"20229","7139",21506.7095754683,"37015"
"20230","7139",21506.7095754683,"37131"
"20231","7140",26519.8870521115,"51175"
"20232","7140",26519.8870521115,"51093"
"20233","7140",26519.8870521115,"51183"
"20234","7140",26519.8870521115,"51800"
"20235","7140",26519.8870521115,"51620"
"20236","7141",119511.135809168,"51073"
"20237","7141",119511.135809168,"51149"
"20238","7141",119511.135809168,"51199"
"20239","7141",119511.135809168,"51036"
"20240","7141",119511.135809168,"51095"
"20241","7141",119511.135809168,"51127"
"20242","7141",119511.135809168,"51181"
"20243","7141",119511.135809168,"51830"
"20244","7142",18043.7881656284,"51057"
"20245","7142",18043.7881656284,"51133"
"20246","7142",18043.7881656284,"51159"
"20247","7142",18043.7881656284,"51193"
"20248","7142",18043.7881656284,"51103"
"20249","7142",18043.7881656284,"51119"
"20250","7142",18043.7881656284,"51097"
"20251","7143",134964.008077078,"24009"
"20252","7143",134964.008077078,"24037"
"20253","7144",175522.439896672,"24003"
"20254","7144",175522.439896672,"24035"
"20255","7144",175522.439896672,"24041"
"20256","7145",285193.016276659,"24005"
"20257","7145",285193.016276659,"24029"
"20258","7145",285193.016276659,"24025"
"20259","7146",212003.551562111,"42029"
"20260","7146",212003.551562111,"42071"
"20261","7147",134050.058587646,"42011"
"20262","7147",134050.058587646,"42107"
"20263","7147",134050.058587646,"42077"
"20264","7148",73583.289922984,"42089"
"20265","7148",73583.289922984,"42079"
"20266","7148",73583.289922984,"42025"
"20267","7149",124864.371359747,"42127"
"20268","7149",124864.371359747,"42131"
"20269","7149",124864.371359747,"42115"
"20270","7149",124864.371359747,"42069"
"20271","7150",17700.4335244268,"36025"
"20272","7150",17700.4335244268,"42127"
"20273","7150",17700.4335244268,"36017"
"20274","7150",17700.4335244268,"42115"
"20275","7150",17700.4335244268,"36007"
"20276","7151",18193.9848594318,"36053"
"20277","7151",18193.9848594318,"36077"
"20278","7151",18193.9848594318,"36017"
"20279","7152",117160.677583028,"36043"
"20280","7152",117160.677583028,"36065"
"20281","7153",2008.88408950318,"36043"
"20282","7153",2008.88408950318,"36065"
"20283","7153",2008.88408950318,"36049"
"20284","7153",2008.88408950318,"36041"
"20285","7154",640.610732639076,"36089"
"20286","7155",17955.1654947597,"36033"
"20287","7155",17955.1654947597,"36089"
"20288","7156",127196.367667307,"37049"
"20289","7156",127196.367667307,"37103"
"20290","7156",127196.367667307,"37133"
"20291","7156",127196.367667307,"37031"
"20292","7157",22564.6950182056,"37049"
"20293","7157",22564.6950182056,"37013"
"20294","7157",22564.6950182056,"37147"
"20295","7158",22954.6999126594,"37117"
"20296","7158",22954.6999126594,"37015"
"20297","7159",18006.5773366692,"37091"
"20298","7159",18006.5773366692,"51175"
"20299","7159",18006.5773366692,"37073"
"20300","7159",18006.5773366692,"51800"
"20301","7160",38071.4896376895,"51175"
"20302","7160",38071.4896376895,"51093"
"20303","7160",38071.4896376895,"51181"
"20304","7160",38071.4896376895,"51800"
"20305","7160",38071.4896376895,"51700"
"20306","7161",36551.1097359838,"51073"
"20307","7161",36551.1097359838,"51199"
"20308","7161",36551.1097359838,"51095"
"20309","7161",36551.1097359838,"51127"
"20310","7161",36551.1097359838,"51103"
"20311","7161",36551.1097359838,"51115"
"20312","7161",36551.1097359838,"51119"
"20313","7161",36551.1097359838,"51097"
"20314","7162",19505.2682734842,"51133"
"20315","7162",19505.2682734842,"51159"
"20316","7162",19505.2682734842,"51193"
"20317","7162",19505.2682734842,"24037"
"20318","7163",15273.8702335468,"24019"
"20319","7163",15273.8702335468,"24041"
"20320","7164",31422.0615607469,"24029"
"20321","7164",31422.0615607469,"24035"
"20322","7165",173113.368629555,"42029"
"20323","7165",173113.368629555,"42071"
"20324","7165",173113.368629555,"10003"
"20325","7165",173113.368629555,"24015"
"20326","7165",173113.368629555,"24025"
"20327","7166",332687.924214901,"42029"
"20328","7166",332687.924214901,"42091"
"20329","7166",332687.924214901,"42071"
"20330","7166",332687.924214901,"42011"
"20331","7167",143522.969652515,"42089"
"20332","7167",143522.969652515,"42095"
"20333","7167",143522.969652515,"42011"
"20334","7167",143522.969652515,"42107"
"20335","7167",143522.969652515,"42025"
"20336","7167",143522.969652515,"42077"
"20337","7168",114424.051241102,"42103"
"20338","7168",114424.051241102,"42127"
"20339","7168",114424.051241102,"42089"
"20340","7168",114424.051241102,"42079"
"20341","7168",114424.051241102,"42069"
"20342","7169",10438.712421029,"36025"
"20343","7169",10438.712421029,"36105"
"20344","7169",10438.712421029,"42127"
"20345","7169",10438.712421029,"42115"
"20346","7170",39445.5879004785,"36077"
"20347","7170",39445.5879004785,"36025"
"20348","7170",39445.5879004785,"36017"
"20349","7171",43056.5019339254,"36043"
"20350","7171",43056.5019339254,"36053"
"20351","7171",43056.5019339254,"36065"
"20352","7171",43056.5019339254,"36077"
"20353","7172",1172.62803311671,"36043"
"20354","7172",1172.62803311671,"36065"
"20355","7172",1172.62803311671,"36041"
"20356","7173",32.6176153618611,"36043"
"20357","7173",32.6176153618611,"36041"
"20358","7173",32.6176153618611,"36089"
"20359","7174",1297.75757116062,"36033"
"20360","7174",1297.75757116062,"36089"
"20361","7175",4644.71903064893,"36033"
"20362","7176",5006.59310523805,"37133"
"20363","7176",5006.59310523805,"37031"
"20364","7177",76427.1485082005,"37049"
"20365","7177",76427.1485082005,"37103"
"20366","7177",76427.1485082005,"37137"
"20367","7178",26636.9941638959,"37117"
"20368","7178",26636.9941638959,"37013"
"20369","7178",26636.9941638959,"37187"
"20370","7179",19411.0943481187,"37091"
"20371","7179",19411.0943481187,"37015"
"20372","7179",19411.0943481187,"37143"
"20373","7179",19411.0943481187,"37041"
"20374","7179",19411.0943481187,"37073"
"20375","7180",72797.8904564071,"37029"
"20376","7180",72797.8904564071,"51093"
"20377","7180",72797.8904564071,"51550"
"20378","7180",72797.8904564071,"37073"
"20379","7180",72797.8904564071,"51800"
"20380","7181",242880.916505193,"51073"
"20381","7181",242880.916505193,"51199"
"20382","7181",242880.916505193,"51095"
"20383","7181",242880.916505193,"51181"
"20384","7181",242880.916505193,"51115"
"20385","7181",242880.916505193,"51650"
"20386","7181",242880.916505193,"51735"
"20387","7181",242880.916505193,"51700"
"20388","7182",15158.4020725177,"51133"
"20389","7182",15158.4020725177,"51103"
"20390","7183",1300.92093824659,"24019"
"20391","7184",55602.5129106244,"24011"
"20392","7184",55602.5129106244,"24019"
"20393","7184",55602.5129106244,"24035"
"20394","7184",55602.5129106244,"24041"
"20395","7185",57424.0333346606,"10003"
"20396","7185",57424.0333346606,"24029"
"20397","7185",57424.0333346606,"10001"
"20398","7185",57424.0333346606,"24015"
"20399","7185",57424.0333346606,"24035"
"20400","7186",403194.430106301,"42029"
"20401","7186",403194.430106301,"42045"
"20402","7186",403194.430106301,"10003"
"20403","7187",345836.930792421,"42091"
"20404","7187",345836.930792421,"42017"
"20405","7187",345836.930792421,"42011"
"20406","7187",345836.930792421,"42077"
"20407","7188",166507.299946545,"42089"
"20408","7188",166507.299946545,"42095"
"20409","7188",166507.299946545,"42025"
"20410","7189",48655.4272943664,"36105"
"20411","7189",48655.4272943664,"42103"
"20412","7189",48655.4272943664,"42127"
"20413","7189",48655.4272943664,"42069"
"20414","7190",9695.75406603659,"36025"
"20415","7190",9695.75406603659,"36105"
"20416","7191",19917.37228596,"36077"
"20417","7191",19917.37228596,"36025"
"20418","7191",19917.37228596,"36095"
"20419","7192",18199.8529438911,"36043"
"20420","7192",18199.8529438911,"36057"
"20421","7192",18199.8529438911,"36041"
"20422","7192",18199.8529438911,"36035"
"20423","7193",218.180327579437,"36043"
"20424","7193",218.180327579437,"36041"
"20425","7194",6499.5227067016,"36031"
"20426","7194",6499.5227067016,"36033"
"20427","7194",6499.5227067016,"36041"
"20428","7194",6499.5227067016,"36089"
"20429","7195",18765.73014812,"36019"
"20430","7195",18765.73014812,"36033"
"20431","7196",69616.2804074923,"37049"
"20432","7196",69616.2804074923,"37103"
"20433","7196",69616.2804074923,"37031"
"20434","7197",8898.89342959613,"37049"
"20435","7197",8898.89342959613,"37013"
"20436","7197",8898.89342959613,"37137"
"20437","7198",12201.5294722698,"37117"
"20438","7198",12201.5294722698,"37013"
"20439","7198",12201.5294722698,"37095"
"20440","7198",12201.5294722698,"37015"
"20441","7198",12201.5294722698,"37187"
"20442","7198",12201.5294722698,"37041"
"20443","7199",21046.0076949551,"37029"
"20444","7199",21046.0076949551,"37139"
"20445","7199",21046.0076949551,"37143"
"20446","7199",21046.0076949551,"51550"
"20447","7199",21046.0076949551,"37041"
"20448","7199",21046.0076949551,"37073"
"20449","7200",771331.591238255,"51093"
"20450","7200",771331.591238255,"51740"
"20451","7200",771331.591238255,"51810"
"20452","7200",771331.591238255,"51650"
"20453","7200",771331.591238255,"51550"
"20454","7200",771331.591238255,"51800"
"20455","7200",771331.591238255,"51710"
"20456","7200",771331.591238255,"51700"
"20457","7201",8012.41685195633,"51131"
"20458","7201",8012.41685195633,"51115"
"20459","7201",8012.41685195633,"51119"
"20460","7202",5710.56376845649,"24039"
"20461","7202",5710.56376845649,"24019"
"20462","7202",5710.56376845649,"51001"
"20463","7203",26882.7341773016,"24011"
"20464","7203",26882.7341773016,"24045"
"20465","7203",26882.7341773016,"10005"
"20466","7203",26882.7341773016,"24019"
"20467","7203",26882.7341773016,"24041"
"20468","7204",89473.5956571911,"24011"
"20469","7204",89473.5956571911,"10001"
"20470","7204",89473.5956571911,"24035"
"20471","7205",441830.711432292,"10003"
"20472","7205",441830.711432292,"24015"
"20473","7205",441830.711432292,"34033"
"20474","7206",631326.204286347,"42029"
"20475","7206",631326.204286347,"42091"
"20476","7206",631326.204286347,"42045"
"20477","7206",631326.204286347,"42101"
"20478","7207",403314.66072607,"34041"
"20479","7207",403314.66072607,"34019"
"20480","7207",403314.66072607,"42095"
"20481","7207",403314.66072607,"42017"
"20482","7207",403314.66072607,"42077"
"20483","7208",65503.8460874988,"34041"
"20484","7208",65503.8460874988,"42103"
"20485","7208",65503.8460874988,"42089"
"20486","7208",65503.8460874988,"34037"
"20487","7209",25895.9393058586,"36025"
"20488","7209",25895.9393058586,"36105"
"20489","7209",25895.9393058586,"42127"
"20490","7210",14184.8308378373,"36025"
"20491","7211",22046.7689085187,"36043"
"20492","7211",22046.7689085187,"36077"
"20493","7211",22046.7689085187,"36057"
"20494","7211",22046.7689085187,"36095"
"20495","7211",22046.7689085187,"36035"
"20496","7212",1774.13807240936,"36041"
"20497","7212",1774.13807240936,"36035"
"20498","7213",1847.65670308171,"36031"
"20499","7213",1847.65670308171,"36041"
"20500","7214",12833.4949357971,"36031"
"20501","7214",12833.4949357971,"36019"
"20502","7214",12833.4949357971,"36033"
"20503","7215",5519.9765025768,"36019"
"20504","7215",5519.9765025768,"36033"
"20505","7216",8289.19172931232,"37049"
"20506","7216",8289.19172931232,"37137"
"20507","7216",8289.19172931232,"37031"
"20508","7217",6314.20529866291,"37013"
"20509","7217",6314.20529866291,"37095"
"20510","7217",6314.20529866291,"37177"
"20511","7217",6314.20529866291,"37187"
"20512","7218",16192.4382863415,"37177"
"20513","7218",16192.4382863415,"37139"
"20514","7218",16192.4382863415,"37143"
"20515","7218",16192.4382863415,"37187"
"20516","7218",16192.4382863415,"37041"
"20517","7219",168347.090599858,"37053"
"20518","7219",168347.090599858,"37029"
"20519","7219",168347.090599858,"51810"
"20520","7219",168347.090599858,"51550"
"20521","7220",3549.97066278917,"51131"
"20522","7221",10289.7181682561,"51131"
"20523","7221",10289.7181682561,"51001"
"20524","7222",43840.2429245024,"24045"
"20525","7222",43840.2429245024,"24047"
"20526","7222",43840.2429245024,"24039"
"20527","7222",43840.2429245024,"24019"
"20528","7223",71420.7214904847,"24011"
"20529","7223",71420.7214904847,"10005"
"20530","7223",71420.7214904847,"10001"
"20531","7223",71420.7214904847,"24019"
"20532","7224",84439.866115866,"10003"
"20533","7224",84439.866115866,"10001"
"20534","7224",84439.866115866,"34033"
"20535","7224",84439.866115866,"34011"
"20536","7225",1310758.59743993,"34007"
"20537","7225",1310758.59743993,"42091"
"20538","7225",1310758.59743993,"34015"
"20539","7225",1310758.59743993,"42045"
"20540","7225",1310758.59743993,"10003"
"20541","7225",1310758.59743993,"42101"
"20542","7225",1310758.59743993,"34033"
"20543","7226",272407.671416927,"42091"
"20544","7226",272407.671416927,"34019"
"20545","7226",272407.671416927,"34021"
"20546","7226",272407.671416927,"42017"
"20547","7227",108658.979673256,"34041"
"20548","7227",108658.979673256,"34019"
"20549","7227",108658.979673256,"42089"
"20550","7227",108658.979673256,"42095"
"20551","7227",108658.979673256,"34027"
"20552","7227",108658.979673256,"34037"
"20553","7228",47546.356241537,"36105"
"20554","7228",47546.356241537,"42103"
"20555","7228",47546.356241537,"36071"
"20556","7228",47546.356241537,"34037"
"20557","7229",7568.55982809989,"36025"
"20558","7229",7568.55982809989,"36105"
"20559","7229",7568.55982809989,"36111"
"20560","7230",21344.2438535776,"36077"
"20561","7230",21344.2438535776,"36025"
"20562","7230",21344.2438535776,"36095"
"20563","7231",78344.2918592868,"36091"
"20564","7231",78344.2918592868,"36057"
"20565","7231",78344.2918592868,"36041"
"20566","7231",78344.2918592868,"36035"
"20567","7232",2844.27463697166,"36031"
"20568","7232",2844.27463697166,"36113"
"20569","7232",2844.27463697166,"36041"
"20570","7233",6047.51321380608,"36031"
"20571","7233",6047.51321380608,"36033"
"20572","7234",18992.5852079464,"36019"
"20573","7234",18992.5852079464,"36033"
"20574","7235",14614.1004955964,"37031"
"20575","7236",65.0827885456928,"37095"
"20576","7236",65.0827885456928,"37137"
"20577","7237",2791.84502182997,"37095"
"20578","7237",2791.84502182997,"37177"
"20579","7237",2791.84502182997,"37187"
"20580","7238",54300.8706431076,"37053"
"20581","7238",54300.8706431076,"37029"
"20582","7238",54300.8706431076,"37139"
"20583","7239",262199.448287848,"51810"
"20584","7240",7176.17847671346,"51131"
"20585","7240",7176.17847671346,"51001"
"20586","7241",20038.0637832632,"24047"
"20587","7241",20038.0637832632,"24039"
"20588","7241",20038.0637832632,"51001"
"20589","7242",113458.240526595,"24045"
"20590","7242",113458.240526595,"10005"
"20591","7242",113458.240526595,"24047"
"20592","7243",54458.833832082,"10005"
"20593","7243",54458.833832082,"10001"
"20594","7244",188383.929051534,"34001"
"20595","7244",188383.929051534,"34015"
"20596","7244",188383.929051534,"34033"
"20597","7244",188383.929051534,"34011"
"20598","7245",1851459.04375853,"34007"
"20599","7245",1851459.04375853,"42091"
"20600","7245",1851459.04375853,"34005"
"20601","7245",1851459.04375853,"42101"
"20602","7245",1851459.04375853,"42017"
"20603","7246",178176.697280756,"34041"
"20604","7246",178176.697280756,"34019"
"20605","7246",178176.697280756,"34035"
"20606","7246",178176.697280756,"34027"
"20607","7247",115407.724208537,"42103"
"20608","7247",115407.724208537,"34027"
"20609","7247",115407.724208537,"34031"
"20610","7247",115407.724208537,"36071"
"20611","7247",115407.724208537,"34037"
"20612","7248",59005.2554399624,"36105"
"20613","7248",59005.2554399624,"36071"
"20614","7248",59005.2554399624,"36111"
"20615","7249",10652.5915355027,"36025"
"20616","7249",10652.5915355027,"36095"
"20617","7249",10652.5915355027,"36039"
"20618","7249",10652.5915355027,"36111"
"20619","7250",81040.5750866051,"36057"
"20620","7250",81040.5750866051,"36095"
"20621","7250",81040.5750866051,"36093"
"20622","7250",81040.5750866051,"36001"
"20623","7251",17514.4764518645,"36091"
"20624","7251",17514.4764518645,"36113"
"20625","7251",17514.4764518645,"36041"
"20626","7251",17514.4764518645,"36035"
"20627","7252",4867.70768264604,"36031"
"20628","7252",4867.70768264604,"36113"
"20629","7252",4867.70768264604,"36041"
"20630","7253",8329.85702056946,"36031"
"20631","7253",8329.85702056946,"36019"
"20632","7254",21298.1515986934,"36019"
"20633","7254",21298.1515986934,"50011"
"20634","7254",21298.1515986934,"50013"
"20635","7255",1720.52729490731,"37031"
"20636","7256",2386.74319916773,"37095"
"20637","7256",2386.74319916773,"37177"
"20638","7257",3540.28345133102,"37055"
"20639","7257",3540.28345133102,"37053"
"20640","7257",3540.28345133102,"37177"
"20641","7257",3540.28345133102,"37029"
"20642","7257",3540.28345133102,"37139"
"20643","7258",2330.34076092078,"37053"
"20644","7258",2330.34076092078,"51810"
"20645","7259",0,"51131"
"20646","7260",2802.74130630952,"51001"
"20647","7261",10801.220660346,"24045"
"20648","7261",10801.220660346,"24047"
"20649","7261",10801.220660346,"24039"
"20650","7261",10801.220660346,"51001"
"20651","7262",110391.613870481,"10005"
"20652","7263",39560.1198233498,"34001"
"20653","7263",39560.1198233498,"34009"
"20654","7263",39560.1198233498,"34011"
"20655","7264",480133.664873564,"34007"
"20656","7264",480133.664873564,"34001"
"20657","7264",480133.664873564,"34005"
"20658","7264",480133.664873564,"34015"
"20659","7265",546404.331658929,"34023"
"20660","7265",546404.331658929,"34005"
"20661","7265",546404.331658929,"34019"
"20662","7265",546404.331658929,"34021"
"20663","7265",546404.331658929,"34025"
"20664","7265",546404.331658929,"34035"
"20665","7265",546404.331658929,"42017"
"20666","7266",456225.148625481,"34013"
"20667","7266",456225.148625481,"34035"
"20668","7266",456225.148625481,"34027"
"20669","7266",456225.148625481,"34037"
"20670","7266",456225.148625481,"34039"
"20671","7267",171257.480438935,"36105"
"20672","7267",171257.480438935,"36071"
"20673","7267",171257.480438935,"34037"
"20674","7268",61757.0207153861,"36105"
"20675","7268",61757.0207153861,"36111"
"20676","7269",24701.9964231689,"36095"
"20677","7269",24701.9964231689,"36039"
"20678","7269",24701.9964231689,"36001"
"20679","7270",180260.594702261,"36091"
"20680","7270",180260.594702261,"36057"
"20681","7270",180260.594702261,"36093"
"20682","7270",180260.594702261,"36035"
"20683","7270",180260.594702261,"36083"
"20684","7271",17640.2357919016,"36115"
"20685","7271",17640.2357919016,"36113"
"20686","7272",11200.6036384261,"36031"
"20687","7272",11200.6036384261,"50001"
"20688","7273",116212.037725386,"36031"
"20689","7273",116212.037725386,"36019"
"20690","7273",116212.037725386,"50007"
"20691","7273",116212.037725386,"50011"
"20692","7273",116212.037725386,"50013"
"20693","7274",567.185595085693,"50011"
"20694","7274",567.185595085693,"50013"
"20695","7275",911.730467575936,"37095"
"20696","7275",911.730467575936,"37031"
"20697","7276",251.486896690046,"37055"
"20698","7276",251.486896690046,"37095"
"20699","7277",10736.0253330608,"37055"
"20700","7277",10736.0253330608,"37053"
"20701","7278",2468.37632424231,"51001"
"20702","7279",62309.0596900939,"10005"
"20703","7279",62309.0596900939,"24047"
"20704","7280",50237.2338293859,"34009"
"20705","7281",114738.181374888,"34001"
"20706","7281",114738.181374888,"34015"
"20707","7281",114738.181374888,"34009"
"20708","7281",114738.181374888,"34011"
"20709","7282",138101.901919034,"34005"
"20710","7282",138101.901919034,"34021"
"20711","7282",138101.901919034,"34025"
"20712","7282",138101.901919034,"34029"
"20713","7282",138101.901919034,"42017"
"20714","7283",1217457.45393061,"34023"
"20715","7283",1217457.45393061,"34035"
"20716","7283",1217457.45393061,"34027"
"20717","7283",1217457.45393061,"36085"
"20718","7283",1217457.45393061,"34039"
"20719","7284",510007.638462477,"34003"
"20720","7284",510007.638462477,"34013"
"20721","7284",510007.638462477,"34027"
"20722","7284",510007.638462477,"34031"
"20723","7284",510007.638462477,"36071"
"20724","7284",510007.638462477,"34037"
"20725","7284",510007.638462477,"36087"
"20726","7285",281507.351170598,"36071"
"20727","7285",281507.351170598,"36079"
"20728","7285",281507.351170598,"36027"
"20729","7285",281507.351170598,"36111"
"20730","7286",71957.1588490304,"36027"
"20731","7286",71957.1588490304,"36021"
"20732","7286",71957.1588490304,"36039"
"20733","7286",71957.1588490304,"36111"
"20734","7287",498394.783901048,"36091"
"20735","7287",498394.783901048,"36093"
"20736","7287",498394.783901048,"36001"
"20737","7287",498394.783901048,"36083"
"20738","7288",108975.505649585,"36091"
"20739","7288",108975.505649585,"36115"
"20740","7288",108975.505649585,"36113"
"20741","7289",11501.1366220402,"36115"
"20742","7289",11501.1366220402,"36031"
"20743","7289",11501.1366220402,"36113"
"20744","7289",11501.1366220402,"50001"
"20745","7289",11501.1366220402,"50021"
"20746","7290",60974.1233288438,"36031"
"20747","7290",60974.1233288438,"50007"
"20748","7290",60974.1233288438,"50001"
"20749","7291",36178.1275301451,"50007"
"20750","7291",36178.1275301451,"50011"
"20751","7291",36178.1275301451,"50015"
"20752","7291",36178.1275301451,"50013"
"20753","7292",117.142743390451,"37055"
"20754","7293",24772.3358222497,"37055"
"20755","7294",51213.768704223,"34001"
"20756","7294",51213.768704223,"34009"
"20757","7295",64007.5645297976,"34001"
"20758","7295",64007.5645297976,"34005"
"20759","7295",64007.5645297976,"34029"
"20760","7296",411090.507787817,"34023"
"20761","7296",411090.507787817,"34021"
"20762","7296",411090.507787817,"34025"
"20763","7296",411090.507787817,"34029"
"20764","7297",4958829.36096726,"34003"
"20765","7297",4958829.36096726,"34013"
"20766","7297",4958829.36096726,"36047"
"20767","7297",4958829.36096726,"36081"
"20768","7297",4958829.36096726,"34027"
"20769","7297",4958829.36096726,"34031"
"20770","7297",4958829.36096726,"36061"
"20771","7297",4958829.36096726,"36085"
"20772","7297",4958829.36096726,"34039"
"20773","7297",4958829.36096726,"36005"
"20774","7297",4958829.36096726,"34017"
"20775","7298",322614.860355203,"36119"
"20776","7298",322614.860355203,"36071"
"20777","7298",322614.860355203,"36079"
"20778","7298",322614.860355203,"36027"
"20779","7298",322614.860355203,"36087"
"20780","7299",102418.760351059,"36027"
"20781","7299",102418.760351059,"36021"
"20782","7299",102418.760351059,"36111"
"20783","7300",53343.1812181797,"25003"
"20784","7300",53343.1812181797,"36021"
"20785","7300",53343.1812181797,"36039"
"20786","7300",53343.1812181797,"36001"
"20787","7300",53343.1812181797,"36083"
"20788","7301",35754.9480796329,"36091"
"20789","7301",35754.9480796329,"36115"
"20790","7301",35754.9480796329,"50003"
"20791","7301",35754.9480796329,"36083"
"20792","7302",30581.0318499344,"36115"
"20793","7302",30581.0318499344,"50003"
"20794","7302",30581.0318499344,"50021"
"20795","7303",21283.4090220904,"50027"
"20796","7303",21283.4090220904,"50023"
"20797","7303",21283.4090220904,"50001"
"20798","7303",21283.4090220904,"50021"
"20799","7304",50298.3508127276,"50007"
"20800","7304",50298.3508127276,"50011"
"20801","7304",50298.3508127276,"50015"
"20802","7304",50298.3508127276,"50023"
"20803","7305",5354.08183618432,"50019"
"20804","7305",5354.08183618432,"50011"
"20805","7306",3034.64267033266,"37055"
"20806","7306",3034.64267033266,"37095"
"20807","7307",685.651711337275,"37055"
"20808","7308",145252.983587667,"34001"
"20809","7308",145252.983587667,"34005"
"20810","7308",145252.983587667,"34029"
"20811","7309",400963.998985134,"34025"
"20812","7309",400963.998985134,"34029"
"20813","7310",1422421.91375487,"34023"
"20814","7310",1422421.91375487,"36047"
"20815","7310",1422421.91375487,"36081"
"20816","7310",1422421.91375487,"34025"
"20817","7310",1422421.91375487,"36085"
"20818","7311",2188900.0198588,"34003"
"20819","7311",2188900.0198588,"36119"
"20820","7311",2188900.0198588,"09001"
"20821","7311",2188900.0198588,"36059"
"20822","7311",2188900.0198588,"36061"
"20823","7311",2188900.0198588,"36005"
"20824","7311",2188900.0198588,"36087"
"20825","7312",170620.096999005,"09001"
"20826","7312",170620.096999005,"09005"
"20827","7312",170620.096999005,"36079"
"20828","7312",170620.096999005,"36027"
"20829","7313",27692.0649311015,"09005"
"20830","7313",27692.0649311015,"25003"
"20831","7313",27692.0649311015,"36027"
"20832","7313",27692.0649311015,"36021"
"20833","7314",45859.071265189,"25003"
"20834","7314",45859.071265189,"50003"
"20835","7314",45859.071265189,"36021"
"20836","7314",45859.071265189,"36083"
"20837","7315",15264.4469196255,"36115"
"20838","7315",15264.4469196255,"50025"
"20839","7315",15264.4469196255,"50003"
"20840","7315",15264.4469196255,"50021"
"20841","7316",36656.1528028338,"50027"
"20842","7316",36656.1528028338,"50001"
"20843","7316",36656.1528028338,"50021"
"20844","7317",32840.2459304967,"50017"
"20845","7317",32840.2459304967,"50007"
"20846","7317",32840.2459304967,"50023"
"20847","7317",32840.2459304967,"50001"
"20848","7318",13425.2013226928,"50019"
"20849","7318",13425.2013226928,"50011"
"20850","7318",13425.2013226928,"50015"
"20851","7319",881.627604715425,"37055"
"20852","7320",19776.9080362196,"34029"
"20853","7321",211735.767756117,"34025"
"20854","7321",211735.767756117,"34029"
"20855","7322",4337703.27297375,"36047"
"20856","7322",4337703.27297375,"36081"
"20857","7322",4337703.27297375,"36059"
"20858","7322",4337703.27297375,"36061"
"20859","7322",4337703.27297375,"36005"
"20860","7323",313201.332309935,"36119"
"20861","7323",313201.332309935,"09001"
"20862","7323",313201.332309935,"36079"
"20863","7324",43801.7035481588,"09001"
"20864","7324",43801.7035481588,"09005"
"20865","7324",43801.7035481588,"36027"
"20866","7325",65582.2912976223,"25013"
"20867","7325",65582.2912976223,"25003"
"20868","7325",65582.2912976223,"36021"
"20869","7325",65582.2912976223,"25015"
"20870","7326",33515.9576258581,"25003"
"20871","7326",33515.9576258581,"25011"
"20872","7326",33515.9576258581,"50025"
"20873","7326",33515.9576258581,"50003"
"20874","7327",11323.4498424217,"50027"
"20875","7327",11323.4498424217,"50025"
"20876","7327",11323.4498424217,"50003"
"20877","7327",11323.4498424217,"50021"
"20878","7328",16732.0726275388,"50017"
"20879","7328",16732.0726275388,"50027"
"20880","7328",16732.0726275388,"50023"
"20881","7328",16732.0726275388,"50001"
"20882","7328",16732.0726275388,"50021"
"20883","7329",21753.4548050662,"50019"
"20884","7329",21753.4548050662,"50015"
"20885","7329",21753.4548050662,"50023"
"20886","7329",21753.4548050662,"50005"
"20887","7330",15137.9359990763,"50019"
"20888","7331",535593.40395904,"36103"
"20889","7331",535593.40395904,"09001"
"20890","7331",535593.40395904,"36059"
"20891","7332",289569.260833715,"09009"
"20892","7332",289569.260833715,"09001"
"20893","7332",289569.260833715,"09005"
"20894","7333",36033.3411490649,"25013"
"20895","7333",36033.3411490649,"09005"
"20896","7333",36033.3411490649,"25003"
"20897","7333",36033.3411490649,"09003"
"20898","7334",16406.442867597,"25003"
"20899","7334",16406.442867597,"25011"
"20900","7334",16406.442867597,"25015"
"20901","7335",13085.988514786,"50027"
"20902","7335",13085.988514786,"50025"
"20903","7335",13085.988514786,"50003"
"20904","7335",13085.988514786,"33005"
"20905","7336",26901.0384647474,"50027"
"20906","7336",26901.0384647474,"33019"
"20907","7336",26901.0384647474,"50021"
"20908","7336",26901.0384647474,"33009"
"20909","7337",30803.8286541794,"50017"
"20910","7337",30803.8286541794,"50023"
"20911","7337",30803.8286541794,"50005"
"20912","7338",13727.863670064,"50009"
"20913","7338",13727.863670064,"50019"
"20914","7338",13727.863670064,"50005"
"20915","7339",578475.316012738,"36103"
"20916","7339",578475.316012738,"36059"
"20917","7340",446616.79598988,"09009"
"20918","7340",446616.79598988,"09001"
"20919","7341",506394.805752947,"09009"
"20920","7341",506394.805752947,"09005"
"20921","7341",506394.805752947,"09003"
"20922","7342",237930.566872756,"25013"
"20923","7342",237930.566872756,"25015"
"20924","7343",42680.2193974866,"25011"
"20925","7343",42680.2193974866,"50025"
"20926","7343",42680.2193974866,"33005"
"20927","7344",44457.6717256918,"50027"
"20928","7344",44457.6717256918,"50025"
"20929","7344",44457.6717256918,"33005"
"20930","7344",44457.6717256918,"33019"
"20931","7345",28620.2035368406,"50017"
"20932","7345",28620.2035368406,"50027"
"20933","7345",28620.2035368406,"33009"
"20934","7346",22905.0845027826,"50009"
"20935","7346",22905.0845027826,"50023"
"20936","7346",22905.0845027826,"50005"
"20937","7346",22905.0845027826,"33009"
"20938","7347",3518.40703501827,"50009"
"20939","7347",3518.40703501827,"50019"
"20940","7347",3518.40703501827,"50005"
"20941","7348",702848.557130355,"36103"
"20942","7349",553890.295428771,"09009"
"20943","7349",553890.295428771,"09007"
"20944","7349",553890.295428771,"09003"
"20945","7350",441789.310648798,"25013"
"20946","7350",441789.310648798,"09013"
"20947","7350",441789.310648798,"09003"
"20948","7351",88757.4537711723,"25011"
"20949","7351",88757.4537711723,"25015"
"20950","7351",88757.4537711723,"25027"
"20951","7352",51572.3130114125,"50025"
"20952","7352",51572.3130114125,"33005"
"20953","7352",51572.3130114125,"33011"
"20954","7352",51572.3130114125,"33019"
"20955","7353",39749.3047375819,"33013"
"20956","7353",39749.3047375819,"33019"
"20957","7353",39749.3047375819,"33009"
"20958","7354",14028.5759414798,"50017"
"20959","7354",14028.5759414798,"50005"
"20960","7354",14028.5759414798,"33009"
"20961","7355",8728.15398456541,"33007"
"20962","7355",8728.15398456541,"50009"
"20963","7355",8728.15398456541,"50005"
"20964","7356",2260.76614255986,"33007"
"20965","7356",2260.76614255986,"50009"
"20966","7357",14.3017708026918,"36103"
"20967","7358",24773.3077817107,"09009"
"20968","7358",24773.3077817107,"36103"
"20969","7359",370949.261092635,"09009"
"20970","7359",370949.261092635,"09007"
"20971","7359",370949.261092635,"09011"
"20972","7359",370949.261092635,"09013"
"20973","7359",370949.261092635,"09003"
"20974","7360",270862.24506863,"25013"
"20975","7360",270862.24506863,"09013"
"20976","7360",270862.24506863,"25011"
"20977","7360",270862.24506863,"25015"
"20978","7360",270862.24506863,"25027"
"20979","7361",66702.0126162228,"25011"
"20980","7361",66702.0126162228,"33005"
"20981","7361",66702.0126162228,"33011"
"20982","7361",66702.0126162228,"25027"
"20983","7362",26516.9921562805,"33013"
"20984","7362",26516.9921562805,"33005"
"20985","7362",26516.9921562805,"33011"
"20986","7362",26516.9921562805,"33019"
"20987","7363",24135.6341503281,"33003"
"20988","7363",24135.6341503281,"33013"
"20989","7363",24135.6341503281,"33001"
"20990","7363",24135.6341503281,"33009"
"20991","7364",15628.053483163,"33007"
"20992","7364",15628.053483163,"50009"
"20993","7364",15628.053483163,"33003"
"20994","7364",15628.053483163,"33009"
"20995","7365",3897.56142705855,"33007"
"20996","7365",3897.56142705855,"50009"
"20997","7366",1.30049976020891,"33007"
"20998","7366",1.30049976020891,"23017"
"20999","7367",75909.4184882548,"36103"
"21000","7368",100414.696800216,"09009"
"21001","7368",100414.696800216,"09007"
"21002","7368",100414.696800216,"09011"
"21003","7369",143825.897265785,"09011"
"21004","7369",143825.897265785,"09013"
"21005","7369",143825.897265785,"09015"
"21006","7369",143825.897265785,"09003"
"21007","7370",71907.7955109232,"25015"
"21008","7370",71907.7955109232,"25027"
"21009","7371",45061.7797505888,"33005"
"21010","7371",45061.7797505888,"33011"
"21011","7372",52358.1956647248,"33013"
"21012","7372",52358.1956647248,"33001"
"21013","7372",52358.1956647248,"33009"
"21014","7373",5420.35051595289,"33007"
"21015","7373",5420.35051595289,"33003"
"21016","7373",5420.35051595289,"33009"
"21017","7374",15282.9248941765,"33007"
"21018","7375",147.592115966864,"33007"
"21019","7375",147.592115966864,"23017"
"21020","7376",0.130802478902686,"23007"
"21021","7377",58465.357925183,"36103"
"21022","7378",142011.367846195,"09007"
"21023","7378",142011.367846195,"09011"
"21024","7378",142011.367846195,"09013"
"21025","7378",142011.367846195,"09015"
"21026","7379",151300.790202363,"25013"
"21027","7379",151300.790202363,"44007"
"21028","7379",151300.790202363,"09013"
"21029","7379",151300.790202363,"09015"
"21030","7379",151300.790202363,"25027"
"21031","7380",182881.442724247,"25017"
"21032","7380",182881.442724247,"33005"
"21033","7380",182881.442724247,"33011"
"21034","7380",182881.442724247,"25027"
"21035","7381",154952.387412813,"33015"
"21036","7381",154952.387412813,"33013"
"21037","7381",154952.387412813,"33011"
"21038","7382",39657.144528357,"33003"
"21039","7382",39657.144528357,"33001"
"21040","7382",39657.144528357,"33009"
"21041","7383",6131.33224292349,"33007"
"21042","7383",6131.33224292349,"33003"
"21043","7383",6131.33224292349,"33009"
"21044","7383",6131.33224292349,"23017"
"21045","7384",587.806151958888,"33007"
"21046","7384",587.806151958888,"23007"
"21047","7384",587.806151958888,"23017"
"21048","7385",18.3450476661017,"23007"
"21049","7385",18.3450476661017,"23017"
"21050","7386",4.98564337190531,"23007"
"21051","7386",4.98564337190531,"23025"
"21052","7387",2.13462983204878,"23025"
"21053","7388",0,"23003"
"21054","7389",90985.2920865235,"36103"
"21055","7389",90985.2920865235,"09011"
"21056","7389",90985.2920865235,"44009"
"21057","7390",80862.4119506383,"09011"
"21058","7390",80862.4119506383,"44007"
"21059","7390",80862.4119506383,"44003"
"21060","7390",80862.4119506383,"09015"
"21061","7391",521350.192936969,"25017"
"21062","7391",521350.192936969,"25027"
"21063","7392",387383.873737028,"25017"
"21064","7392",387383.873737028,"33015"
"21065","7392",387383.873737028,"25009"
"21066","7392",387383.873737028,"33013"
"21067","7392",387383.873737028,"33011"
"21068","7393",43377.1630115301,"33015"
"21069","7393",43377.1630115301,"33017"
"21070","7393",43377.1630115301,"33003"
"21071","7393",43377.1630115301,"33013"
"21072","7393",43377.1630115301,"33001"
"21073","7394",27332.0888878586,"23031"
"21074","7394",27332.0888878586,"33003"
"21075","7394",27332.0888878586,"23017"
"21076","7395",5823.31755823336,"33007"
"21077","7395",5823.31755823336,"23017"
"21078","7396",2022.22141095275,"23007"
"21079","7396",2022.22141095275,"23017"
"21080","7397",51.0702856071836,"23007"
"21081","7397",51.0702856071836,"23025"
"21082","7398",4.30314267730469,"23025"
"21083","7399",0,"23003"
"21084","7399",0,"23025"
"21085","7400",0,"23003"
"21086","7401",3576.83184441754,"36103"
"21087","7402",98886.9188407226,"09011"
"21088","7402",98886.9188407226,"44009"
"21089","7402",98886.9188407226,"44003"
"21090","7403",464060.979760582,"25017"
"21091","7403",464060.979760582,"25005"
"21092","7403",464060.979760582,"44007"
"21093","7403",464060.979760582,"25021"
"21094","7403",464060.979760582,"25027"
"21095","7404",610690.91530163,"25017"
"21096","7404",610690.91530163,"25009"
"21097","7404",610690.91530163,"33011"
"21098","7404",610690.91530163,"25027"
"21099","7405",113387.850803893,"33015"
"21100","7405",113387.850803893,"33017"
"21101","7405",113387.850803893,"33013"
"21102","7406",33831.1487658892,"23031"
"21103","7406",33831.1487658892,"33017"
"21104","7406",33831.1487658892,"33003"
"21105","7406",33831.1487658892,"33001"
"21106","7407",22228.1828039296,"23005"
"21107","7407",22228.1828039296,"23017"
"21108","7408",13211.92033485,"23007"
"21109","7408",13211.92033485,"23017"
"21110","7409",1609.70909180703,"23007"
"21111","7409",1609.70909180703,"23025"
"21112","7410",1155.53302334499,"23025"
"21113","7411",0.338830132071236,"23025"
"21114","7411",0.338830132071236,"23021"
"21115","7412",5.66239780539887,"23003"
"21116","7413",0,"23003"
"21117","7414",1047.13952842083,"44009"
"21118","7415",579396.052678017,"25005"
"21119","7415",579396.052678017,"44009"
"21120","7415",579396.052678017,"44007"
"21121","7415",579396.052678017,"44001"
"21122","7415",579396.052678017,"44003"
"21123","7415",579396.052678017,"44005"
"21124","7416",1292743.80490311,"25025"
"21125","7416",1292743.80490311,"25017"
"21126","7416",1292743.80490311,"25005"
"21127","7416",1292743.80490311,"25021"
"21128","7416",1292743.80490311,"25023"
"21129","7417",406047.101675098,"25017"
"21130","7417",406047.101675098,"33015"
"21131","7417",406047.101675098,"25009"
"21132","7417",406047.101675098,"33011"
"21133","7418",145557.467590721,"23031"
"21134","7418",145557.467590721,"33015"
"21135","7418",145557.467590721,"33017"
"21136","7419",50052.2767249744,"23031"
"21137","7419",50052.2767249744,"23005"
"21138","7419",50052.2767249744,"23017"
"21139","7420",22108.5861696021,"23001"
"21140","7420",22108.5861696021,"23017"
"21141","7421",6651.00074479327,"23007"
"21142","7421",6651.00074479327,"23025"
"21143","7422",135.562056349857,"23025"
"21144","7422",135.562056349857,"23021"
"21145","7423",16.9610140821595,"23025"
"21146","7423",16.9610140821595,"23021"
"21147","7424",1.97559457574693,"23003"
"21148","7424",1.97559457574693,"23025"
"21149","7424",1.97559457574693,"23021"
"21150","7425",32.2738290499277,"23003"
"21151","7426",1.41559945134972,"23003"
"21152","7427",63230.5893844229,"44009"
"21153","7427",63230.5893844229,"44005"
"21154","7428",329375.001609039,"25005"
"21155","7428",329375.001609039,"44007"
"21156","7428",329375.001609039,"25021"
"21157","7428",329375.001609039,"25023"
"21158","7429",969139.067651001,"25025"
"21159","7429",969139.067651001,"25017"
"21160","7429",969139.067651001,"25009"
"21161","7429",969139.067651001,"25021"
"21162","7429",969139.067651001,"25023"
"21163","7430",91032.1552920906,"23031"
"21164","7430",91032.1552920906,"33015"
"21165","7430",91032.1552920906,"33017"
"21166","7430",91032.1552920906,"25009"
"21167","7431",115038.533598835,"23031"
"21168","7431",115038.533598835,"23005"
"21169","7432",101154.729615727,"23005"
"21170","7432",101154.729615727,"23001"
"21171","7432",101154.729615727,"23017"
"21172","7433",28169.9813921672,"23007"
"21173","7433",28169.9813921672,"23025"
"21174","7433",28169.9813921672,"23011"
"21175","7433",28169.9813921672,"23001"
"21176","7433",28169.9813921672,"23017"
"21177","7434",2561.83491037458,"23025"
"21178","7434",2561.83491037458,"23021"
"21179","7435",535.114953474642,"23025"
"21180","7435",535.114953474642,"23021"
"21181","7436",9.1631195782999,"23021"
"21182","7437",0.94373296756648,"23003"
"21183","7437",0.94373296756648,"23021"
"21184","7438",752.018413947933,"23003"
"21185","7439",279007.226524233,"25007"
"21186","7439",279007.226524233,"25005"
"21187","7439",279007.226524233,"25023"
"21188","7439",279007.226524233,"44005"
"21189","7440",349564.770645073,"25021"
"21190","7440",349564.770645073,"25023"
"21191","7441",45137.1937115236,"25009"
"21192","7442",5694.27389897907,"23031"
"21193","7443",173468.051737829,"23005"
"21194","7443",173468.051737829,"23001"
"21195","7444",61720.9212852999,"23023"
"21196","7444",61720.9212852999,"23011"
"21197","7444",61720.9212852999,"23001"
"21198","7445",26161.1975492765,"23007"
"21199","7445",26161.1975492765,"23025"
"21200","7445",26161.1975492765,"23011"
"21201","7446",3209.61924575278,"23025"
"21202","7446",3209.61924575278,"23021"
"21203","7447",2.53014743911449,"23021"
"21204","7448",0,"23003"
"21205","7448",0,"23021"
"21206","7449",36.864509265653,"23003"
"21207","7450",1309.17461662095,"25007"
"21208","7451",136495.950444528,"25001"
"21209","7451",136495.950444528,"25005"
"21210","7451",136495.950444528,"25023"
"21211","7452",385.601772176881,"23005"
"21212","7453",68320.2653082428,"23015"
"21213","7453",68320.2653082428,"23023"
"21214","7453",68320.2653082428,"23011"
"21215","7453",68320.2653082428,"23005"
"21216","7453",68320.2653082428,"23001"
"21217","7454",61388.1868835755,"23025"
"21218","7454",61388.1868835755,"23027"
"21219","7454",61388.1868835755,"23011"
"21220","7455",15284.9668661223,"23025"
"21221","7455",15284.9668661223,"23019"
"21222","7455",15284.9668661223,"23021"
"21223","7456",10.5232275587165,"23021"
"21224","7457",9.06289227303274,"23019"
"21225","7457",9.06289227303274,"23021"
"21226","7458",0,"23003"
"21227","7458",0,"23021"
"21228","7459",6268.59809895676,"23003"
"21229","7460",66492.4722144305,"25001"
"21230","7460",66492.4722144305,"25007"
"21231","7461",2775.63585093918,"25001"
"21232","7461",2775.63585093918,"25023"
"21233","7462",1697.72883106709,"23015"
"21234","7462",1697.72883106709,"23023"
"21235","7462",1697.72883106709,"23005"
"21236","7463",27602.8076257524,"23013"
"21237","7463",27602.8076257524,"23015"
"21238","7463",27602.8076257524,"23023"
"21239","7463",27602.8076257524,"23027"
"21240","7463",27602.8076257524,"23011"
"21241","7464",22485.8364395851,"23025"
"21242","7464",22485.8364395851,"23027"
"21243","7464",22485.8364395851,"23011"
"21244","7464",22485.8364395851,"23019"
"21245","7465",10117.970966874,"23019"
"21246","7465",10117.970966874,"23021"
"21247","7466",1923.48908428217,"23019"
"21248","7466",1923.48908428217,"23021"
"21249","7467",19.4201610598162,"23003"
"21250","7467",19.4201610598162,"23019"
"21251","7467",19.4201610598162,"23021"
"21252","7468",872.089187511575,"23003"
"21253","7469",5458.25597193582,"23003"
"21254","7470",306.242839287282,"25007"
"21255","7471",102656.382558688,"25001"
"21256","7472",12618.2810804167,"23013"
"21257","7472",12618.2810804167,"23015"
"21258","7473",21926.113680867,"23013"
"21259","7473",21926.113680867,"23015"
"21260","7473",21926.113680867,"23027"
"21261","7473",21926.113680867,"23011"
"21262","7474",31896.2488725477,"23019"
"21263","7475",304.140755571786,"23019"
"21264","7475",304.140755571786,"23021"
"21265","7476",2330.59856941161,"23003"
"21266","7476",2330.59856941161,"23019"
"21267","7477",1785.63653054032,"23003"
"21268","7477",1785.63653054032,"23019"
"21269","7478",5025.48541362018,"23003"
"21270","7479",970.487201449555,"25001"
"21271","7479",970.487201449555,"25019"
"21272","7480",9489.46467162948,"25001"
"21273","7481",32245.4880800028,"23013"
"21274","7481",32245.4880800028,"23015"
"21275","7481",32245.4880800028,"23027"
"21276","7482",34323.7100122108,"23027"
"21277","7482",34323.7100122108,"23019"
"21278","7482",34323.7100122108,"23009"
"21279","7483",7780.98789993088,"23019"
"21280","7483",7780.98789993088,"23021"
"21281","7484",6829.7847565137,"23003"
"21282","7484",6829.7847565137,"23019"
"21283","7485",1610.11389366762,"23003"
"21284","7485",1610.11389366762,"23019"
"21285","7486",25893.9589753142,"23003"
"21286","7487",0,"23003"
"21287","7488",9536.82401720509,"25019"
"21288","7489",17853.2875976309,"25001"
"21289","7490",73.0144683194216,"23013"
"21290","7491",10844.8861376795,"23013"
"21291","7491",10844.8861376795,"23027"
"21292","7491",10844.8861376795,"23009"
"21293","7492",74107.7669808334,"23019"
"21294","7492",74107.7669808334,"23009"
"21295","7493",8703.31409192778,"23019"
"21296","7493",8703.31409192778,"23009"
"21297","7494",1616.02360325993,"23003"
"21298","7495",4018.1904397936,"23003"
"21299","7496",2156.51990285597,"23003"
"21300","7497",4.85134834746482,"25019"
"21301","7498",1960.56744962775,"23013"
"21302","7498",1960.56744962775,"23009"
"21303","7499",21229.5641360589,"23009"
"21304","7500",504.281163107301,"23019"
"21305","7500",504.281163107301,"23009"
"21306","7500",504.281163107301,"23029"
"21307","7501",1392.51224401305,"23003"
"21308","7501",1392.51224401305,"23019"
"21309","7501",1392.51224401305,"23029"
"21310","7502",9917.63316500955,"23003"
"21311","7503",56.5411054457258,"23003"
"21312","7504",7304.32147155501,"23009"
"21313","7505",1838.73472880432,"23009"
"21314","7505",1838.73472880432,"23029"
"21315","7506",529.261737977779,"23019"
"21316","7506",529.261737977779,"23009"
"21317","7506",529.261737977779,"23029"
"21318","7507",450.614983103939,"23003"
"21319","7507",450.614983103939,"23029"
"21320","7508",9393.43034081812,"23009"
"21321","7508",9393.43034081812,"23029"
"21322","7509",128.435981605105,"23009"
"21323","7509",128.435981605105,"23029"
"21324","7510",634.950120961481,"23029"
"21325","7511",7035.42628386587,"23029"
"21326","7512",6266.91384751331,"23029"
"21327","7513",244.186283941901,"23029"
"21328","7514",5210.4430477095,"23029"
"21329","7515",2031.5303700823,"23029"
"21330","7516",2972.27532799848,"23029"
"21331","7517",2964.42066737094,"23029"
