hexid	date	distToFront	geometry
1373	2020-09-17	0	c(-1040016.43209495, -1033351.74537515, 5627878.10172332, 5650821.59817695)
1373	2020-09-17	0	c(-1030192.38961903, -1040016.43209495, 5612612.72283877, 5627878.10172332)
1400	2020-09-17	0	c(-1036768.96328473, -1030192.38961903, 5589648.06146561, 5612612.72283877)
1400	2020-09-17	0	c(-1026806.61629611, -1036768.96328473, 5574399.19549213, 5589648.06146561)
1400	2020-09-17	0	c(-1010339.0532074, -1026806.61629611, 5582162.79753793, 5574399.19549213)
1455	2020-09-17	18205.882313318994	c(-1000310.2886526, -1010339.0532074, 5566978.66401566, 5582162.79753793)
1482	2020-09-17	0	c(-1006678.02594854, -1000310.2886526, 5543983.71602907, 5566978.66401566)
1482	2020-09-17	0	c(-996512.316647073, -1006678.02594854, 5528817.50218745, 5543983.71602907)
1482	2020-09-17	0	c(-980049.893140128, -996512.316647073, 5536693.06013482, 5528817.50218745)
1482	2020-09-17	0	c(-973802.692473719, -980049.893140128, 5559697.44206214, 5536693.06013482)
1511	2020-09-17	0	c(-957444.662171436, -973802.692473719, 5567609.95858693, 5559697.44206214)
1511	2020-09-17	0	c(-951231.331980541, -957444.662171436, 5590605.08612733, 5567609.95858693)
1539	2020-09-17	18085.171512359637	c(-934977.95660554, -951231.331980541, 5598554.95597738, 5590605.08612733)
1539	2020-09-17	18085.171512359637	c(-928798.96985572, -934977.95660554, 5621541.34277333, 5598554.95597738)
2615	2020-09-17	0	c(-472460.18999365, -468437.240094192, 5424139.52218133, 5447274.16361436)
2616	2020-09-17	0	c(-460354.19805718, -456294.219582374, 5493532.73520538, 5516656.67504973)
2615	2020-09-17	0	c(-461047.435154414, -472460.18999365, 5410261.49550591, 5424139.52218133)
2644	2020-09-17	0	c(-464994.850695856, -461047.435154414, 5387119.30154164, 5410261.49550591)
2615	2020-09-17	0	c(-468437.240094192, -453115.674456142, 5447274.16361436, 5456535.51601598)
2616	2020-09-17	0	c(-449131.440827754, -460354.19805718, 5479667.35131648, 5493532.73520538)
2645	2020-09-17	17838.137520978384	c(-453115.674456142, -449131.440827754, 5456535.51601598, 5479667.35131648)
2644	2020-09-17	0	c(-453457.979281479, -464994.850695856, 5373267.35667762, 5387119.30154164)
2644	2020-09-17	0	c(-438038.418094812, -453457.979281479, 5382595.24354707, 5373267.35667762)
2703	2020-09-17	0	c(-426442.620861386, -438038.418094812, 5368807.249333, 5382595.24354707)
2703	2020-09-17	0	c(-411077.27938155, -426442.620861386, 5378202.99469088, 5368807.249333)
2763	2020-09-17	18010.378941657997	c(-399422.777656604, -411077.27938155, 5364478.88458756, 5378202.99469088)
2793	2020-09-17	0	c(-403069.606649768, -399422.777656604, 5341322.07945486, 5364478.88458756)
2793	2020-09-17	0	c(-391292.850681981, -403069.606649768, 5327625.11679988, 5341322.07945486)
2793	2020-09-17	0	c(-375933.103946723, -391292.850681981, 5337121.66970313, 5327625.11679988)
2856	2020-09-17	0	c(-364098.38865072, -375933.103946723, 5323488.77193327, 5337121.66970313)
2856	2020-09-17	0	c(-348792.718243794, -364098.38865072, 5333052.57857426, 5323488.77193327)
2919	2020-09-17	18047.990028578628	c(-336900.246310836, -348792.718243794, 5319483.67644925, 5333052.57857426)
2951	2020-09-17	0	c(-340250.337155756, -336900.246310836, 5296314.89118933, 5319483.67644925)
2951	2020-09-17	0	c(-328237.452925095, -340250.337155756, 5282774.09763164, 5296314.89118933)
2982	2020-09-17	0	c(-331515.734680046, -328237.452925095, 5259600.51966089, 5282774.09763164)
2982	2020-09-17	0	c(-319383.233120414, -331515.734680046, 5246088.29608576, 5259600.51966089)
3014	2020-09-17	0	c(-322590.164643408, -319383.233120414, 5222910.25890057, 5246088.29608576)
3014	2020-09-17	0	c(-310338.84661777, -322590.164643408, 5209427.05044778, 5222910.25890057)
3046	2020-09-17	0	c(-313474.894366702, -310338.84661777, 5186244.88041448, 5209427.05044778)
3046	2020-09-17	0	c(-301105.566362903, -313474.894366702, 5172791.11588324, 5186244.88041448)
3046	2020-09-17	0	c(-285662.251673282, -301105.566362903, 5182554.63621709, 5172791.11588324)
3111	2020-09-17	0	c(-273237.419442429, -285662.251673282, 5169165.57943706, 5182554.63621709)
3143	2020-09-17	0	c(-276194.274624667, -273237.419442429, 5145978.17159733, 5169165.57943706)
3143	2020-09-17	0	c(-263652.754261031, -276194.274624667, 5132619.12932993, 5145978.17159733)
3143	2020-09-17	0	c(-248215.789293455, -263652.754261031, 5142482.11800705, 5132619.12932993)
3206	2020-09-17	0	c(-235619.429639283, -248215.789293455, 5129187.84560266, 5142482.11800705)
3206	2020-09-17	0	c(-220235.838727271, -235619.429639283, 5139116.70837545, 5129187.84560266)
3268	2020-09-17	0	c(-207584.788775175, -220235.838727271, 5125887.11297857, 5139116.70837545)
3268	2020-09-17	0	c(-192254.509536591, -207584.788775175, 5135881.68934468, 5125887.11297857)
3330	2020-09-17	0	c(-179548.912412111, -192254.509536591, 5122716.68138935, 5135881.68934468)
3330	2020-09-17	0	c(-164271.884641897, -179548.912412111, 5132776.81719307, 5122716.68138935)
3392	2020-09-17	0	c(-151511.877679037, -164271.884641897, 5119676.31046864, 5132776.81719307)
3392	2020-09-17	0	c(-136288.043427458, -151511.877679037, 5129801.85783914, 5119676.31046864)
3456	2020-09-17	0	c(-123473.758243772, -136288.043427458, 5116765.76955523, 5129801.85783914)
3456	2020-09-17	0	c(-108303.061893906, -123473.758243772, 5126956.58684503, 5116765.76955523)
3521	2020-09-17	0	c(-95434.6244651342, -108303.061893906, 5113984.83769589, 5126956.58684503)
3587	2020-09-17	0	c(-86874.2374373579, -84696.2141862665, 5054651.23860244, 5077848.36019045)
3587	2020-09-17	0	c(-73780.6289334564, -86874.2374373579, 5041742.04392555, 5054651.23860244)
3620	2020-09-17	0	c(-75894.1842168121, -73780.6289334564, 5018543.88666454, 5041742.04392555)
3521	2020-09-17	0	c(-80317.0128096157, -95434.6244651342, 5124240.7894197, 5113984.83769589)
3587	2020-09-17	0	c(-84696.2141862665, -69530.7800363379, 5077848.36019045, 5088136.75219755)
3588	2020-09-17	0	c(-67394.5435438954, -80317.0128096157, 5111333.30364784, 5124240.7894197)
3621	2020-09-17	0	c(-69530.7800363379, -67394.5435438954, 5088136.75219755, 5111333.30364784)
3651	2020-09-17	0	c(-82845.7344404873, -80864.3681660022, 4773655.5086954, 4796858.70181479)
3652	2020-09-17	0	c(-76878.588753423, -74874.2292016803, 4843263.68384102, 4866465.47262191)
3653	2020-09-17	0	c(-70842.70510985, -68815.5947438093, 4912867.64559184, 4936068.02980482)
3620	2020-09-17	0	c(-62689.1974457329, -75894.1842168121, 5005666.37402296, 5018543.88666454)
3654	2020-09-17	0	c(-64738.8135344249, -62689.1974457329, 4982467.39393367, 5005666.37402296)
3651	2020-09-17	0	c(-69033.1020903044, -82845.7344404873, 4760810.96064867, 4773655.5086954)
3651	2020-09-17	0	c(-80864.3681660022, -65171.904604091, 4796858.70181479, 4807216.18562595)
3652	2020-09-17	0	c(-63230.0628018993, -76878.588753423, 4830418.19526776, 4843263.68384102)
3686	2020-09-17	0	c(-65171.904604091, -63230.0628018993, 4807216.18562595, 4830418.19526776)
3652	2020-09-17	0	c(-74874.2292016803, -59324.0233919469, 4866465.47262191, 4876821.00862757)
3653	2020-09-17	0	c(-57359.8781979957, -70842.70510985, 4900021.81231792, 4912867.64559184)
3687	2020-09-17	0	c(-59324.0233919469, -57359.8781979957, 4876821.00862757, 4900021.81231792)
3653	2020-09-17	0	c(-68815.5947438093, -53409.4685840657, 4936068.02980482, 4946422.21381118)
3654	2020-09-17	0	c(-51423.2571502263, -64738.8135344249, 4969621.81171501, 4982467.39393367)
3688	2020-09-17	18501.703282592098	c(-53409.4685840657, -51423.2571502263, 4946422.21381118, 4969621.81171501)
3591	2020-09-17	0	c(-31066.9533513541, -33225.3319256683, 5353595.06450237, 5330403.0749507)
3624	2020-09-17	0	c(-33225.3319256683, -20768.9503466276, 5330403.0749507, 5317567.66203999)
3625	2020-09-17	0	c(-16562.5097490052, -31066.9533513541, 5363953.6516046, 5353595.06450237)
3651	2020-09-17	0	c(-53295.8955669126, -69033.1020903044, 4771201.57694951, 4760810.96064867)
3721	2020-09-17	0	c(-39433.4724622502, -53295.8955669126, 4758422.11362641, 4771201.57694951)
3624	2020-09-17	0	c(-20768.9503466276, -22861.8471814801, 5317567.66203999, 5294374.07045375)
3658	2020-09-17	0	c(-22861.8471814801, -10290.0140850753, 5294374.07045375, 5281568.6557112)
3625	2020-09-17	0	c(-14449.0222612987, -16562.5097490052, 5387146.05044447, 5363953.6516046)
3660	2020-09-17	0	c(-49.6290110745467, -14449.0222612987, 5397538.51007956, 5387146.05044447)
3730	2020-09-17	0	c(12287.3040164537, -49.6290110745467, 5384769.70880961, 5397538.51007956)
3658	2020-09-17	0	c(-10290.0140850753, -12317.9275160215, 5281568.6557112, 5258373.68277837)
3692	2020-09-17	0	c(-12317.9275160215, 368.588778664416, 5258373.68277837, 5245598.5743644)
3721	2020-09-17	0	c(-23747.5716645952, -39433.4724622502, 4768876.54003562, 4758422.11362641)
3793	2020-09-17	0	c(-9835.40642387519, -23747.5716645952, 4756162.02964299, 4768876.54003562)
3692	2020-09-17	0	c(368.588778664416, -1594.8456329318, 5245598.5743644, 5222402.43327789)
3727	2020-09-17	0	c(-1594.8456329318, 11205.5821381666, 5222402.43327789, 5209657.9236057)
3730	2020-09-17	0	c(26632.4726360509, 12287.3040164537, 5395227.1394507, 5384769.70880961)
3695	2020-09-17	17689.64366328016	c(18334.2506697016, 16312.1850390852, 5454351.61779491, 5431157.91821051)
3730	2020-09-17	0	c(16312.1850390852, 28589.343844883, 5431157.91821051, 5418422.34344566)
3727	2020-09-17	0	c(11205.5821381666, 9306.11643209268, 5209657.9236057, 5186460.82000237)
3762	2020-09-17	18118.781445749937	c(9306.11643209268, 22219.6807872078, 5186460.82000237, 5173747.18571983)
3835	2020-09-17	0	c(22219.6807872078, 36974.3113127448, 5173747.18571983, 5184263.41694275)
3730	2020-09-17	0	c(28589.343844883, 26632.4726360509, 5418422.34344566, 5395227.1394507)
3793	2020-09-17	0	c(5799.30346514983, -9835.40642387519, 4766680.1909255, 4756162.02964299)
3866	2020-09-17	0	c(19761.1679518509, 5799.30346514983, 4754030.50642639, 4766680.1909255)
3835	2020-09-17	0	c(36974.3113127448, 49942.227010106, 5184263.41694275, 5171613.52197448)
3908	2020-09-17	0	c(49942.227010106, 64643.650189522, 5171613.52197448, 5182194.38430724)
3866	2020-09-17	0	c(35344.7984592536, 19761.1679518509, 4764612.3340118, 4754030.50642639)
3830	2020-09-17	0	c(24651.297203287, 23014.9123183633, 4823628.59032394, 4800429.27003253)
3866	2020-09-17	0	c(23014.9123183633, 36921.1848448575, 4800429.27003253, 4787811.22176942)
3867	2020-09-17	0	c(40092.3932645252, 24651.297203287, 4834209.03675699, 4823628.59032394)
3866	2020-09-17	0	c(36921.1848448575, 35344.7984592536, 4787811.22176942, 4764612.3340118)
3867	2020-09-17	0	c(41687.1731920459, 40092.3932645252, 4857407.96414215, 4834209.03675699)
3904	2020-09-17	0	c(57030.5402266589, 41687.1731920459, 4868019.88065343, 4857407.96414215)
3978	2020-09-17	0	c(70825.5490137576, 57030.5402266589, 4855465.24237906, 4868019.88065343)
3870	2020-09-17	18293.89947175737	c(56311.627226141, 54662.8187943972, 5066198.92093475, 5042999.87060157)
3906	2020-09-17	18351.921908663895	c(54662.8187943972, 68021.1251355068, 5042999.87060157, 5030412.18872984)
3907	2020-09-17	0	c(71213.280991199, 56311.627226141, 5076810.58776655, 5066198.92093475)
3908	2020-09-17	0	c(64643.650189522, 77665.8133307858, 5182194.38430724, 5169608.1846679)
3906	2020-09-17	18351.921908663895	c(68021.1251355068, 66433.6490710149, 5030412.18872984, 5007213.08886899)
3943	2020-09-17	0	c(66433.6490710149, 79901.1779212235, 5007213.08886899, 4994657.42890243)
3907	2020-09-17	0	c(72817.9184479083, 71213.280991199, 5100009.88705977, 5076810.58776655)
3945	2020-09-17	0	c(87617.9948572979, 72817.9184479083, 5110654.1376432, 5100009.88705977)
4019	2020-09-17	0	c(100862.429112005, 87617.9948572979, 5098130.84780409, 5110654.1376432)
3908	2020-09-17	0	c(77665.8133307858, 76044.2060124974, 5169608.1846679, 5146408.68546253)
3945	2020-09-17	18166.603614319916	c(76044.2060124974, 89177.8914269842, 5146408.68546253, 5133853.83133013)
4019	2020-09-17	0	c(89177.8914269842, 103875.776250075, 5133853.83133013, 5144530.80040412)
3978	2020-09-17	0	c(86117.4260152609, 70825.5490137576, 4866141.06239051, 4855465.24237906)
3942	2020-09-17	18530.19085886127	c(75337.9551611516, 73828.1468022421, 4925060.80957391, 4901862.17038358)
3978	2020-09-17	0	c(73828.1468022421, 87567.4736013877, 4901862.17038358, 4889339.29356887)
3979	2020-09-17	0	c(90484.0063832839, 75337.9551611516, 4935736.25362287, 4925060.80957391)
3943	2020-09-17	0	c(79901.1779212235, 78374.4908295702, 4994657.42890243, 4971458.43875731)
3979	2020-09-17	0	c(78374.4908295702, 91950.4529996167, 4971458.43875731, 4958934.98268059)
3978	2020-09-17	0	c(87567.4736013877, 86117.4260152609, 4889339.29356887, 4866141.06239051)
3979	2020-09-17	0	c(91950.4529996167, 90484.0063832839, 4958934.98268059, 4935736.25362287)
4019	2020-09-17	0	c(115609.719503381, 100862.429112005, 5108839.45188712, 5098130.84780409)
4019	2020-09-17	0	c(103875.776250075, 117063.203438781, 5144530.80040412, 5132039.69912731)
4019	2020-09-17	0	c(117063.203438781, 115609.719503381, 5132039.69912731, 5108839.45188712)
1373	2020-09-18	0	c(-1040016.43209495, -1033351.74537515, 5627878.10172332, 5650821.59817695)
1373	2020-09-18	0	c(-1030192.38961903, -1040016.43209495, 5612612.72283877, 5627878.10172332)
1400	2020-09-18	0	c(-1036768.96328473, -1030192.38961903, 5589648.06146561, 5612612.72283877)
1400	2020-09-18	0	c(-1026806.61629611, -1036768.96328473, 5574399.19549213, 5589648.06146561)
1427	2020-09-18	0	c(-1033295.28241554, -1026806.61629611, 5551413.98650938, 5574399.19549213)
1427	2020-09-18	0	c(-1023195.33320812, -1033295.28241554, 5536182.5587857, 5551413.98650938)
1427	2020-09-18	0	c(-1006678.02594854, -1023195.33320812, 5543983.71602907, 5536182.5587857)
1482	2020-09-18	0	c(-996512.316647073, -1006678.02594854, 5528817.50218745, 5543983.71602907)
1482	2020-09-18	0	c(-980049.893140128, -996512.316647073, 5536693.06013482, 5528817.50218745)
1482	2020-09-18	0	c(-973802.692473719, -980049.893140128, 5559697.44206214, 5536693.06013482)
1511	2020-09-18	18162.72751857657	c(-957444.662171436, -973802.692473719, 5567609.95858693, 5559697.44206214)
1567	2020-09-18	0	c(-947284.178929835, -957444.662171436, 5552555.08392086, 5567609.95858693)
1567	2020-09-18	0	c(-930980.889752612, -947284.178929835, 5560541.49961199, 5552555.08392086)
1567	2020-09-18	0	c(-924887.881268447, -930980.889752612, 5583546.16494268, 5560541.49961199)
1595	2020-09-18	0	c(-908689.140162116, -924887.881268447, 5591569.79999473, 5583546.16494268)
1595	2020-09-18	0	c(-902630.649845387, -908689.140162116, 5614566.11577944, 5591569.79999473)
2587	2020-09-18	0	c(-479725.103241376, -475626.216796725, 5461177.70227894, 5484304.3884993)
2587	2020-09-18	0	c(-468437.240094192, -479725.103241376, 5447274.16361436, 5461177.70227894)
2615	2020-09-18	0	c(-472460.18999365, -468437.240094192, 5424139.52218133, 5447274.16361436)
2587	2020-09-18	0	c(-475626.216796725, -460354.19805718, 5484304.3884993, 5493532.73520538)
2616	2020-09-18	0	c(-460354.19805718, -456294.219582374, 5493532.73520538, 5516656.67504973)
2615	2020-09-18	0	c(-461047.435154414, -472460.18999365, 5410261.49550591, 5424139.52218133)
2644	2020-09-18	0	c(-464994.850695856, -461047.435154414, 5387119.30154164, 5410261.49550591)
2644	2020-09-18	0	c(-453457.979281479, -464994.850695856, 5373267.35667762, 5387119.30154164)
2644	2020-09-18	0	c(-438038.418094812, -453457.979281479, 5382595.24354707, 5373267.35667762)
2703	2020-09-18	0	c(-426442.620861386, -438038.418094812, 5368807.249333, 5382595.24354707)
2732	2020-09-18	0	c(-430202.054644014, -426442.620861386, 5345654.09361399, 5368807.249333)
2732	2020-09-18	0	c(-418483.46670975, -430202.054644014, 5331892.99452627, 5345654.09361399)
2732	2020-09-18	0	c(-403069.606649768, -418483.46670975, 5341322.07945486, 5331892.99452627)
2793	2020-09-18	0	c(-391292.850681981, -403069.606649768, 5327625.11679988, 5341322.07945486)
2793	2020-09-18	0	c(-375933.103946723, -391292.850681981, 5337121.66970313, 5327625.11679988)
2856	2020-09-18	0	c(-364098.38865072, -375933.103946723, 5323488.77193327, 5337121.66970313)
2887	2020-09-18	0	c(-367559.988039318, -364098.38865072, 5300322.94626896, 5323488.77193327)
2887	2020-09-18	0	c(-355604.337839355, -367559.988039318, 5286717.93361882, 5300322.94626896)
2887	2020-09-18	0	c(-340250.337155756, -355604.337839355, 5296314.89118933, 5286717.93361882)
2951	2020-09-18	0	c(-328237.452925095, -340250.337155756, 5282774.09763164, 5296314.89118933)
2982	2020-09-18	0	c(-331515.734680046, -328237.452925095, 5259600.51966089, 5282774.09763164)
2982	2020-09-18	0	c(-319383.233120414, -331515.734680046, 5246088.29608576, 5259600.51966089)
3014	2020-09-18	0	c(-322590.164643408, -319383.233120414, 5222910.25890057, 5246088.29608576)
3014	2020-09-18	0	c(-310338.84661777, -322590.164643408, 5209427.05044778, 5222910.25890057)
3046	2020-09-18	0	c(-313474.894366702, -310338.84661777, 5186244.88041448, 5209427.05044778)
3046	2020-09-18	0	c(-301105.566362903, -313474.894366702, 5172791.11588324, 5186244.88041448)
3046	2020-09-18	0	c(-285662.251673282, -301105.566362903, 5182554.63621709, 5172791.11588324)
3111	2020-09-18	0	c(-273237.419442429, -285662.251673282, 5169165.57943706, 5182554.63621709)
3143	2020-09-18	0	c(-276194.274624667, -273237.419442429, 5145978.17159733, 5169165.57943706)
3143	2020-09-18	0	c(-263652.754261031, -276194.274624667, 5132619.12932993, 5145978.17159733)
3143	2020-09-18	0	c(-248215.789293455, -263652.754261031, 5142482.11800705, 5132619.12932993)
3206	2020-09-18	0	c(-235619.429639283, -248215.789293455, 5129187.84560266, 5142482.11800705)
3206	2020-09-18	0	c(-220235.838727271, -235619.429639283, 5139116.70837545, 5129187.84560266)
3268	2020-09-18	0	c(-207584.788775175, -220235.838727271, 5125887.11297857, 5139116.70837545)
3268	2020-09-18	0	c(-192254.509536591, -207584.788775175, 5135881.68934468, 5125887.11297857)
3330	2020-09-18	0	c(-179548.912412111, -192254.509536591, 5122716.68138935, 5135881.68934468)
3330	2020-09-18	0	c(-164271.884641897, -179548.912412111, 5132776.81719307, 5122716.68138935)
3392	2020-09-18	0	c(-151511.877679037, -164271.884641897, 5119676.31046864, 5132776.81719307)
3392	2020-09-18	0	c(-136288.043427458, -151511.877679037, 5129801.85783914, 5119676.31046864)
3456	2020-09-18	0	c(-123473.758243772, -136288.043427458, 5116765.76955523, 5129801.85783914)
3456	2020-09-18	0	c(-108303.061893906, -123473.758243772, 5126956.58684503, 5116765.76955523)
3521	2020-09-18	0	c(-95434.6244651342, -108303.061893906, 5113984.83769589, 5126956.58684503)
3587	2020-09-18	0	c(-86874.2374373579, -84696.2141862665, 5054651.23860244, 5077848.36019045)
3619	2020-09-18	0	c(-82189.0327069386, -80098.414373764, 4948946.20034132, 4972145.96500691)
3587	2020-09-18	0	c(-73780.6289334564, -86874.2374373579, 5041742.04392555, 5054651.23860244)
3620	2020-09-18	0	c(-75894.1842168121, -73780.6289334564, 5018543.88666454, 5041742.04392555)
3521	2020-09-18	0	c(-80317.0128096157, -95434.6244651342, 5124240.7894197, 5113984.83769589)
3587	2020-09-18	0	c(-84696.2141862665, -69530.7800363379, 5077848.36019045, 5088136.75219755)
3588	2020-09-18	18268.188961363994	c(-67394.5435438954, -80317.0128096157, 5111333.30364784, 5124240.7894197)
3621	2020-09-18	18325.97618266351	c(-69530.7800363379, -67394.5435438954, 5088136.75219755, 5111333.30364784)
3651	2020-09-18	18802.41696006945	c(-82845.7344404873, -80864.3681660022, 4773655.5086954, 4796858.70181479)
3652	2020-09-18	0	c(-76878.588753423, -74874.2292016803, 4843263.68384102, 4866465.47262191)
3619	2020-09-18	0	c(-68815.5947438093, -82189.0327069386, 4936068.02980482, 4948946.20034132)
3653	2020-09-18	0	c(-70842.70510985, -68815.5947438093, 4912867.64559184, 4936068.02980482)
3619	2020-09-18	0	c(-80098.414373764, -64738.8135344249, 4972145.96500691, 4982467.39393367)
3620	2020-09-18	0	c(-62689.1974457329, -75894.1842168121, 5005666.37402296, 5018543.88666454)
3654	2020-09-18	0	c(-64738.8135344249, -62689.1974457329, 4982467.39393367, 5005666.37402296)
3651	2020-09-18	18858.010930930323	c(-69033.1020903044, -82845.7344404873, 4760810.96064867, 4773655.5086954)
3651	2020-09-18	0	c(-80864.3681660022, -65171.904604091, 4796858.70181479, 4807216.18562595)
3652	2020-09-18	0	c(-63230.0628018993, -76878.588753423, 4830418.19526776, 4843263.68384102)
3686	2020-09-18	0	c(-65171.904604091, -63230.0628018993, 4807216.18562595, 4830418.19526776)
3652	2020-09-18	0	c(-74874.2292016803, -59324.0233919469, 4866465.47262191, 4876821.00862757)
3653	2020-09-18	0	c(-57359.8781979957, -70842.70510985, 4900021.81231792, 4912867.64559184)
3687	2020-09-18	0	c(-59324.0233919469, -57359.8781979957, 4876821.00862757, 4900021.81231792)
3591	2020-09-18	17886.007565445787	c(-31066.9533513541, -33225.3319256683, 5353595.06450237, 5330403.0749507)
3624	2020-09-18	0	c(-33225.3319256683, -20768.9503466276, 5330403.0749507, 5317567.66203999)
3625	2020-09-18	17820.516410753055	c(-16562.5097490052, -31066.9533513541, 5363953.6516046, 5353595.06450237)
3651	2020-09-18	0	c(-53295.8955669126, -69033.1020903044, 4771201.57694951, 4760810.96064867)
3721	2020-09-18	0	c(-39433.4724622502, -53295.8955669126, 4758422.11362641, 4771201.57694951)
3624	2020-09-18	0	c(-20768.9503466276, -22861.8471814801, 5317567.66203999, 5294374.07045375)
3658	2020-09-18	0	c(-22861.8471814801, -10290.0140850753, 5294374.07045375, 5281568.6557112)
3625	2020-09-18	17820.516410753055	c(-14449.0222612987, -16562.5097490052, 5387146.05044447, 5363953.6516046)
3660	2020-09-18	17755.06131775063	c(-49.6290110745467, -14449.0222612987, 5397538.51007956, 5387146.05044447)
3730	2020-09-18	0	c(12287.3040164537, -49.6290110745467, 5384769.70880961, 5397538.51007956)
3658	2020-09-18	0	c(-10290.0140850753, -12317.9275160215, 5281568.6557112, 5258373.68277837)
3692	2020-09-18	0	c(-12317.9275160215, 368.588778664416, 5258373.68277837, 5245598.5743644)
3721	2020-09-18	0	c(-23747.5716645952, -39433.4724622502, 4768876.54003562, 4758422.11362641)
3793	2020-09-18	0	c(-9835.40642387519, -23747.5716645952, 4756162.02964299, 4768876.54003562)
3692	2020-09-18	0	c(368.588778664416, -1594.8456329318, 5245598.5743644, 5222402.43327789)
3727	2020-09-18	0	c(-1594.8456329318, 11205.5821381666, 5222402.43327789, 5209657.9236057)
3799	2020-09-18	0	c(11205.5821381666, 25910.6976025908, 5209657.9236057, 5220142.4628583)
3730	2020-09-18	0	c(26632.4726360509, 12287.3040164537, 5395227.1394507, 5384769.70880961)
3730	2020-09-18	0	c(28589.343844883, 26632.4726360509, 5418422.34344566, 5395227.1394507)
3766	2020-09-18	0	c(42828.7167168923, 28589.343844883, 5428913.67013341, 5418422.34344566)
3793	2020-09-18	0	c(5799.30346514983, -9835.40642387519, 4766680.1909255, 4756162.02964299)
3866	2020-09-18	0	c(19761.1679518509, 5799.30346514983, 4754030.50642639, 4766680.1909255)
3799	2020-09-18	0	c(25910.6976025908, 38765.9020596278, 5220142.4628583, 5207461.57229038)
3766	2020-09-18	0	c(44739.1521867252, 42828.7167168923, 5452109.71334358, 5428913.67013341)
3799	2020-09-18	0	c(38765.9020596278, 36974.3113127448, 5207461.57229038, 5184263.41694275)
3835	2020-09-18	18113.15795782057	c(36974.3113127448, 49942.227010106, 5184263.41694275, 5171613.52197448)
3908	2020-09-18	0	c(49942.227010106, 64643.650189522, 5171613.52197448, 5182194.38430724)
3866	2020-09-18	0	c(35344.7984592536, 19761.1679518509, 4764612.3340118, 4754030.50642639)
3830	2020-09-18	18777.634503617497	c(24651.297203287, 23014.9123183633, 4823628.59032394, 4800429.27003253)
3866	2020-09-18	0	c(23014.9123183633, 36921.1848448575, 4800429.27003253, 4787811.22176942)
3867	2020-09-18	18715.160293571542	c(40092.3932645252, 24651.297203287, 4834209.03675699, 4823628.59032394)
3866	2020-09-18	0	c(36921.1848448575, 35344.7984592536, 4787811.22176942, 4764612.3340118)
3867	2020-09-18	18715.160293571542	c(41687.1731920459, 40092.3932645252, 4857407.96414215, 4834209.03675699)
3904	2020-09-18	18652.646183222736	c(57030.5402266589, 41687.1731920459, 4868019.88065343, 4857407.96414215)
3978	2020-09-18	0	c(70825.5490137576, 57030.5402266589, 4855465.24237906, 4868019.88065343)
3908	2020-09-18	0	c(64643.650189522, 77665.8133307858, 5182194.38430724, 5169608.1846679)
3982	2020-09-18	0	c(77665.8133307858, 92314.052862949, 5169608.1846679, 5180253.5709135)
3907	2020-09-18	18291.17965009698	c(72817.9184479083, 71213.280991199, 5100009.88705977, 5076810.58776655)
3944	2020-09-18	0	c(71213.280991199, 84514.6733440783, 5076810.58776655, 5064255.1023332)
3945	2020-09-18	18227.666529796163	c(87617.9948572979, 72817.9184479083, 5110654.1376432, 5100009.88705977)
4019	2020-09-18	0	c(100862.429112005, 87617.9948572979, 5098130.84780409, 5110654.1376432)
3978	2020-09-18	0	c(86117.4260152609, 70825.5490137576, 4866141.06239051, 4855465.24237906)
3943	2020-09-18	0	c(79901.1779212235, 78374.4908295702, 4994657.42890243, 4971458.43875731)
3979	2020-09-18	0	c(78374.4908295702, 91950.4529996167, 4971458.43875731, 4958934.98268059)
3980	2020-09-18	0	c(94899.6096858929, 79901.1779212235, 5005332.93924662, 4994657.42890243)
3944	2020-09-18	0	c(84514.6733440783, 82971.289511978, 5064255.1023332, 5041055.76063302)
3980	2020-09-18	0	c(82971.289511978, 96382.2807385826, 5041055.76063302, 5028532.16688413)
3982	2020-09-18	0	c(92314.052862949, 105390.364573665, 5180253.5709135, 5167731.02634767)
3978	2020-09-18	0	c(87567.4736013877, 86117.4260152609, 4889339.29356887, 4866141.06239051)
4016	2020-09-18	0	c(102760.851433876, 87567.4736013877, 4900046.84318075, 4889339.29356887)
3979	2020-09-18	0	c(91950.4529996167, 90484.0063832839, 4958934.98268059, 4935736.25362287)
4016	2020-09-18	0	c(90484.0063832839, 104167.611060483, 4935736.25362287, 4923245.16768071)
3980	2020-09-18	0	c(96382.2807385826, 94899.6096858929, 5028532.16688413, 5005332.93924662)
4019	2020-09-18	0	c(115609.719503381, 100862.429112005, 5108839.45188712, 5098130.84780409)
3982	2020-09-18	0	c(105390.364573665, 103875.776250075, 5167731.02634767, 5144530.80040412)
4019	2020-09-18	0	c(103875.776250075, 117063.203438781, 5144530.80040412, 5132039.69912731)
4016	2020-09-18	0	c(104167.611060483, 102760.851433876, 4923245.16768071, 4900046.84318075)
4019	2020-09-18	0	c(117063.203438781, 115609.719503381, 5132039.69912731, 5108839.45188712)
5707	2020-09-18	0	c(831334.993115906, 830096.546916202, 5070850.43132069, 5094051.0579179)
5707	2020-09-18	0	c(846054.661797812, 831334.993115906, 5060016.35389763, 5070850.43132069)
5707	2020-09-18	0	c(830096.546916202, 843472.148279218, 5094051.0579179, 5106417.27507345)
5707	2020-09-18	0	c(859486.430059474, 846054.661797812, 5072414.47302264, 5060016.35389763)
5707	2020-09-18	0	c(843472.148279218, 858142.333715717, 5106417.27507345, 5095614.75923535)
5707	2020-09-18	0	c(858142.333715717, 859486.430059474, 5095614.75923535, 5072414.47302264)
1373	2020-09-19	0	c(-1040016.43209495, -1033351.74537515, 5627878.10172332, 5650821.59817695)
1373	2020-09-19	0	c(-1030192.38961903, -1040016.43209495, 5612612.72283877, 5627878.10172332)
1400	2020-09-19	0	c(-1036768.96328473, -1030192.38961903, 5589648.06146561, 5612612.72283877)
1400	2020-09-19	0	c(-1026806.61629611, -1036768.96328473, 5574399.19549213, 5589648.06146561)
1427	2020-09-19	0	c(-1033295.28241554, -1026806.61629611, 5551413.98650938, 5574399.19549213)
1427	2020-09-19	0	c(-1023195.33320812, -1033295.28241554, 5536182.5587857, 5551413.98650938)
1427	2020-09-19	0	c(-1006678.02594854, -1023195.33320812, 5543983.71602907, 5536182.5587857)
1482	2020-09-19	0	c(-996512.316647073, -1006678.02594854, 5528817.50218745, 5543983.71602907)
1482	2020-09-19	0	c(-980049.893140128, -996512.316647073, 5536693.06013482, 5528817.50218745)
1538	2020-09-19	0	c(-969818.793651695, -980049.893140128, 5521591.98083405, 5536693.06013482)
1538	2020-09-19	0	c(-953411.228920908, -969818.793651695, 5529541.56564999, 5521591.98083405)
1538	2020-09-19	0	c(-947284.178929835, -953411.228920908, 5552555.08392086, 5529541.56564999)
1567	2020-09-19	0	c(-930980.889752612, -947284.178929835, 5560541.49961199, 5552555.08392086)
1623	2020-09-19	0	c(-920755.0906883, -930980.889752612, 5545551.15103734, 5560541.49961199)
1623	2020-09-19	0	c(-904506.524330098, -920755.0906883, 5553611.10347047, 5545551.15103734)
1595	2020-09-19	18068.880065628087	c(-902630.649845387, -908689.140162116, 5614566.11577944, 5591569.79999473)
1623	2020-09-19	0	c(-908689.140162116, -898533.468024113, 5591569.79999473, 5576625.00992422)
1623	2020-09-19	0	c(-898533.468024113, -904506.524330098, 5576625.00992422, 5553611.10347047)
2587	2020-09-19	0	c(-479725.103241376, -475626.216796725, 5461177.70227894, 5484304.3884993)
2587	2020-09-19	0	c(-468437.240094192, -479725.103241376, 5447274.16361436, 5461177.70227894)
2615	2020-09-19	0	c(-472460.18999365, -468437.240094192, 5424139.52218133, 5447274.16361436)
2587	2020-09-19	0	c(-475626.216796725, -460354.19805718, 5484304.3884993, 5493532.73520538)
2616	2020-09-19	0	c(-460354.19805718, -456294.219582374, 5493532.73520538, 5516656.67504973)
2615	2020-09-19	0	c(-461047.435154414, -472460.18999365, 5410261.49550591, 5424139.52218133)
2644	2020-09-19	0	c(-464994.850695856, -461047.435154414, 5387119.30154164, 5410261.49550591)
2644	2020-09-19	0	c(-453457.979281479, -464994.850695856, 5373267.35667762, 5387119.30154164)
2644	2020-09-19	0	c(-438038.418094812, -453457.979281479, 5382595.24354707, 5373267.35667762)
2703	2020-09-19	0	c(-426442.620861386, -438038.418094812, 5368807.249333, 5382595.24354707)
2732	2020-09-19	0	c(-430202.054644014, -426442.620861386, 5345654.09361399, 5368807.249333)
2732	2020-09-19	0	c(-418483.46670975, -430202.054644014, 5331892.99452627, 5345654.09361399)
2732	2020-09-19	0	c(-403069.606649768, -418483.46670975, 5341322.07945486, 5331892.99452627)
2793	2020-09-19	0	c(-391292.850681981, -403069.606649768, 5327625.11679988, 5341322.07945486)
2793	2020-09-19	0	c(-375933.103946723, -391292.850681981, 5337121.66970313, 5327625.11679988)
2856	2020-09-19	18058.414570928948	c(-364098.38865072, -375933.103946723, 5323488.77193327, 5337121.66970313)
2887	2020-09-19	0	c(-367559.988039318, -364098.38865072, 5300322.94626896, 5323488.77193327)
2887	2020-09-19	0	c(-355604.337839355, -367559.988039318, 5286717.93361882, 5300322.94626896)
2887	2020-09-19	0	c(-340250.337155756, -355604.337839355, 5296314.89118933, 5286717.93361882)
2951	2020-09-19	18106.543888936845	c(-328237.452925095, -340250.337155756, 5282774.09763164, 5296314.89118933)
2982	2020-09-19	0	c(-331515.734680046, -328237.452925095, 5259600.51966089, 5282774.09763164)
2982	2020-09-19	0	c(-319383.233120414, -331515.734680046, 5246088.29608576, 5259600.51966089)
3014	2020-09-19	0	c(-322590.164643408, -319383.233120414, 5222910.25890057, 5246088.29608576)
3014	2020-09-19	0	c(-310338.84661777, -322590.164643408, 5209427.05044778, 5222910.25890057)
3046	2020-09-19	0	c(-313474.894366702, -310338.84661777, 5186244.88041448, 5209427.05044778)
3046	2020-09-19	0	c(-301105.566362903, -313474.894366702, 5172791.11588324, 5186244.88041448)
3046	2020-09-19	0	c(-285662.251673282, -301105.566362903, 5182554.63621709, 5172791.11588324)
3111	2020-09-19	0	c(-273237.419442429, -285662.251673282, 5169165.57943706, 5182554.63621709)
3143	2020-09-19	0	c(-276194.274624667, -273237.419442429, 5145978.17159733, 5169165.57943706)
3143	2020-09-19	0	c(-263652.754261031, -276194.274624667, 5132619.12932993, 5145978.17159733)
3143	2020-09-19	0	c(-248215.789293455, -263652.754261031, 5142482.11800705, 5132619.12932993)
3206	2020-09-19	0	c(-235619.429639283, -248215.789293455, 5129187.84560266, 5142482.11800705)
3206	2020-09-19	0	c(-220235.838727271, -235619.429639283, 5139116.70837545, 5129187.84560266)
3268	2020-09-19	0	c(-207584.788775175, -220235.838727271, 5125887.11297857, 5139116.70837545)
3268	2020-09-19	0	c(-192254.509536591, -207584.788775175, 5135881.68934468, 5125887.11297857)
3330	2020-09-19	0	c(-179548.912412111, -192254.509536591, 5122716.68138935, 5135881.68934468)
3330	2020-09-19	0	c(-164271.884641897, -179548.912412111, 5132776.81719307, 5122716.68138935)
3392	2020-09-19	0	c(-151511.877679037, -164271.884641897, 5119676.31046864, 5132776.81719307)
3392	2020-09-19	0	c(-136288.043427458, -151511.877679037, 5129801.85783914, 5119676.31046864)
3456	2020-09-19	0	c(-123473.758243772, -136288.043427458, 5116765.76955523, 5129801.85783914)
3456	2020-09-19	0	c(-108303.061893906, -123473.758243772, 5126956.58684503, 5116765.76955523)
3521	2020-09-19	0	c(-95434.6244651342, -108303.061893906, 5113984.83769589, 5126956.58684503)
3554	2020-09-19	0	c(-97677.6385656405, -95434.6244651342, 5090788.97240568, 5113984.83769589)
3554	2020-09-19	0	c(-84696.2141862665, -97677.6385656405, 5077848.36019045, 5090788.97240568)
3587	2020-09-19	0	c(-86874.2374373579, -84696.2141862665, 5054651.23860244, 5077848.36019045)
3619	2020-09-19	0	c(-82189.0327069386, -80098.414373764, 4948946.20034132, 4972145.96500691)
3587	2020-09-19	0	c(-73780.6289334564, -86874.2374373579, 5041742.04392555, 5054651.23860244)
3620	2020-09-19	0	c(-75894.1842168121, -73780.6289334564, 5018543.88666454, 5041742.04392555)
3652	2020-09-19	0	c(-76878.588753423, -74874.2292016803, 4843263.68384102, 4866465.47262191)
3619	2020-09-19	0	c(-68815.5947438093, -82189.0327069386, 4936068.02980482, 4948946.20034132)
3653	2020-09-19	0	c(-70842.70510985, -68815.5947438093, 4912867.64559184, 4936068.02980482)
3619	2020-09-19	0	c(-80098.414373764, -64738.8135344249, 4972145.96500691, 4982467.39393367)
3620	2020-09-19	0	c(-62689.1974457329, -75894.1842168121, 5005666.37402296, 5018543.88666454)
3654	2020-09-19	18444.565797501946	c(-64738.8135344249, -62689.1974457329, 4982467.39393367, 5005666.37402296)
3652	2020-09-19	0	c(-63230.0628018993, -76878.588753423, 4830418.19526776, 4843263.68384102)
3686	2020-09-19	18742.70090822452	c(-65171.904604091, -63230.0628018993, 4807216.18562595, 4830418.19526776)
3652	2020-09-19	0	c(-74874.2292016803, -59324.0233919469, 4866465.47262191, 4876821.00862757)
3653	2020-09-19	0	c(-57359.8781979957, -70842.70510985, 4900021.81231792, 4912867.64559184)
3687	2020-09-19	0	c(-59324.0233919469, -57359.8781979957, 4876821.00862757, 4900021.81231792)
3686	2020-09-19	18802.41696006945	c(-51416.0151240254, -65171.904604091, 4794403.62045765, 4807216.18562595)
3721	2020-09-19	0	c(-53295.8955669126, -51416.0151240254, 4771201.57694951, 4794403.62045765)
3721	2020-09-19	0	c(-39433.4724622502, -53295.8955669126, 4758422.11362641, 4771201.57694951)
3624	2020-09-19	17882.926290713338	c(-20768.9503466276, -22861.8471814801, 5317567.66203999, 5294374.07045375)
3658	2020-09-19	17942.135744672505	c(-22861.8471814801, -10290.0140850753, 5294374.07045375, 5281568.6557112)
3659	2020-09-19	0	c(-6213.94179342344, -20768.9503466276, 5327957.59845631, 5317567.66203999)
3728	2020-09-19	0	c(-10290.0140850753, 4315.2930709623, 5281568.6557112, 5291990.03939851)
3659	2020-09-19	0	c(-4165.83741025697, -6213.94179342344, 5351151.56895873, 5327957.59845631)
3694	2020-09-19	0	c(10284.5423316981, -4165.83741025697, 5361575.1982805, 5351151.56895873)
3721	2020-09-19	0	c(-23747.5716645952, -39433.4724622502, 4768876.54003562, 4758422.11362641)
3793	2020-09-19	0	c(-9835.40642387519, -23747.5716645952, 4756162.02964299, 4768876.54003562)
3692	2020-09-19	18001.18323309974	c(368.588778664416, -1594.8456329318, 5245598.5743644, 5222402.43327789)
3727	2020-09-19	18060.066006565095	c(-1594.8456329318, 11205.5821381666, 5222402.43327789, 5209657.9236057)
3728	2020-09-19	0	c(15023.9306977743, 368.588778664416, 5256051.49505794, 5245598.5743644)
3799	2020-09-19	0	c(11205.5821381666, 25910.6976025908, 5209657.9236057, 5220142.4628583)
3728	2020-09-19	0	c(4315.2930709623, 16942.7626237352, 5291990.03939851, 5279247.96332569)
3694	2020-09-19	0	c(12287.3040164537, 10284.5423316981, 5384769.70880961, 5361575.1982805)
3730	2020-09-19	0	c(26632.4726360509, 12287.3040164537, 5395227.1394507, 5384769.70880961)
3728	2020-09-19	0	c(16942.7626237352, 15023.9306977743, 5279247.96332569, 5256051.49505794)
3730	2020-09-19	0	c(28589.343844883, 26632.4726360509, 5418422.34344566, 5395227.1394507)
3766	2020-09-19	0	c(42828.7167168923, 28589.343844883, 5428913.67013341, 5418422.34344566)
3793	2020-09-19	0	c(5799.30346514983, -9835.40642387519, 4766680.1909255, 4756162.02964299)
3866	2020-09-19	0	c(19761.1679518509, 5799.30346514983, 4754030.50642639, 4766680.1909255)
3799	2020-09-19	0	c(25910.6976025908, 38765.9020596278, 5220142.4628583, 5207461.57229038)
3872	2020-09-19	0	c(38765.9020596278, 53417.6263020413, 5207461.57229038, 5218010.83049293)
3766	2020-09-19	0	c(44739.1521867252, 42828.7167168923, 5452109.71334358, 5428913.67013341)
3866	2020-09-19	0	c(35344.7984592536, 19761.1679518509, 4764612.3340118, 4754030.50642639)
3872	2020-09-19	0	c(53417.6263020413, 66327.4960598212, 5218010.83049293, 5205393.51979762)
3866	2020-09-19	0	c(36921.1848448575, 35344.7984592536, 4787811.22176942, 4764612.3340118)
3903	2020-09-19	0	c(52408.1855281661, 36921.1848448575, 4798424.16721416, 4787811.22176942)
3872	2020-09-19	0	c(66327.4960598212, 64643.650189522, 5205393.51979762, 5182194.38430724)
3908	2020-09-19	0	c(64643.650189522, 77665.8133307858, 5182194.38430724, 5169608.1846679)
3982	2020-09-19	0	c(77665.8133307858, 92314.052862949, 5169608.1846679, 5180253.5709135)
3903	2020-09-19	0	c(53943.0489341657, 52408.1855281661, 4821622.67261419, 4798424.16721416)
3941	2020-09-19	0	c(69332.7993482351, 53943.0489341657, 4832266.95337572, 4821622.67261419)
3941	2020-09-19	0	c(70825.5490137576, 69332.7993482351, 4855465.24237906, 4832266.95337572)
3978	2020-09-19	0	c(86117.4260152609, 70825.5490137576, 4866141.06239051, 4855465.24237906)
3943	2020-09-19	18409.765791785714	c(79901.1779212235, 78374.4908295702, 4994657.42890243, 4971458.43875731)
3979	2020-09-19	18467.42923735379	c(78374.4908295702, 91950.4529996167, 4971458.43875731, 4958934.98268059)
3980	2020-09-19	0	c(94899.6096858929, 79901.1779212235, 5005332.93924662, 4994657.42890243)
4053	2020-09-19	0	c(91950.4529996167, 106996.912283531, 4958934.98268059, 4969642.4569698)
3944	2020-09-19	0	c(84514.6733440783, 82971.289511978, 5064255.1023332, 5041055.76063302)
3980	2020-09-19	0	c(82971.289511978, 96382.2807385826, 5041055.76063302, 5028532.16688413)
3981	2020-09-19	0	c(99363.7101769374, 84514.6733440783, 5074931.12112483, 5064255.1023332)
3982	2020-09-19	0	c(92314.052862949, 105390.364573665, 5180253.5709135, 5167731.02634767)
3978	2020-09-19	0	c(87567.4736013877, 86117.4260152609, 4889339.29356887, 4866141.06239051)
4016	2020-09-19	0	c(102760.851433876, 87567.4736013877, 4900046.84318075, 4889339.29356887)
3980	2020-09-19	0	c(96382.2807385826, 94899.6096858929, 5028532.16688413, 5005332.93924662)
3981	2020-09-19	0	c(100862.429112005, 99363.7101769374, 5098130.84780409, 5074931.12112483)
4019	2020-09-19	0	c(115609.719503381, 100862.429112005, 5108839.45188712, 5098130.84780409)
3982	2020-09-19	0	c(105390.364573665, 103875.776250075, 5167731.02634767, 5144530.80040412)
4019	2020-09-19	0	c(103875.776250075, 117063.203438781, 5144530.80040412, 5132039.69912731)
4016	2020-09-19	0	c(104167.611060483, 102760.851433876, 4923245.16768071, 4900046.84318075)
4053	2020-09-19	0	c(119261.861443961, 104167.611060483, 4933984.62360368, 4923245.16768071)
4053	2020-09-19	0	c(106996.912283531, 120624.749729197, 4969642.4569698, 4957183.18511253)
4019	2020-09-19	0	c(117063.203438781, 115609.719503381, 5132039.69912731, 5108839.45188712)
4053	2020-09-19	0	c(120624.749729197, 119261.861443961, 4957183.18511253, 4933984.62360368)
5678	2020-09-19	0	c(815479.076128725, 814287.104028042, 5104917.71984738, 5128119.1374647)
5678	2020-09-19	0	c(830096.546916202, 815479.076128725, 5094051.0579179, 5104917.71984738)
5707	2020-09-19	0	c(831334.993115906, 830096.546916202, 5070850.43132069, 5094051.0579179)
5678	2020-09-19	0	c(814287.104028042, 827606.472969342, 5128119.1374647, 5140453.46054754)
5707	2020-09-19	0	c(846054.661797812, 831334.993115906, 5060016.35389763, 5070850.43132069)
5678	2020-09-19	0	c(827606.472969342, 842174.01885915, 5140453.46054754, 5129618.24935651)
5707	2020-09-19	0	c(859486.430059474, 846054.661797812, 5072414.47302264, 5060016.35389763)
5765	2020-09-19	0	c(874258.62397385, 859486.430059474, 5061644.54286264, 5072414.47302264)
5678	2020-09-19	0	c(842174.01885915, 843472.148279218, 5129618.24935651, 5106417.27507345)
5707	2020-09-19	18216.202638321756	c(843472.148279218, 858142.333715717, 5106417.27507345, 5095614.75923535)
5765	2020-09-19	0	c(858142.333715717, 871464.709426663, 5095614.75923535, 5108044.74943018)
5765	2020-09-19	0	c(887637.485845674, 874258.62397385, 5074106.54822189, 5061644.54286264)
5765	2020-09-19	0	c(871464.709426663, 886187.636241288, 5108044.74943018, 5097306.45983823)
5765	2020-09-19	0	c(886187.636241288, 887637.485845674, 5097306.45983823, 5074106.54822189)
1373	2020-09-20	0	c(-1040016.43209495, -1033351.74537515, 5627878.10172332, 5650821.59817695)
1373	2020-09-20	0	c(-1030192.38961903, -1040016.43209495, 5612612.72283877, 5627878.10172332)
1400	2020-09-20	0	c(-1036768.96328473, -1030192.38961903, 5589648.06146561, 5612612.72283877)
1400	2020-09-20	0	c(-1026806.61629611, -1036768.96328473, 5574399.19549213, 5589648.06146561)
1427	2020-09-20	0	c(-1033295.28241554, -1026806.61629611, 5551413.98650938, 5574399.19549213)
1427	2020-09-20	0	c(-1023195.33320812, -1033295.28241554, 5536182.5587857, 5551413.98650938)
1427	2020-09-20	0	c(-1006678.02594854, -1023195.33320812, 5543983.71602907, 5536182.5587857)
1482	2020-09-20	0	c(-996512.316647073, -1006678.02594854, 5528817.50218745, 5543983.71602907)
1482	2020-09-20	0	c(-980049.893140128, -996512.316647073, 5536693.06013482, 5528817.50218745)
1538	2020-09-20	0	c(-969818.793651695, -980049.893140128, 5521591.98083405, 5536693.06013482)
1538	2020-09-20	0	c(-953411.228920908, -969818.793651695, 5529541.56564999, 5521591.98083405)
1538	2020-09-20	0	c(-947284.178929835, -953411.228920908, 5552555.08392086, 5529541.56564999)
1567	2020-09-20	18146.00553546928	c(-930980.889752612, -947284.178929835, 5560541.49961199, 5552555.08392086)
1623	2020-09-20	0	c(-920755.0906883, -930980.889752612, 5545551.15103734, 5560541.49961199)
1623	2020-09-20	0	c(-904506.524330098, -920755.0906883, 5553611.10347047, 5545551.15103734)
1623	2020-09-20	0	c(-898533.468024113, -904506.524330098, 5576625.00992422, 5553611.10347047)
1651	2020-09-20	0	c(-882389.350505155, -898533.468024113, 5584722.05168488, 5576625.00992422)
1651	2020-09-20	0	c(-876450.997115712, -882389.350505155, 5607727.9934474, 5584722.05168488)
2587	2020-09-20	0	c(-479725.103241376, -475626.216796725, 5461177.70227894, 5484304.3884993)
2587	2020-09-20	0	c(-468437.240094192, -479725.103241376, 5447274.16361436, 5461177.70227894)
2615	2020-09-20	0	c(-472460.18999365, -468437.240094192, 5424139.52218133, 5447274.16361436)
2587	2020-09-20	0	c(-475626.216796725, -460354.19805718, 5484304.3884993, 5493532.73520538)
2616	2020-09-20	17843.680654750828	c(-460354.19805718, -456294.219582374, 5493532.73520538, 5516656.67504973)
2615	2020-09-20	0	c(-461047.435154414, -472460.18999365, 5410261.49550591, 5424139.52218133)
2644	2020-09-20	0	c(-464994.850695856, -461047.435154414, 5387119.30154164, 5410261.49550591)
2644	2020-09-20	0	c(-453457.979281479, -464994.850695856, 5373267.35667762, 5387119.30154164)
2644	2020-09-20	0	c(-438038.418094812, -453457.979281479, 5382595.24354707, 5373267.35667762)
2703	2020-09-20	18021.441136565376	c(-426442.620861386, -438038.418094812, 5368807.249333, 5382595.24354707)
2732	2020-09-20	0	c(-430202.054644014, -426442.620861386, 5345654.09361399, 5368807.249333)
2732	2020-09-20	0	c(-418483.46670975, -430202.054644014, 5331892.99452627, 5345654.09361399)
2732	2020-09-20	0	c(-403069.606649768, -418483.46670975, 5341322.07945486, 5331892.99452627)
2793	2020-09-20	0	c(-391292.850681981, -403069.606649768, 5327625.11679988, 5341322.07945486)
2824	2020-09-20	0	c(-394866.197561727, -391292.850681981, 5304462.38647174, 5327625.11679988)
2824	2020-09-20	0	c(-382967.977290101, -394866.197561727, 5290793.07864477, 5304462.38647174)
2824	2020-09-20	0	c(-367559.988039318, -382967.977290101, 5300322.94626896, 5290793.07864477)
2887	2020-09-20	0	c(-355604.337839355, -367559.988039318, 5286717.93361882, 5300322.94626896)
2918	2020-09-20	0	c(-358993.51174489, -355604.337839355, 5263546.93604972, 5286717.93361882)
2918	2020-09-20	0	c(-346917.722518038, -358993.51174489, 5249970.28473708, 5263546.93604972)
2918	2020-09-20	0	c(-331515.734680046, -346917.722518038, 5259600.51966089, 5249970.28473708)
2982	2020-09-20	18164.874182041407	c(-319383.233120414, -331515.734680046, 5246088.29608576, 5259600.51966089)
3014	2020-09-20	0	c(-322590.164643408, -319383.233120414, 5222910.25890057, 5246088.29608576)
3014	2020-09-20	0	c(-310338.84661777, -322590.164643408, 5209427.05044778, 5222910.25890057)
3046	2020-09-20	0	c(-313474.894366702, -310338.84661777, 5186244.88041448, 5209427.05044778)
3046	2020-09-20	0	c(-301105.566362903, -313474.894366702, 5172791.11588324, 5186244.88041448)
3046	2020-09-20	0	c(-285662.251673282, -301105.566362903, 5182554.63621709, 5172791.11588324)
3111	2020-09-20	0	c(-273237.419442429, -285662.251673282, 5169165.57943706, 5182554.63621709)
3143	2020-09-20	0	c(-276194.274624667, -273237.419442429, 5145978.17159733, 5169165.57943706)
3143	2020-09-20	0	c(-263652.754261031, -276194.274624667, 5132619.12932993, 5145978.17159733)
3143	2020-09-20	0	c(-248215.789293455, -263652.754261031, 5142482.11800705, 5132619.12932993)
3206	2020-09-20	0	c(-235619.429639283, -248215.789293455, 5129187.84560266, 5142482.11800705)
3206	2020-09-20	0	c(-220235.838727271, -235619.429639283, 5139116.70837545, 5129187.84560266)
3268	2020-09-20	0	c(-207584.788775175, -220235.838727271, 5125887.11297857, 5139116.70837545)
3268	2020-09-20	0	c(-192254.509536591, -207584.788775175, 5135881.68934468, 5125887.11297857)
3330	2020-09-20	0	c(-179548.912412111, -192254.509536591, 5122716.68138935, 5135881.68934468)
3330	2020-09-20	0	c(-164271.884641897, -179548.912412111, 5132776.81719307, 5122716.68138935)
3392	2020-09-20	0	c(-151511.877679037, -164271.884641897, 5119676.31046864, 5132776.81719307)
3392	2020-09-20	0	c(-136288.043427458, -151511.877679037, 5129801.85783914, 5119676.31046864)
3456	2020-09-20	0	c(-123473.758243772, -136288.043427458, 5116765.76955523, 5129801.85783914)
3510	2020-09-20	0	c(-179799.022100281, -177771.282456102, 4361121.83783081, 4384340.89187351)
3510	2020-09-20	0	c(-165125.513001857, -179799.022100281, 4348164.33874596, 4361121.83783081)
3510	2020-09-20	0	c(-177771.282456102, -161164.83012867, 4384340.89187351, 4394598.58255177)
3456	2020-09-20	0	c(-108303.061893906, -123473.758243772, 5126956.58684503, 5116765.76955523)
3521	2020-09-20	0	c(-95434.6244651342, -108303.061893906, 5113984.83769589, 5126956.58684503)
3554	2020-09-20	0	c(-97677.6385656405, -95434.6244651342, 5090788.97240568, 5113984.83769589)
3586	2020-09-20	0	c(-93361.645909592, -91206.9824705342, 4985056.24313315, 5008255.18026804)
3554	2020-09-20	0	c(-84696.2141862665, -97677.6385656405, 5077848.36019045, 5090788.97240568)
3587	2020-09-20	0	c(-86874.2374373579, -84696.2141862665, 5054651.23860244, 5077848.36019045)
3510	2020-09-20	0	c(-148479.564192826, -165125.513001857, 4358456.34296587, 4348164.33874596)
3510	2020-09-20	0	c(-161164.83012867, -146546.562444213, 4394598.58255177, 4381671.5745309)
3617	2020-09-20	18746.59259192515	c(-94570.0226988256, -92526.0349327249, 4809736.35464616, 4832939.335829)
3586	2020-09-20	0	c(-80098.414373764, -93361.645909592, 4972145.96500691, 4985056.24313315)
3619	2020-09-20	0	c(-82189.0327069386, -80098.414373764, 4948946.20034132, 4972145.96500691)
3586	2020-09-20	0	c(-91206.9824705342, -75894.1842168121, 5008255.18026804, 5018543.88666454)
3587	2020-09-20	0	c(-73780.6289334564, -86874.2374373579, 5041742.04392555, 5054651.23860244)
3620	2020-09-20	0	c(-75894.1842168121, -73780.6289334564, 5018543.88666454, 5041742.04392555)
3510	2020-09-20	0	c(-146546.562444213, -148479.564192826, 4381671.5745309, 4358456.34296587)
3617	2020-09-20	18802.41696006945	c(-80864.3681660022, -94570.0226988256, 4796858.70181479, 4809736.35464616)
3651	2020-09-20	18802.41696006945	c(-82845.7344404873, -80864.3681660022, 4773655.5086954, 4796858.70181479)
3617	2020-09-20	0	c(-92526.0349327249, -76878.588753423, 4832939.335829, 4843263.68384102)
3652	2020-09-20	0	c(-76878.588753423, -74874.2292016803, 4843263.68384102, 4866465.47262191)
3619	2020-09-20	0	c(-68815.5947438093, -82189.0327069386, 4936068.02980482, 4948946.20034132)
3653	2020-09-20	0	c(-70842.70510985, -68815.5947438093, 4912867.64559184, 4936068.02980482)
3651	2020-09-20	18858.010930930323	c(-69033.1020903044, -82845.7344404873, 4760810.96064867, 4773655.5086954)
3652	2020-09-20	0	c(-74874.2292016803, -59324.0233919469, 4866465.47262191, 4876821.00862757)
3653	2020-09-20	0	c(-57359.8781979957, -70842.70510985, 4900021.81231792, 4912867.64559184)
3687	2020-09-20	0	c(-59324.0233919469, -57359.8781979957, 4876821.00862757, 4900021.81231792)
3651	2020-09-20	0	c(-53295.8955669126, -69033.1020903044, 4771201.57694951, 4760810.96064867)
3721	2020-09-20	0	c(-39433.4724622502, -53295.8955669126, 4758422.11362641, 4771201.57694951)
3659	2020-09-20	42338.2033576924	c(-4165.83741025697, -6213.94179342344, 5351151.56895873, 5327957.59845631)
3693	2020-09-20	27163.187849471342	c(-6213.94179342344, 6298.51025676791, 5327957.59845631, 5315185.36388897)
3694	2020-09-20	42094.03051233301	c(10284.5423316981, -4165.83741025697, 5361575.1982805, 5351151.56895873)
3765	2020-09-20	26994.370631747774	c(22737.58166143, 10284.5423316981, 5348836.10104045, 5361575.1982805)
3721	2020-09-20	0	c(-23747.5716645952, -39433.4724622502, 4768876.54003562, 4758422.11362641)
3793	2020-09-20	0	c(-9835.40642387519, -23747.5716645952, 4756162.02964299, 4768876.54003562)
3693	2020-09-20	17939.160792845392	c(6298.51025676791, 4315.2930709623, 5315185.36388897, 5291990.03939851)
3728	2020-09-20	0	c(4315.2930709623, 16942.7626237352, 5291990.03939851, 5279247.96332569)
3728	2020-09-20	0	c(16942.7626237352, 15023.9306977743, 5279247.96332569, 5256051.49505794)
3763	2020-09-20	0	c(15023.9306977743, 27765.6521178638, 5256051.49505794, 5243339.87221764)
3765	2020-09-20	17809.157345201984	c(37133.8948480993, 22737.58166143, 5359324.63397508, 5348836.10104045)
3730	2020-09-20	17686.935162915608	c(28589.343844883, 26632.4726360509, 5418422.34344566, 5395227.1394507)
3765	2020-09-20	17746.796589522968	c(26632.4726360509, 39026.0627287548, 5395227.1394507, 5382521.13067865)
3766	2020-09-20	0	c(42828.7167168923, 28589.343844883, 5428913.67013341, 5418422.34344566)
3793	2020-09-20	0	c(5799.30346514983, -9835.40642387519, 4766680.1909255, 4756162.02964299)
3866	2020-09-20	0	c(19761.1679518509, 5799.30346514983, 4754030.50642639, 4766680.1909255)
3763	2020-09-20	0	c(27765.6521178638, 25910.6976025908, 5243339.87221764, 5220142.4628583)
3799	2020-09-20	0	c(25910.6976025908, 38765.9020596278, 5220142.4628583, 5207461.57229038)
3872	2020-09-20	0	c(38765.9020596278, 53417.6263020413, 5207461.57229038, 5218010.83049293)
3765	2020-09-20	17746.796589522968	c(39026.0627287548, 37133.8948480993, 5382521.13067865, 5359324.63397508)
3766	2020-09-20	0	c(44739.1521867252, 42828.7167168923, 5452109.71334358, 5428913.67013341)
3866	2020-09-20	0	c(35344.7984592536, 19761.1679518509, 4764612.3340118, 4754030.50642639)
3872	2020-09-20	0	c(53417.6263020413, 66327.4960598212, 5218010.83049293, 5205393.51979762)
3866	2020-09-20	0	c(36921.1848448575, 35344.7984592536, 4787811.22176942, 4764612.3340118)
3903	2020-09-20	0	c(52408.1855281661, 36921.1848448575, 4798424.16721416, 4787811.22176942)
3872	2020-09-20	0	c(66327.4960598212, 64643.650189522, 5205393.51979762, 5182194.38430724)
3908	2020-09-20	18107.875902756663	c(64643.650189522, 77665.8133307858, 5182194.38430724, 5169608.1846679)
3982	2020-09-20	0	c(77665.8133307858, 92314.052862949, 5169608.1846679, 5180253.5709135)
3903	2020-09-20	0	c(53943.0489341657, 52408.1855281661, 4821622.67261419, 4798424.16721416)
3941	2020-09-20	0	c(69332.7993482351, 53943.0489341657, 4832266.95337572, 4821622.67261419)
3941	2020-09-20	0	c(70825.5490137576, 69332.7993482351, 4855465.24237906, 4832266.95337572)
3978	2020-09-20	0	c(86117.4260152609, 70825.5490137576, 4866141.06239051, 4855465.24237906)
3944	2020-09-20	0	c(84514.6733440783, 82971.289511978, 5064255.1023332, 5041055.76063302)
3980	2020-09-20	0	c(82971.289511978, 96382.2807385826, 5041055.76063302, 5028532.16688413)
3981	2020-09-20	0	c(99363.7101769374, 84514.6733440783, 5074931.12112483, 5064255.1023332)
3982	2020-09-20	0	c(92314.052862949, 105390.364573665, 5180253.5709135, 5167731.02634767)
4056	2020-09-20	0	c(105390.364573665, 119985.44132989, 5167731.02634767, 5178440.83487994)
3978	2020-09-20	0	c(87567.4736013877, 86117.4260152609, 4889339.29356887, 4866141.06239051)
4016	2020-09-20	0	c(102760.851433876, 87567.4736013877, 4900046.84318075, 4889339.29356887)
3980	2020-09-20	0	c(96382.2807385826, 94899.6096858929, 5028532.16688413, 5005332.93924662)
4017	2020-09-20	0	c(94899.6096858929, 108419.41649447, 5005332.93924662, 4992841.42191888)
3981	2020-09-20	0	c(100862.429112005, 99363.7101769374, 5098130.84780409, 5074931.12112483)
4019	2020-09-20	0	c(115609.719503381, 100862.429112005, 5108839.45188712, 5098130.84780409)
4016	2020-09-20	0	c(104167.611060483, 102760.851433876, 4923245.16768071, 4900046.84318075)
4053	2020-09-20	0	c(119261.861443961, 104167.611060483, 4933984.62360368, 4923245.16768071)
4017	2020-09-20	0	c(108419.41649447, 106996.912283531, 4992841.42191888, 4969642.4569698)
4053	2020-09-20	0	c(106996.912283531, 120624.749729197, 4969642.4569698, 4957183.18511253)
4019	2020-09-20	0	c(117063.203438781, 115609.719503381, 5132039.69912731, 5108839.45188712)
4056	2020-09-20	0	c(131708.126247435, 117063.203438781, 5142781.01312412, 5132039.69912731)
4056	2020-09-20	0	c(119985.44132989, 133115.807689002, 5178440.83487994, 5165981.90892349)
4053	2020-09-20	0	c(120624.749729197, 119261.861443961, 4957183.18511253, 4933984.62360368)
4056	2020-09-20	0	c(133115.807689002, 131708.126247435, 5165981.90892349, 5142781.01312412)
5678	2020-09-20	0	c(815479.076128725, 814287.104028042, 5104917.71984738, 5128119.1374647)
5678	2020-09-20	0	c(830096.546916202, 815479.076128725, 5094051.0579179, 5104917.71984738)
5707	2020-09-20	0	c(831334.993115906, 830096.546916202, 5070850.43132069, 5094051.0579179)
5678	2020-09-20	0	c(814287.104028042, 827606.472969342, 5128119.1374647, 5140453.46054754)
5707	2020-09-20	0	c(846054.661797812, 831334.993115906, 5060016.35389763, 5070850.43132069)
5678	2020-09-20	0	c(827606.472969342, 842174.01885915, 5140453.46054754, 5129618.24935651)
5736	2020-09-20	0	c(842174.01885915, 855439.849598103, 5129618.24935651, 5142016.23187729)
5707	2020-09-20	0	c(859486.430059474, 846054.661797812, 5072414.47302264, 5060016.35389763)
5765	2020-09-20	0	c(874258.62397385, 859486.430059474, 5061644.54286264, 5072414.47302264)
5736	2020-09-20	0	c(855439.849598103, 870060.324803528, 5142016.23187729, 5131245.23669869)
5765	2020-09-20	0	c(887637.485845674, 874258.62397385, 5074106.54822189, 5061644.54286264)
5736	2020-09-20	0	c(870060.324803528, 871464.709426663, 5131245.23669869, 5108044.74943018)
5765	2020-09-20	0	c(871464.709426663, 886187.636241288, 5108044.74943018, 5097306.45983823)
5765	2020-09-20	0	c(886187.636241288, 887637.485845674, 5097306.45983823, 5074106.54822189)
5873	2020-09-20	0	c(915788.122172648, 914232.408115612, 5075926.78745904, 5099126.28874004)
5873	2020-09-20	0	c(930665.474604086, 915788.122172648, 5065285.39444699, 5075926.78745904)
5873	2020-09-20	0	c(914232.408115612, 927448.098930551, 5099126.28874004, 5111683.9588642)
5873	2020-09-20	0	c(943938.298817666, 930665.474604086, 5077875.33111388, 5065285.39444699)
5873	2020-09-20	0	c(927448.098930551, 942276.601040717, 5111683.9588642, 5101074.38467563)
5873	2020-09-20	0	c(942276.601040717, 943938.298817666, 5101074.38467563, 5077875.33111388)
1318	2020-09-21	0	c(-1066245.01508129, -1059457.94551391, 5635556.68953878, 5658488.63233417)
1318	2020-09-21	0	c(-1056488.42850788, -1066245.01508129, 5620227.01931096, 5635556.68953878)
1318	2020-09-21	0	c(-1040016.43209495, -1056488.42850788, 5627878.10172332, 5620227.01931096)
1373	2020-09-21	0	c(-1030192.38961903, -1040016.43209495, 5612612.72283877, 5627878.10172332)
1400	2020-09-21	0	c(-1036768.96328473, -1030192.38961903, 5589648.06146561, 5612612.72283877)
1400	2020-09-21	0	c(-1026806.61629611, -1036768.96328473, 5574399.19549213, 5589648.06146561)
1427	2020-09-21	0	c(-1033295.28241554, -1026806.61629611, 5551413.98650938, 5574399.19549213)
1427	2020-09-21	0	c(-1023195.33320812, -1033295.28241554, 5536182.5587857, 5551413.98650938)
1427	2020-09-21	0	c(-1006678.02594854, -1023195.33320812, 5543983.71602907, 5536182.5587857)
1482	2020-09-21	0	c(-996512.316647073, -1006678.02594854, 5528817.50218745, 5543983.71602907)
1482	2020-09-21	0	c(-980049.893140128, -996512.316647073, 5536693.06013482, 5528817.50218745)
1538	2020-09-21	0	c(-969818.793651695, -980049.893140128, 5521591.98083405, 5536693.06013482)
1538	2020-09-21	0	c(-953411.228920908, -969818.793651695, 5529541.56564999, 5521591.98083405)
1594	2020-09-21	0	c(-943115.101674419, -953411.228920908, 5514505.54150437, 5529541.56564999)
1594	2020-09-21	0	c(-926762.369666241, -943115.101674419, 5522528.78671834, 5514505.54150437)
1594	2020-09-21	0	c(-920755.0906883, -926762.369666241, 5545551.15103734, 5522528.78671834)
1623	2020-09-21	0	c(-904506.524330098, -920755.0906883, 5553611.10347047, 5545551.15103734)
1623	2020-09-21	0	c(-898533.468024113, -904506.524330098, 5576625.00992422, 5553611.10347047)
1651	2020-09-21	0	c(-882389.350505155, -898533.468024113, 5584722.05168488, 5576625.00992422)
1651	2020-09-21	0	c(-876450.997115712, -882389.350505155, 5607727.9934474, 5584722.05168488)
2559	2020-09-21	0	c(-486788.421179118, -482613.20488862, 5498232.85338094, 5521351.17551596)
2586	2020-09-21	0	c(-491946.382354851, -487885.24360209, 5391775.46926915, 5414913.24742462)
2559	2020-09-21	0	c(-475626.216796725, -486788.421179118, 5484304.3884993, 5498232.85338094)
2587	2020-09-21	0	c(-479725.103241376, -475626.216796725, 5461177.70227894, 5484304.3884993)
2586	2020-09-21	0	c(-480468.664202421, -491946.382354851, 5377859.50520832, 5391775.46926915)
2586	2020-09-21	0	c(-487885.24360209, -472460.18999365, 5414913.24742462, 5424139.52218133)
2587	2020-09-21	0	c(-468437.240094192, -479725.103241376, 5447274.16361436, 5461177.70227894)
2615	2020-09-21	17908.77555353912	c(-472460.18999365, -468437.240094192, 5424139.52218133, 5447274.16361436)
2586	2020-09-21	0	c(-464994.850695856, -480468.664202421, 5387119.30154164, 5377859.50520832)
2644	2020-09-21	0	c(-453457.979281479, -464994.850695856, 5373267.35667762, 5387119.30154164)
2673	2020-09-21	0	c(-457330.271418014, -453457.979281479, 5350118.00652849, 5373267.35667762)
2673	2020-09-21	0	c(-445670.066308972, -457330.271418014, 5336292.69722991, 5350118.00652849)
2673	2020-09-21	0	c(-430202.054644014, -445670.066308972, 5345654.09361399, 5336292.69722991)
2732	2020-09-21	0	c(-418483.46670975, -430202.054644014, 5331892.99452627, 5345654.09361399)
2732	2020-09-21	0	c(-403069.606649768, -418483.46670975, 5341322.07945486, 5331892.99452627)
2793	2020-09-21	18069.16502052899	c(-391292.850681981, -403069.606649768, 5327625.11679988, 5341322.07945486)
2824	2020-09-21	0	c(-394866.197561727, -391292.850681981, 5304462.38647174, 5327625.11679988)
2824	2020-09-21	0	c(-382967.977290101, -394866.197561727, 5290793.07864477, 5304462.38647174)
2824	2020-09-21	0	c(-367559.988039318, -382967.977290101, 5300322.94626896, 5290793.07864477)
2887	2020-09-21	0	c(-355604.337839355, -367559.988039318, 5286717.93361882, 5300322.94626896)
2918	2020-09-21	0	c(-358993.51174489, -355604.337839355, 5263546.93604972, 5286717.93361882)
2918	2020-09-21	0	c(-346917.722518038, -358993.51174489, 5249970.28473708, 5263546.93604972)
2950	2020-09-21	0	c(-350234.924471856, -346917.722518038, 5226794.45950593, 5249970.28473708)
2950	2020-09-21	0	c(-338039.798240165, -350234.924471856, 5213246.62944391, 5226794.45950593)
2950	2020-09-21	0	c(-322590.164643408, -338039.798240165, 5222910.25890057, 5213246.62944391)
3014	2020-09-21	18222.977598342506	c(-310338.84661777, -322590.164643408, 5209427.05044778, 5222910.25890057)
3046	2020-09-21	0	c(-313474.894366702, -310338.84661777, 5186244.88041448, 5209427.05044778)
3046	2020-09-21	0	c(-301105.566362903, -313474.894366702, 5172791.11588324, 5186244.88041448)
3046	2020-09-21	0	c(-285662.251673282, -301105.566362903, 5182554.63621709, 5172791.11588324)
3111	2020-09-21	18270.80452284589	c(-273237.419442429, -285662.251673282, 5169165.57943706, 5182554.63621709)
3143	2020-09-21	0	c(-276194.274624667, -273237.419442429, 5145978.17159733, 5169165.57943706)
3143	2020-09-21	0	c(-263652.754261031, -276194.274624667, 5132619.12932993, 5145978.17159733)
3143	2020-09-21	0	c(-248215.789293455, -263652.754261031, 5142482.11800705, 5132619.12932993)
3206	2020-09-21	0	c(-235619.429639283, -248215.789293455, 5129187.84560266, 5142482.11800705)
3206	2020-09-21	0	c(-220235.838727271, -235619.429639283, 5139116.70837545, 5129187.84560266)
3268	2020-09-21	0	c(-207584.788775175, -220235.838727271, 5125887.11297857, 5139116.70837545)
3268	2020-09-21	0	c(-192254.509536591, -207584.788775175, 5135881.68934468, 5125887.11297857)
3330	2020-09-21	0	c(-179548.912412111, -192254.509536591, 5122716.68138935, 5135881.68934468)
3330	2020-09-21	0	c(-164271.884641897, -179548.912412111, 5132776.81719307, 5122716.68138935)
3392	2020-09-21	0	c(-151511.877679037, -164271.884641897, 5119676.31046864, 5132776.81719307)
3392	2020-09-21	0	c(-136288.043427458, -151511.877679037, 5129801.85783914, 5119676.31046864)
3456	2020-09-21	0	c(-123473.758243772, -136288.043427458, 5116765.76955523, 5129801.85783914)
3510	2020-09-21	0	c(-179799.022100281, -177771.282456102, 4361121.83783081, 4384340.89187351)
3510	2020-09-21	0	c(-165125.513001857, -179799.022100281, 4348164.33874596, 4361121.83783081)
3510	2020-09-21	0	c(-177771.282456102, -161164.83012867, 4384340.89187351, 4394598.58255177)
3456	2020-09-21	0	c(-108303.061893906, -123473.758243772, 5126956.58684503, 5116765.76955523)
3521	2020-09-21	0	c(-95434.6244651342, -108303.061893906, 5113984.83769589, 5126956.58684503)
3554	2020-09-21	0	c(-97677.6385656405, -95434.6244651342, 5090788.97240568, 5113984.83769589)
3586	2020-09-21	0	c(-93361.645909592, -91206.9824705342, 4985056.24313315, 5008255.18026804)
3554	2020-09-21	0	c(-84696.2141862665, -97677.6385656405, 5077848.36019045, 5090788.97240568)
3587	2020-09-21	0	c(-86874.2374373579, -84696.2141862665, 5054651.23860244, 5077848.36019045)
3510	2020-09-21	0	c(-148479.564192826, -165125.513001857, 4358456.34296587, 4348164.33874596)
3510	2020-09-21	0	c(-161164.83012867, -146546.562444213, 4394598.58255177, 4381671.5745309)
3586	2020-09-21	0	c(-80098.414373764, -93361.645909592, 4972145.96500691, 4985056.24313315)
3619	2020-09-21	0	c(-82189.0327069386, -80098.414373764, 4948946.20034132, 4972145.96500691)
3586	2020-09-21	0	c(-91206.9824705342, -75894.1842168121, 5008255.18026804, 5018543.88666454)
3587	2020-09-21	0	c(-73780.6289334564, -86874.2374373579, 5041742.04392555, 5054651.23860244)
3620	2020-09-21	18387.220857410506	c(-75894.1842168121, -73780.6289334564, 5018543.88666454, 5041742.04392555)
3510	2020-09-21	0	c(-146546.562444213, -148479.564192826, 4381671.5745309, 4358456.34296587)
3652	2020-09-21	0	c(-76878.588753423, -74874.2292016803, 4843263.68384102, 4866465.47262191)
3619	2020-09-21	0	c(-68815.5947438093, -82189.0327069386, 4936068.02980482, 4948946.20034132)
3653	2020-09-21	0	c(-70842.70510985, -68815.5947438093, 4912867.64559184, 4936068.02980482)
3652	2020-09-21	0	c(-63230.0628018993, -76878.588753423, 4830418.19526776, 4843263.68384102)
3686	2020-09-21	0	c(-65171.904604091, -63230.0628018993, 4807216.18562595, 4830418.19526776)
3652	2020-09-21	0	c(-74874.2292016803, -59324.0233919469, 4866465.47262191, 4876821.00862757)
3653	2020-09-21	0	c(-57359.8781979957, -70842.70510985, 4900021.81231792, 4912867.64559184)
3687	2020-09-21	0	c(-59324.0233919469, -57359.8781979957, 4876821.00862757, 4900021.81231792)
3686	2020-09-21	0	c(-51416.0151240254, -65171.904604091, 4794403.62045765, 4807216.18562595)
3721	2020-09-21	0	c(-53295.8955669126, -51416.0151240254, 4771201.57694951, 4794403.62045765)
3721	2020-09-21	0	c(-39433.4724622502, -53295.8955669126, 4758422.11362641, 4771201.57694951)
3721	2020-09-21	0	c(-23747.5716645952, -39433.4724622502, 4768876.54003562, 4758422.11362641)
3793	2020-09-21	0	c(-9835.40642387519, -23747.5716645952, 4756162.02964299, 4768876.54003562)
3728	2020-09-21	17998.244913913382	c(16942.7626237352, 15023.9306977743, 5279247.96332569, 5256051.49505794)
3763	2020-09-21	0	c(15023.9306977743, 27765.6521178638, 5256051.49505794, 5243339.87221764)
3764	2020-09-21	17933.46343204892	c(31494.3298052489, 16942.7626237352, 5289734.23336928, 5279247.96332569)
3793	2020-09-21	0	c(5799.30346514983, -9835.40642387519, 4766680.1909255, 4756162.02964299)
3866	2020-09-21	0	c(19761.1679518509, 5799.30346514983, 4754030.50642639, 4766680.1909255)
3763	2020-09-21	0	c(27765.6521178638, 25910.6976025908, 5243339.87221764, 5220142.4628583)
3799	2020-09-21	0	c(25910.6976025908, 38765.9020596278, 5220142.4628583, 5207461.57229038)
3872	2020-09-21	0	c(38765.9020596278, 53417.6263020413, 5207461.57229038, 5218010.83049293)
3764	2020-09-21	17933.46343204892	c(33368.0033080934, 31494.3298052489, 5312931.18552648, 5289734.23336928)
3801	2020-09-21	27095.965181946267	c(47815.2044644053, 33368.0033080934, 5323450.92098197, 5312931.18552648)
3766	2020-09-21	26492.089863414232	c(44739.1521867252, 42828.7167168923, 5452109.71334358, 5428913.67013341)
3802	2020-09-21	17681.739810435745	c(42828.7167168923, 55162.8162840662, 5428913.67013341, 5416240.69494058)
3801	2020-09-21	17806.518510023212	c(49643.1661033815, 47815.2044644053, 5346648.50609595, 5323450.92098197)
3838	2020-09-21	0	c(63985.4076541149, 49643.1661033815, 5357201.80931098, 5346648.50609595)
3802	2020-09-21	17681.739810435745	c(55162.8162840662, 53316.9964514381, 5416240.69494058, 5393043.39291278)
3838	2020-09-21	0	c(53316.9964514381, 65767.1065306294, 5393043.39291278, 5380400.168788)
3866	2020-09-21	0	c(35344.7984592536, 19761.1679518509, 4764612.3340118, 4754030.50642639)
3872	2020-09-21	0	c(53417.6263020413, 66327.4960598212, 5218010.83049293, 5205393.51979762)
3946	2020-09-21	0	c(66327.4960598212, 80925.847501297, 5205393.51979762, 5216007.38329905)
3838	2020-09-21	0	c(65767.1065306294, 63985.4076541149, 5380400.168788, 5357201.80931098)
3866	2020-09-21	0	c(36921.1848448575, 35344.7984592536, 4787811.22176942, 4764612.3340118)
3903	2020-09-21	0	c(52408.1855281661, 36921.1848448575, 4798424.16721416, 4787811.22176942)
3903	2020-09-21	0	c(53943.0489341657, 52408.1855281661, 4821622.67261419, 4798424.16721416)
3941	2020-09-21	0	c(69332.7993482351, 53943.0489341657, 4832266.95337572, 4821622.67261419)
3946	2020-09-21	0	c(80925.847501297, 93890.276178132, 5216007.38329905, 5203453.61684927)
3941	2020-09-21	0	c(70825.5490137576, 69332.7993482351, 4855465.24237906, 4832266.95337572)
3978	2020-09-21	0	c(86117.4260152609, 70825.5490137576, 4866141.06239051, 4855465.24237906)
3944	2020-09-21	28261.817507348107	c(84514.6733440783, 82971.289511978, 5064255.1023332, 5041055.76063302)
3980	2020-09-21	18346.681161985653	c(82971.289511978, 96382.2807385826, 5041055.76063302, 5028532.16688413)
3981	2020-09-21	18286.01469759206	c(99363.7101769374, 84514.6733440783, 5074931.12112483, 5064255.1023332)
3946	2020-09-21	0	c(93890.276178132, 92314.052862949, 5203453.61684927, 5180253.5709135)
3982	2020-09-21	0	c(92314.052862949, 105390.364573665, 5180253.5709135, 5167731.02634767)
4056	2020-09-21	0	c(105390.364573665, 119985.44132989, 5167731.02634767, 5178440.83487994)
3978	2020-09-21	0	c(87567.4736013877, 86117.4260152609, 4889339.29356887, 4866141.06239051)
4016	2020-09-21	0	c(102760.851433876, 87567.4736013877, 4900046.84318075, 4889339.29356887)
3980	2020-09-21	18346.681161985653	c(96382.2807385826, 94899.6096858929, 5028532.16688413, 5005332.93924662)
4017	2020-09-21	0	c(94899.6096858929, 108419.41649447, 5005332.93924662, 4992841.42191888)
3981	2020-09-21	18225.168731577887	c(100862.429112005, 99363.7101769374, 5098130.84780409, 5074931.12112483)
4019	2020-09-21	0	c(115609.719503381, 100862.429112005, 5108839.45188712, 5098130.84780409)
4016	2020-09-21	0	c(104167.611060483, 102760.851433876, 4923245.16768071, 4900046.84318075)
4053	2020-09-21	0	c(119261.861443961, 104167.611060483, 4933984.62360368, 4923245.16768071)
4017	2020-09-21	0	c(108419.41649447, 106996.912283531, 4992841.42191888, 4969642.4569698)
4053	2020-09-21	0	c(106996.912283531, 120624.749729197, 4969642.4569698, 4957183.18511253)
4019	2020-09-21	0	c(117063.203438781, 115609.719503381, 5132039.69912731, 5108839.45188712)
4056	2020-09-21	0	c(131708.126247435, 117063.203438781, 5142781.01312412, 5132039.69912731)
4056	2020-09-21	0	c(119985.44132989, 133115.807689002, 5178440.83487994, 5165981.90892349)
4053	2020-09-21	0	c(120624.749729197, 119261.861443961, 4957183.18511253, 4933984.62360368)
4056	2020-09-21	0	c(133115.807689002, 131708.126247435, 5165981.90892349, 5142781.01312412)
5678	2020-09-21	0	c(815479.076128725, 814287.104028042, 5104917.71984738, 5128119.1374647)
5678	2020-09-21	0	c(830096.546916202, 815479.076128725, 5094051.0579179, 5104917.71984738)
5707	2020-09-21	0	c(831334.993115906, 830096.546916202, 5070850.43132069, 5094051.0579179)
5678	2020-09-21	0	c(814287.104028042, 827606.472969342, 5128119.1374647, 5140453.46054754)
5707	2020-09-21	0	c(846054.661797812, 831334.993115906, 5060016.35389763, 5070850.43132069)
5678	2020-09-21	0	c(827606.472969342, 842174.01885915, 5140453.46054754, 5129618.24935651)
5736	2020-09-21	0	c(842174.01885915, 855439.849598103, 5129618.24935651, 5142016.23187729)
5707	2020-09-21	0	c(859486.430059474, 846054.661797812, 5072414.47302264, 5060016.35389763)
5765	2020-09-21	0	c(874258.62397385, 859486.430059474, 5061644.54286264, 5072414.47302264)
5736	2020-09-21	0	c(855439.849598103, 870060.324803528, 5142016.23187729, 5131245.23669869)
5765	2020-09-21	0	c(887637.485845674, 874258.62397385, 5074106.54822189, 5061644.54286264)
5736	2020-09-21	0	c(870060.324803528, 871464.709426663, 5131245.23669869, 5108044.74943018)
5765	2020-09-21	18225.353810053894	c(871464.709426663, 886187.636241288, 5108044.74943018, 5097306.45983823)
5765	2020-09-21	0	c(886187.636241288, 887637.485845674, 5097306.45983823, 5074106.54822189)
5873	2020-09-21	0	c(915788.122172648, 914232.408115612, 5075926.78745904, 5099126.28874004)
5873	2020-09-21	0	c(930665.474604086, 915788.122172648, 5065285.39444699, 5075926.78745904)
5873	2020-09-21	0	c(914232.408115612, 927448.098930551, 5099126.28874004, 5111683.9588642)
5873	2020-09-21	0	c(943938.298817666, 930665.474604086, 5077875.33111388, 5065285.39444699)
5873	2020-09-21	0	c(927448.098930551, 942276.601040717, 5111683.9588642, 5101074.38467563)
5873	2020-09-21	18233.14397721734	c(942276.601040717, 943938.298817666, 5101074.38467563, 5077875.33111388)
1318	2020-09-22	0	c(-1066245.01508129, -1059457.94551391, 5635556.68953878, 5658488.63233417)
1318	2020-09-22	0	c(-1056488.42850788, -1066245.01508129, 5620227.01931096, 5635556.68953878)
1318	2020-09-22	0	c(-1040016.43209495, -1056488.42850788, 5627878.10172332, 5620227.01931096)
1373	2020-09-22	0	c(-1030192.38961903, -1040016.43209495, 5612612.72283877, 5627878.10172332)
1400	2020-09-22	0	c(-1036768.96328473, -1030192.38961903, 5589648.06146561, 5612612.72283877)
1400	2020-09-22	0	c(-1026806.61629611, -1036768.96328473, 5574399.19549213, 5589648.06146561)
1427	2020-09-22	0	c(-1033295.28241554, -1026806.61629611, 5551413.98650938, 5574399.19549213)
1427	2020-09-22	0	c(-1023195.33320812, -1033295.28241554, 5536182.5587857, 5551413.98650938)
1427	2020-09-22	0	c(-1006678.02594854, -1023195.33320812, 5543983.71602907, 5536182.5587857)
1482	2020-09-22	0	c(-996512.316647073, -1006678.02594854, 5528817.50218745, 5543983.71602907)
1482	2020-09-22	0	c(-980049.893140128, -996512.316647073, 5536693.06013482, 5528817.50218745)
1538	2020-09-22	0	c(-969818.793651695, -980049.893140128, 5521591.98083405, 5536693.06013482)
1538	2020-09-22	0	c(-953411.228920908, -969818.793651695, 5529541.56564999, 5521591.98083405)
1594	2020-09-22	0	c(-943115.101674419, -953411.228920908, 5514505.54150437, 5529541.56564999)
1594	2020-09-22	0	c(-926762.369666241, -943115.101674419, 5522528.78671834, 5514505.54150437)
1594	2020-09-22	0	c(-920755.0906883, -926762.369666241, 5545551.15103734, 5522528.78671834)
1623	2020-09-22	0	c(-904506.524330098, -920755.0906883, 5553611.10347047, 5545551.15103734)
1623	2020-09-22	0	c(-898533.468024113, -904506.524330098, 5576625.00992422, 5553611.10347047)
1651	2020-09-22	0	c(-882389.350505155, -898533.468024113, 5584722.05168488, 5576625.00992422)
1651	2020-09-22	0	c(-876450.997115712, -882389.350505155, 5607727.9934474, 5584722.05168488)
2050	2020-09-22	17970.336275994265	c(-724378.600916325, -719153.861827784, 5546498.64855254, 5569556.36050023)
2050	2020-09-22	17956.306231653543	c(-713773.170136159, -724378.600916325, 5532000.23391249, 5546498.64855254)
2078	2020-09-22	17956.306231653543	c(-718916.381540961, -713773.170136159, 5508929.37492311, 5532000.23391249)
2078	2020-09-22	0	c(-708180.156862147, -718916.381540961, 5494452.7774725, 5508929.37492311)
2078	2020-09-22	0	c(-692368.624393927, -708180.156862147, 5503088.82401651, 5494452.7774725)
2050	2020-09-22	0	c(-692904.107763385, -698011.054311448, 5563667.06863724, 5540601.66624748)
2078	2020-09-22	0	c(-698011.054311448, -687342.635899481, 5540601.66624748, 5526166.79099057)
2078	2020-09-22	0	c(-687342.635899481, -692368.624393927, 5526166.79099057, 5503088.82401651)
2558	2020-09-22	0	c(-499238.296026504, -495101.025404116, 5428855.01108569, 5451984.77642172)
2559	2020-09-22	0	c(-486788.421179118, -482613.20488862, 5498232.85338094, 5521351.17551596)
2558	2020-09-22	0	c(-487885.24360209, -499238.296026504, 5414913.24742462, 5428855.01108569)
2586	2020-09-22	0	c(-491946.382354851, -487885.24360209, 5391775.46926915, 5414913.24742462)
2558	2020-09-22	0	c(-495101.025404116, -479725.103241376, 5451984.77642172, 5461177.70227894)
2559	2020-09-22	0	c(-475626.216796725, -486788.421179118, 5484304.3884993, 5498232.85338094)
2587	2020-09-22	17849.28403699687	c(-479725.103241376, -475626.216796725, 5461177.70227894, 5484304.3884993)
2586	2020-09-22	0	c(-480468.664202421, -491946.382354851, 5377859.50520832, 5391775.46926915)
2586	2020-09-22	0	c(-464994.850695856, -480468.664202421, 5387119.30154164, 5377859.50520832)
2644	2020-09-22	0	c(-453457.979281479, -464994.850695856, 5373267.35667762, 5387119.30154164)
2673	2020-09-22	0	c(-457330.271418014, -453457.979281479, 5350118.00652849, 5373267.35667762)
2673	2020-09-22	0	c(-445670.066308972, -457330.271418014, 5336292.69722991, 5350118.00652849)
2673	2020-09-22	0	c(-430202.054644014, -445670.066308972, 5345654.09361399, 5336292.69722991)
2732	2020-09-22	0	c(-418483.46670975, -430202.054644014, 5331892.99452627, 5345654.09361399)
2762	2020-09-22	0	c(-422168.807437425, -418483.46670975, 5308733.49923395, 5331892.99452627)
2762	2020-09-22	0	c(-410328.219043704, -422168.807437425, 5294999.81769585, 5308733.49923395)
2762	2020-09-22	0	c(-394866.197561727, -410328.219043704, 5304462.38647174, 5294999.81769585)
2824	2020-09-22	0	c(-382967.977290101, -394866.197561727, 5290793.07864477, 5304462.38647174)
2824	2020-09-22	0	c(-367559.988039318, -382967.977290101, 5300322.94626896, 5290793.07864477)
2887	2020-09-22	18116.96745282764	c(-355604.337839355, -367559.988039318, 5286717.93361882, 5300322.94626896)
2918	2020-09-22	0	c(-358993.51174489, -355604.337839355, 5263546.93604972, 5286717.93361882)
2918	2020-09-22	0	c(-346917.722518038, -358993.51174489, 5249970.28473708, 5263546.93604972)
2950	2020-09-22	0	c(-350234.924471856, -346917.722518038, 5226794.45950593, 5249970.28473708)
2950	2020-09-22	0	c(-338039.798240165, -350234.924471856, 5213246.62944391, 5226794.45950593)
2981	2020-09-22	0	c(-341285.489536159, -338039.798240165, 5190066.31372414, 5213246.62944391)
2981	2020-09-22	0	c(-328971.834194328, -341285.489536159, 5176547.74845075, 5190066.31372414)
2981	2020-09-22	0	c(-313474.894366702, -328971.834194328, 5186244.88041448, 5176547.74845075)
3046	2020-09-22	0	c(-301105.566362903, -313474.894366702, 5172791.11588324, 5186244.88041448)
3078	2020-09-22	0	c(-304171.204265343, -301105.566362903, 5149605.13213603, 5172791.11588324)
3078	2020-09-22	0	c(-291684.678127934, -304171.204265343, 5136181.22392701, 5149605.13213603)
3078	2020-09-22	0	c(-276194.274624667, -291684.678127934, 5145978.17159733, 5136181.22392701)
3143	2020-09-22	0	c(-263652.754261031, -276194.274624667, 5132619.12932993, 5145978.17159733)
3143	2020-09-22	0	c(-248215.789293455, -263652.754261031, 5142482.11800705, 5132619.12932993)
3206	2020-09-22	0	c(-235619.429639283, -248215.789293455, 5129187.84560266, 5142482.11800705)
3206	2020-09-22	0	c(-220235.838727271, -235619.429639283, 5139116.70837545, 5129187.84560266)
3268	2020-09-22	0	c(-207584.788775175, -220235.838727271, 5125887.11297857, 5139116.70837545)
3268	2020-09-22	0	c(-192254.509536591, -207584.788775175, 5135881.68934468, 5125887.11297857)
3330	2020-09-22	0	c(-179548.912412111, -192254.509536591, 5122716.68138935, 5135881.68934468)
3330	2020-09-22	0	c(-164271.884641897, -179548.912412111, 5132776.81719307, 5122716.68138935)
3392	2020-09-22	0	c(-151511.877679037, -164271.884641897, 5119676.31046864, 5132776.81719307)
3392	2020-09-22	0	c(-136288.043427458, -151511.877679037, 5129801.85783914, 5119676.31046864)
3456	2020-09-22	0	c(-123473.758243772, -136288.043427458, 5116765.76955523, 5129801.85783914)
3510	2020-09-22	0	c(-179799.022100281, -177771.282456102, 4361121.83783081, 4384340.89187351)
3510	2020-09-22	0	c(-165125.513001857, -179799.022100281, 4348164.33874596, 4361121.83783081)
3543	2020-09-22	0	c(-167092.657081089, -165125.513001857, 4324946.21579625, 4348164.33874596)
3510	2020-09-22	0	c(-177771.282456102, -161164.83012867, 4384340.89187351, 4394598.58255177)
3553	2020-09-22	0	c(-104359.192632317, -102139.952730243, 5021197.32014032, 5044395.21389432)
3456	2020-09-22	0	c(-108303.061893906, -123473.758243772, 5126956.58684503, 5116765.76955523)
3521	2020-09-22	18275.743070363806	c(-95434.6244651342, -108303.061893906, 5113984.83769589, 5126956.58684503)
3554	2020-09-22	0	c(-97677.6385656405, -95434.6244651342, 5090788.97240568, 5113984.83769589)
3543	2020-09-22	23301.30659719513	c(-152319.773352868, -167092.657081089, 4312024.08888059, 4324946.21579625)
3553	2020-09-22	0	c(-91206.9824705342, -104359.192632317, 5008255.18026804, 5021197.32014032)
3586	2020-09-22	0	c(-93361.645909592, -91206.9824705342, 4985056.24313315, 5008255.18026804)
3553	2020-09-22	0	c(-102139.952730243, -86874.2374373579, 5044395.21389432, 5054651.23860244)
3554	2020-09-22	0	c(-84696.2141862665, -97677.6385656405, 5077848.36019045, 5090788.97240568)
3587	2020-09-22	0	c(-86874.2374373579, -84696.2141862665, 5054651.23860244, 5077848.36019045)
3510	2020-09-22	0	c(-161164.83012867, -146546.562444213, 4394598.58255177, 4381671.5745309)
3617	2020-09-22	18746.59259192515	c(-94570.0226988256, -92526.0349327249, 4809736.35464616, 4832939.335829)
3586	2020-09-22	0	c(-80098.414373764, -93361.645909592, 4972145.96500691, 4985056.24313315)
3619	2020-09-22	0	c(-82189.0327069386, -80098.414373764, 4948946.20034132, 4972145.96500691)
3543	2020-09-22	37465.12663700806	c(-135634.610515677, -152319.773352868, 4322350.31626811, 4312024.08888059)
3510	2020-09-22	0	c(-146546.562444213, -148479.564192826, 4381671.5745309, 4358456.34296587)
3543	2020-09-22	0	c(-148479.564192826, -133761.488073438, 4358456.34296587, 4345564.49201124)
3617	2020-09-22	18802.41696006945	c(-80864.3681660022, -94570.0226988256, 4796858.70181479, 4809736.35464616)
3617	2020-09-22	0	c(-92526.0349327249, -76878.588753423, 4832939.335829, 4843263.68384102)
3652	2020-09-22	0	c(-76878.588753423, -74874.2292016803, 4843263.68384102, 4866465.47262191)
3619	2020-09-22	0	c(-68815.5947438093, -82189.0327069386, 4936068.02980482, 4948946.20034132)
3653	2020-09-22	0	c(-70842.70510985, -68815.5947438093, 4912867.64559184, 4936068.02980482)
3543	2020-09-22	19565.826987189273	c(-133761.488073438, -135634.610515677, 4345564.49201124, 4322350.31626811)
3652	2020-09-22	0	c(-74874.2292016803, -59324.0233919469, 4866465.47262191, 4876821.00862757)
3653	2020-09-22	0	c(-57359.8781979957, -70842.70510985, 4900021.81231792, 4912867.64559184)
3687	2020-09-22	0	c(-59324.0233919469, -57359.8781979957, 4876821.00862757, 4900021.81231792)
3617	2020-09-22	0	c(-65171.904604091, -80864.3681660022, 4807216.18562595, 4796858.70181479)
3686	2020-09-22	0	c(-51416.0151240254, -65171.904604091, 4794403.62045765, 4807216.18562595)
3721	2020-09-22	0	c(-53295.8955669126, -51416.0151240254, 4771201.57694951, 4794403.62045765)
3721	2020-09-22	0	c(-39433.4724622502, -53295.8955669126, 4758422.11362641, 4771201.57694951)
3756	2020-09-22	0	c(-41251.9532306159, -39433.4724622502, 4735220.21518383, 4758422.11362641)
3756	2020-09-22	23273.05230614583	c(-27283.8280025267, -41251.9532306159, 4722474.01599762, 4735220.21518383)
3756	2020-09-22	23264.149073377248	c(-11553.2276565711, -27283.8280025267, 4732961.38908457, 4722474.01599762)
3756	2020-09-22	0	c(-9835.40642387519, -11553.2276565711, 4756162.02964299, 4732961.38908457)
3793	2020-09-22	0	c(5799.30346514983, -9835.40642387519, 4766680.1909255, 4756162.02964299)
3866	2020-09-22	0	c(19761.1679518509, 5799.30346514983, 4754030.50642639, 4766680.1909255)
3763	2020-09-22	17995.39701857652	c(27765.6521178638, 25910.6976025908, 5243339.87221764, 5220142.4628583)
3799	2020-09-22	18054.358806112654	c(25910.6976025908, 38765.9020596278, 5220142.4628583, 5207461.57229038)
3800	2020-09-22	0	c(42367.4252949192, 27765.6521178638, 5253857.59696884, 5243339.87221764)
3872	2020-09-22	0	c(38765.9020596278, 53417.6263020413, 5207461.57229038, 5218010.83049293)
3800	2020-09-22	0	c(44177.3098583614, 42367.4252949192, 5277055.46656644, 5253857.59696884)
3837	2020-09-22	0	c(58675.1449273246, 44177.3098583614, 5287606.49666305, 5277055.46656644)
3910	2020-09-22	0	c(71413.5144816855, 58675.1449273246, 5274991.01308272, 5287606.49666305)
3866	2020-09-22	0	c(35344.7984592536, 19761.1679518509, 4764612.3340118, 4754030.50642639)
3872	2020-09-22	0	c(53417.6263020413, 66327.4960598212, 5218010.83049293, 5205393.51979762)
3946	2020-09-22	0	c(66327.4960598212, 80925.847501297, 5205393.51979762, 5216007.38329905)
3838	2020-09-22	0	c(65767.1065306294, 63985.4076541149, 5380400.168788, 5357201.80931098)
3874	2020-09-22	0	c(63985.4076541149, 76550.780604372, 5357201.80931098, 5344588.63791209)
3875	2020-09-22	0	c(80003.7927187391, 65767.1065306294, 5390987.12835754, 5380400.168788)
3839	2020-09-22	0	c(71146.7055431128, 69347.7792694786, 5449995.0145327, 5426796.77128677)
3875	2020-09-22	0	c(69347.7792694786, 81738.680524271, 5426796.77128677, 5414186.39592436)
3866	2020-09-22	0	c(36921.1848448575, 35344.7984592536, 4787811.22176942, 4764612.3340118)
3903	2020-09-22	0	c(52408.1855281661, 36921.1848448575, 4798424.16721416, 4787811.22176942)
3910	2020-09-22	0	c(85857.6227365797, 71413.5144816855, 5285606.68232482, 5274991.01308272)
3874	2020-09-22	0	c(76550.780604372, 74832.7021445055, 5344588.63791209, 5321389.41491687)
3910	2020-09-22	0	c(74832.7021445055, 87512.5870620781, 5321389.41491687, 5308806.58240297)
3875	2020-09-22	0	c(81738.680524271, 80003.7927187391, 5414186.39592436, 5390987.12835754)
3903	2020-09-22	0	c(53943.0489341657, 52408.1855281661, 4821622.67261419, 4798424.16721416)
3941	2020-09-22	0	c(69332.7993482351, 53943.0489341657, 4832266.95337572, 4821622.67261419)
4015	2020-09-22	0	c(83233.864349728, 69332.7993482351, 4819745.09721004, 4832266.95337572)
3946	2020-09-22	0	c(80925.847501297, 93890.276178132, 5216007.38329905, 5203453.61684927)
3910	2020-09-22	0	c(87512.5870620781, 85857.6227365797, 5308806.58240297, 5285606.68232482)
3946	2020-09-22	0	c(93890.276178132, 92314.052862949, 5203453.61684927, 5180253.5709135)
3982	2020-09-22	18102.935240399205	c(92314.052862949, 105390.364573665, 5180253.5709135, 5167731.02634767)
4056	2020-09-22	0	c(105390.364573665, 119985.44132989, 5167731.02634767, 5178440.83487994)
4015	2020-09-22	0	c(98572.3593178733, 83233.864349728, 4830453.14906185, 4819745.09721004)
3978	2020-09-22	18587.370676127164	c(87567.4736013877, 86117.4260152609, 4889339.29356887, 4866141.06239051)
4015	2020-09-22	0	c(86117.4260152609, 99963.2070828654, 4866141.06239051, 4853650.83398523)
4016	2020-09-22	0	c(102760.851433876, 87567.4736013877, 4900046.84318075, 4889339.29356887)
4015	2020-09-22	0	c(99963.2070828654, 98572.3593178733, 4853650.83398523, 4830453.14906185)
4016	2020-09-22	0	c(104167.611060483, 102760.851433876, 4923245.16768071, 4900046.84318075)
4053	2020-09-22	0	c(119261.861443961, 104167.611060483, 4933984.62360368, 4923245.16768071)
4017	2020-09-22	0	c(108419.41649447, 106996.912283531, 4992841.42191888, 4969642.4569698)
4053	2020-09-22	0	c(106996.912283531, 120624.749729197, 4969642.4569698, 4957183.18511253)
4054	2020-09-22	0	c(123365.657872767, 108419.41649447, 5003581.08585823, 4992841.42191888)
4018	2020-09-22	0	c(112718.117732966, 111280.038122865, 5062439.59870568, 5039239.99274089)
4054	2020-09-22	0	c(111280.038122865, 124743.641549152, 5039239.99274089, 5026780.42521857)
4055	2020-09-22	0	c(127514.57714767, 112718.117732966, 5073179.88211963, 5062439.59870568)
4019	2020-09-22	0	c(117063.203438781, 115609.719503381, 5132039.69912731, 5108839.45188712)
4055	2020-09-22	0	c(115609.719503381, 128907.492481945, 5108839.45188712, 5096379.9997011)
4056	2020-09-22	0	c(131708.126247435, 117063.203438781, 5142781.01312412, 5132039.69912731)
4056	2020-09-22	0	c(119985.44132989, 133115.807689002, 5178440.83487994, 5165981.90892349)
4053	2020-09-22	0	c(120624.749729197, 119261.861443961, 4957183.18511253, 4933984.62360368)
4054	2020-09-22	0	c(124743.641549152, 123365.657872767, 5026780.42521857, 5003581.08585823)
4055	2020-09-22	0	c(128907.492481945, 127514.57714767, 5096379.9997011, 5073179.88211963)
4056	2020-09-22	0	c(133115.807689002, 131708.126247435, 5165981.90892349, 5142781.01312412)
5678	2020-09-22	0	c(815479.076128725, 814287.104028042, 5104917.71984738, 5128119.1374647)
5678	2020-09-22	0	c(830096.546916202, 815479.076128725, 5094051.0579179, 5104917.71984738)
5707	2020-09-22	0	c(831334.993115906, 830096.546916202, 5070850.43132069, 5094051.0579179)
5678	2020-09-22	0	c(814287.104028042, 827606.472969342, 5128119.1374647, 5140453.46054754)
5707	2020-09-22	0	c(846054.661797812, 831334.993115906, 5060016.35389763, 5070850.43132069)
5678	2020-09-22	0	c(827606.472969342, 842174.01885915, 5140453.46054754, 5129618.24935651)
5736	2020-09-22	0	c(842174.01885915, 855439.849598103, 5129618.24935651, 5142016.23187729)
5707	2020-09-22	0	c(859486.430059474, 846054.661797812, 5072414.47302264, 5060016.35389763)
5765	2020-09-22	0	c(874258.62397385, 859486.430059474, 5061644.54286264, 5072414.47302264)
5736	2020-09-22	0	c(855439.849598103, 870060.324803528, 5142016.23187729, 5131245.23669869)
5793	2020-09-22	0	c(870060.324803528, 883272.53821247, 5131245.23669869, 5143706.91368603)
5765	2020-09-22	0	c(887637.485845674, 874258.62397385, 5074106.54822189, 5061644.54286264)
5821	2020-09-22	0	c(902462.239969876, 887637.485845674, 5063400.84429545, 5074106.54822189)
5793	2020-09-22	0	c(883272.53821247, 897945.964402817, 5143706.91368603, 5133000.22143151)
5821	2020-09-22	0	c(915788.122172648, 902462.239969876, 5075926.78745904, 5063400.84429545)
5873	2020-09-22	0	c(930665.474604086, 915788.122172648, 5065285.39444699, 5075926.78745904)
5895	2020-09-22	0	c(932265.587023539, 930665.474604086, 5042086.20609643, 5065285.39444699)
5793	2020-09-22	0	c(897945.964402817, 899456.710087885, 5133000.22143151, 5109800.26633405)
5821	2020-09-22	0	c(899456.710087885, 914232.408115612, 5109800.26633405, 5099126.28874004)
5873	2020-09-22	0	c(914232.408115612, 927448.098930551, 5099126.28874004, 5111683.9588642)
5896	2020-09-22	0	c(927448.098930551, 925830.87835036, 5111683.9588642, 5134883.33503981)
5895	2020-09-22	0	c(947243.97872962, 932265.587023539, 5031477.25383784, 5042086.20609643)
5896	2020-09-22	0	c(925830.87835036, 938935.600172526, 5134883.33503981, 5147472.52199796)
5895	2020-09-22	0	c(960573.895898359, 947243.97872962, 5044099.45778691, 5031477.25383784)
5938	2020-09-22	0	c(975604.769503815, 960573.895898359, 5033554.89483882, 5044099.45778691)
5896	2020-09-22	0	c(938935.600172526, 953715.005348702, 5147472.52199796, 5136894.71855157)
5896	2020-09-22	0	c(953715.005348702, 955438.822630544, 5136894.71855157, 5113695.96976157)
5917	2020-09-22	0	c(955438.822630544, 970320.164654931, 5113695.96976157, 5103150.89610056)
5917	2020-09-22	0	c(970320.164654931, 972087.973494001, 5103150.89610056, 5079952.32940537)
5938	2020-09-22	0	c(972087.973494001, 987070.648954915, 5079952.32940537, 5069439.83540088)
5938	2020-09-22	0	c(987070.648954915, 988881.879881126, 5069439.83540088, 5046241.29023426)
1318	2020-09-23	0	c(-1066245.01508129, -1059457.94551391, 5635556.68953878, 5658488.63233417)
1318	2020-09-23	0	c(-1056488.42850788, -1066245.01508129, 5620227.01931096, 5635556.68953878)
1318	2020-09-23	0	c(-1040016.43209495, -1056488.42850788, 5627878.10172332, 5620227.01931096)
1373	2020-09-23	0	c(-1030192.38961903, -1040016.43209495, 5612612.72283877, 5627878.10172332)
1400	2020-09-23	0	c(-1036768.96328473, -1030192.38961903, 5589648.06146561, 5612612.72283877)
1400	2020-09-23	0	c(-1026806.61629611, -1036768.96328473, 5574399.19549213, 5589648.06146561)
1427	2020-09-23	0	c(-1033295.28241554, -1026806.61629611, 5551413.98650938, 5574399.19549213)
1427	2020-09-23	0	c(-1023195.33320812, -1033295.28241554, 5536182.5587857, 5551413.98650938)
1427	2020-09-23	0	c(-1006678.02594854, -1023195.33320812, 5543983.71602907, 5536182.5587857)
1482	2020-09-23	0	c(-996512.316647073, -1006678.02594854, 5528817.50218745, 5543983.71602907)
1482	2020-09-23	0	c(-980049.893140128, -996512.316647073, 5536693.06013482, 5528817.50218745)
1538	2020-09-23	0	c(-969818.793651695, -980049.893140128, 5521591.98083405, 5536693.06013482)
1538	2020-09-23	0	c(-953411.228920908, -969818.793651695, 5529541.56564999, 5521591.98083405)
1594	2020-09-23	0	c(-943115.101674419, -953411.228920908, 5514505.54150437, 5529541.56564999)
1594	2020-09-23	0	c(-926762.369666241, -943115.101674419, 5522528.78671834, 5514505.54150437)
1594	2020-09-23	0	c(-920755.0906883, -926762.369666241, 5545551.15103734, 5522528.78671834)
1623	2020-09-23	0	c(-904506.524330098, -920755.0906883, 5553611.10347047, 5545551.15103734)
1623	2020-09-23	0	c(-898533.468024113, -904506.524330098, 5576625.00992422, 5553611.10347047)
1651	2020-09-23	0	c(-882389.350505155, -898533.468024113, 5584722.05168488, 5576625.00992422)
1651	2020-09-23	0	c(-876450.997115712, -882389.350505155, 5607727.9934474, 5584722.05168488)
1993	2020-09-23	17984.668762507856	c(-750737.386352546, -745394.538574432, 5552530.31661547, 5575580.08042209)
1993	2020-09-23	17984.668762507856	c(-740195.245675424, -750737.386352546, 5537968.30656428, 5552530.31661547)
2021	2020-09-23	0	c(-745455.998677528, -740195.245675424, 5514904.80029377, 5537968.30656428)
2021	2020-09-23	0	c(-734782.465843064, -745455.998677528, 5500364.21884906, 5514904.80029377)
2049	2020-09-23	0	c(-739961.439729539, -734782.465843064, 5477287.48091165, 5500364.21884906)
2049	2020-09-23	0	c(-729157.263687529, -739961.439729539, 5462769.0707324, 5477287.48091165)
2049	2020-09-23	0	c(-713242.16492659, -729157.263687529, 5471369.27220289, 5462769.0707324)
2049	2020-09-23	0	c(-708180.156862147, -713242.16492659, 5494452.7774725, 5471369.27220289)
2078	2020-09-23	0	c(-692368.624393927, -708180.156862147, 5503088.82401651, 5494452.7774725)
2050	2020-09-23	17949.39483924933	c(-692904.107763385, -698011.054311448, 5563667.06863724, 5540601.66624748)
2078	2020-09-23	0	c(-698011.054311448, -687342.635899481, 5540601.66624748, 5526166.79099057)
2078	2020-09-23	0	c(-687342.635899481, -692368.624393927, 5526166.79099057, 5503088.82401651)
2530	2020-09-23	0	c(-506328.637589839, -502114.839619712, 5465951.75459462, 5489073.09401413)
2530	2020-09-23	0	c(-495101.025404116, -506328.637589839, 5451984.77642172, 5465951.75459462)
2558	2020-09-23	0	c(-499238.296026504, -495101.025404116, 5428855.01108569, 5451984.77642172)
2530	2020-09-23	0	c(-502114.839619712, -486788.421179118, 5489073.09401413, 5498232.85338094)
2559	2020-09-23	0	c(-486788.421179118, -482613.20488862, 5498232.85338094, 5521351.17551596)
2558	2020-09-23	0	c(-487885.24360209, -499238.296026504, 5414913.24742462, 5428855.01108569)
2586	2020-09-23	0	c(-491946.382354851, -487885.24360209, 5391775.46926915, 5414913.24742462)
2586	2020-09-23	0	c(-480468.664202421, -491946.382354851, 5377859.50520832, 5391775.46926915)
2586	2020-09-23	0	c(-464994.850695856, -480468.664202421, 5387119.30154164, 5377859.50520832)
2644	2020-09-23	18032.823754764206	c(-453457.979281479, -464994.850695856, 5373267.35667762, 5387119.30154164)
2673	2020-09-23	0	c(-457330.271418014, -453457.979281479, 5350118.00652849, 5373267.35667762)
2673	2020-09-23	0	c(-445670.066308972, -457330.271418014, 5336292.69722991, 5350118.00652849)
2673	2020-09-23	0	c(-430202.054644014, -445670.066308972, 5345654.09361399, 5336292.69722991)
2732	2020-09-23	18080.241345930695	c(-418483.46670975, -430202.054644014, 5331892.99452627, 5345654.09361399)
2762	2020-09-23	0	c(-422168.807437425, -418483.46670975, 5308733.49923395, 5331892.99452627)
2762	2020-09-23	0	c(-410328.219043704, -422168.807437425, 5294999.81769585, 5308733.49923395)
2762	2020-09-23	0	c(-394866.197561727, -410328.219043704, 5304462.38647174, 5294999.81769585)
2824	2020-09-23	18127.72230997629	c(-382967.977290101, -394866.197561727, 5290793.07864477, 5304462.38647174)
2855	2020-09-23	0	c(-386468.28203218, -382967.977290101, 5267624.78500736, 5290793.07864477)
2855	2020-09-23	0	c(-374449.394071152, -386468.28203218, 5253983.6231401, 5267624.78500736)
2855	2020-09-23	0	c(-358993.51174489, -374449.394071152, 5263546.93604972, 5253983.6231401)
2918	2020-09-23	18175.292357770006	c(-346917.722518038, -358993.51174489, 5249970.28473708, 5263546.93604972)
2950	2020-09-23	18233.38591647243	c(-350234.924471856, -346917.722518038, 5226794.45950593, 5249970.28473708)
2950	2020-09-23	18233.38591647243	c(-338039.798240165, -350234.924471856, 5213246.62944391, 5226794.45950593)
2981	2020-09-23	0	c(-341285.489536159, -338039.798240165, 5190066.31372414, 5213246.62944391)
2981	2020-09-23	0	c(-328971.834194328, -341285.489536159, 5176547.74845075, 5190066.31372414)
2981	2020-09-23	0	c(-313474.894366702, -328971.834194328, 5186244.88041448, 5176547.74845075)
3046	2020-09-23	0	c(-301105.566362903, -313474.894366702, 5172791.11588324, 5186244.88041448)
3078	2020-09-23	0	c(-304171.204265343, -301105.566362903, 5149605.13213603, 5172791.11588324)
3078	2020-09-23	0	c(-291684.678127934, -304171.204265343, 5136181.22392701, 5149605.13213603)
3078	2020-09-23	0	c(-276194.274624667, -291684.678127934, 5145978.17159733, 5136181.22392701)
3143	2020-09-23	0	c(-263652.754261031, -276194.274624667, 5132619.12932993, 5145978.17159733)
3143	2020-09-23	0	c(-248215.789293455, -263652.754261031, 5142482.11800705, 5132619.12932993)
3206	2020-09-23	0	c(-235619.429639283, -248215.789293455, 5129187.84560266, 5142482.11800705)
3206	2020-09-23	0	c(-220235.838727271, -235619.429639283, 5139116.70837545, 5129187.84560266)
3268	2020-09-23	0	c(-207584.788775175, -220235.838727271, 5125887.11297857, 5139116.70837545)
3268	2020-09-23	0	c(-192254.509536591, -207584.788775175, 5135881.68934468, 5125887.11297857)
3330	2020-09-23	18300.51961750916	c(-179548.912412111, -192254.509536591, 5122716.68138935, 5135881.68934468)
3330	2020-09-23	18287.729605645338	c(-164271.884641897, -179548.912412111, 5132776.81719307, 5122716.68138935)
3392	2020-09-23	0	c(-151511.877679037, -164271.884641897, 5119676.31046864, 5132776.81719307)
3392	2020-09-23	0	c(-136288.043427458, -151511.877679037, 5129801.85783914, 5119676.31046864)
3456	2020-09-23	0	c(-123473.758243772, -136288.043427458, 5116765.76955523, 5129801.85783914)
3487	2020-09-23	0	c(-125823.721387359, -123473.758243772, 5093570.64132417, 5116765.76955523)
3510	2020-09-23	0	c(-179799.022100281, -177771.282456102, 4361121.83783081, 4384340.89187351)
3487	2020-09-23	0	c(-112895.987520821, -125823.721387359, 5080565.58019865, 5093570.64132417)
3510	2020-09-23	0	c(-165125.513001857, -179799.022100281, 4348164.33874596, 4361121.83783081)
3510	2020-09-23	0	c(-177771.282456102, -161164.83012867, 4384340.89187351, 4394598.58255177)
3553	2020-09-23	0	c(-104359.192632317, -102139.952730243, 5021197.32014032, 5044395.21389432)
3553	2020-09-23	0	c(-91206.9824705342, -104359.192632317, 5008255.18026804, 5021197.32014032)
3586	2020-09-23	0	c(-93361.645909592, -91206.9824705342, 4985056.24313315, 5008255.18026804)
3487	2020-09-23	0	c(-97677.6385656405, -112895.987520821, 5090788.97240568, 5080565.58019865)
3553	2020-09-23	0	c(-102139.952730243, -86874.2374373579, 5044395.21389432, 5054651.23860244)
3554	2020-09-23	18333.463751848005	c(-84696.2141862665, -97677.6385656405, 5077848.36019045, 5090788.97240568)
3587	2020-09-23	18390.97893580205	c(-86874.2374373579, -84696.2141862665, 5054651.23860244, 5077848.36019045)
3510	2020-09-23	0	c(-148479.564192826, -165125.513001857, 4358456.34296587, 4348164.33874596)
3510	2020-09-23	0	c(-161164.83012867, -146546.562444213, 4394598.58255177, 4381671.5745309)
3586	2020-09-23	0	c(-80098.414373764, -93361.645909592, 4972145.96500691, 4985056.24313315)
3619	2020-09-23	0	c(-82189.0327069386, -80098.414373764, 4948946.20034132, 4972145.96500691)
3510	2020-09-23	0	c(-146546.562444213, -148479.564192826, 4381671.5745309, 4358456.34296587)
3652	2020-09-23	0	c(-76878.588753423, -74874.2292016803, 4843263.68384102, 4866465.47262191)
3619	2020-09-23	0	c(-68815.5947438093, -82189.0327069386, 4936068.02980482, 4948946.20034132)
3653	2020-09-23	0	c(-70842.70510985, -68815.5947438093, 4912867.64559184, 4936068.02980482)
3652	2020-09-23	0	c(-63230.0628018993, -76878.588753423, 4830418.19526776, 4843263.68384102)
3686	2020-09-23	0	c(-65171.904604091, -63230.0628018993, 4807216.18562595, 4830418.19526776)
3652	2020-09-23	0	c(-74874.2292016803, -59324.0233919469, 4866465.47262191, 4876821.00862757)
3653	2020-09-23	0	c(-57359.8781979957, -70842.70510985, 4900021.81231792, 4912867.64559184)
3687	2020-09-23	0	c(-59324.0233919469, -57359.8781979957, 4876821.00862757, 4900021.81231792)
3686	2020-09-23	0	c(-51416.0151240254, -65171.904604091, 4794403.62045765, 4807216.18562595)
3721	2020-09-23	0	c(-53295.8955669126, -51416.0151240254, 4771201.57694951, 4794403.62045765)
3721	2020-09-23	0	c(-39433.4724622502, -53295.8955669126, 4758422.11362641, 4771201.57694951)
3721	2020-09-23	0	c(-23747.5716645952, -39433.4724622502, 4768876.54003562, 4758422.11362641)
3793	2020-09-23	0	c(-9835.40642387519, -23747.5716645952, 4756162.02964299, 4768876.54003562)
3793	2020-09-23	0	c(5799.30346514983, -9835.40642387519, 4766680.1909255, 4756162.02964299)
3866	2020-09-23	0	c(19761.1679518509, 5799.30346514983, 4754030.50642639, 4766680.1909255)
3800	2020-09-23	27314.333425328015	c(44177.3098583614, 42367.4252949192, 5277055.46656644, 5253857.59696884)
3836	2020-09-23	17989.94192406598	c(42367.4252949192, 55164.2331015494, 5253857.59696884, 5241209.42533279)
3837	2020-09-23	17928.092058806895	c(58675.1449273246, 44177.3098583614, 5287606.49666305, 5277055.46656644)
3910	2020-09-23	0	c(71413.5144816855, 58675.1449273246, 5274991.01308272, 5287606.49666305)
3866	2020-09-23	0	c(35344.7984592536, 19761.1679518509, 4764612.3340118, 4754030.50642639)
3836	2020-09-23	17989.94192406598	c(55164.2331015494, 53417.6263020413, 5241209.42533279, 5218010.83049293)
3872	2020-09-23	18048.987872893995	c(53417.6263020413, 66327.4960598212, 5218010.83049293, 5205393.51979762)
3946	2020-09-23	0	c(66327.4960598212, 80925.847501297, 5205393.51979762, 5216007.38329905)
3838	2020-09-23	17741.67259718776	c(65767.1065306294, 63985.4076541149, 5380400.168788, 5357201.80931098)
3874	2020-09-23	17801.47039194323	c(63985.4076541149, 76550.780604372, 5357201.80931098, 5344588.63791209)
3875	2020-09-23	0	c(80003.7927187391, 65767.1065306294, 5390987.12835754, 5380400.168788)
3839	2020-09-23	0	c(71146.7055431128, 69347.7792694786, 5449995.0145327, 5426796.77128677)
3875	2020-09-23	0	c(69347.7792694786, 81738.680524271, 5426796.77128677, 5414186.39592436)
3866	2020-09-23	0	c(36921.1848448575, 35344.7984592536, 4787811.22176942, 4764612.3340118)
3903	2020-09-23	18771.455827405553	c(52408.1855281661, 36921.1848448575, 4798424.16721416, 4787811.22176942)
3910	2020-09-23	0	c(85857.6227365797, 71413.5144816855, 5285606.68232482, 5274991.01308272)
3874	2020-09-23	17801.47039194323	c(76550.780604372, 74832.7021445055, 5344588.63791209, 5321389.41491687)
3910	2020-09-23	0	c(74832.7021445055, 87512.5870620781, 5321389.41491687, 5308806.58240297)
3875	2020-09-23	0	c(81738.680524271, 80003.7927187391, 5414186.39592436, 5390987.12835754)
3903	2020-09-23	18771.455827405553	c(53943.0489341657, 52408.1855281661, 4821622.67261419, 4798424.16721416)
3941	2020-09-23	18709.262144982236	c(69332.7993482351, 53943.0489341657, 4832266.95337572, 4821622.67261419)
4015	2020-09-23	0	c(83233.864349728, 69332.7993482351, 4819745.09721004, 4832266.95337572)
3946	2020-09-23	0	c(80925.847501297, 93890.276178132, 5216007.38329905, 5203453.61684927)
4020	2020-09-23	0	c(93890.276178132, 108435.270499784, 5203453.61684927, 5214131.97751191)
3910	2020-09-23	0	c(87512.5870620781, 85857.6227365797, 5308806.58240297, 5285606.68232482)
4015	2020-09-23	0	c(98572.3593178733, 83233.864349728, 4830453.14906185, 4819745.09721004)
4020	2020-09-23	0	c(108435.270499784, 121454.156647474, 5214131.97751191, 5201641.72334745)
4015	2020-09-23	0	c(99963.2070828654, 98572.3593178733, 4853650.83398523, 4830453.14906185)
4052	2020-09-23	0	c(115203.675393599, 99963.2070828654, 4864390.49350297, 4853650.83398523)
4016	2020-09-23	18524.91047644923	c(104167.611060483, 102760.851433876, 4923245.16768071, 4900046.84318075)
4052	2020-09-23	0	c(102760.851433876, 116551.306390173, 4900046.84318075, 4887588.27790193)
4053	2020-09-23	0	c(119261.861443961, 104167.611060483, 4933984.62360368, 4923245.16768071)
4017	2020-09-23	0	c(108419.41649447, 106996.912283531, 4992841.42191888, 4969642.4569698)
4053	2020-09-23	0	c(106996.912283531, 120624.749729197, 4969642.4569698, 4957183.18511253)
4054	2020-09-23	0	c(123365.657872767, 108419.41649447, 5003581.08585823, 4992841.42191888)
4018	2020-09-23	0	c(112718.117732966, 111280.038122865, 5062439.59870568, 5039239.99274089)
4054	2020-09-23	0	c(111280.038122865, 124743.641549152, 5039239.99274089, 5026780.42521857)
4055	2020-09-23	0	c(127514.57714767, 112718.117732966, 5073179.88211963, 5062439.59870568)
4019	2020-09-23	0	c(117063.203438781, 115609.719503381, 5132039.69912731, 5108839.45188712)
4055	2020-09-23	0	c(115609.719503381, 128907.492481945, 5108839.45188712, 5096379.9997011)
4056	2020-09-23	0	c(131708.126247435, 117063.203438781, 5142781.01312412, 5132039.69912731)
4020	2020-09-23	0	c(121454.156647474, 119985.44132989, 5201641.72334745, 5178440.83487994)
4056	2020-09-23	0	c(119985.44132989, 133115.807689002, 5178440.83487994, 5165981.90892349)
4052	2020-09-23	0	c(116551.306390173, 115203.675393599, 4887588.27790193, 4864390.49350297)
4053	2020-09-23	0	c(120624.749729197, 119261.861443961, 4957183.18511253, 4933984.62360368)
4054	2020-09-23	0	c(124743.641549152, 123365.657872767, 5026780.42521857, 5003581.08585823)
4055	2020-09-23	0	c(128907.492481945, 127514.57714767, 5096379.9997011, 5073179.88211963)
4056	2020-09-23	0	c(133115.807689002, 131708.126247435, 5165981.90892349, 5142781.01312412)
5678	2020-09-23	0	c(815479.076128725, 814287.104028042, 5104917.71984738, 5128119.1374647)
5678	2020-09-23	0	c(830096.546916202, 815479.076128725, 5094051.0579179, 5104917.71984738)
5707	2020-09-23	0	c(831334.993115906, 830096.546916202, 5070850.43132069, 5094051.0579179)
5678	2020-09-23	0	c(814287.104028042, 827606.472969342, 5128119.1374647, 5140453.46054754)
5707	2020-09-23	0	c(846054.661797812, 831334.993115906, 5060016.35389763, 5070850.43132069)
5678	2020-09-23	0	c(827606.472969342, 842174.01885915, 5140453.46054754, 5129618.24935651)
5736	2020-09-23	0	c(842174.01885915, 855439.849598103, 5129618.24935651, 5142016.23187729)
5707	2020-09-23	0	c(859486.430059474, 846054.661797812, 5072414.47302264, 5060016.35389763)
5765	2020-09-23	0	c(874258.62397385, 859486.430059474, 5061644.54286264, 5072414.47302264)
5736	2020-09-23	0	c(855439.849598103, 870060.324803528, 5142016.23187729, 5131245.23669869)
5793	2020-09-23	0	c(870060.324803528, 883272.53821247, 5131245.23669869, 5143706.91368603)
5765	2020-09-23	0	c(887637.485845674, 874258.62397385, 5074106.54822189, 5061644.54286264)
5821	2020-09-23	0	c(902462.239969876, 887637.485845674, 5063400.84429545, 5074106.54822189)
5793	2020-09-23	0	c(883272.53821247, 897945.964402817, 5143706.91368603, 5133000.22143151)
5821	2020-09-23	0	c(915788.122172648, 902462.239969876, 5075926.78745904, 5063400.84429545)
5873	2020-09-23	0	c(930665.474604086, 915788.122172648, 5065285.39444699, 5075926.78745904)
5895	2020-09-23	0	c(932265.587023539, 930665.474604086, 5042086.20609643, 5065285.39444699)
5793	2020-09-23	0	c(897945.964402817, 899456.710087885, 5133000.22143151, 5109800.26633405)
5821	2020-09-23	23249.091789764698	c(899456.710087885, 914232.408115612, 5109800.26633405, 5099126.28874004)
5873	2020-09-23	23251.60437291365	c(914232.408115612, 927448.098930551, 5099126.28874004, 5111683.9588642)
5896	2020-09-23	0	c(927448.098930551, 925830.87835036, 5111683.9588642, 5134883.33503981)
5895	2020-09-23	0	c(947243.97872962, 932265.587023539, 5031477.25383784, 5042086.20609643)
5896	2020-09-23	0	c(925830.87835036, 938935.600172526, 5134883.33503981, 5147472.52199796)
5895	2020-09-23	0	c(960573.895898359, 947243.97872962, 5044099.45778691, 5031477.25383784)
5938	2020-09-23	0	c(975604.769503815, 960573.895898359, 5033554.89483882, 5044099.45778691)
5896	2020-09-23	0	c(938935.600172526, 953715.005348702, 5147472.52199796, 5136894.71855157)
5896	2020-09-23	0	c(953715.005348702, 955438.822630544, 5136894.71855157, 5113695.96976157)
5917	2020-09-23	0	c(955438.822630544, 970320.164654931, 5113695.96976157, 5103150.89610056)
5917	2020-09-23	0	c(970320.164654931, 972087.973494001, 5103150.89610056, 5079952.32940537)
5938	2020-09-23	18305.89313580923	c(972087.973494001, 987070.648954915, 5079952.32940537, 5069439.83540088)
5938	2020-09-23	18305.89313580923	c(987070.648954915, 988881.879881126, 5069439.83540088, 5046241.29023426)
1318	2020-09-24	0	c(-1066245.01508129, -1059457.94551391, 5635556.68953878, 5658488.63233417)
1318	2020-09-24	0	c(-1056488.42850788, -1066245.01508129, 5620227.01931096, 5635556.68953878)
1318	2020-09-24	0	c(-1040016.43209495, -1056488.42850788, 5627878.10172332, 5620227.01931096)
1373	2020-09-24	18162.206030884172	c(-1030192.38961903, -1040016.43209495, 5612612.72283877, 5627878.10172332)
1400	2020-09-24	0	c(-1036768.96328473, -1030192.38961903, 5589648.06146561, 5612612.72283877)
1400	2020-09-24	0	c(-1026806.61629611, -1036768.96328473, 5574399.19549213, 5589648.06146561)
1427	2020-09-24	0	c(-1033295.28241554, -1026806.61629611, 5551413.98650938, 5574399.19549213)
1427	2020-09-24	0	c(-1023195.33320812, -1033295.28241554, 5536182.5587857, 5551413.98650938)
1427	2020-09-24	0	c(-1006678.02594854, -1023195.33320812, 5543983.71602907, 5536182.5587857)
1482	2020-09-24	0	c(-996512.316647073, -1006678.02594854, 5528817.50218745, 5543983.71602907)
1482	2020-09-24	0	c(-980049.893140128, -996512.316647073, 5536693.06013482, 5528817.50218745)
1538	2020-09-24	0	c(-969818.793651695, -980049.893140128, 5521591.98083405, 5536693.06013482)
1538	2020-09-24	0	c(-953411.228920908, -969818.793651695, 5529541.56564999, 5521591.98083405)
1594	2020-09-24	0	c(-943115.101674419, -953411.228920908, 5514505.54150437, 5529541.56564999)
1594	2020-09-24	0	c(-926762.369666241, -943115.101674419, 5522528.78671834, 5514505.54150437)
1594	2020-09-24	0	c(-920755.0906883, -926762.369666241, 5545551.15103734, 5522528.78671834)
1623	2020-09-24	18129.589660448317	c(-904506.524330098, -920755.0906883, 5553611.10347047, 5545551.15103734)
1623	2020-09-24	18129.589660448317	c(-898533.468024113, -904506.524330098, 5576625.00992422, 5553611.10347047)
1651	2020-09-24	18052.88919286361	c(-882389.350505155, -898533.468024113, 5584722.05168488, 5576625.00992422)
1651	2020-09-24	18052.88919286361	c(-876450.997115712, -882389.350505155, 5607727.9934474, 5584722.05168488)
1936	2020-09-24	17999.303443193894	c(-777087.116393519, -771625.837451117, 5558697.03772195, 5581738.58967217)
1936	2020-09-24	17999.303443193894	c(-766608.574922639, -777087.116393519, 5544071.37555469, 5558697.03772195)
1964	2020-09-24	0	c(-771987.194710104, -766608.574922639, 5521015.47269184, 5544071.37555469)
1964	2020-09-24	0	c(-761376.657534397, -771987.194710104, 5506410.84136108, 5521015.47269184)
1964	2020-09-24	0	c(-745455.998677528, -761376.657534397, 5514904.80029377, 5506410.84136108)
2021	2020-09-24	18044.797499195538	c(-734782.465843064, -745455.998677528, 5500364.21884906, 5514904.80029377)
2049	2020-09-24	0	c(-739961.439729539, -734782.465843064, 5477287.48091165, 5500364.21884906)
2049	2020-09-24	0	c(-729157.263687529, -739961.439729539, 5462769.0707324, 5477287.48091165)
2049	2020-09-24	0	c(-713242.16492659, -729157.263687529, 5471369.27220289, 5462769.0707324)
2049	2020-09-24	18083.0147847278	c(-708180.156862147, -713242.16492659, 5494452.7774725, 5471369.27220289)
2078	2020-09-24	35719.0796223797	c(-692368.624393927, -708180.156862147, 5503088.82401651, 5494452.7774725)
2078	2020-09-24	37956.746033099465	c(-687342.635899481, -692368.624393927, 5526166.79099057, 5503088.82401651)
2107	2020-09-24	26977.869979344465	c(-671635.033966597, -687342.635899481, 5534839.00972797, 5526166.79099057)
2107	2020-09-24	26861.83593484399	c(-666645.570174796, -671635.033966597, 5557911.85072821, 5534839.00972797)
2530	2020-09-24	0	c(-506328.637589839, -502114.839619712, 5465951.75459462, 5489073.09401413)
2530	2020-09-24	0	c(-495101.025404116, -506328.637589839, 5451984.77642172, 5465951.75459462)
2558	2020-09-24	0	c(-499238.296026504, -495101.025404116, 5428855.01108569, 5451984.77642172)
2530	2020-09-24	0	c(-502114.839619712, -486788.421179118, 5489073.09401413, 5498232.85338094)
2559	2020-09-24	17854.979526004652	c(-486788.421179118, -482613.20488862, 5498232.85338094, 5521351.17551596)
2558	2020-09-24	0	c(-487885.24360209, -499238.296026504, 5414913.24742462, 5428855.01108569)
2586	2020-09-24	0	c(-491946.382354851, -487885.24360209, 5391775.46926915, 5414913.24742462)
2586	2020-09-24	0	c(-480468.664202421, -491946.382354851, 5377859.50520832, 5391775.46926915)
2614	2020-09-24	0	c(-484454.07549737, -480468.664202421, 5354714.12109115, 5377859.50520832)
2614	2020-09-24	0	c(-472852.474164223, -484454.07549737, 5340824.52565097, 5354714.12109115)
2614	2020-09-24	0	c(-457330.271418014, -472852.474164223, 5350118.00652849, 5340824.52565097)
2673	2020-09-24	0	c(-445670.066308972, -457330.271418014, 5336292.69722991, 5350118.00652849)
2702	2020-09-24	0	c(-449467.654636716, -445670.066308972, 5313136.580768, 5336292.69722991)
2702	2020-09-24	0	c(-437684.906196017, -449467.654636716, 5299338.44461017, 5313136.580768)
2702	2020-09-24	0	c(-422168.807437425, -437684.906196017, 5308733.49923395, 5299338.44461017)
2762	2020-09-24	0	c(-410328.219043704, -422168.807437425, 5294999.81769585, 5308733.49923395)
2792	2020-09-24	0	c(-413939.900851264, -410328.219043704, 5271834.35540436, 5294999.81769585)
2792	2020-09-24	0	c(-401978.109175953, -413939.900851264, 5258128.59757296, 5271834.35540436)
2792	2020-09-24	0	c(-386468.28203218, -401978.109175953, 5267624.78500736, 5258128.59757296)
2855	2020-09-24	18186.04722910136	c(-374449.394071152, -386468.28203218, 5253983.6231401, 5267624.78500736)
2886	2020-09-24	0	c(-377877.104707709, -374449.394071152, 5230810.1211906, 5253983.6231401)
2886	2020-09-24	0	c(-365738.35207125, -377877.104707709, 5217197.58008347, 5230810.1211906)
2917	2020-09-24	0	c(-369093.924561544, -365738.35207125, 5194019.21781408, 5217197.58008347)
2917	2020-09-24	0	c(-356836.116387894, -369093.924561544, 5180435.75586027, 5194019.21781408)
2917	2020-09-24	0	c(-341285.489536159, -356836.116387894, 5190066.31372414, 5180435.75586027)
2981	2020-09-24	0	c(-328971.834194328, -341285.489536159, 5176547.74845075, 5190066.31372414)
2981	2020-09-24	0	c(-313474.894366702, -328971.834194328, 5186244.88041448, 5176547.74845075)
3046	2020-09-24	18280.85097426009	c(-301105.566362903, -313474.894366702, 5172791.11588324, 5186244.88041448)
3078	2020-09-24	0	c(-304171.204265343, -301105.566362903, 5149605.13213603, 5172791.11588324)
3078	2020-09-24	0	c(-291684.678127934, -304171.204265343, 5136181.22392701, 5149605.13213603)
3078	2020-09-24	0	c(-276194.274624667, -291684.678127934, 5145978.17159733, 5136181.22392701)
3143	2020-09-24	0	c(-263652.754261031, -276194.274624667, 5132619.12932993, 5145978.17159733)
3143	2020-09-24	0	c(-248215.789293455, -263652.754261031, 5142482.11800705, 5132619.12932993)
3206	2020-09-24	0	c(-235619.429639283, -248215.789293455, 5129187.84560266, 5142482.11800705)
3206	2020-09-24	0	c(-220235.838727271, -235619.429639283, 5139116.70837545, 5129187.84560266)
3268	2020-09-24	0	c(-207584.788775175, -220235.838727271, 5125887.11297857, 5139116.70837545)
3298	2020-09-24	0	c(-210256.7083478, -207584.788775175, 5102694.52740341, 5125887.11297857)
3298	2020-09-24	0	c(-197490.778080074, -210256.7083478, 5089495.59743136, 5102694.52740341)
3298	2020-09-24	0	c(-182113.320224417, -197490.778080074, 5099523.19028277, 5089495.59743136)
3360	2020-09-24	0	c(-169293.327715992, -182113.320224417, 5086388.97386369, 5099523.19028277)
3360	2020-09-24	0	c(-153968.969370481, -169293.327715992, 5096481.97274198, 5086388.97386369)
3360	2020-09-24	0	c(-151511.877679037, -153968.969370481, 5119676.31046864, 5096481.97274198)
3392	2020-09-24	23324.120608469733	c(-136288.043427458, -151511.877679037, 5129801.85783914, 5119676.31046864)
3456	2020-09-24	23313.86498269822	c(-123473.758243772, -136288.043427458, 5116765.76955523, 5129801.85783914)
3487	2020-09-24	0	c(-125823.721387359, -123473.758243772, 5093570.64132417, 5116765.76955523)
3510	2020-09-24	0	c(-179799.022100281, -177771.282456102, 4361121.83783081, 4384340.89187351)
3487	2020-09-24	0	c(-112895.987520821, -125823.721387359, 5080565.58019865, 5093570.64132417)
3520	2020-09-24	0	c(-115180.329335614, -112895.987520821, 5057368.95349208, 5080565.58019865)
3510	2020-09-24	0	c(-165125.513001857, -179799.022100281, 4348164.33874596, 4361121.83783081)
3543	2020-09-24	0	c(-167092.657081089, -165125.513001857, 4324946.21579625, 4348164.33874596)
3510	2020-09-24	0	c(-177771.282456102, -161164.83012867, 4384340.89187351, 4394598.58255177)
3520	2020-09-24	0	c(-102139.952730243, -115180.329335614, 5044395.21389432, 5057368.95349208)
3553	2020-09-24	0	c(-104359.192632317, -102139.952730243, 5021197.32014032, 5044395.21389432)
3543	2020-09-24	0	c(-152319.773352868, -167092.657081089, 4312024.08888059, 4324946.21579625)
3553	2020-09-24	0	c(-91206.9824705342, -104359.192632317, 5008255.18026804, 5021197.32014032)
3586	2020-09-24	0	c(-93361.645909592, -91206.9824705342, 4985056.24313315, 5008255.18026804)
3510	2020-09-24	0	c(-161164.83012867, -146546.562444213, 4394598.58255177, 4381671.5745309)
3586	2020-09-24	0	c(-80098.414373764, -93361.645909592, 4972145.96500691, 4985056.24313315)
3619	2020-09-24	18509.14887480918	c(-82189.0327069386, -80098.414373764, 4948946.20034132, 4972145.96500691)
3543	2020-09-24	0	c(-135634.610515677, -152319.773352868, 4322350.31626811, 4312024.08888059)
3510	2020-09-24	0	c(-146546.562444213, -148479.564192826, 4381671.5745309, 4358456.34296587)
3543	2020-09-24	0	c(-148479.564192826, -133761.488073438, 4358456.34296587, 4345564.49201124)
3652	2020-09-24	0	c(-76878.588753423, -74874.2292016803, 4843263.68384102, 4866465.47262191)
3619	2020-09-24	18569.821553551465	c(-68815.5947438093, -82189.0327069386, 4936068.02980482, 4948946.20034132)
3653	2020-09-24	0	c(-70842.70510985, -68815.5947438093, 4912867.64559184, 4936068.02980482)
3543	2020-09-24	0	c(-133761.488073438, -135634.610515677, 4345564.49201124, 4322350.31626811)
3652	2020-09-24	0	c(-63230.0628018993, -76878.588753423, 4830418.19526776, 4843263.68384102)
3686	2020-09-24	0	c(-65171.904604091, -63230.0628018993, 4807216.18562595, 4830418.19526776)
3652	2020-09-24	0	c(-74874.2292016803, -59324.0233919469, 4866465.47262191, 4876821.00862757)
3653	2020-09-24	0	c(-57359.8781979957, -70842.70510985, 4900021.81231792, 4912867.64559184)
3687	2020-09-24	0	c(-59324.0233919469, -57359.8781979957, 4876821.00862757, 4900021.81231792)
3686	2020-09-24	0	c(-51416.0151240254, -65171.904604091, 4794403.62045765, 4807216.18562595)
3721	2020-09-24	0	c(-53295.8955669126, -51416.0151240254, 4771201.57694951, 4794403.62045765)
3721	2020-09-24	0	c(-39433.4724622502, -53295.8955669126, 4758422.11362641, 4771201.57694951)
3721	2020-09-24	0	c(-23747.5716645952, -39433.4724622502, 4768876.54003562, 4758422.11362641)
3793	2020-09-24	18850.530904446223	c(-9835.40642387519, -23747.5716645952, 4756162.02964299, 4768876.54003562)
3793	2020-09-24	18840.068414737983	c(5799.30346514983, -9835.40642387519, 4766680.1909255, 4756162.02964299)
3866	2020-09-24	0	c(19761.1679518509, 5799.30346514983, 4754030.50642639, 4766680.1909255)
3866	2020-09-24	0	c(35344.7984592536, 19761.1679518509, 4764612.3340118, 4754030.50642639)
3940	2020-09-24	0	c(49356.3249539243, 35344.7984592536, 4752027.3531765, 4764612.3340118)
3839	2020-09-24	17679.253397323726	c(71146.7055431128, 69347.7792694786, 5449995.0145327, 5426796.77128677)
3875	2020-09-24	0	c(69347.7792694786, 81738.680524271, 5426796.77128677, 5414186.39592436)
3873	2020-09-24	17987.335161526345	c(71413.5144816855, 69712.4506783264, 5274991.01308272, 5251791.83412144)
3909	2020-09-24	0	c(69712.4506783264, 82564.2311138442, 5251791.83412144, 5239207.08279889)
3910	2020-09-24	17923.046665017922	c(85857.6227365797, 71413.5144816855, 5285606.68232482, 5274991.01308272)
3875	2020-09-24	0	c(81738.680524271, 80003.7927187391, 5414186.39592436, 5390987.12835754)
3911	2020-09-24	0	c(80003.7927187391, 92510.2904443399, 5390987.12835754, 5378406.68413293)
3940	2020-09-24	0	c(64888.9842491106, 49356.3249539243, 4762672.78509749, 4752027.3531765)
3909	2020-09-24	0	c(82564.2311138442, 80925.847501297, 5239207.08279889, 5216007.38329905)
3946	2020-09-24	0	c(80925.847501297, 93890.276178132, 5216007.38329905, 5203453.61684927)
4020	2020-09-24	0	c(93890.276178132, 108435.270499784, 5203453.61684927, 5214131.97751191)
3910	2020-09-24	17861.130248705416	c(87512.5870620781, 85857.6227365797, 5308806.58240297, 5285606.68232482)
3948	2020-09-24	0	c(101851.981179175, 87512.5870620781, 5319455.60818545, 5308806.58240297)
3911	2020-09-24	0	c(92510.2904443399, 90838.9429782479, 5378406.68413293, 5355206.5832921)
3948	2020-09-24	0	c(90838.9429782479, 103460.29216036, 5355206.5832921, 5342656.35872202)
3940	2020-09-24	0	c(66364.4973130879, 64888.9842491106, 4785870.72484793, 4762672.78509749)
3977	2020-09-24	0	c(81800.3884075245, 66364.4973130879, 4796547.36297325, 4785870.72484793)
3948	2020-09-24	0	c(103460.29216036, 101851.981179175, 5342656.35872202, 5319455.60818545)
3977	2020-09-24	0	c(83233.864349728, 81800.3884075245, 4819745.09721004, 4796547.36297325)
4015	2020-09-24	0	c(98572.3593178733, 83233.864349728, 4830453.14906185, 4819745.09721004)
4020	2020-09-24	0	c(108435.270499784, 121454.156647474, 5214131.97751191, 5201641.72334745)
4015	2020-09-24	0	c(99963.2070828654, 98572.3593178733, 4853650.83398523, 4830453.14906185)
4052	2020-09-24	0	c(115203.675393599, 99963.2070828654, 4864390.49350297, 4853650.83398523)
4017	2020-09-24	0	c(108419.41649447, 106996.912283531, 4992841.42191888, 4969642.4569698)
4053	2020-09-24	0	c(106996.912283531, 120624.749729197, 4969642.4569698, 4957183.18511253)
4054	2020-09-24	0	c(123365.657872767, 108419.41649447, 5003581.08585823, 4992841.42191888)
4018	2020-09-24	0	c(112718.117732966, 111280.038122865, 5062439.59870568, 5039239.99274089)
4054	2020-09-24	0	c(111280.038122865, 124743.641549152, 5039239.99274089, 5026780.42521857)
4055	2020-09-24	0	c(127514.57714767, 112718.117732966, 5073179.88211963, 5062439.59870568)
4019	2020-09-24	0	c(117063.203438781, 115609.719503381, 5132039.69912731, 5108839.45188712)
4055	2020-09-24	0	c(115609.719503381, 128907.492481945, 5108839.45188712, 5096379.9997011)
4056	2020-09-24	0	c(131708.126247435, 117063.203438781, 5142781.01312412, 5132039.69912731)
4020	2020-09-24	0	c(121454.156647474, 119985.44132989, 5201641.72334745, 5178440.83487994)
4056	2020-09-24	0	c(119985.44132989, 133115.807689002, 5178440.83487994, 5165981.90892349)
4052	2020-09-24	0	c(116551.306390173, 115203.675393599, 4887588.27790193, 4864390.49350297)
4090	2020-09-24	0	c(131693.114995305, 116551.306390173, 4898359.72538345, 4887588.27790193)
4053	2020-09-24	0	c(120624.749729197, 119261.861443961, 4957183.18511253, 4933984.62360368)
4090	2020-09-24	0	c(119261.861443961, 132996.943136238, 4933984.62360368, 4921557.75060068)
4054	2020-09-24	0	c(124743.641549152, 123365.657872767, 5026780.42521857, 5003581.08585823)
4055	2020-09-24	0	c(128907.492481945, 127514.57714767, 5096379.9997011, 5073179.88211963)
4056	2020-09-24	0	c(133115.807689002, 131708.126247435, 5165981.90892349, 5142781.01312412)
4090	2020-09-24	0	c(132996.943136238, 131693.114995305, 4921557.75060068, 4898359.72538345)
5678	2020-09-24	0	c(815479.076128725, 814287.104028042, 5104917.71984738, 5128119.1374647)
5678	2020-09-24	0	c(830096.546916202, 815479.076128725, 5094051.0579179, 5104917.71984738)
5707	2020-09-24	18214.137193736282	c(831334.993115906, 830096.546916202, 5070850.43132069, 5094051.0579179)
5678	2020-09-24	0	c(814287.104028042, 827606.472969342, 5128119.1374647, 5140453.46054754)
5707	2020-09-24	18274.820876219503	c(846054.661797812, 831334.993115906, 5060016.35389763, 5070850.43132069)
5678	2020-09-24	0	c(827606.472969342, 842174.01885915, 5140453.46054754, 5129618.24935651)
5736	2020-09-24	0	c(842174.01885915, 855439.849598103, 5129618.24935651, 5142016.23187729)
5707	2020-09-24	23235.470490243755	c(859486.430059474, 846054.661797812, 5072414.47302264, 5060016.35389763)
5765	2020-09-24	23241.292271976337	c(874258.62397385, 859486.430059474, 5061644.54286264, 5072414.47302264)
5736	2020-09-24	0	c(855439.849598103, 870060.324803528, 5142016.23187729, 5131245.23669869)
5793	2020-09-24	0	c(870060.324803528, 883272.53821247, 5131245.23669869, 5143706.91368603)
5765	2020-09-24	23241.292271976337	c(887637.485845674, 874258.62397385, 5074106.54822189, 5061644.54286264)
5821	2020-09-24	23247.57040267834	c(902462.239969876, 887637.485845674, 5063400.84429545, 5074106.54822189)
5793	2020-09-24	0	c(883272.53821247, 897945.964402817, 5143706.91368603, 5133000.22143151)
5848	2020-09-24	0	c(897945.964402817, 911104.476485777, 5133000.22143151, 5145525.63191698)
5821	2020-09-24	23247.57040267834	c(915788.122172648, 902462.239969876, 5075926.78745904, 5063400.84429545)
5873	2020-09-24	23254.304975198156	c(930665.474604086, 915788.122172648, 5065285.39444699, 5075926.78745904)
5895	2020-09-24	0	c(932265.587023539, 930665.474604086, 5042086.20609643, 5065285.39444699)
5895	2020-09-24	0	c(947243.97872962, 932265.587023539, 5031477.25383784, 5042086.20609643)
5848	2020-09-24	0	c(911104.476485777, 925830.87835036, 5145525.63191698, 5134883.33503981)
5896	2020-09-24	0	c(925830.87835036, 938935.600172526, 5134883.33503981, 5147472.52199796)
5895	2020-09-24	0	c(960573.895898359, 947243.97872962, 5044099.45778691, 5031477.25383784)
5938	2020-09-24	0	c(975604.769503815, 960573.895898359, 5033554.89483882, 5044099.45778691)
5896	2020-09-24	0	c(938935.600172526, 953715.005348702, 5147472.52199796, 5136894.71855157)
5896	2020-09-24	0	c(953715.005348702, 955438.822630544, 5136894.71855157, 5113695.96976157)
5917	2020-09-24	18241.718918726252	c(955438.822630544, 970320.164654931, 5113695.96976157, 5103150.89610056)
5960	2020-09-24	0	c(970320.164654931, 983428.825728612, 5103150.89610056, 5115836.45142798)
5960	2020-09-24	0	c(983428.825728612, 998363.046389076, 5115836.45142798, 5105355.98119037)
5960	2020-09-24	0	c(998363.046389076, 1000237.10170703, 5105355.98119037, 5082157.94239155)
5983	2020-09-24	0	c(1000237.10170703, 1015272.50777158, 5082157.94239155, 5071710.04819669)
1318	2020-09-25	0	c(-1066245.01508129, -1059457.94551391, 5635556.68953878, 5658488.63233417)
1318	2020-09-25	0	c(-1056488.42850788, -1066245.01508129, 5620227.01931096, 5635556.68953878)
1345	2020-09-25	0	c(-1063186.8629022, -1056488.42850788, 5597273.15600378, 5620227.01931096)
1345	2020-09-25	0	c(-1053291.31554149, -1063186.8629022, 5581959.48929616, 5597273.15600378)
1345	2020-09-25	0	c(-1036768.96328473, -1053291.31554149, 5589648.06146561, 5581959.48929616)
1400	2020-09-25	0	c(-1026806.61629611, -1036768.96328473, 5574399.19549213, 5589648.06146561)
1427	2020-09-25	0	c(-1033295.28241554, -1026806.61629611, 5551413.98650938, 5574399.19549213)
1427	2020-09-25	0	c(-1023195.33320812, -1033295.28241554, 5536182.5587857, 5551413.98650938)
1427	2020-09-25	0	c(-1006678.02594854, -1023195.33320812, 5543983.71602907, 5536182.5587857)
1482	2020-09-25	0	c(-996512.316647073, -1006678.02594854, 5528817.50218745, 5543983.71602907)
1510	2020-09-25	0	c(-1002792.91350792, -996512.316647073, 5505803.34397174, 5528817.50218745)
1510	2020-09-25	0	c(-992490.981473065, -1002792.91350792, 5490655.94318967, 5505803.34397174)
1510	2020-09-25	0	c(-975979.407159663, -992490.981473065, 5498569.09801602, 5490655.94318967)
1510	2020-09-25	0	c(-969818.793651695, -975979.407159663, 5521591.98083405, 5498569.09801602)
1538	2020-09-25	0	c(-953411.228920908, -969818.793651695, 5529541.56564999, 5521591.98083405)
1594	2020-09-25	0	c(-943115.101674419, -953411.228920908, 5514505.54150437, 5529541.56564999)
1594	2020-09-25	0	c(-926762.369666241, -943115.101674419, 5522528.78671834, 5514505.54150437)
1650	2020-09-25	0	c(-916401.569682563, -926762.369666241, 5507557.73840935, 5522528.78671834)
1650	2020-09-25	0	c(-900103.64338609, -916401.569682563, 5515654.28486237, 5507557.73840935)
1650	2020-09-25	0	c(-894215.762101163, -900103.64338609, 5538685.21207318, 5515654.28486237)
1679	2020-09-25	0	c(-878021.899308851, -894215.762101163, 5546818.34597796, 5538685.21207318)
1679	2020-09-25	0	c(-872168.431848956, -878021.899308851, 5569841.20392565, 5546818.34597796)
1708	2020-09-25	0	c(-856078.926300072, -872168.431848956, 5578011.30089956, 5569841.20392565)
1708	2020-09-25	0	c(-850260.356384824, -856078.926300072, 5601026.57256526, 5578011.30089956)
1879	2020-09-25	0	c(-803427.489843305, -797847.450977211, 5564999.18642596, 5588032.25663795)
1879	2020-09-25	0	c(-793012.863380143, -803427.489843305, 5550309.81485867, 5564999.18642596)
1907	2020-09-25	0	c(-798509.681603969, -793012.863380143, 5527261.77219762, 5550309.81485867)
1907	2020-09-25	0	c(-787962.450674009, -798509.681603969, 5512593.02435361, 5527261.77219762)
1907	2020-09-25	0	c(-771987.194710104, -787962.450674009, 5521015.47269184, 5512593.02435361)
1964	2020-09-25	18059.52488639653	c(-761376.657534397, -771987.194710104, 5506410.84136108, 5521015.47269184)
1992	2020-09-25	0	c(-766672.924930728, -761376.657534397, 5483341.10837177, 5506410.84136108)
1992	2020-09-25	0	c(-755931.137985202, -766672.924930728, 5468758.2667317, 5483341.10837177)
1992	2020-09-25	0	c(-739961.439729539, -755931.137985202, 5477287.48091165, 5468758.2667317)
2049	2020-09-25	18104.66119275144	c(-729157.263687529, -739961.439729539, 5462769.0707324, 5477287.48091165)
2077	2020-09-25	0	c(-734254.784709642, -729157.263687529, 5439679.60694777, 5462769.0707324)
2077	2020-09-25	0	c(-723320.725360289, -734254.784709642, 5425184.09498841, 5439679.60694777)
2077	2020-09-25	0	c(-707357.037569544, -723320.725360289, 5433819.56258516, 5425184.09498841)
2077	2020-09-25	0	c(-702375.898084159, -707357.037569544, 5456915.2184942, 5433819.56258516)
2106	2020-09-25	18068.982966550684	c(-686515.368237325, -702375.898084159, 5465586.10462463, 5456915.2184942)
2163	2020-09-25	0	c(-675587.302118238, -686515.368237325, 5451196.33338453, 5465586.10462463)
2163	2020-09-25	0	c(-659781.310643919, -675587.302118238, 5459937.60836026, 5451196.33338453)
2163	2020-09-25	0	c(-654952.277890217, -659781.310643919, 5483033.95885456, 5459937.60836026)
2192	2020-09-25	17982.327655520738	c(-639249.780774039, -654952.277890217, 5491810.89317846, 5483033.95885456)
2164	2020-09-25	26842.280324495037	c(-640378.536265299, -645250.820682551, 5552290.35987722, 5529210.32637835)
2192	2020-09-25	17916.03304102635	c(-645250.820682551, -634457.308225153, 5529210.32637835, 5514902.36499145)
2192	2020-09-25	17916.03304102635	c(-634457.308225153, -639249.780774039, 5514902.36499145, 5491810.89317846)
2502	2020-09-25	0	c(-513216.245375236, -508925.533632614, 5503064.68566715, 5526177.17998237)
2529	2020-09-25	0	c(-518892.813063609, -514717.683730589, 5396564.05563044, 5419697.24056844)
2502	2020-09-25	0	c(-502114.839619712, -513216.245375236, 5489073.09401413, 5503064.68566715)
2530	2020-09-25	17860.734775860332	c(-506328.637589839, -502114.839619712, 5465951.75459462, 5489073.09401413)
2529	2020-09-25	0	c(-507474.481802786, -518892.813063609, 5382584.00189861, 5396564.05563044)
2529	2020-09-25	0	c(-514717.683730589, -499238.296026504, 5419697.24056844, 5428855.01108569)
2530	2020-09-25	17926.12809731593	c(-495101.025404116, -506328.637589839, 5451984.77642172, 5465951.75459462)
2558	2020-09-25	17985.444240826342	c(-499238.296026504, -495101.025404116, 5428855.01108569, 5451984.77642172)
2529	2020-09-25	0	c(-491946.382354851, -507474.481802786, 5391775.46926915, 5382584.00189861)
2586	2020-09-25	0	c(-480468.664202421, -491946.382354851, 5377859.50520832, 5391775.46926915)
2614	2020-09-25	0	c(-484454.07549737, -480468.664202421, 5354714.12109115, 5377859.50520832)
2614	2020-09-25	0	c(-472852.474164223, -484454.07549737, 5340824.52565097, 5354714.12109115)
2614	2020-09-25	0	c(-457330.271418014, -472852.474164223, 5350118.00652849, 5340824.52565097)
2673	2020-09-25	0	c(-445670.066308972, -457330.271418014, 5336292.69722991, 5350118.00652849)
2702	2020-09-25	0	c(-449467.654636716, -445670.066308972, 5313136.580768, 5336292.69722991)
2702	2020-09-25	0	c(-437684.906196017, -449467.654636716, 5299338.44461017, 5313136.580768)
2702	2020-09-25	0	c(-422168.807437425, -437684.906196017, 5308733.49923395, 5299338.44461017)
2762	2020-09-25	18138.808452326433	c(-410328.219043704, -422168.807437425, 5294999.81769585, 5308733.49923395)
2792	2020-09-25	18197.13881137207	c(-413939.900851264, -410328.219043704, 5271834.35540436, 5294999.81769585)
2792	2020-09-25	18197.13881137207	c(-401978.109175953, -413939.900851264, 5258128.59757296, 5271834.35540436)
2823	2020-09-25	0	c(-405516.574420973, -401978.109175953, 5234957.53404034, 5258128.59757296)
2823	2020-09-25	0	c(-393434.383299829, -405516.574420973, 5221280.18971744, 5234957.53404034)
2823	2020-09-25	0	c(-377877.104707709, -393434.383299829, 5230810.1211906, 5221280.18971744)
2886	2020-09-25	18244.136347767544	c(-365738.35207125, -377877.104707709, 5217197.58008347, 5230810.1211906)
2917	2020-09-25	0	c(-369093.924561544, -365738.35207125, 5194019.21781408, 5217197.58008347)
2917	2020-09-25	0	c(-356836.116387894, -369093.924561544, 5180435.75586027, 5194019.21781408)
2917	2020-09-25	0	c(-341285.489536159, -356836.116387894, 5190066.31372414, 5180435.75586027)
2981	2020-09-25	18291.24490709215	c(-328971.834194328, -341285.489536159, 5176547.74845075, 5190066.31372414)
3013	2020-09-25	0	c(-332146.483758432, -328971.834194328, 5153363.2722398, 5176547.74845075)
3013	2020-09-25	0	c(-319715.11280249, -332146.483758432, 5139874.3988548, 5153363.2722398)
3013	2020-09-25	0	c(-304171.204265343, -319715.11280249, 5149605.13213603, 5139874.3988548)
3078	2020-09-25	0	c(-291684.678127934, -304171.204265343, 5136181.22392701, 5149605.13213603)
3078	2020-09-25	0	c(-276194.274624667, -291684.678127934, 5145978.17159733, 5136181.22392701)
3143	2020-09-25	0	c(-263652.754261031, -276194.274624667, 5132619.12932993, 5145978.17159733)
3143	2020-09-25	0	c(-248215.789293455, -263652.754261031, 5142482.11800705, 5132619.12932993)
3206	2020-09-25	0	c(-235619.429639283, -248215.789293455, 5129187.84560266, 5142482.11800705)
3206	2020-09-25	0	c(-220235.838727271, -235619.429639283, 5139116.70837545, 5129187.84560266)
3268	2020-09-25	18309.483480126633	c(-207584.788775175, -220235.838727271, 5125887.11297857, 5139116.70837545)
3298	2020-09-25	0	c(-210256.7083478, -207584.788775175, 5102694.52740341, 5125887.11297857)
3298	2020-09-25	0	c(-197490.778080074, -210256.7083478, 5089495.59743136, 5102694.52740341)
3298	2020-09-25	0	c(-182113.320224417, -197490.778080074, 5099523.19028277, 5089495.59743136)
3360	2020-09-25	0	c(-169293.327715992, -182113.320224417, 5086388.97386369, 5099523.19028277)
3360	2020-09-25	0	c(-153968.969370481, -169293.327715992, 5096481.97274198, 5086388.97386369)
3423	2020-09-25	0	c(-141095.044240893, -153968.969370481, 5083412.37808731, 5096481.97274198)
3477	2020-09-25	0	c(-192344.526111587, -190255.588895727, 4397333.67740935, 4420553.48316153)
3477	2020-09-25	0	c(-177771.282456102, -192344.526111587, 4384340.89187351, 4397333.67740935)
3510	2020-09-25	0	c(-179799.022100281, -177771.282456102, 4361121.83783081, 4384340.89187351)
3477	2020-09-25	0	c(-190255.588895727, -173688.91988374, 4420553.48316153, 4430776.7778702)
3423	2020-09-25	0	c(-125823.721387359, -141095.044240893, 5093570.64132417, 5083412.37808731)
3487	2020-09-25	0	c(-112895.987520821, -125823.721387359, 5080565.58019865, 5093570.64132417)
3520	2020-09-25	0	c(-115180.329335614, -112895.987520821, 5057368.95349208, 5080565.58019865)
3510	2020-09-25	0	c(-165125.513001857, -179799.022100281, 4348164.33874596, 4361121.83783081)
3543	2020-09-25	0	c(-167092.657081089, -165125.513001857, 4324946.21579625, 4348164.33874596)
3552	2020-09-25	0	c(-110968.884748214, -108773.688421255, 4951599.57844066, 4974799.50257234)
3520	2020-09-25	0	c(-102139.952730243, -115180.329335614, 5044395.21389432, 5057368.95349208)
3553	2020-09-25	0	c(-104359.192632317, -102139.952730243, 5021197.32014032, 5044395.21389432)
3543	2020-09-25	0	c(-152319.773352868, -167092.657081089, 4312024.08888059, 4324946.21579625)
3477	2020-09-25	0	c(-173688.91988374, -159171.345118681, 4430776.7778702, 4417814.7017716)
3552	2020-09-25	0	c(-97647.4095172182, -110968.884748214, 4938656.55219758, 4951599.57844066)
3585	2020-09-25	0	c(-99778.4519382743, -97647.4095172182, 4915455.79820118, 4938656.55219758)
3552	2020-09-25	0	c(-108773.688421255, -93361.645909592, 4974799.50257234, 4985056.24313315)
3553	2020-09-25	0	c(-91206.9824705342, -104359.192632317, 5008255.18026804, 5021197.32014032)
3586	2020-09-25	0	c(-93361.645909592, -91206.9824705342, 4985056.24313315, 5008255.18026804)
3477	2020-09-25	0	c(-159171.345118681, -161164.83012867, 4417814.7017716, 4394598.58255177)
3510	2020-09-25	0	c(-161164.83012867, -146546.562444213, 4394598.58255177, 4381671.5745309)
3577	2020-09-25	0	c(-146546.562444213, -129990.075937585, 4381671.5745309, 4391991.25778133)
3617	2020-09-25	0	c(-94570.0226988256, -92526.0349327249, 4809736.35464616, 4832939.335829)
3585	2020-09-25	0	c(-86347.1352648903, -99778.4519382743, 4902545.06287759, 4915455.79820118)
3543	2020-09-25	0	c(-135634.610515677, -152319.773352868, 4322350.31626811, 4312024.08888059)
3617	2020-09-25	0	c(-80864.3681660022, -94570.0226988256, 4796858.70181479, 4809736.35464616)
3617	2020-09-25	0	c(-92526.0349327249, -76878.588753423, 4832939.335829, 4843263.68384102)
3652	2020-09-25	0	c(-76878.588753423, -74874.2292016803, 4843263.68384102, 4866465.47262191)
3543	2020-09-25	0	c(-133761.488073438, -135634.610515677, 4345564.49201124, 4322350.31626811)
3577	2020-09-25	0	c(-117165.243673525, -133761.488073438, 4355918.23284601, 4345564.49201124)
3577	2020-09-25	0	c(-129990.075937585, -115326.777598032, 4391991.25778133, 4379129.80928755)
3585	2020-09-25	0	c(-70842.70510985, -86347.1352648903, 4912867.64559184, 4902545.06287759)
3652	2020-09-25	0	c(-74874.2292016803, -59324.0233919469, 4866465.47262191, 4876821.00862757)
3653	2020-09-25	18626.407821290224	c(-57359.8781979957, -70842.70510985, 4900021.81231792, 4912867.64559184)
3687	2020-09-25	18682.773527760924	c(-59324.0233919469, -57359.8781979957, 4876821.00862757, 4900021.81231792)
3577	2020-09-25	0	c(-115326.777598032, -117165.243673525, 4379129.80928755, 4355918.23284601)
3617	2020-09-25	0	c(-65171.904604091, -80864.3681660022, 4807216.18562595, 4796858.70181479)
3686	2020-09-25	0	c(-51416.0151240254, -65171.904604091, 4794403.62045765, 4807216.18562595)
3721	2020-09-25	0	c(-53295.8955669126, -51416.0151240254, 4771201.57694951, 4794403.62045765)
3721	2020-09-25	0	c(-39433.4724622502, -53295.8955669126, 4758422.11362641, 4771201.57694951)
3756	2020-09-25	0	c(-41251.9532306159, -39433.4724622502, 4735220.21518383, 4758422.11362641)
3756	2020-09-25	0	c(-27283.8280025267, -41251.9532306159, 4722474.01599762, 4735220.21518383)
3756	2020-09-25	0	c(-11553.2276565711, -27283.8280025267, 4732961.38908457, 4722474.01599762)
3829	2020-09-25	0	c(2464.2090702178, -11553.2276565711, 4720280.12235024, 4732961.38908457)
3829	2020-09-25	0	c(18143.8517352951, 2464.2090702178, 4730831.06299893, 4720280.12235024)
3829	2020-09-25	0	c(19761.1679518509, 18143.8517352951, 4754030.50642639, 4730831.06299893)
3866	2020-09-25	0	c(35344.7984592536, 19761.1679518509, 4764612.3340118, 4754030.50642639)
3940	2020-09-25	0	c(49356.3249539243, 35344.7984592536, 4752027.3531765, 4764612.3340118)
3875	2020-09-25	17676.850250284013	c(81738.680524271, 80003.7927187391, 5414186.39592436, 5390987.12835754)
3911	2020-09-25	17736.859407675867	c(80003.7927187391, 92510.2904443399, 5390987.12835754, 5378406.68413293)
3912	2020-09-25	0	c(95869.2135361821, 81738.680524271, 5424807.08665379, 5414186.39592436)
3985	2020-09-25	0	c(92510.2904443399, 106692.71401462, 5378406.68413293, 5389058.21187879)
3940	2020-09-25	0	c(64888.9842491106, 49356.3249539243, 4762672.78509749, 4752027.3531765)
3909	2020-09-25	17984.817930555884	c(82564.2311138442, 80925.847501297, 5239207.08279889, 5216007.38329905)
3946	2020-09-25	18043.953177127856	c(80925.847501297, 93890.276178132, 5216007.38329905, 5203453.61684927)
3947	2020-09-25	0	c(97058.9035801986, 82564.2311138442, 5249854.0610598, 5239207.08279889)
4020	2020-09-25	0	c(93890.276178132, 108435.270499784, 5203453.61684927, 5214131.97751191)
3912	2020-09-25	0	c(97556.7446026418, 95869.2135361821, 5448007.38834126, 5424807.08665379)
3940	2020-09-25	0	c(66364.4973130879, 64888.9842491106, 4785870.72484793, 4762672.78509749)
3977	2020-09-25	0	c(81800.3884075245, 66364.4973130879, 4796547.36297325, 4785870.72484793)
3947	2020-09-25	0	c(98651.2656811493, 97058.9035801986, 5273054.45933591, 5249854.0610598)
3984	2020-09-25	0	c(113041.649783123, 98651.2656811493, 5283734.6521538, 5273054.45933591)
3948	2020-09-25	0	c(103460.29216036, 101851.981179175, 5342656.35872202, 5319455.60818545)
3984	2020-09-25	0	c(101851.981179175, 114587.433745456, 5319455.60818545, 5306935.87633135)
3985	2020-09-25	0	c(117694.365282243, 103460.29216036, 5353338.82331154, 5342656.35872202)
3985	2020-09-25	0	c(106692.71401462, 119255.471718562, 5389058.21187879, 5376540.54597604)
3977	2020-09-25	0	c(83233.864349728, 81800.3884075245, 4819745.09721004, 4796547.36297325)
4015	2020-09-25	0	c(98572.3593178733, 83233.864349728, 4830453.14906185, 4819745.09721004)
4020	2020-09-25	0	c(108435.270499784, 121454.156647474, 5214131.97751191, 5201641.72334745)
3984	2020-09-25	0	c(114587.433745456, 113041.649783123, 5306935.87633135, 5283734.6521538)
3985	2020-09-25	0	c(119255.471718562, 117694.365282243, 5376540.54597604, 5353338.82331154)
4015	2020-09-25	0	c(99963.2070828654, 98572.3593178733, 4853650.83398523, 4830453.14906185)
4052	2020-09-25	0	c(115203.675393599, 99963.2070828654, 4864390.49350297, 4853650.83398523)
4017	2020-09-25	18404.632918601263	c(108419.41649447, 106996.912283531, 4992841.42191888, 4969642.4569698)
4053	2020-09-25	0	c(106996.912283531, 120624.749729197, 4969642.4569698, 4957183.18511253)
4054	2020-09-25	0	c(123365.657872767, 108419.41649447, 5003581.08585823, 4992841.42191888)
4018	2020-09-25	0	c(112718.117732966, 111280.038122865, 5062439.59870568, 5039239.99274089)
4054	2020-09-25	0	c(111280.038122865, 124743.641549152, 5039239.99274089, 5026780.42521857)
4055	2020-09-25	0	c(127514.57714767, 112718.117732966, 5073179.88211963, 5062439.59870568)
4019	2020-09-25	18161.76176612788	c(117063.203438781, 115609.719503381, 5132039.69912731, 5108839.45188712)
4055	2020-09-25	0	c(115609.719503381, 128907.492481945, 5108839.45188712, 5096379.9997011)
4056	2020-09-25	0	c(131708.126247435, 117063.203438781, 5142781.01312412, 5132039.69912731)
4020	2020-09-25	0	c(121454.156647474, 119985.44132989, 5201641.72334745, 5178440.83487994)
4056	2020-09-25	0	c(119985.44132989, 133115.807689002, 5178440.83487994, 5165981.90892349)
4052	2020-09-25	0	c(116551.306390173, 115203.675393599, 4887588.27790193, 4864390.49350297)
4090	2020-09-25	0	c(131693.114995305, 116551.306390173, 4898359.72538345, 4887588.27790193)
4053	2020-09-25	0	c(120624.749729197, 119261.861443961, 4957183.18511253, 4933984.62360368)
4090	2020-09-25	0	c(119261.861443961, 132996.943136238, 4933984.62360368, 4921557.75060068)
4054	2020-09-25	0	c(124743.641549152, 123365.657872767, 5026780.42521857, 5003581.08585823)
4055	2020-09-25	0	c(128907.492481945, 127514.57714767, 5096379.9997011, 5073179.88211963)
4056	2020-09-25	0	c(133115.807689002, 131708.126247435, 5165981.90892349, 5142781.01312412)
4090	2020-09-25	0	c(132996.943136238, 131693.114995305, 4921557.75060068, 4898359.72538345)
5647	2020-09-25	0	c(806557.567522237, 805436.84988934, 4999814.2569651, 5023013.81258744)
5648	2020-09-25	0	c(803183.211538379, 802050.320441729, 5069414.30241452, 5092615.23659416)
5647	2020-09-25	0	c(821375.535274895, 806557.567522237, 4988916.96437421, 4999814.2569651)
5647	2020-09-25	0	c(805436.84988934, 819029.694117167, 5023013.81258744, 5035315.99994568)
5648	2020-09-25	0	c(817850.386774078, 803183.211538379, 5058516.15104725, 5069414.30241452)
5677	2020-09-25	0	c(819029.694117167, 817850.386774078, 5035315.99994568, 5058516.15104725)
5648	2020-09-25	0	c(802050.320441729, 815479.076128725, 5092615.23659416, 5104917.71984738)
5678	2020-09-25	0	c(815479.076128725, 814287.104028042, 5104917.71984738, 5128119.1374647)
5678	2020-09-25	0	c(814287.104028042, 827606.472969342, 5128119.1374647, 5140453.46054754)
5708	2020-09-25	0	c(827606.472969342, 826354.878021528, 5140453.46054754, 5163655.23645599)
5647	2020-09-25	0	c(835023.773085712, 821375.535274895, 5001250.850715, 4988916.96437421)
5708	2020-09-25	0	c(826354.878021528, 839564.100268278, 5163655.23645599, 5176021.22506879)
5647	2020-09-25	0	c(833798.622419799, 835023.773085712, 5024450.32771843, 5001250.850715)
5677	2020-09-25	18335.323181179636	c(847339.01185509, 833798.622419799, 5036816.40704784, 5024450.32771843)
5735	2020-09-25	0	c(862160.242647624, 847339.01185509, 5026014.80086795, 5036816.40704784)
5708	2020-09-25	0	c(839564.100268278, 854081.497486028, 5176021.22506879, 5165217.41823687)
5735	2020-09-25	0	c(875648.116998997, 862160.242647624, 5038444.82356252, 5026014.80086795)
5792	2020-09-25	0	c(890521.690397177, 875648.116998997, 5027707.35554066, 5038444.82356252)
5708	2020-09-25	0	c(854081.497486028, 855439.849598103, 5165217.41823687, 5142016.23187729)
5736	2020-09-25	18161.937575605727	c(855439.849598103, 870060.324803528, 5142016.23187729, 5131245.23669869)
5793	2020-09-25	0	c(870060.324803528, 883272.53821247, 5131245.23669869, 5143706.91368603)
5792	2020-09-25	0	c(903956.98439082, 890521.690397177, 5040201.37730279, 5027707.35554066)
5847	2020-09-25	0	c(918882.943715455, 903956.98439082, 5029528.12531369, 5040201.37730279)
5793	2020-09-25	0	c(883272.53821247, 897945.964402817, 5143706.91368603, 5133000.22143151)
5848	2020-09-25	0	c(897945.964402817, 911104.476485777, 5133000.22143151, 5145525.63191698)
5847	2020-09-25	0	c(932265.587023539, 918882.943715455, 5042086.20609643, 5029528.12531369)
5895	2020-09-25	0	c(947243.97872962, 932265.587023539, 5031477.25383784, 5042086.20609643)
5848	2020-09-25	0	c(911104.476485777, 925830.87835036, 5145525.63191698, 5134883.33503981)
5896	2020-09-25	0	c(925830.87835036, 938935.600172526, 5134883.33503981, 5147472.52199796)
5895	2020-09-25	0	c(960573.895898359, 947243.97872962, 5044099.45778691, 5031477.25383784)
5938	2020-09-25	0	c(975604.769503815, 960573.895898359, 5033554.89483882, 5044099.45778691)
5896	2020-09-25	0	c(938935.600172526, 953715.005348702, 5147472.52199796, 5136894.71855157)
5939	2020-09-25	0	c(953715.005348702, 966765.84296564, 5136894.71855157, 5149547.72883952)
5939	2020-09-25	0	c(966765.84296564, 981598.281966391, 5149547.72883952, 5139034.52253634)
5939	2020-09-25	0	c(981598.281966391, 983428.825728612, 5139034.52253634, 5115836.45142798)
5960	2020-09-25	0	c(983428.825728612, 998363.046389076, 5115836.45142798, 5105355.98119037)
5960	2020-09-25	0	c(998363.046389076, 1000237.10170703, 5105355.98119037, 5082157.94239155)
5983	2020-09-25	0	c(1000237.10170703, 1015272.50777158, 5082157.94239155, 5071710.04819669)
1318	2020-09-26	0	c(-1066245.01508129, -1059457.94551391, 5635556.68953878, 5658488.63233417)
1318	2020-09-26	0	c(-1056488.42850788, -1066245.01508129, 5620227.01931096, 5635556.68953878)
1345	2020-09-26	0	c(-1063186.8629022, -1056488.42850788, 5597273.15600378, 5620227.01931096)
1345	2020-09-26	18223.673232953886	c(-1053291.31554149, -1063186.8629022, 5581959.48929616, 5597273.15600378)
1345	2020-09-26	0	c(-1036768.96328473, -1053291.31554149, 5589648.06146561, 5581959.48929616)
1400	2020-09-26	0	c(-1026806.61629611, -1036768.96328473, 5574399.19549213, 5589648.06146561)
1427	2020-09-26	0	c(-1033295.28241554, -1026806.61629611, 5551413.98650938, 5574399.19549213)
1427	2020-09-26	0	c(-1023195.33320812, -1033295.28241554, 5536182.5587857, 5551413.98650938)
1427	2020-09-26	0	c(-1006678.02594854, -1023195.33320812, 5543983.71602907, 5536182.5587857)
1482	2020-09-26	0	c(-996512.316647073, -1006678.02594854, 5528817.50218745, 5543983.71602907)
1510	2020-09-26	0	c(-1002792.91350792, -996512.316647073, 5505803.34397174, 5528817.50218745)
1510	2020-09-26	0	c(-992490.981473065, -1002792.91350792, 5490655.94318967, 5505803.34397174)
1510	2020-09-26	0	c(-975979.407159663, -992490.981473065, 5498569.09801602, 5490655.94318967)
1510	2020-09-26	0	c(-969818.793651695, -975979.407159663, 5521591.98083405, 5498569.09801602)
1538	2020-09-26	0	c(-953411.228920908, -969818.793651695, 5529541.56564999, 5521591.98083405)
1594	2020-09-26	0	c(-943115.101674419, -953411.228920908, 5514505.54150437, 5529541.56564999)
1594	2020-09-26	0	c(-926762.369666241, -943115.101674419, 5522528.78671834, 5514505.54150437)
1650	2020-09-26	0	c(-916401.569682563, -926762.369666241, 5507557.73840935, 5522528.78671834)
1650	2020-09-26	0	c(-900103.64338609, -916401.569682563, 5515654.28486237, 5507557.73840935)
1650	2020-09-26	0	c(-894215.762101163, -900103.64338609, 5538685.21207318, 5515654.28486237)
1679	2020-09-26	0	c(-878021.899308851, -894215.762101163, 5546818.34597796, 5538685.21207318)
1679	2020-09-26	0	c(-872168.431848956, -878021.899308851, 5569841.20392565, 5546818.34597796)
1708	2020-09-26	0	c(-856078.926300072, -872168.431848956, 5578011.30089956, 5569841.20392565)
1708	2020-09-26	0	c(-850260.356384824, -856078.926300072, 5601026.57256526, 5578011.30089956)
1850	2020-09-26	0	c(-825023.164208516, -819407.809474251, 5533644.08636423, 5556684.00577187)
1850	2020-09-26	0	c(-814539.556952388, -825023.164208516, 5518911.15474284, 5533644.08636423)
1850	2020-09-26	0	c(-819407.809474251, -803427.489843305, 5556684.00577187, 5564999.18642596)
1879	2020-09-26	0	c(-803427.489843305, -797847.450977211, 5564999.18642596, 5588032.25663795)
1850	2020-09-26	0	c(-798509.681603969, -814539.556952388, 5527261.77219762, 5518911.15474284)
1907	2020-09-26	0	c(-787962.450674009, -798509.681603969, 5512593.02435361, 5527261.77219762)
1935	2020-09-26	0	c(-793376.34590669, -787962.450674009, 5489530.53996908, 5512593.02435361)
1935	2020-09-26	0	c(-782697.253196773, -793376.34590669, 5474883.19098511, 5489530.53996908)
1935	2020-09-26	0	c(-766672.924930728, -782697.253196773, 5483341.10837177, 5474883.19098511)
1992	2020-09-26	0	c(-755931.137985202, -766672.924930728, 5468758.2667317, 5483341.10837177)
2020	2020-09-26	0	c(-761145.370518245, -755931.137985202, 5445675.21957341, 5468758.2667317)
2020	2020-09-26	0	c(-750273.090997766, -761145.370518245, 5431114.91082276, 5445675.21957341)
2020	2020-09-26	0	c(-734254.784709642, -750273.090997766, 5439679.60694777, 5431114.91082276)
2077	2020-09-26	18164.25489949524	c(-723320.725360289, -734254.784709642, 5425184.09498841, 5439679.60694777)
2077	2020-09-26	23640.058206951937	c(-707357.037569544, -723320.725360289, 5433819.56258516, 5425184.09498841)
2134	2020-09-26	23621.2637212209	c(-696361.49094284, -707357.037569544, 5419388.76342215, 5433819.56258516)
2134	2020-09-26	18128.389295839603	c(-680452.383196704, -696361.49094284, 5428094.70403188, 5419388.76342215)
2134	2020-09-26	18128.389295839603	c(-675587.302118238, -680452.383196704, 5451196.33338453, 5428094.70403188)
2163	2020-09-26	18055.265131081567	c(-659781.310643919, -675587.302118238, 5459937.60836026, 5451196.33338453)
2220	2020-09-26	0	c(-648791.730070374, -659781.310643919, 5445612.04666896, 5459937.60836026)
2220	2020-09-26	0	c(-633040.246568468, -648791.730070374, 5454423.42143499, 5445612.04666896)
2220	2020-09-26	0	c(-628327.23675165, -633040.246568468, 5477525.86115226, 5454423.42143499)
2249	2020-09-26	0	c(-612679.223333212, -628327.23675165, 5486372.80607615, 5477525.86115226)
2221	2020-09-26	17909.576926045993	c(-614103.286814926, -618858.688800781, 5546802.25643983, 5523715.270981)
2249	2020-09-26	0	c(-618858.688800781, -608003.05699832, 5523715.270981, 5509470.6859102)
2249	2020-09-26	0	c(-608003.05699832, -612679.223333212, 5509470.6859102, 5486372.80607615)
2474	2020-09-26	0	c(-532926.051262223, -528597.076279428, 5470857.97617908, 5493973.76642347)
2474	2020-09-26	0	c(-521758.935986012, -532926.051262223, 5456827.50339431, 5470857.97617908)
2501	2020-09-26	0	c(-526010.793854134, -521758.935986012, 5433702.80405461, 5456827.50339431)
2474	2020-09-26	0	c(-528597.076279428, -513216.245375236, 5493973.76642347, 5503064.68566715)
2502	2020-09-26	17866.58254950812	c(-513216.245375236, -508925.533632614, 5503064.68566715, 5526177.17998237)
2501	2020-09-26	0	c(-514717.683730589, -526010.793854134, 5419697.24056844, 5433702.80405461)
2529	2020-09-26	0	c(-518892.813063609, -514717.683730589, 5396564.05563044, 5419697.24056844)
2529	2020-09-26	0	c(-507474.481802786, -518892.813063609, 5382584.00189861, 5396564.05563044)
2529	2020-09-26	0	c(-491946.382354851, -507474.481802786, 5391775.46926915, 5382584.00189861)
2586	2020-09-26	18044.52672941433	c(-480468.664202421, -491946.382354851, 5377859.50520832, 5391775.46926915)
2614	2020-09-26	0	c(-484454.07549737, -480468.664202421, 5354714.12109115, 5377859.50520832)
2614	2020-09-26	0	c(-472852.474164223, -484454.07549737, 5340824.52565097, 5354714.12109115)
2614	2020-09-26	0	c(-457330.271418014, -472852.474164223, 5350118.00652849, 5340824.52565097)
2673	2020-09-26	18091.643510619033	c(-445670.066308972, -457330.271418014, 5336292.69722991, 5350118.00652849)
2702	2020-09-26	18150.22586752785	c(-449467.654636716, -445670.066308972, 5313136.580768, 5336292.69722991)
2702	2020-09-26	18150.22586752785	c(-437684.906196017, -449467.654636716, 5299338.44461017, 5313136.580768)
2731	2020-09-26	0	c(-441408.218828988, -437684.906196017, 5276175.94509847, 5299338.44461017)
2731	2020-09-26	0	c(-429503.724620925, -441408.218828988, 5262405.50337522, 5276175.94509847)
2761	2020-09-26	0	c(-433153.198063903, -429503.724620925, 5239236.9973374, 5262405.50337522)
2790	2020-09-26	0	c(-435360.06841391, -431820.044602234, 5132780.78723902, 5155963.63012062)
2761	2020-09-26	0	c(-421127.762572878, -433153.198063903, 5225494.75496616, 5239236.9973374)
2790	2020-09-26	0	c(-423032.01583234, -435360.06841391, 5119060.43942077, 5132780.78723902)
2790	2020-09-26	18376.340842972077	c(-431820.044602234, -416061.413435568, 5155963.63012062, 5165427.64039566)
2761	2020-09-26	0	c(-405516.574420973, -421127.762572878, 5234957.53404034, 5225494.75496616)
2823	2020-09-26	18255.228930937003	c(-393434.383299829, -405516.574420973, 5221280.18971744, 5234957.53404034)
2854	2020-09-26	28012.244033576688	c(-396900.082433417, -393434.383299829, 5198103.88376488, 5221280.18971744)
2790	2020-09-26	0	c(-407227.191972104, -423032.01583234, 5128558.90982249, 5119060.43942077)
2790	2020-09-26	0	c(-416061.413435568, -403796.535108356, 5165427.64039566, 5151743.2455462)
2854	2020-09-26	23428.251779543734	c(-384698.302081986, -396900.082433417, 5184455.42631552, 5198103.88376488)
2790	2020-09-26	0	c(-403796.535108356, -407227.191972104, 5151743.2455462, 5128558.90982249)
2854	2020-09-26	23428.251779543734	c(-369093.924561544, -384698.302081986, 5194019.21781408, 5184455.42631552)
2917	2020-09-26	23414.31167609922	c(-356836.116387894, -369093.924561544, 5180435.75586027, 5194019.21781408)
2949	2020-09-26	0	c(-360120.014487593, -356836.116387894, 5157252.8741469, 5180435.75586027)
2949	2020-09-26	0	c(-347743.965764872, -360120.014487593, 5143698.93326393, 5157252.8741469)
2949	2020-09-26	0	c(-332146.483758432, -347743.965764872, 5153363.2722398, 5143698.93326393)
3013	2020-09-26	0	c(-319715.11280249, -332146.483758432, 5139874.3988548, 5153363.2722398)
3013	2020-09-26	0	c(-304171.204265343, -319715.11280249, 5149605.13213603, 5139874.3988548)
3078	2020-09-26	0	c(-291684.678127934, -304171.204265343, 5136181.22392701, 5149605.13213603)
3078	2020-09-26	0	c(-276194.274624667, -291684.678127934, 5145978.17159733, 5136181.22392701)
3143	2020-09-26	18328.46923092958	c(-263652.754261031, -276194.274624667, 5132619.12932993, 5145978.17159733)
3143	2020-09-26	23369.666090353236	c(-248215.789293455, -263652.754261031, 5142482.11800705, 5132619.12932993)
3206	2020-09-26	23357.601036065233	c(-235619.429639283, -248215.789293455, 5129187.84560266, 5142482.11800705)
3236	2020-09-26	0	c(-238399.064676072, -235619.429639283, 5105996.22739215, 5129187.84560266)
3236	2020-09-26	0	c(-225687.33207962, -238399.064676072, 5092732.48858896, 5105996.22739215)
3236	2020-09-26	0	c(-210256.7083478, -225687.33207962, 5102694.52740341, 5092732.48858896)
3298	2020-09-26	0	c(-197490.778080074, -210256.7083478, 5089495.59743136, 5102694.52740341)
3298	2020-09-26	0	c(-182113.320224417, -197490.778080074, 5099523.19028277, 5089495.59743136)
3360	2020-09-26	0	c(-169293.327715992, -182113.320224417, 5086388.97386369, 5099523.19028277)
3360	2020-09-26	0	c(-153968.969370481, -169293.327715992, 5096481.97274198, 5086388.97386369)
3423	2020-09-26	0	c(-141095.044240893, -153968.969370481, 5083412.37808731, 5096481.97274198)
3477	2020-09-26	19524.13651413028	c(-192344.526111587, -190255.588895727, 4397333.67740935, 4420553.48316153)
3477	2020-09-26	0	c(-177771.282456102, -192344.526111587, 4384340.89187351, 4397333.67740935)
3510	2020-09-26	0	c(-179799.022100281, -177771.282456102, 4361121.83783081, 4384340.89187351)
3477	2020-09-26	37364.961697065104	c(-190255.588895727, -173688.91988374, 4420553.48316153, 4430776.7778702)
3423	2020-09-26	0	c(-125823.721387359, -141095.044240893, 5093570.64132417, 5083412.37808731)
3487	2020-09-26	18341.308941466763	c(-112895.987520821, -125823.721387359, 5080565.58019865, 5093570.64132417)
3520	2020-09-26	0	c(-115180.329335614, -112895.987520821, 5057368.95349208, 5080565.58019865)
3510	2020-09-26	0	c(-165125.513001857, -179799.022100281, 4348164.33874596, 4361121.83783081)
3543	2020-09-26	0	c(-167092.657081089, -165125.513001857, 4324946.21579625, 4348164.33874596)
3552	2020-09-26	0	c(-110968.884748214, -108773.688421255, 4951599.57844066, 4974799.50257234)
3520	2020-09-26	0	c(-102139.952730243, -115180.329335614, 5044395.21389432, 5057368.95349208)
3553	2020-09-26	0	c(-104359.192632317, -102139.952730243, 5021197.32014032, 5044395.21389432)
3543	2020-09-26	23301.30659719513	c(-152319.773352868, -167092.657081089, 4312024.08888059, 4324946.21579625)
3477	2020-09-26	23301.54874925959	c(-173688.91988374, -159171.345118681, 4430776.7778702, 4417814.7017716)
3552	2020-09-26	0	c(-97647.4095172182, -110968.884748214, 4938656.55219758, 4951599.57844066)
3585	2020-09-26	0	c(-99778.4519382743, -97647.4095172182, 4915455.79820118, 4938656.55219758)
3552	2020-09-26	0	c(-108773.688421255, -93361.645909592, 4974799.50257234, 4985056.24313315)
3553	2020-09-26	0	c(-91206.9824705342, -104359.192632317, 5008255.18026804, 5021197.32014032)
3586	2020-09-26	18452.0897627719	c(-93361.645909592, -91206.9824705342, 4985056.24313315, 5008255.18026804)
3477	2020-09-26	0	c(-159171.345118681, -161164.83012867, 4417814.7017716, 4394598.58255177)
3510	2020-09-26	0	c(-161164.83012867, -146546.562444213, 4394598.58255177, 4381671.5745309)
3577	2020-09-26	0	c(-146546.562444213, -129990.075937585, 4381671.5745309, 4391991.25778133)
3617	2020-09-26	18746.59259192515	c(-94570.0226988256, -92526.0349327249, 4809736.35464616, 4832939.335829)
3585	2020-09-26	0	c(-86347.1352648903, -99778.4519382743, 4902545.06287759, 4915455.79820118)
3618	2020-09-26	0	c(-88414.5635375847, -86347.1352648903, 4879343.68998135, 4902545.06287759)
3543	2020-09-26	37465.12663700806	c(-135634.610515677, -152319.773352868, 4322350.31626811, 4312024.08888059)
3617	2020-09-26	18802.41696006945	c(-80864.3681660022, -94570.0226988256, 4796858.70181479, 4809736.35464616)
3617	2020-09-26	0	c(-92526.0349327249, -76878.588753423, 4832939.335829, 4843263.68384102)
3618	2020-09-26	0	c(-74874.2292016803, -88414.5635375847, 4866465.47262191, 4879343.68998135)
3652	2020-09-26	0	c(-76878.588753423, -74874.2292016803, 4843263.68384102, 4866465.47262191)
3543	2020-09-26	19565.826987189273	c(-133761.488073438, -135634.610515677, 4345564.49201124, 4322350.31626811)
3577	2020-09-26	19565.826987189273	c(-117165.243673525, -133761.488073438, 4355918.23284601, 4345564.49201124)
3577	2020-09-26	19509.308235644836	c(-129990.075937585, -115326.777598032, 4391991.25778133, 4379129.80928755)
3577	2020-09-26	31323.08312401853	c(-115326.777598032, -117165.243673525, 4379129.80928755, 4355918.23284601)
3617	2020-09-26	0	c(-65171.904604091, -80864.3681660022, 4807216.18562595, 4796858.70181479)
3686	2020-09-26	0	c(-51416.0151240254, -65171.904604091, 4794403.62045765, 4807216.18562595)
3721	2020-09-26	0	c(-53295.8955669126, -51416.0151240254, 4771201.57694951, 4794403.62045765)
3721	2020-09-26	0	c(-39433.4724622502, -53295.8955669126, 4758422.11362641, 4771201.57694951)
3756	2020-09-26	0	c(-41251.9532306159, -39433.4724622502, 4735220.21518383, 4758422.11362641)
3756	2020-09-26	18905.998558901716	c(-27283.8280025267, -41251.9532306159, 4722474.01599762, 4735220.21518383)
3756	2020-09-26	0	c(-11553.2276565711, -27283.8280025267, 4732961.38908457, 4722474.01599762)
3829	2020-09-26	0	c(2464.2090702178, -11553.2276565711, 4720280.12235024, 4732961.38908457)
3829	2020-09-26	0	c(18143.8517352951, 2464.2090702178, 4730831.06299893, 4720280.12235024)
3829	2020-09-26	0	c(19761.1679518509, 18143.8517352951, 4754030.50642639, 4730831.06299893)
3866	2020-09-26	0	c(35344.7984592536, 19761.1679518509, 4764612.3340118, 4754030.50642639)
3940	2020-09-26	0	c(49356.3249539243, 35344.7984592536, 4752027.3531765, 4764612.3340118)
3940	2020-09-26	0	c(64888.9842491106, 49356.3249539243, 4762672.78509749, 4752027.3531765)
3912	2020-09-26	0	c(97556.7446026418, 95869.2135361821, 5448007.38834126, 5424807.08665379)
3949	2020-09-26	0	c(95869.2135361821, 108316.782046782, 5424807.08665379, 5412259.3144238)
3940	2020-09-26	0	c(66364.4973130879, 64888.9842491106, 4785870.72484793, 4762672.78509749)
3977	2020-09-26	0	c(81800.3884075245, 66364.4973130879, 4796547.36297325, 4785870.72484793)
4051	2020-09-26	0	c(95806.7044708172, 81800.3884075245, 4784058.41790978, 4796547.36297325)
3947	2020-09-26	0	c(98651.2656811493, 97058.9035801986, 5273054.45933591, 5249854.0610598)
3983	2020-09-26	0	c(97058.9035801986, 109965.547798669, 5249854.0610598, 5237332.7027019)
3984	2020-09-26	0	c(113041.649783123, 98651.2656811493, 5283734.6521538, 5273054.45933591)
3948	2020-09-26	17796.738109705137	c(103460.29216036, 101851.981179175, 5342656.35872202, 5319455.60818545)
3984	2020-09-26	0	c(101851.981179175, 114587.433745456, 5319455.60818545, 5306935.87633135)
3985	2020-09-26	0	c(117694.365282243, 103460.29216036, 5353338.82331154, 5342656.35872202)
3949	2020-09-26	0	c(108316.782046782, 106692.71401462, 5412259.3144238, 5389058.21187879)
3985	2020-09-26	0	c(106692.71401462, 119255.471718562, 5389058.21187879, 5376540.54597604)
3983	2020-09-26	0	c(109965.547798669, 108435.270499784, 5237332.7027019, 5214131.97751191)
4020	2020-09-26	0	c(108435.270499784, 121454.156647474, 5214131.97751191, 5201641.72334745)
3984	2020-09-26	0	c(114587.433745456, 113041.649783123, 5306935.87633135, 5283734.6521538)
3985	2020-09-26	0	c(119255.471718562, 117694.365282243, 5376540.54597604, 5353338.82331154)
4051	2020-09-26	0	c(111191.581710417, 95806.7044708172, 4794798.69258921, 4784058.41790978)
4015	2020-09-26	0	c(99963.2070828654, 98572.3593178733, 4853650.83398523, 4830453.14906185)
4051	2020-09-26	0	c(98572.3593178733, 112523.795374722, 4830453.14906185, 4817995.70099079)
4052	2020-09-26	0	c(115203.675393599, 99963.2070828654, 4864390.49350297, 4853650.83398523)
4018	2020-09-26	0	c(112718.117732966, 111280.038122865, 5062439.59870568, 5039239.99274089)
4054	2020-09-26	0	c(111280.038122865, 124743.641549152, 5039239.99274089, 5026780.42521857)
4055	2020-09-26	0	c(127514.57714767, 112718.117732966, 5073179.88211963, 5062439.59870568)
4020	2020-09-26	0	c(121454.156647474, 119985.44132989, 5201641.72334745, 5178440.83487994)
4056	2020-09-26	0	c(119985.44132989, 133115.807689002, 5178440.83487994, 5165981.90892349)
4051	2020-09-26	0	c(112523.795374722, 111191.581710417, 4817995.70099079, 4794798.69258921)
4052	2020-09-26	0	c(116551.306390173, 115203.675393599, 4887588.27790193, 4864390.49350297)
4090	2020-09-26	0	c(131693.114995305, 116551.306390173, 4898359.72538345, 4887588.27790193)
4053	2020-09-26	0	c(120624.749729197, 119261.861443961, 4957183.18511253, 4933984.62360368)
4090	2020-09-26	0	c(119261.861443961, 132996.943136238, 4933984.62360368, 4921557.75060068)
4091	2020-09-26	0	c(135619.241954153, 120624.749729197, 4967954.7103612, 4957183.18511253)
4054	2020-09-26	0	c(124743.641549152, 123365.657872767, 5026780.42521857, 5003581.08585823)
4091	2020-09-26	0	c(123365.657872767, 136937.678056528, 5003581.08585823, 4991153.64507467)
4055	2020-09-26	0	c(128907.492481945, 127514.57714767, 5096379.9997011, 5073179.88211963)
4093	2020-09-26	0	c(143602.028100334, 128907.492481945, 5107152.86892765, 5096379.9997011)
4056	2020-09-26	0	c(133115.807689002, 131708.126247435, 5165981.90892349, 5142781.01312412)
4093	2020-09-26	0	c(131708.126247435, 144949.208942625, 5142781.01312412, 5130353.62384314)
4090	2020-09-26	0	c(132996.943136238, 131693.114995305, 4921557.75060068, 4898359.72538345)
4091	2020-09-26	0	c(136937.678056528, 135619.241954153, 4991153.64507467, 4967954.7103612)
4093	2020-09-26	0	c(144949.208942625, 143602.028100334, 5130353.62384314, 5107152.86892765)
5618	2020-09-26	53989.663251381106	c(793919.935491375, 792857.253747871, 4964345.45508382, 4987544.30309268)
5618	2020-09-26	72131.16792038354	c(808786.726067955, 793919.935491375, 4953416.52418227, 4964345.45508382)
5618	2020-09-26	35987.40691591921	c(792857.253747871, 806557.567522237, 4987544.30309268, 4999814.2569651)
5647	2020-09-26	18333.28197566478	c(806557.567522237, 805436.84988934, 4999814.2569651, 5023013.81258744)
5648	2020-09-26	18212.154553941036	c(803183.211538379, 802050.320441729, 5069414.30241452, 5092615.23659416)
5647	2020-09-26	0	c(805436.84988934, 819029.694117167, 5023013.81258744, 5035315.99994568)
5648	2020-09-26	0	c(817850.386774078, 803183.211538379, 5058516.15104725, 5069414.30241452)
5677	2020-09-26	0	c(819029.694117167, 817850.386774078, 5035315.99994568, 5058516.15104725)
5648	2020-09-26	0	c(802050.320441729, 815479.076128725, 5092615.23659416, 5104917.71984738)
5678	2020-09-26	0	c(815479.076128725, 814287.104028042, 5104917.71984738, 5128119.1374647)
5618	2020-09-26	59801.23432721733	c(822542.038236476, 808786.726067955, 4965718.07985082, 4953416.52418227)
5678	2020-09-26	0	c(814287.104028042, 827606.472969342, 5128119.1374647, 5140453.46054754)
5708	2020-09-26	0	c(827606.472969342, 826354.878021528, 5140453.46054754, 5163655.23645599)
5618	2020-09-26	37642.43622246373	c(821375.535274895, 822542.038236476, 4988916.96437421, 4965718.07985082)
5647	2020-09-26	23231.80422151637	c(835023.773085712, 821375.535274895, 5001250.850715, 4988916.96437421)
5706	2020-09-26	23231.80422151637	c(849893.813932678, 835023.773085712, 4990417.54079515, 5001250.850715)
5708	2020-09-26	23235.509360016098	c(826354.878021528, 839564.100268278, 5163655.23645599, 5176021.22506879)
5706	2020-09-26	23237.460291282463	c(863489.923619311, 849893.813932678, 5002815.41489973, 4990417.54079515)
5708	2020-09-26	23240.915837210996	c(839564.100268278, 854081.497486028, 5176021.22506879, 5165217.41823687)
5766	2020-09-26	23240.915837210996	c(854081.497486028, 867236.793607594, 5165217.41823687, 5177646.97910555)
5706	2020-09-26	0	c(862160.242647624, 863489.923619311, 5026014.80086795, 5002815.41489973)
5735	2020-09-26	0	c(875648.116998997, 862160.242647624, 5038444.82356252, 5026014.80086795)
5792	2020-09-26	0	c(890521.690397177, 875648.116998997, 5027707.35554066, 5038444.82356252)
5766	2020-09-26	23246.76320375944	c(867236.793607594, 881807.32833063, 5177646.97910555, 5166907.4559093)
5792	2020-09-26	0	c(903956.98439082, 890521.690397177, 5040201.37730279, 5027707.35554066)
5847	2020-09-26	0	c(918882.943715455, 903956.98439082, 5029528.12531369, 5040201.37730279)
5766	2020-09-26	0	c(881807.32833063, 883272.53821247, 5166907.4559093, 5143706.91368603)
5793	2020-09-26	0	c(883272.53821247, 897945.964402817, 5143706.91368603, 5133000.22143151)
5848	2020-09-26	0	c(897945.964402817, 911104.476485777, 5133000.22143151, 5145525.63191698)
5847	2020-09-26	0	c(932265.587023539, 918882.943715455, 5042086.20609643, 5029528.12531369)
5895	2020-09-26	0	c(947243.97872962, 932265.587023539, 5031477.25383784, 5042086.20609643)
5848	2020-09-26	0	c(911104.476485777, 925830.87835036, 5145525.63191698, 5134883.33503981)
5896	2020-09-26	0	c(925830.87835036, 938935.600172526, 5134883.33503981, 5147472.52199796)
5895	2020-09-26	0	c(960573.895898359, 947243.97872962, 5044099.45778691, 5031477.25383784)
5938	2020-09-26	0	c(975604.769503815, 960573.895898359, 5033554.89483882, 5044099.45778691)
5896	2020-09-26	0	c(938935.600172526, 953715.005348702, 5147472.52199796, 5136894.71855157)
5939	2020-09-26	0	c(953715.005348702, 966765.84296564, 5136894.71855157, 5149547.72883952)
5939	2020-09-26	0	c(966765.84296564, 981598.281966391, 5149547.72883952, 5139034.52253634)
5939	2020-09-26	0	c(981598.281966391, 983428.825728612, 5139034.52253634, 5115836.45142798)
5960	2020-09-26	0	c(983428.825728612, 998363.046389076, 5115836.45142798, 5105355.98119037)
5960	2020-09-26	0	c(998363.046389076, 1000237.10170703, 5105355.98119037, 5082157.94239155)
5983	2020-09-26	0	c(1000237.10170703, 1015272.50777158, 5082157.94239155, 5071710.04819669)
1318	2020-09-27	0	c(-1066245.01508129, -1059457.94551391, 5635556.68953878, 5658488.63233417)
1318	2020-09-27	0	c(-1056488.42850788, -1066245.01508129, 5620227.01931096, 5635556.68953878)
1318	2020-09-27	0	c(-1040016.43209495, -1056488.42850788, 5627878.10172332, 5620227.01931096)
1373	2020-09-27	0	c(-1030192.38961903, -1040016.43209495, 5612612.72283877, 5627878.10172332)
1400	2020-09-27	0	c(-1036768.96328473, -1030192.38961903, 5589648.06146561, 5612612.72283877)
1400	2020-09-27	0	c(-1026806.61629611, -1036768.96328473, 5574399.19549213, 5589648.06146561)
1427	2020-09-27	0	c(-1033295.28241554, -1026806.61629611, 5551413.98650938, 5574399.19549213)
1427	2020-09-27	0	c(-1023195.33320812, -1033295.28241554, 5536182.5587857, 5551413.98650938)
1427	2020-09-27	0	c(-1006678.02594854, -1023195.33320812, 5543983.71602907, 5536182.5587857)
1482	2020-09-27	0	c(-996512.316647073, -1006678.02594854, 5528817.50218745, 5543983.71602907)
1510	2020-09-27	0	c(-1002792.91350792, -996512.316647073, 5505803.34397174, 5528817.50218745)
1510	2020-09-27	0	c(-992490.981473065, -1002792.91350792, 5490655.94318967, 5505803.34397174)
1510	2020-09-27	0	c(-975979.407159663, -992490.981473065, 5498569.09801602, 5490655.94318967)
1510	2020-09-27	0	c(-969818.793651695, -975979.407159663, 5521591.98083405, 5498569.09801602)
1538	2020-09-27	0	c(-953411.228920908, -969818.793651695, 5529541.56564999, 5521591.98083405)
1594	2020-09-27	0	c(-943115.101674419, -953411.228920908, 5514505.54150437, 5529541.56564999)
1594	2020-09-27	0	c(-926762.369666241, -943115.101674419, 5522528.78671834, 5514505.54150437)
1650	2020-09-27	0	c(-916401.569682563, -926762.369666241, 5507557.73840935, 5522528.78671834)
1650	2020-09-27	0	c(-900103.64338609, -916401.569682563, 5515654.28486237, 5507557.73840935)
1650	2020-09-27	0	c(-894215.762101163, -900103.64338609, 5538685.21207318, 5515654.28486237)
1679	2020-09-27	18113.480203686344	c(-878021.899308851, -894215.762101163, 5546818.34597796, 5538685.21207318)
1679	2020-09-27	18113.480203686344	c(-872168.431848956, -878021.899308851, 5569841.20392565, 5546818.34597796)
1708	2020-09-27	35807.689613853356	c(-856078.926300072, -872168.431848956, 5578011.30089956, 5569841.20392565)
1708	2020-09-27	38121.19079331272	c(-850260.356384824, -856078.926300072, 5601026.57256526, 5578011.30089956)
1850	2020-09-27	0	c(-825023.164208516, -819407.809474251, 5533644.08636423, 5556684.00577187)
1850	2020-09-27	0	c(-814539.556952388, -825023.164208516, 5518911.15474284, 5533644.08636423)
1850	2020-09-27	23714.343657417066	c(-819407.809474251, -803427.489843305, 5556684.00577187, 5564999.18642596)
1879	2020-09-27	38072.50255984268	c(-803427.489843305, -797847.450977211, 5564999.18642596, 5588032.25663795)
1850	2020-09-27	0	c(-798509.681603969, -814539.556952388, 5527261.77219762, 5518911.15474284)
1907	2020-09-27	18074.55989953576	c(-787962.450674009, -798509.681603969, 5512593.02435361, 5527261.77219762)
1935	2020-09-27	0	c(-793376.34590669, -787962.450674009, 5489530.53996908, 5512593.02435361)
1935	2020-09-27	0	c(-782697.253196773, -793376.34590669, 5474883.19098511, 5489530.53996908)
1935	2020-09-27	0	c(-766672.924930728, -782697.253196773, 5483341.10837177, 5474883.19098511)
1992	2020-09-27	0	c(-755931.137985202, -766672.924930728, 5468758.2667317, 5483341.10837177)
2020	2020-09-27	0	c(-761145.370518245, -755931.137985202, 5445675.21957341, 5468758.2667317)
2020	2020-09-27	0	c(-750273.090997766, -761145.370518245, 5431114.91082276, 5445675.21957341)
2048	2020-09-27	0	c(-755405.616857415, -750273.090997766, 5408019.06042351, 5431114.91082276)
2048	2020-09-27	0	c(-744403.612921333, -755405.616857415, 5393482.01190946, 5408019.06042351)
2048	2020-09-27	0	c(-728337.1302557, -744403.612921333, 5402082.40600355, 5393482.01190946)
2105	2020-09-27	0	c(-717273.958154896, -728337.1302557, 5387610.5033257, 5402082.40600355)
2105	2020-09-27	0	c(-701262.106921581, -717273.958154896, 5396281.44720376, 5387610.5033257)
2162	2020-09-27	0	c(-690138.05324036, -701262.106921581, 5381874.59746082, 5396281.44720376)
2162	2020-09-27	0	c(-674180.787105035, -690138.05324036, 5390615.79696654, 5381874.59746082)
2162	2020-09-27	0	c(-669395.635007365, -674180.787105035, 5413728.534816, 5390615.79696654)
2191	2020-09-27	0	c(-653541.068996215, -669395.635007365, 5422504.65688263, 5413728.534816)
2191	2020-09-27	0	c(-648791.730070374, -653541.068996215, 5445612.04666896, 5422504.65688263)
2220	2020-09-27	18041.861435692877	c(-633040.246568468, -648791.730070374, 5454423.42143499, 5445612.04666896)
2220	2020-09-27	18041.861435692877	c(-628327.23675165, -633040.246568468, 5477525.86115226, 5454423.42143499)
2249	2020-09-27	17969.2962176328	c(-612679.223333212, -628327.23675165, 5486372.80607615, 5477525.86115226)
2249	2020-09-27	17903.214994756243	c(-608003.05699832, -612679.223333212, 5509470.6859102, 5486372.80607615)
2278	2020-09-27	0	c(-592458.906370654, -608003.05699832, 5518353.505756, 5509470.6859102)
2278	2020-09-27	0	c(-587820.096346129, -592458.906370654, 5541447.20806405, 5518353.505756)
2446	2020-09-27	17878.489576002874	c(-539637.431595904, -535230.960140075, 5508028.53211798, 5531134.98378437)
2446	2020-09-27	17878.489576002874	c(-528597.076279428, -539637.431595904, 5493973.76642347, 5508028.53211798)
2474	2020-09-27	17938.07794169802	c(-532926.051262223, -528597.076279428, 5470857.97617908, 5493973.76642347)
2474	2020-09-27	17938.07794169802	c(-521758.935986012, -532926.051262223, 5456827.50339431, 5470857.97617908)
2501	2020-09-27	17997.43285275147	c(-526010.793854134, -521758.935986012, 5433702.80405461, 5456827.50339431)
2501	2020-09-27	17997.43285275147	c(-514717.683730589, -526010.793854134, 5419697.24056844, 5433702.80405461)
2529	2020-09-27	0	c(-518892.813063609, -514717.683730589, 5396564.05563044, 5419697.24056844)
2529	2020-09-27	0	c(-507474.481802786, -518892.813063609, 5382584.00189861, 5396564.05563044)
2557	2020-09-27	0	c(-511573.280282915, -507474.481802786, 5359442.74871991, 5382584.00189861)
2557	2020-09-27	0	c(-500030.509908141, -511573.280282915, 5345488.78913384, 5359442.74871991)
2557	2020-09-27	0	c(-484454.07549737, -500030.509908141, 5354714.12109115, 5345488.78913384)
2614	2020-09-27	0	c(-472852.474164223, -484454.07549737, 5340824.52565097, 5354714.12109115)
2643	2020-09-27	0	c(-476762.57122474, -472852.474164223, 5317671.9360462, 5340824.52565097)
2643	2020-09-27	0	c(-465037.877011619, -476762.57122474, 5303809.26206227, 5317671.9360462)
2672	2020-09-27	0	c(-468873.081748165, -465037.877011619, 5280649.86092069, 5303809.26206227)
2672	2020-09-27	0	c(-457026.092425685, -468873.081748165, 5266814.64493495, 5280649.86092069)
2729	2020-09-27	0	c(-463491.217145206, -459841.558284494, 5137135.32741236, 5160316.58756578)
2729	2020-09-27	18463.38265005939	c(-451218.664130498, -463491.217145206, 5123349.29080418, 5137135.32741236)
2729	2020-09-27	0	c(-459841.558284494, -444029.062184879, 5160316.58756578, 5169713.41726504)
2760	2020-09-27	0	c(-444029.062184879, -440415.917998799, 5169713.41726504, 5192890.95654562)
2672	2020-09-27	0	c(-441408.218828988, -457026.092425685, 5276175.94509847, 5266814.64493495)
2731	2020-09-27	18208.56711644227	c(-429503.724620925, -441408.218828988, 5262405.50337522, 5276175.94509847)
2761	2020-09-27	18266.663702060647	c(-433153.198063903, -429503.724620925, 5239236.9973374, 5262405.50337522)
2760	2020-09-27	0	c(-440415.917998799, -424703.841592385, 5192890.95654562, 5202320.61206095)
2761	2020-09-27	18266.663702060647	c(-421127.762572878, -433153.198063903, 5225494.75496616, 5239236.9973374)
2791	2020-09-27	18324.512221031833	c(-424703.841592385, -421127.762572878, 5202320.61206095, 5225494.75496616)
2729	2020-09-27	18445.292752015772	c(-435360.06841391, -451218.664130498, 5132780.78723902, 5123349.29080418)
2790	2020-09-27	0	c(-423032.01583234, -435360.06841391, 5119060.43942077, 5132780.78723902)
2790	2020-09-27	0	c(-407227.191972104, -423032.01583234, 5128558.90982249, 5119060.43942077)
2790	2020-09-27	0	c(-403796.535108356, -407227.191972104, 5151743.2455462, 5128558.90982249)
2822	2020-09-27	23436.78368433886	c(-388091.693517985, -403796.535108356, 5161274.22971121, 5151743.2455462)
2885	2020-09-27	23422.454112041203	c(-375771.140254203, -388091.693517985, 5147655.11598965, 5161274.22971121)
2885	2020-09-27	18354.179236513668	c(-360120.014487593, -375771.140254203, 5157252.8741469, 5147655.11598965)
2949	2020-09-27	0	c(-347743.965764872, -360120.014487593, 5143698.93326393, 5157252.8741469)
2949	2020-09-27	0	c(-332146.483758432, -347743.965764872, 5153363.2722398, 5143698.93326393)
3013	2020-09-27	0	c(-319715.11280249, -332146.483758432, 5139874.3988548, 5153363.2722398)
3013	2020-09-27	0	c(-304171.204265343, -319715.11280249, 5149605.13213603, 5139874.3988548)
3078	2020-09-27	0	c(-291684.678127934, -304171.204265343, 5136181.22392701, 5149605.13213603)
3110	2020-09-27	0	c(-294680.387449917, -291684.678127934, 5112991.73827043, 5136181.22392701)
3110	2020-09-27	0	c(-282077.48011339, -294680.387449917, 5099598.08233486, 5112991.73827043)
3110	2020-09-27	0	c(-266540.31652784, -282077.48011339, 5109428.54336644, 5099598.08233486)
3174	2020-09-27	0	c(-253882.922920469, -266540.31652784, 5096099.89702877, 5109428.54336644)
3174	2020-09-27	0	c(-238399.064676072, -253882.922920469, 5105996.22739215, 5096099.89702877)
3236	2020-09-27	0	c(-225687.33207962, -238399.064676072, 5092732.48858896, 5105996.22739215)
3236	2020-09-27	0	c(-210256.7083478, -225687.33207962, 5102694.52740341, 5092732.48858896)
3298	2020-09-27	0	c(-197490.778080074, -210256.7083478, 5089495.59743136, 5102694.52740341)
3298	2020-09-27	0	c(-182113.320224417, -197490.778080074, 5099523.19028277, 5089495.59743136)
3360	2020-09-27	0	c(-169293.327715992, -182113.320224417, 5086388.97386369, 5099523.19028277)
3360	2020-09-27	0	c(-153968.969370481, -169293.327715992, 5096481.97274198, 5086388.97386369)
3423	2020-09-27	18349.511847970498	c(-141095.044240893, -153968.969370481, 5083412.37808731, 5096481.97274198)
3455	2020-09-27	0	c(-143485.88223176, -141095.044240893, 5060216.28812155, 5083412.37808731)
3455	2020-09-27	0	c(-130498.847863606, -143485.88223176, 5047177.91378867, 5060216.28812155)
3510	2020-09-27	0	c(-179799.022100281, -177771.282456102, 4361121.83783081, 4384340.89187351)
3519	2020-09-27	0	c(-121984.500927285, -119724.616733248, 4987774.57645376, 5010973.4518521)
3510	2020-09-27	0	c(-165125.513001857, -179799.022100281, 4348164.33874596, 4361121.83783081)
3510	2020-09-27	0	c(-177771.282456102, -161164.83012867, 4384340.89187351, 4394598.58255177)
3519	2020-09-27	0	c(-108773.688421255, -121984.500927285, 4974799.50257234, 4987774.57645376)
3552	2020-09-27	0	c(-110968.884748214, -108773.688421255, 4951599.57844066, 4974799.50257234)
3455	2020-09-27	0	c(-115180.329335614, -130498.847863606, 5057368.95349208, 5047177.91378867)
3519	2020-09-27	0	c(-119724.616733248, -104359.192632317, 5010973.4518521, 5021197.32014032)
3520	2020-09-27	18398.758113768487	c(-102139.952730243, -115180.329335614, 5044395.21389432, 5057368.95349208)
3553	2020-09-27	18455.994705689944	c(-104359.192632317, -102139.952730243, 5021197.32014032, 5044395.21389432)
3552	2020-09-27	0	c(-97647.4095172182, -110968.884748214, 4938656.55219758, 4951599.57844066)
3585	2020-09-27	0	c(-99778.4519382743, -97647.4095172182, 4915455.79820118, 4938656.55219758)
3510	2020-09-27	0	c(-148479.564192826, -165125.513001857, 4358456.34296587, 4348164.33874596)
3510	2020-09-27	0	c(-161164.83012867, -146546.562444213, 4394598.58255177, 4381671.5745309)
3585	2020-09-27	0	c(-86347.1352648903, -99778.4519382743, 4902545.06287759, 4915455.79820118)
3618	2020-09-27	0	c(-88414.5635375847, -86347.1352648903, 4879343.68998135, 4902545.06287759)
3510	2020-09-27	0	c(-146546.562444213, -148479.564192826, 4381671.5745309, 4358456.34296587)
3618	2020-09-27	0	c(-74874.2292016803, -88414.5635375847, 4866465.47262191, 4879343.68998135)
3652	2020-09-27	0	c(-76878.588753423, -74874.2292016803, 4843263.68384102, 4866465.47262191)
3652	2020-09-27	0	c(-63230.0628018993, -76878.588753423, 4830418.19526776, 4843263.68384102)
3686	2020-09-27	0	c(-65171.904604091, -63230.0628018993, 4807216.18562595, 4830418.19526776)
3686	2020-09-27	0	c(-51416.0151240254, -65171.904604091, 4794403.62045765, 4807216.18562595)
3721	2020-09-27	0	c(-53295.8955669126, -51416.0151240254, 4771201.57694951, 4794403.62045765)
3721	2020-09-27	0	c(-39433.4724622502, -53295.8955669126, 4758422.11362641, 4771201.57694951)
3721	2020-09-27	0	c(-23747.5716645952, -39433.4724622502, 4768876.54003562, 4758422.11362641)
3793	2020-09-27	18850.530904446223	c(-9835.40642387519, -23747.5716645952, 4756162.02964299, 4768876.54003562)
3829	2020-09-27	0	c(-11553.2276565711, -9835.40642387519, 4732961.38908457, 4756162.02964299)
3829	2020-09-27	0	c(2464.2090702178, -11553.2276565711, 4720280.12235024, 4732961.38908457)
3829	2020-09-27	0	c(18143.8517352951, 2464.2090702178, 4730831.06299893, 4720280.12235024)
3829	2020-09-27	0	c(19761.1679518509, 18143.8517352951, 4754030.50642639, 4730831.06299893)
3866	2020-09-27	0	c(35344.7984592536, 19761.1679518509, 4764612.3340118, 4754030.50642639)
3940	2020-09-27	0	c(49356.3249539243, 35344.7984592536, 4752027.3531765, 4764612.3340118)
3940	2020-09-27	0	c(64888.9842491106, 49356.3249539243, 4762672.78509749, 4752027.3531765)
3912	2020-09-27	26477.819581278083	c(97556.7446026418, 95869.2135361821, 5448007.38834126, 5424807.08665379)
3949	2020-09-27	17672.26651303926	c(95869.2135361821, 108316.782046782, 5424807.08665379, 5412259.3144238)
3940	2020-09-27	0	c(66364.4973130879, 64888.9842491106, 4785870.72484793, 4762672.78509749)
3977	2020-09-27	0	c(81800.3884075245, 66364.4973130879, 4796547.36297325, 4785870.72484793)
4051	2020-09-27	0	c(95806.7044708172, 81800.3884075245, 4784058.41790978, 4796547.36297325)
3947	2020-09-27	17920.64935290017	c(98651.2656811493, 97058.9035801986, 5273054.45933591, 5249854.0610598)
3983	2020-09-27	0	c(97058.9035801986, 109965.547798669, 5249854.0610598, 5237332.7027019)
3984	2020-09-27	0	c(113041.649783123, 98651.2656811493, 5283734.6521538, 5273054.45933591)
3949	2020-09-27	17672.26651303926	c(108316.782046782, 106692.71401462, 5412259.3144238, 5389058.21187879)
3985	2020-09-27	17732.3570412587	c(106692.71401462, 119255.471718562, 5389058.21187879, 5376540.54597604)
3983	2020-09-27	0	c(109965.547798669, 108435.270499784, 5237332.7027019, 5214131.97751191)
4020	2020-09-27	0	c(108435.270499784, 121454.156647474, 5214131.97751191, 5201641.72334745)
3984	2020-09-27	0	c(114587.433745456, 113041.649783123, 5306935.87633135, 5283734.6521538)
4022	2020-09-27	0	c(128872.9180589, 114587.433745456, 5317649.36966911, 5306935.87633135)
3985	2020-09-27	17732.3570412587	c(119255.471718562, 117694.365282243, 5376540.54597604, 5353338.82331154)
4022	2020-09-27	0	c(117694.365282243, 130371.56993323, 5353338.82331154, 5340851.53921259)
4051	2020-09-27	0	c(111191.581710417, 95806.7044708172, 4794798.69258921, 4784058.41790978)
4015	2020-09-27	18644.36002890624	c(99963.2070828654, 98572.3593178733, 4853650.83398523, 4830453.14906185)
4051	2020-09-27	0	c(98572.3593178733, 112523.795374722, 4830453.14906185, 4817995.70099079)
4052	2020-09-27	0	c(115203.675393599, 99963.2070828654, 4864390.49350297, 4853650.83398523)
4018	2020-09-27	18283.56909968746	c(112718.117732966, 111280.038122865, 5062439.59870568, 5039239.99274089)
4054	2020-09-27	18341.8026827651	c(111280.038122865, 124743.641549152, 5039239.99274089, 5026780.42521857)
4055	2020-09-27	0	c(127514.57714767, 112718.117732966, 5073179.88211963, 5062439.59870568)
4020	2020-09-27	0	c(121454.156647474, 119985.44132989, 5201641.72334745, 5178440.83487994)
4056	2020-09-27	0	c(119985.44132989, 133115.807689002, 5178440.83487994, 5165981.90892349)
4022	2020-09-27	0	c(130371.56993323, 128872.9180589, 5340851.53921259, 5317649.36966911)
4051	2020-09-27	0	c(112523.795374722, 111191.581710417, 4817995.70099079, 4794798.69258921)
4052	2020-09-27	0	c(116551.306390173, 115203.675393599, 4887588.27790193, 4864390.49350297)
4090	2020-09-27	0	c(131693.114995305, 116551.306390173, 4898359.72538345, 4887588.27790193)
4053	2020-09-27	18462.409194546395	c(120624.749729197, 119261.861443961, 4957183.18511253, 4933984.62360368)
4090	2020-09-27	0	c(119261.861443961, 132996.943136238, 4933984.62360368, 4921557.75060068)
4091	2020-09-27	0	c(135619.241954153, 120624.749729197, 4967954.7103612, 4957183.18511253)
4054	2020-09-27	18341.8026827651	c(124743.641549152, 123365.657872767, 5026780.42521857, 5003581.08585823)
4091	2020-09-27	0	c(123365.657872767, 136937.678056528, 5003581.08585823, 4991153.64507467)
4055	2020-09-27	0	c(128907.492481945, 127514.57714767, 5096379.9997011, 5073179.88211963)
4093	2020-09-27	0	c(143602.028100334, 128907.492481945, 5107152.86892765, 5096379.9997011)
4056	2020-09-27	0	c(133115.807689002, 131708.126247435, 5165981.90892349, 5142781.01312412)
4093	2020-09-27	0	c(131708.126247435, 144949.208942625, 5142781.01312412, 5130353.62384314)
4090	2020-09-27	0	c(132996.943136238, 131693.114995305, 4921557.75060068, 4898359.72538345)
4091	2020-09-27	0	c(136937.678056528, 135619.241954153, 4991153.64507467, 4967954.7103612)
4093	2020-09-27	0	c(144949.208942625, 143602.028100334, 5130353.62384314, 5107152.86892765)
5677	2020-09-27	0	c(819029.694117167, 817850.386774078, 5035315.99994568, 5058516.15104725)
5678	2020-09-27	0	c(815479.076128725, 814287.104028042, 5104917.71984738, 5128119.1374647)
5677	2020-09-27	0	c(833798.622419799, 819029.694117167, 5024450.32771843, 5035315.99994568)
5677	2020-09-27	0	c(817850.386774078, 831334.993115906, 5058516.15104725, 5070850.43132069)
5678	2020-09-27	0	c(830096.546916202, 815479.076128725, 5094051.0579179, 5104917.71984738)
5707	2020-09-27	18214.137193736282	c(831334.993115906, 830096.546916202, 5070850.43132069, 5094051.0579179)
5678	2020-09-27	0	c(814287.104028042, 827606.472969342, 5128119.1374647, 5140453.46054754)
5677	2020-09-27	18335.323181179636	c(847339.01185509, 833798.622419799, 5036816.40704784, 5024450.32771843)
5735	2020-09-27	0	c(862160.242647624, 847339.01185509, 5026014.80086795, 5036816.40704784)
5678	2020-09-27	0	c(827606.472969342, 842174.01885915, 5140453.46054754, 5129618.24935651)
5736	2020-09-27	18155.307620799984	c(842174.01885915, 855439.849598103, 5129618.24935651, 5142016.23187729)
5735	2020-09-27	0	c(875648.116998997, 862160.242647624, 5038444.82356252, 5026014.80086795)
5736	2020-09-27	18161.937575605727	c(855439.849598103, 870060.324803528, 5142016.23187729, 5131245.23669869)
5793	2020-09-27	0	c(870060.324803528, 883272.53821247, 5131245.23669869, 5143706.91368603)
5735	2020-09-27	0	c(874258.62397385, 875648.116998997, 5061644.54286264, 5038444.82356252)
5765	2020-09-27	23241.292271976337	c(887637.485845674, 874258.62397385, 5074106.54822189, 5061644.54286264)
5821	2020-09-27	23247.57040267834	c(902462.239969876, 887637.485845674, 5063400.84429545, 5074106.54822189)
5847	2020-09-27	0	c(903956.98439082, 902462.239969876, 5040201.37730279, 5063400.84429545)
5847	2020-09-27	0	c(918882.943715455, 903956.98439082, 5029528.12531369, 5040201.37730279)
5793	2020-09-27	0	c(883272.53821247, 897945.964402817, 5143706.91368603, 5133000.22143151)
5848	2020-09-27	0	c(897945.964402817, 911104.476485777, 5133000.22143151, 5145525.63191698)
5847	2020-09-27	0	c(932265.587023539, 918882.943715455, 5042086.20609643, 5029528.12531369)
5895	2020-09-27	0	c(947243.97872962, 932265.587023539, 5031477.25383784, 5042086.20609643)
5848	2020-09-27	0	c(911104.476485777, 925830.87835036, 5145525.63191698, 5134883.33503981)
5896	2020-09-27	0	c(925830.87835036, 938935.600172526, 5134883.33503981, 5147472.52199796)
5895	2020-09-27	0	c(960573.895898359, 947243.97872962, 5044099.45778691, 5031477.25383784)
5938	2020-09-27	0	c(975604.769503815, 960573.895898359, 5033554.89483882, 5044099.45778691)
5896	2020-09-27	0	c(938935.600172526, 953715.005348702, 5147472.52199796, 5136894.71855157)
5939	2020-09-27	0	c(953715.005348702, 966765.84296564, 5136894.71855157, 5149547.72883952)
5939	2020-09-27	0	c(966765.84296564, 981598.281966391, 5149547.72883952, 5139034.52253634)
5939	2020-09-27	0	c(981598.281966391, 983428.825728612, 5139034.52253634, 5115836.45142798)
5960	2020-09-27	0	c(983428.825728612, 998363.046389076, 5115836.45142798, 5105355.98119037)
5960	2020-09-27	0	c(998363.046389076, 1000237.10170703, 5105355.98119037, 5082157.94239155)
5983	2020-09-27	0	c(1000237.10170703, 1015272.50777158, 5082157.94239155, 5071710.04819669)
1318	2020-09-28	0	c(-1066245.01508129, -1059457.94551391, 5635556.68953878, 5658488.63233417)
1318	2020-09-28	0	c(-1056488.42850788, -1066245.01508129, 5620227.01931096, 5635556.68953878)
1318	2020-09-28	0	c(-1040016.43209495, -1056488.42850788, 5627878.10172332, 5620227.01931096)
1373	2020-09-28	18162.206030884172	c(-1030192.38961903, -1040016.43209495, 5612612.72283877, 5627878.10172332)
1400	2020-09-28	0	c(-1036768.96328473, -1030192.38961903, 5589648.06146561, 5612612.72283877)
1400	2020-09-28	0	c(-1026806.61629611, -1036768.96328473, 5574399.19549213, 5589648.06146561)
1427	2020-09-28	0	c(-1033295.28241554, -1026806.61629611, 5551413.98650938, 5574399.19549213)
1427	2020-09-28	0	c(-1023195.33320812, -1033295.28241554, 5536182.5587857, 5551413.98650938)
1427	2020-09-28	0	c(-1006678.02594854, -1023195.33320812, 5543983.71602907, 5536182.5587857)
1482	2020-09-28	0	c(-996512.316647073, -1006678.02594854, 5528817.50218745, 5543983.71602907)
1510	2020-09-28	0	c(-1002792.91350792, -996512.316647073, 5505803.34397174, 5528817.50218745)
1510	2020-09-28	0	c(-992490.981473065, -1002792.91350792, 5490655.94318967, 5505803.34397174)
1510	2020-09-28	0	c(-975979.407159663, -992490.981473065, 5498569.09801602, 5490655.94318967)
1510	2020-09-28	0	c(-969818.793651695, -975979.407159663, 5521591.98083405, 5498569.09801602)
1538	2020-09-28	18223.3986507349	c(-953411.228920908, -969818.793651695, 5529541.56564999, 5521591.98083405)
1594	2020-09-28	0	c(-943115.101674419, -953411.228920908, 5514505.54150437, 5529541.56564999)
1594	2020-09-28	0	c(-926762.369666241, -943115.101674419, 5522528.78671834, 5514505.54150437)
1650	2020-09-28	0	c(-916401.569682563, -926762.369666241, 5507557.73840935, 5522528.78671834)
1650	2020-09-28	0	c(-900103.64338609, -916401.569682563, 5515654.28486237, 5507557.73840935)
1707	2020-09-28	0	c(-889678.518348347, -900103.64338609, 5500748.13324831, 5515654.28486237)
1707	2020-09-28	0	c(-873435.36991313, -889678.518348347, 5508917.62903927, 5500748.13324831)
1707	2020-09-28	0	c(-867666.519391214, -873435.36991313, 5531956.84296344, 5508917.62903927)
1736	2020-09-28	23750.473986588848	c(-851527.34008102, -867666.519391214, 5540162.81017152, 5531956.84296344)
1793	2020-09-28	23729.715683760944	c(-841107.680836367, -851527.34008102, 5525365.6269717, 5540162.81017152)
1793	2020-09-28	23729.715683760944	c(-825023.164208516, -841107.680836367, 5533644.08636423, 5525365.6269717)
1850	2020-09-28	23709.363034457747	c(-814539.556952388, -825023.164208516, 5518911.15474284, 5533644.08636423)
1878	2020-09-28	0	c(-820071.420949561, -814539.556952388, 5495856.16881319, 5518911.15474284)
1878	2020-09-28	0	c(-809455.334528229, -820071.420949561, 5481144.23580649, 5495856.16881319)
1878	2020-09-28	0	c(-793376.34590669, -809455.334528229, 5489530.53996908, 5481144.23580649)
1935	2020-09-28	0	c(-782697.253196773, -793376.34590669, 5474883.19098511, 5489530.53996908)
1935	2020-09-28	0	c(-766672.924930728, -782697.253196773, 5483341.10837177, 5474883.19098511)
1992	2020-09-28	18119.477445489378	c(-755931.137985202, -766672.924930728, 5468758.2667317, 5483341.10837177)
2020	2020-09-28	18179.156092394813	c(-761145.370518245, -755931.137985202, 5445675.21957341, 5468758.2667317)
2020	2020-09-28	18179.156092394813	c(-750273.090997766, -761145.370518245, 5431114.91082276, 5445675.21957341)
2048	2020-09-28	0	c(-755405.616857415, -750273.090997766, 5408019.06042351, 5431114.91082276)
2048	2020-09-28	0	c(-744403.612921333, -755405.616857415, 5393482.01190946, 5408019.06042351)
2048	2020-09-28	0	c(-728337.1302557, -744403.612921333, 5402082.40600355, 5393482.01190946)
2105	2020-09-28	0	c(-717273.958154896, -728337.1302557, 5387610.5033257, 5402082.40600355)
2105	2020-09-28	0	c(-701262.106921581, -717273.958154896, 5396281.44720376, 5387610.5033257)
2162	2020-09-28	0	c(-690138.05324036, -701262.106921581, 5381874.59746082, 5396281.44720376)
2162	2020-09-28	0	c(-674180.787105035, -690138.05324036, 5390615.79696654, 5381874.59746082)
2162	2020-09-28	0	c(-669395.635007365, -674180.787105035, 5413728.534816, 5390615.79696654)
2191	2020-09-28	18114.60636696957	c(-653541.068996215, -669395.635007365, 5422504.65688263, 5413728.534816)
2248	2020-09-28	0	c(-642423.398194949, -653541.068996215, 5408203.03600299, 5422504.65688263)
2248	2020-09-28	0	c(-626623.335854104, -642423.398194949, 5417049.0548152, 5408203.03600299)
2248	2020-09-28	0	c(-621989.429731786, -626623.335854104, 5440161.99754721, 5417049.0548152)
2277	2020-09-28	0	c(-606292.42404462, -621989.429731786, 5449043.18975169, 5440161.99754721)
2277	2020-09-28	0	c(-601695.136370248, -606292.42404462, 5472151.50373962, 5449043.18975169)
2306	2020-09-28	23561.18055882182	c(-586101.584284871, -601695.136370248, 5481068.1791718, 5472151.50373962)
2278	2020-09-28	70677.33806427923	c(-587820.096346129, -592458.906370654, 5541447.20806405, 5518353.505756)
2306	2020-09-28	60408.90524594366	c(-592458.906370654, -581541.431831626, 5518353.505756, 5504172.24462884)
2390	2020-09-28	70627.69773994021	c(-566051.735315262, -561529.233288149, 5513124.70039908, 5536224.88972939)
2306	2020-09-28	37845.11314419608	c(-581541.431831626, -586101.584284871, 5504172.24462884, 5481068.1791718)
2390	2020-09-28	60388.0428844516	c(-555072.68834904, -566051.735315262, 5499006.71198655, 5513124.70039908)
2418	2020-09-28	37831.950195626305	c(-559517.112584243, -555072.68834904, 5475896.67808487, 5499006.71198655)
2418	2020-09-28	35585.40182375559	c(-548410.746321008, -559517.112584243, 5461802.65403247, 5475896.67808487)
2445	2020-09-28	18009.736193558867	c(-552777.464863196, -548410.746321008, 5438683.21531445, 5461802.65403247)
2445	2020-09-28	18009.736193558867	c(-541544.543135081, -552777.464863196, 5424613.78746501, 5438683.21531445)
2473	2020-09-28	0	c(-545833.937473159, -541544.543135081, 5401485.37780941, 5424613.78746501)
2473	2020-09-28	0	c(-534475.232991929, -545833.937473159, 5387441.16208657, 5401485.37780941)
2473	2020-09-28	0	c(-518892.813063609, -534475.232991929, 5396564.05563044, 5387441.16208657)
2529	2020-09-28	18056.549987061877	c(-507474.481802786, -518892.813063609, 5382584.00189861, 5396564.05563044)
2557	2020-09-28	0	c(-511573.280282915, -507474.481802786, 5359442.74871991, 5382584.00189861)
2557	2020-09-28	0	c(-500030.509908141, -511573.280282915, 5345488.78913384, 5359442.74871991)
2557	2020-09-28	0	c(-484454.07549737, -500030.509908141, 5354714.12109115, 5345488.78913384)
2614	2020-09-28	18103.371472617644	c(-472852.474164223, -484454.07549737, 5340824.52565097, 5354714.12109115)
2643	2020-09-28	18161.974538566337	c(-476762.57122474, -472852.474164223, 5317671.9360462, 5340824.52565097)
2670	2020-09-28	0	c(-491620.530851658, -487860.960812633, 5141622.86196344, 5164802.44539284)
2643	2020-09-28	18161.974538566337	c(-465037.877011619, -476762.57122474, 5303809.26206227, 5317671.9360462)
2672	2020-09-28	0	c(-468873.081748165, -465037.877011619, 5280649.86092069, 5303809.26206227)
2670	2020-09-28	23476.42522967613	c(-479403.668625955, -491620.530851658, 5127771.01287496, 5141622.86196344)
2699	2020-09-28	0	c(-483089.289777707, -479403.668625955, 5104585.69988828, 5127771.01287496)
2670	2020-09-28	0	c(-487860.960812633, -471994.522905235, 5164802.44539284, 5174131.8809781)
2672	2020-09-28	0	c(-457026.092425685, -468873.081748165, 5266814.64493495, 5280649.86092069)
2701	2020-09-28	0	c(-460786.835309135, -457026.092425685, 5243648.81954881, 5266814.64493495)
2699	2020-09-28	0	c(-470753.111672805, -483089.289777707, 5090763.40238476, 5104585.69988828)
2701	2020-09-28	0	c(-448818.355834092, -460786.835309135, 5229841.58170853, 5243648.81954881)
2730	2020-09-28	0	c(-452505.07576702, -448818.355834092, 5206669.71258104, 5229841.58170853)
2670	2020-09-28	0	c(-471994.522905235, -459841.558284494, 5174131.8809781, 5160316.58756578)
2729	2020-09-28	18399.915248217545	c(-459841.558284494, -444029.062184879, 5160316.58756578, 5169713.41726504)
2730	2020-09-28	0	c(-440415.917998799, -452505.07576702, 5192890.95654562, 5206669.71258104)
2760	2020-09-28	18330.353336161887	c(-444029.062184879, -440415.917998799, 5169713.41726504, 5192890.95654562)
2699	2020-09-28	0	c(-454795.020309004, -470753.111672805, 5100162.7000475, 5090763.40238476)
2759	2020-09-28	0	c(-442403.711115602, -454795.020309004, 5086406.38918154, 5100162.7000475)
2759	2020-09-28	0	c(-426499.382676901, -442403.711115602, 5095872.65233754, 5086406.38918154)
2759	2020-09-28	0	c(-423032.01583234, -426499.382676901, 5119060.43942077, 5095872.65233754)
2790	2020-09-28	18433.686599368757	c(-407227.191972104, -423032.01583234, 5128558.90982249, 5119060.43942077)
2853	2020-09-28	0	c(-394843.824529827, -407227.191972104, 5114904.12998416, 5128558.90982249)
2853	2020-09-28	0	c(-379092.690236978, -394843.824529827, 5124469.37333726, 5114904.12998416)
2916	2020-09-28	0	c(-366654.186204696, -379092.690236978, 5110880.04362051, 5124469.37333726)
2916	2020-09-28	0	c(-350956.660894056, -366654.186204696, 5120511.86575937, 5110880.04362051)
2916	2020-09-28	0	c(-347743.965764872, -350956.660894056, 5143698.93326393, 5120511.86575937)
2949	2020-09-28	23408.577689692058	c(-332146.483758432, -347743.965764872, 5153363.2722398, 5143698.93326393)
3013	2020-09-28	23395.154294199903	c(-319715.11280249, -332146.483758432, 5139874.3988548, 5153363.2722398)
3013	2020-09-28	23395.154294199903	c(-304171.204265343, -319715.11280249, 5149605.13213603, 5139874.3988548)
3078	2020-09-28	23382.1838021699	c(-291684.678127934, -304171.204265343, 5136181.22392701, 5149605.13213603)
3110	2020-09-28	0	c(-294680.387449917, -291684.678127934, 5112991.73827043, 5136181.22392701)
3110	2020-09-28	0	c(-282077.48011339, -294680.387449917, 5099598.08233486, 5112991.73827043)
3110	2020-09-28	0	c(-266540.31652784, -282077.48011339, 5109428.54336644, 5099598.08233486)
3174	2020-09-28	0	c(-253882.922920469, -266540.31652784, 5096099.89702877, 5109428.54336644)
3174	2020-09-28	0	c(-238399.064676072, -253882.922920469, 5105996.22739215, 5096099.89702877)
3236	2020-09-28	0	c(-225687.33207962, -238399.064676072, 5092732.48858896, 5105996.22739215)
3236	2020-09-28	0	c(-210256.7083478, -225687.33207962, 5102694.52740341, 5092732.48858896)
3298	2020-09-28	0	c(-197490.778080074, -210256.7083478, 5089495.59743136, 5102694.52740341)
3298	2020-09-28	0	c(-182113.320224417, -197490.778080074, 5099523.19028277, 5089495.59743136)
3360	2020-09-28	0	c(-169293.327715992, -182113.320224417, 5086388.97386369, 5099523.19028277)
3391	2020-09-28	0	c(-171790.847671804, -169293.327715992, 5063193.46509282, 5086388.97386369)
3391	2020-09-28	0	c(-158857.271555657, -171790.847671804, 5050090.3624632, 5063193.46509282)
3391	2020-09-28	0	c(-143485.88223176, -158857.271555657, 5060216.28812155, 5050090.3624632)
3455	2020-09-28	0	c(-130498.847863606, -143485.88223176, 5047177.91378867, 5060216.28812155)
3486	2020-09-28	0	c(-132823.947962531, -130498.847863606, 5023980.31384589, 5047177.91378867)
3510	2020-09-28	0	c(-179799.022100281, -177771.282456102, 4361121.83783081, 4384340.89187351)
3486	2020-09-28	0	c(-119724.616733248, -132823.947962531, 5010973.4518521, 5023980.31384589)
3519	2020-09-28	0	c(-121984.500927285, -119724.616733248, 4987774.57645376, 5010973.4518521)
3510	2020-09-28	0	c(-165125.513001857, -179799.022100281, 4348164.33874596, 4361121.83783081)
3510	2020-09-28	0	c(-177771.282456102, -161164.83012867, 4384340.89187351, 4394598.58255177)
3519	2020-09-28	0	c(-108773.688421255, -121984.500927285, 4974799.50257234, 4987774.57645376)
3552	2020-09-28	0	c(-110968.884748214, -108773.688421255, 4951599.57844066, 4974799.50257234)
3552	2020-09-28	0	c(-97647.4095172182, -110968.884748214, 4938656.55219758, 4951599.57844066)
3585	2020-09-28	0	c(-99778.4519382743, -97647.4095172182, 4915455.79820118, 4938656.55219758)
3510	2020-09-28	0	c(-148479.564192826, -165125.513001857, 4358456.34296587, 4348164.33874596)
3577	2020-09-28	0	c(-133761.488073438, -148479.564192826, 4345564.49201124, 4358456.34296587)
3510	2020-09-28	19509.308235644836	c(-161164.83012867, -146546.562444213, 4394598.58255177, 4381671.5745309)
3577	2020-09-28	0	c(-146546.562444213, -129990.075937585, 4381671.5745309, 4391991.25778133)
3617	2020-09-28	0	c(-94570.0226988256, -92526.0349327249, 4809736.35464616, 4832939.335829)
3585	2020-09-28	0	c(-86347.1352648903, -99778.4519382743, 4902545.06287759, 4915455.79820118)
3618	2020-09-28	0	c(-88414.5635375847, -86347.1352648903, 4879343.68998135, 4902545.06287759)
3617	2020-09-28	0	c(-80864.3681660022, -94570.0226988256, 4796858.70181479, 4809736.35464616)
3617	2020-09-28	0	c(-92526.0349327249, -76878.588753423, 4832939.335829, 4843263.68384102)
3618	2020-09-28	0	c(-74874.2292016803, -88414.5635375847, 4866465.47262191, 4879343.68998135)
3652	2020-09-28	0	c(-76878.588753423, -74874.2292016803, 4843263.68384102, 4866465.47262191)
3577	2020-09-28	0	c(-117165.243673525, -133761.488073438, 4355918.23284601, 4345564.49201124)
3577	2020-09-28	0	c(-129990.075937585, -115326.777598032, 4391991.25778133, 4379129.80928755)
3577	2020-09-28	0	c(-115326.777598032, -117165.243673525, 4379129.80928755, 4355918.23284601)
3617	2020-09-28	0	c(-65171.904604091, -80864.3681660022, 4807216.18562595, 4796858.70181479)
3686	2020-09-28	0	c(-51416.0151240254, -65171.904604091, 4794403.62045765, 4807216.18562595)
3721	2020-09-28	0	c(-53295.8955669126, -51416.0151240254, 4771201.57694951, 4794403.62045765)
3721	2020-09-28	0	c(-39433.4724622502, -53295.8955669126, 4758422.11362641, 4771201.57694951)
3756	2020-09-28	0	c(-41251.9532306159, -39433.4724622502, 4735220.21518383, 4758422.11362641)
3756	2020-09-28	0	c(-27283.8280025267, -41251.9532306159, 4722474.01599762, 4735220.21518383)
3756	2020-09-28	0	c(-11553.2276565711, -27283.8280025267, 4732961.38908457, 4722474.01599762)
3829	2020-09-28	0	c(2464.2090702178, -11553.2276565711, 4720280.12235024, 4732961.38908457)
3829	2020-09-28	0	c(18143.8517352951, 2464.2090702178, 4730831.06299893, 4720280.12235024)
3829	2020-09-28	0	c(19761.1679518509, 18143.8517352951, 4754030.50642639, 4730831.06299893)
3866	2020-09-28	18833.60340816029	c(35344.7984592536, 19761.1679518509, 4764612.3340118, 4754030.50642639)
3940	2020-09-28	0	c(49356.3249539243, 35344.7984592536, 4752027.3531765, 4764612.3340118)
3940	2020-09-28	0	c(64888.9842491106, 49356.3249539243, 4762672.78509749, 4752027.3531765)
3940	2020-09-28	0	c(66364.4973130879, 64888.9842491106, 4785870.72484793, 4762672.78509749)
3977	2020-09-28	18765.67713841227	c(81800.3884075245, 66364.4973130879, 4796547.36297325, 4785870.72484793)
4051	2020-09-28	0	c(95806.7044708172, 81800.3884075245, 4784058.41790978, 4796547.36297325)
3983	2020-09-28	17980.02501932972	c(109965.547798669, 108435.270499784, 5237332.7027019, 5214131.97751191)
4020	2020-09-28	18039.254690081543	c(108435.270499784, 121454.156647474, 5214131.97751191, 5201641.72334745)
4021	2020-09-28	0	c(124406.68291909, 109965.547798669, 5248044.14126679, 5237332.7027019)
3984	2020-09-28	17856.4834602957	c(114587.433745456, 113041.649783123, 5306935.87633135, 5283734.6521538)
4021	2020-09-28	0	c(113041.649783123, 125890.45482619, 5283734.6521538, 5271245.67060507)
4022	2020-09-28	0	c(128872.9180589, 114587.433745456, 5317649.36966911, 5306935.87633135)
3986	2020-09-28	17670.08635911978	c(123969.10543211, 122392.862567636, 5446146.70964984, 5422944.4892412)
4023	2020-09-28	0	c(122392.862567636, 134896.968478381, 5422944.4892412, 5410459.32655457)
4051	2020-09-28	0	c(111191.581710417, 95806.7044708172, 4794798.69258921, 4784058.41790978)
4020	2020-09-28	18039.254690081543	c(121454.156647474, 119985.44132989, 5201641.72334745, 5178440.83487994)
4056	2020-09-28	0	c(119985.44132989, 133115.807689002, 5178440.83487994, 5165981.90892349)
4021	2020-09-28	0	c(125890.45482619, 124406.68291909, 5271245.67060507, 5248044.14126679)
4022	2020-09-28	0	c(130371.56993323, 128872.9180589, 5340851.53921259, 5317649.36966911)
4059	2020-09-28	0	c(144551.541120392, 130371.56993323, 5351598.40515886, 5340851.53921259)
4023	2020-09-28	0	c(134896.968478381, 133383.615068528, 5410459.32655457, 5387256.51778085)
4059	2020-09-28	0	c(133383.615068528, 146002.509688195, 5387256.51778085, 5374801.63185508)
4051	2020-09-28	0	c(112523.795374722, 111191.581710417, 4817995.70099079, 4794798.69258921)
4089	2020-09-28	0	c(127811.121702469, 112523.795374722, 4828767.46702504, 4817995.70099079)
4052	2020-09-28	18641.78837501611	c(116551.306390173, 115203.675393599, 4887588.27790193, 4864390.49350297)
4089	2020-09-28	0	c(115203.675393599, 129100.187189974, 4864390.49350297, 4851964.58372895)
4090	2020-09-28	18579.76742570299	c(131693.114995305, 116551.306390173, 4898359.72538345, 4887588.27790193)
4055	2020-09-28	0	c(128907.492481945, 127514.57714767, 5096379.9997011, 5073179.88211963)
4092	2020-09-28	0	c(127514.57714767, 140921.924308845, 5073179.88211963, 5060752.26923075)
4093	2020-09-28	0	c(143602.028100334, 128907.492481945, 5107152.86892765, 5096379.9997011)
4056	2020-09-28	0	c(133115.807689002, 131708.126247435, 5165981.90892349, 5142781.01312412)
4093	2020-09-28	0	c(131708.126247435, 144949.208942625, 5142781.01312412, 5130353.62384314)
4059	2020-09-28	0	c(146002.509688195, 144551.541120392, 5374801.63185508, 5351598.40515886)
4089	2020-09-28	0	c(129100.187189974, 127811.121702469, 4851964.58372895, 4828767.46702504)
4090	2020-09-28	18520.008259414175	c(132996.943136238, 131693.114995305, 4921557.75060068, 4898359.72538345)
4128	2020-09-28	0	c(148039.456563525, 132996.943136238, 4932361.15264441, 4921557.75060068)
4091	2020-09-28	0	c(136937.678056528, 135619.241954153, 4991153.64507467, 4967954.7103612)
4128	2020-09-28	0	c(135619.241954153, 149298.89830794, 4967954.7103612, 4955559.55254307)
4129	2020-09-28	0	c(151831.779082417, 136937.678056528, 5001957.3889127, 4991153.64507467)
4092	2020-09-28	0	c(140921.924308845, 139589.036718116, 5060752.26923075, 5037552.42447269)
4129	2020-09-28	0	c(139589.036718116, 153105.184745464, 5037552.42447269, 5025156.8255046)
4093	2020-09-28	0	c(144949.208942625, 143602.028100334, 5130353.62384314, 5107152.86892765)
4128	2020-09-28	0	c(149298.89830794, 148039.456563525, 4955559.55254307, 4932361.15264441)
4129	2020-09-28	0	c(153105.184745464, 151831.779082417, 5025156.8255046, 5001957.3889127)
5618	2020-09-28	0	c(793919.935491375, 792857.253747871, 4964345.45508382, 4987544.30309268)
5618	2020-09-28	0	c(808786.726067955, 793919.935491375, 4953416.52418227, 4964345.45508382)
5618	2020-09-28	0	c(792857.253747871, 806557.567522237, 4987544.30309268, 4999814.2569651)
5647	2020-09-28	18331.336198171044	c(806557.567522237, 805436.84988934, 4999814.2569651, 5023013.81258744)
5648	2020-09-28	0	c(803183.211538379, 802050.320441729, 5069414.30241452, 5092615.23659416)
5647	2020-09-28	18331.336198171044	c(805436.84988934, 819029.694117167, 5023013.81258744, 5035315.99994568)
5648	2020-09-28	0	c(817850.386774078, 803183.211538379, 5058516.15104725, 5069414.30241452)
5677	2020-09-28	18272.814031194088	c(819029.694117167, 817850.386774078, 5035315.99994568, 5058516.15104725)
5648	2020-09-28	0	c(802050.320441729, 815479.076128725, 5092615.23659416, 5104917.71984738)
5678	2020-09-28	0	c(815479.076128725, 814287.104028042, 5104917.71984738, 5128119.1374647)
5618	2020-09-28	0	c(822542.038236476, 808786.726067955, 4965718.07985082, 4953416.52418227)
5678	2020-09-28	0	c(814287.104028042, 827606.472969342, 5128119.1374647, 5140453.46054754)
5708	2020-09-28	0	c(827606.472969342, 826354.878021528, 5140453.46054754, 5163655.23645599)
5618	2020-09-28	0	c(821375.535274895, 822542.038236476, 4988916.96437421, 4965718.07985082)
5647	2020-09-28	18397.79113399334	c(835023.773085712, 821375.535274895, 5001250.850715, 4988916.96437421)
5706	2020-09-28	0	c(849893.813932678, 835023.773085712, 4990417.54079515, 5001250.850715)
5708	2020-09-28	0	c(826354.878021528, 839564.100268278, 5163655.23645599, 5176021.22506879)
5706	2020-09-28	0	c(863489.923619311, 849893.813932678, 5002815.41489973, 4990417.54079515)
5708	2020-09-28	0	c(839564.100268278, 854081.497486028, 5176021.22506879, 5165217.41823687)
5766	2020-09-28	0	c(854081.497486028, 867236.793607594, 5165217.41823687, 5177646.97910555)
5706	2020-09-28	0	c(862160.242647624, 863489.923619311, 5026014.80086795, 5002815.41489973)
5735	2020-09-28	0	c(875648.116998997, 862160.242647624, 5038444.82356252, 5026014.80086795)
5792	2020-09-28	0	c(890521.690397177, 875648.116998997, 5027707.35554066, 5038444.82356252)
5766	2020-09-28	0	c(867236.793607594, 881807.32833063, 5177646.97910555, 5166907.4559093)
5792	2020-09-28	0	c(903956.98439082, 890521.690397177, 5040201.37730279, 5027707.35554066)
5847	2020-09-28	0	c(918882.943715455, 903956.98439082, 5029528.12531369, 5040201.37730279)
5766	2020-09-28	0	c(881807.32833063, 883272.53821247, 5166907.4559093, 5143706.91368603)
5793	2020-09-28	23246.76320375944	c(883272.53821247, 897945.964402817, 5143706.91368603, 5133000.22143151)
5848	2020-09-28	23253.05151183406	c(897945.964402817, 911104.476485777, 5133000.22143151, 5145525.63191698)
5847	2020-09-28	0	c(932265.587023539, 918882.943715455, 5042086.20609643, 5029528.12531369)
5895	2020-09-28	0	c(947243.97872962, 932265.587023539, 5031477.25383784, 5042086.20609643)
5848	2020-09-28	23253.05151183406	c(911104.476485777, 925830.87835036, 5145525.63191698, 5134883.33503981)
5896	2020-09-28	27907.42384993311	c(925830.87835036, 938935.600172526, 5134883.33503981, 5147472.52199796)
5895	2020-09-28	0	c(960573.895898359, 947243.97872962, 5044099.45778691, 5031477.25383784)
5938	2020-09-28	18357.74289658635	c(975604.769503815, 960573.895898359, 5033554.89483882, 5044099.45778691)
5896	2020-09-28	18177.541963935295	c(938935.600172526, 953715.005348702, 5147472.52199796, 5136894.71855157)
5939	2020-09-28	0	c(953715.005348702, 966765.84296564, 5136894.71855157, 5149547.72883952)
5939	2020-09-28	0	c(966765.84296564, 981598.281966391, 5149547.72883952, 5139034.52253634)
5939	2020-09-28	0	c(981598.281966391, 983428.825728612, 5139034.52253634, 5115836.45142798)
5960	2020-09-28	0	c(983428.825728612, 998363.046389076, 5115836.45142798, 5105355.98119037)
5960	2020-09-28	0	c(998363.046389076, 1000237.10170703, 5105355.98119037, 5082157.94239155)
5983	2020-09-28	0	c(1000237.10170703, 1015272.50777158, 5082157.94239155, 5071710.04819669)
1318	2020-09-29	0	c(-1066245.01508129, -1059457.94551391, 5635556.68953878, 5658488.63233417)
1318	2020-09-29	0	c(-1056488.42850788, -1066245.01508129, 5620227.01931096, 5635556.68953878)
1345	2020-09-29	0	c(-1063186.8629022, -1056488.42850788, 5597273.15600378, 5620227.01931096)
1345	2020-09-29	18223.673232953886	c(-1053291.31554149, -1063186.8629022, 5581959.48929616, 5597273.15600378)
1345	2020-09-29	0	c(-1036768.96328473, -1053291.31554149, 5589648.06146561, 5581959.48929616)
1400	2020-09-29	0	c(-1026806.61629611, -1036768.96328473, 5574399.19549213, 5589648.06146561)
1427	2020-09-29	0	c(-1033295.28241554, -1026806.61629611, 5551413.98650938, 5574399.19549213)
1427	2020-09-29	0	c(-1023195.33320812, -1033295.28241554, 5536182.5587857, 5551413.98650938)
1427	2020-09-29	0	c(-1006678.02594854, -1023195.33320812, 5543983.71602907, 5536182.5587857)
1482	2020-09-29	0	c(-996512.316647073, -1006678.02594854, 5528817.50218745, 5543983.71602907)
1510	2020-09-29	0	c(-1002792.91350792, -996512.316647073, 5505803.34397174, 5528817.50218745)
1510	2020-09-29	0	c(-992490.981473065, -1002792.91350792, 5490655.94318967, 5505803.34397174)
1510	2020-09-29	0	c(-975979.407159663, -992490.981473065, 5498569.09801602, 5490655.94318967)
1566	2020-09-29	0	c(-965612.742628434, -975979.407159663, 5483487.28545447, 5498569.09801602)
1566	2020-09-29	0	c(-949156.121735916, -965612.742628434, 5491474.21797714, 5483487.28545447)
1566	2020-09-29	0	c(-943115.101674419, -949156.121735916, 5514505.54150437, 5491474.21797714)
1594	2020-09-29	0	c(-926762.369666241, -943115.101674419, 5522528.78671834, 5514505.54150437)
1650	2020-09-29	0	c(-916401.569682563, -926762.369666241, 5507557.73840935, 5522528.78671834)
1650	2020-09-29	0	c(-900103.64338609, -916401.569682563, 5515654.28486237, 5507557.73840935)
1707	2020-09-29	0	c(-889678.518348347, -900103.64338609, 5500748.13324831, 5515654.28486237)
1707	2020-09-29	0	c(-873435.36991313, -889678.518348347, 5508917.62903927, 5500748.13324831)
1764	2020-09-29	0	c(-862946.260237144, -873435.36991313, 5494076.29526299, 5508917.62903927)
1764	2020-09-29	0	c(-846757.861089117, -862946.260237144, 5502318.39569453, 5494076.29526299)
1821	2020-09-29	0	c(-836205.099993968, -846757.861089117, 5487541.80128924, 5502318.39569453)
1821	2020-09-29	0	c(-820071.420949561, -836205.099993968, 5495856.16881319, 5487541.80128924)
1878	2020-09-29	0	c(-809455.334528229, -820071.420949561, 5481144.23580649, 5495856.16881319)
1878	2020-09-29	0	c(-793376.34590669, -809455.334528229, 5489530.53996908, 5481144.23580649)
1935	2020-09-29	18134.60704286262	c(-782697.253196773, -793376.34590669, 5474883.19098511, 5489530.53996908)
1963	2020-09-29	0	c(-788028.534026721, -782697.253196773, 5451806.7909279, 5474883.19098511)
1963	2020-09-29	0	c(-777218.333796343, -788028.534026721, 5437181.60033939, 5451806.7909279)
1991	2020-09-29	0	c(-782467.31964993, -777218.333796343, 5414091.80577942, 5437181.60033939)
1991	2020-09-29	0	c(-771526.777435338, -782467.31964993, 5399489.51731642, 5414091.80577942)
1991	2020-09-29	0	c(-755405.616857415, -771526.777435338, 5408019.06042351, 5399489.51731642)
2048	2020-09-29	0	c(-744403.612921333, -755405.616857415, 5393482.01190946, 5408019.06042351)
2048	2020-09-29	0	c(-728337.1302557, -744403.612921333, 5402082.40600355, 5393482.01190946)
2105	2020-09-29	18223.573848691565	c(-717273.958154896, -728337.1302557, 5387610.5033257, 5402082.40600355)
2105	2020-09-29	18201.700190324504	c(-701262.106921581, -717273.958154896, 5396281.44720376, 5387610.5033257)
2162	2020-09-29	0	c(-690138.05324036, -701262.106921581, 5381874.59746082, 5396281.44720376)
2162	2020-09-29	0	c(-674180.787105035, -690138.05324036, 5390615.79696654, 5381874.59746082)
2219	2020-09-29	0	c(-662996.131530195, -674180.787105035, 5376273.90856142, 5390615.79696654)
2219	2020-09-29	0	c(-647093.404406789, -662996.131530195, 5385085.07652577, 5376273.90856142)
2219	2020-09-29	0	c(-642423.398194949, -647093.404406789, 5408203.03600299, 5385085.07652577)
2248	2020-09-29	18101.143178825983	c(-626623.335854104, -642423.398194949, 5417049.0548152, 5408203.03600299)
2248	2020-09-29	18101.143178825983	c(-621989.429731786, -626623.335854104, 5440161.99754721, 5417049.0548152)
2277	2020-09-29	35724.285282047706	c(-606292.42404462, -621989.429731786, 5449043.18975169, 5440161.99754721)
2333	2020-09-29	23555.781274561232	c(-595180.64257586, -606292.42404462, 5434845.83318754, 5449043.18975169)
2333	2020-09-29	23555.781274561232	c(-579538.084887673, -595180.64257586, 5443796.5671251, 5434845.83318754)
2389	2020-09-29	35695.51416833116	c(-568365.603928189, -579538.084887673, 5429663.20875946, 5443796.5671251)
2417	2020-09-29	18081.557021953136	c(-572769.544729891, -568365.603928189, 5406539.76124858, 5429663.20875946)
2417	2020-09-29	18081.557021953136	c(-561470.71324633, -572769.544729891, 5392431.30945167, 5406539.76124858)
2417	2020-09-29	23533.57877029215	c(-545833.937473159, -561470.71324633, 5401485.37780941, 5392431.30945167)
2473	2020-09-29	23517.300213409784	c(-534475.232991929, -545833.937473159, 5387441.16208657, 5401485.37780941)
2500	2020-09-29	0	c(-538687.69388747, -534475.232991929, 5364304.2093371, 5387441.16208657)
2500	2020-09-29	0	c(-527203.987958421, -538687.69388747, 5350285.80560752, 5364304.2093371)
2582	2020-09-29	0	c(-539673.328543742, -535768.317930944, 5113831.93701114, 5137014.43333885)
2500	2020-09-29	0	c(-511573.280282915, -527203.987958421, 5359442.74871991, 5350285.80560752)
2557	2020-09-29	18115.4251840985	c(-500030.509908141, -511573.280282915, 5345488.78913384, 5359442.74871991)
2585	2020-09-29	0	c(-504053.384199013, -500030.509908141, 5322339.87878337, 5345488.78913384)
2582	2020-09-29	0	c(-527447.989902806, -539673.328543742, 5099877.26282976, 5113831.93701114)
2582	2020-09-29	0	c(-535768.317930944, -519747.897154607, 5137014.43333885, 5146243.7323016)
2611	2020-09-29	0	c(-519747.897154607, -515878.131786435, 5146243.7323016, 5169421.54076294)
2585	2020-09-29	0	c(-492386.964761675, -504053.384199013, 5308412.58154696, 5322339.87878337)
2613	2020-09-29	0	c(-496334.330384617, -492386.964761675, 5285256.41866025, 5308412.58154696)
2611	2020-09-29	0	c(-515878.131786435, -499957.673765323, 5169421.54076294, 5178683.36177891)
2613	2020-09-29	0	c(-484545.059678356, -496334.330384617, 5271356.33567476, 5285256.41866025)
2582	2020-09-29	0	c(-511382.093451879, -527447.989902806, 5109141.99462372, 5099877.26282976)
2640	2020-09-29	0	c(-499101.236629492, -511382.093451879, 5095253.57697661, 5109141.99462372)
2611	2020-09-29	0	c(-499957.673765323, -487860.960812633, 5178683.36177891, 5164802.44539284)
2670	2020-09-29	18412.23245499193	c(-487860.960812633, -471994.522905235, 5164802.44539284, 5174131.8809781)
2700	2020-09-29	18342.311460595734	c(-471994.522905235, -468271.10348531, 5174131.8809781, 5197307.44006935)
2613	2020-09-29	18226.33289472192	c(-468873.081748165, -484545.059678356, 5280649.86092069, 5271356.33567476)
2672	2020-09-29	27844.84028923906	c(-457026.092425685, -468873.081748165, 5266814.64493495, 5280649.86092069)
2701	2020-09-29	18278.440694211837	c(-460786.835309135, -457026.092425685, 5243648.81954881, 5266814.64493495)
2640	2020-09-29	0	c(-483089.289777707, -499101.236629492, 5104585.69988828, 5095253.57697661)
2699	2020-09-29	18532.969541412112	c(-470753.111672805, -483089.289777707, 5090763.40238476, 5104585.69988828)
2728	2020-09-29	0	c(-474365.244349624, -470753.111672805, 5067572.73423408, 5090763.40238476)
2700	2020-09-29	18342.311460595734	c(-468271.10348531, -452505.07576702, 5197307.44006935, 5206669.71258104)
2701	2020-09-29	18278.440694211837	c(-448818.355834092, -460786.835309135, 5229841.58170853, 5243648.81954881)
2730	2020-09-29	28047.674268200823	c(-452505.07576702, -448818.355834092, 5206669.71258104, 5229841.58170853)
2728	2020-09-29	0	c(-461910.590048056, -474365.244349624, 5053780.45573329, 5067572.73423408)
2728	2020-09-29	0	c(-445907.230560241, -461910.590048056, 5063214.83107615, 5053780.45573329)
2728	2020-09-29	0	c(-442403.711115602, -445907.230560241, 5086406.38918154, 5063214.83107615)
2759	2020-09-29	0	c(-426499.382676901, -442403.711115602, 5095872.65233754, 5086406.38918154)
2821	2020-09-29	0	c(-414053.125966862, -426499.382676901, 5082182.19755966, 5095872.65233754)
2821	2020-09-29	0	c(-398202.469524821, -414053.125966862, 5091715.22399323, 5082182.19755966)
2821	2020-09-29	0	c(-394843.824529827, -398202.469524821, 5114904.12998416, 5091715.22399323)
2853	2020-09-29	18422.439162923532	c(-379092.690236978, -394843.824529827, 5124469.37333726, 5114904.12998416)
2916	2020-09-29	0	c(-366654.186204696, -379092.690236978, 5110880.04362051, 5124469.37333726)
2916	2020-09-29	0	c(-350956.660894056, -366654.186204696, 5120511.86575937, 5110880.04362051)
2980	2020-09-29	0	c(-338463.192186981, -350956.660894056, 5106987.87132791, 5120511.86575937)
2980	2020-09-29	0	c(-322819.197061018, -338463.192186981, 5116686.08487199, 5106987.87132791)
3045	2020-09-29	0	c(-310270.929318274, -322819.197061018, 5103227.31398097, 5116686.08487199)
3045	2020-09-29	0	c(-294680.387449917, -310270.929318274, 5112991.73827043, 5103227.31398097)
3110	2020-09-29	0	c(-282077.48011339, -294680.387449917, 5099598.08233486, 5112991.73827043)
3110	2020-09-29	0	c(-266540.31652784, -282077.48011339, 5109428.54336644, 5099598.08233486)
3174	2020-09-29	0	c(-253882.922920469, -266540.31652784, 5096099.89702877, 5109428.54336644)
3174	2020-09-29	0	c(-238399.064676072, -253882.922920469, 5105996.22739215, 5096099.89702877)
3236	2020-09-29	0	c(-225687.33207962, -238399.064676072, 5092732.48858896, 5105996.22739215)
3236	2020-09-29	0	c(-210256.7083478, -225687.33207962, 5102694.52740341, 5092732.48858896)
3298	2020-09-29	0	c(-197490.778080074, -210256.7083478, 5089495.59743136, 5102694.52740341)
3298	2020-09-29	0	c(-182113.320224417, -197490.778080074, 5099523.19028277, 5089495.59743136)
3360	2020-09-29	18358.07257029362	c(-169293.327715992, -182113.320224417, 5086388.97386369, 5099523.19028277)
3391	2020-09-29	0	c(-171790.847671804, -169293.327715992, 5063193.46509282, 5086388.97386369)
3391	2020-09-29	0	c(-158857.271555657, -171790.847671804, 5050090.3624632, 5063193.46509282)
3454	2020-09-29	0	c(-150607.358166254, -148242.071427867, 4990622.6138327, 5013821.40627064)
3477	2020-09-29	0	c(-192344.526111587, -190255.588895727, 4397333.67740935, 4420553.48316153)
3454	2020-09-29	0	c(-137449.06457289, -150607.358166254, 4977582.64034188, 4990622.6138327)
3391	2020-09-29	0	c(-143485.88223176, -158857.271555657, 5060216.28812155, 5050090.3624632)
3454	2020-09-29	0	c(-148242.071427867, -132823.947962531, 5013821.40627064, 5023980.31384589)
3455	2020-09-29	18406.900341589062	c(-130498.847863606, -143485.88223176, 5047177.91378867, 5060216.28812155)
3486	2020-09-29	18464.071444696194	c(-132823.947962531, -130498.847863606, 5023980.31384589, 5047177.91378867)
3477	2020-09-29	0	c(-177771.282456102, -192344.526111587, 4384340.89187351, 4397333.67740935)
3510	2020-09-29	0	c(-179799.022100281, -177771.282456102, 4361121.83783081, 4384340.89187351)
3477	2020-09-29	0	c(-190255.588895727, -173688.91988374, 4420553.48316153, 4430776.7778702)
3510	2020-09-29	0	c(-165125.513001857, -179799.022100281, 4348164.33874596, 4361121.83783081)
3543	2020-09-29	0	c(-167092.657081089, -165125.513001857, 4324946.21579625, 4348164.33874596)
3454	2020-09-29	0	c(-121984.500927285, -137449.06457289, 4987774.57645376, 4977582.64034188)
3519	2020-09-29	0	c(-108773.688421255, -121984.500927285, 4974799.50257234, 4987774.57645376)
3552	2020-09-29	0	c(-110968.884748214, -108773.688421255, 4951599.57844066, 4974799.50257234)
3543	2020-09-29	23301.30659719513	c(-152319.773352868, -167092.657081089, 4312024.08888059, 4324946.21579625)
3477	2020-09-29	0	c(-173688.91988374, -159171.345118681, 4430776.7778702, 4417814.7017716)
3544	2020-09-29	0	c(-159171.345118681, -142654.895555636, 4417814.7017716, 4428100.2430646)
3552	2020-09-29	0	c(-97647.4095172182, -110968.884748214, 4938656.55219758, 4951599.57844066)
3585	2020-09-29	0	c(-99778.4519382743, -97647.4095172182, 4915455.79820118, 4938656.55219758)
3617	2020-09-29	0	c(-94570.0226988256, -92526.0349327249, 4809736.35464616, 4832939.335829)
3585	2020-09-29	0	c(-86347.1352648903, -99778.4519382743, 4902545.06287759, 4915455.79820118)
3618	2020-09-29	0	c(-88414.5635375847, -86347.1352648903, 4879343.68998135, 4902545.06287759)
3543	2020-09-29	23289.623078026507	c(-135634.610515677, -152319.773352868, 4322350.31626811, 4312024.08888059)
3544	2020-09-29	0	c(-142654.895555636, -128091.837226727, 4428100.2430646, 4415203.84652893)
3617	2020-09-29	0	c(-80864.3681660022, -94570.0226988256, 4796858.70181479, 4809736.35464616)
3617	2020-09-29	0	c(-92526.0349327249, -76878.588753423, 4832939.335829, 4843263.68384102)
3618	2020-09-29	0	c(-74874.2292016803, -88414.5635375847, 4866465.47262191, 4879343.68998135)
3652	2020-09-29	18686.60312322818	c(-76878.588753423, -74874.2292016803, 4843263.68384102, 4866465.47262191)
3543	2020-09-29	0	c(-133761.488073438, -135634.610515677, 4345564.49201124, 4322350.31626811)
3577	2020-09-29	0	c(-117165.243673525, -133761.488073438, 4355918.23284601, 4345564.49201124)
3544	2020-09-29	0	c(-128091.837226727, -129990.075937585, 4415203.84652893, 4391991.25778133)
3577	2020-09-29	0	c(-129990.075937585, -115326.777598032, 4391991.25778133, 4379129.80928755)
3577	2020-09-29	0	c(-115326.777598032, -117165.243673525, 4379129.80928755, 4355918.23284601)
3617	2020-09-29	0	c(-65171.904604091, -80864.3681660022, 4807216.18562595, 4796858.70181479)
3686	2020-09-29	18802.41696006945	c(-51416.0151240254, -65171.904604091, 4794403.62045765, 4807216.18562595)
3721	2020-09-29	0	c(-53295.8955669126, -51416.0151240254, 4771201.57694951, 4794403.62045765)
3721	2020-09-29	0	c(-39433.4724622502, -53295.8955669126, 4758422.11362641, 4771201.57694951)
3756	2020-09-29	0	c(-41251.9532306159, -39433.4724622502, 4735220.21518383, 4758422.11362641)
3756	2020-09-29	0	c(-27283.8280025267, -41251.9532306159, 4722474.01599762, 4735220.21518383)
3756	2020-09-29	0	c(-11553.2276565711, -27283.8280025267, 4732961.38908457, 4722474.01599762)
3829	2020-09-29	0	c(2464.2090702178, -11553.2276565711, 4720280.12235024, 4732961.38908457)
3829	2020-09-29	0	c(18143.8517352951, 2464.2090702178, 4730831.06299893, 4720280.12235024)
3902	2020-09-29	0	c(32210.5659907594, 18143.8517352951, 4718214.59757636, 4730831.06299893)
3902	2020-09-29	0	c(47839.3682507286, 32210.5659907594, 4728829.04433796, 4718214.59757636)
3902	2020-09-29	0	c(49356.3249539243, 47839.3682507286, 4752027.3531765, 4728829.04433796)
3940	2020-09-29	0	c(64888.9842491106, 49356.3249539243, 4762672.78509749, 4752027.3531765)
4014	2020-09-29	0	c(78950.141090271, 64888.9842491106, 4750152.39055429, 4762672.78509749)
4014	2020-09-29	0	c(94431.9339178937, 78950.141090271, 4760861.37138569, 4750152.39055429)
4014	2020-09-29	0	c(95806.7044708172, 94431.9339178937, 4784058.41790978, 4760861.37138569)
4051	2020-09-29	0	c(111191.581710417, 95806.7044708172, 4794798.69258921, 4784058.41790978)
4021	2020-09-29	0	c(125890.45482619, 124406.68291909, 5271245.67060507, 5248044.14126679)
4057	2020-09-29	0	c(124406.68291909, 137368.086916994, 5248044.14126679, 5235586.1521292)
4058	2020-09-29	0	c(140227.114725761, 125890.45482619, 5281990.27670911, 5271245.67060507)
4022	2020-09-29	17792.321673570495	c(130371.56993323, 128872.9180589, 5340851.53921259, 5317649.36966911)
4058	2020-09-29	0	c(128872.9180589, 141663.824554296, 5317649.36966911, 5305192.72744005)
4059	2020-09-29	0	c(144551.541120392, 130371.56993323, 5351598.40515886, 5340851.53921259)
4023	2020-09-29	17667.988626600887	c(134896.968478381, 133383.615068528, 5410459.32655457, 5387256.51778085)
4059	2020-09-29	0	c(133383.615068528, 146002.509688195, 5387256.51778085, 5374801.63185508)
4060	2020-09-29	0	c(148918.57148668, 134896.968478381, 5421208.86008805, 5410459.32655457)
4051	2020-09-29	0	c(112523.795374722, 111191.581710417, 4817995.70099079, 4794798.69258921)
4089	2020-09-29	0	c(127811.121702469, 112523.795374722, 4828767.46702504, 4817995.70099079)
4055	2020-09-29	0	c(128907.492481945, 127514.57714767, 5096379.9997011, 5073179.88211963)
4092	2020-09-29	0	c(127514.57714767, 140921.924308845, 5073179.88211963, 5060752.26923075)
4093	2020-09-29	0	c(143602.028100334, 128907.492481945, 5107152.86892765, 5096379.9997011)
4056	2020-09-29	18098.335932409354	c(133115.807689002, 131708.126247435, 5165981.90892349, 5142781.01312412)
4093	2020-09-29	0	c(131708.126247435, 144949.208942625, 5142781.01312412, 5130353.62384314)
4094	2020-09-29	0	c(147657.739640424, 133115.807689002, 5176756.04362854, 5165981.90892349)
4057	2020-09-29	0	c(137368.086916994, 135945.806717414, 5235586.1521292, 5212384.47848866)
4094	2020-09-29	0	c(135945.806717414, 149019.053751426, 5212384.47848866, 5199957.70837809)
4058	2020-09-29	0	c(141663.824554296, 140227.114725761, 5305192.72744005, 5281990.27670911)
4059	2020-09-29	0	c(146002.509688195, 144551.541120392, 5374801.63185508, 5351598.40515886)
4060	2020-09-29	0	c(150383.626162835, 148918.57148668, 5444412.86124993, 5421208.86008805)
4089	2020-09-29	0	c(129100.187189974, 127811.121702469, 4851964.58372895, 4828767.46702504)
4127	2020-09-29	0	c(144289.324770601, 129100.187189974, 4862768.0249822, 4851964.58372895)
4091	2020-09-29	18399.867561678337	c(136937.678056528, 135619.241954153, 4991153.64507467, 4967954.7103612)
4128	2020-09-29	0	c(135619.241954153, 149298.89830794, 4967954.7103612, 4955559.55254307)
4129	2020-09-29	0	c(151831.779082417, 136937.678056528, 5001957.3889127, 4991153.64507467)
4092	2020-09-29	0	c(140921.924308845, 139589.036718116, 5060752.26923075, 5037552.42447269)
4129	2020-09-29	0	c(139589.036718116, 153105.184745464, 5037552.42447269, 5025156.8255046)
4093	2020-09-29	0	c(144949.208942625, 143602.028100334, 5130353.62384314, 5107152.86892765)
4094	2020-09-29	0	c(149019.053751426, 147657.739640424, 5199957.70837809, 5176756.04362854)
4127	2020-09-29	0	c(145534.653302089, 144289.324770601, 4885965.38897946, 4862768.0249822)
4165	2020-09-29	0	c(160624.961880898, 145534.653302089, 4896800.6756138, 4885965.38897946)
4128	2020-09-29	0	c(149298.89830794, 148039.456563525, 4955559.55254307, 4932361.15264441)
4165	2020-09-29	0	c(148039.456563525, 161825.967228764, 4932361.15264441, 4919998.41842749)
4129	2020-09-29	0	c(153105.184745464, 151831.779082417, 5025156.8255046, 5001957.3889127)
4165	2020-09-29	0	c(161825.967228764, 160624.961880898, 4919998.41842749, 4896800.6756138)
5588	2020-09-29	18329.47623563671	c(778091.317199379, 777074.943596297, 4998505.5189393, 5021705.14204155)
5588	2020-09-29	0	c(792857.253747871, 778091.317199379, 4987544.30309268, 4998505.5189393)
5618	2020-09-29	0	c(793919.935491375, 792857.253747871, 4964345.45508382, 4987544.30309268)
5588	2020-09-29	0	c(777074.943596297, 790720.187236471, 5021705.14204155, 5033943.48445681)
5619	2020-09-29	0	c(790720.187236471, 789645.830527591, 5033943.48445681, 5057143.81785572)
5618	2020-09-29	0	c(808786.726067955, 793919.935491375, 4953416.52418227, 4964345.45508382)
5619	2020-09-29	0	c(789645.830527591, 803183.211538379, 5057143.81785572, 5069414.30241452)
5648	2020-09-29	0	c(803183.211538379, 802050.320441729, 5069414.30241452, 5092615.23659416)
5648	2020-09-29	0	c(802050.320441729, 815479.076128725, 5092615.23659416, 5104917.71984738)
5678	2020-09-29	0	c(815479.076128725, 814287.104028042, 5104917.71984738, 5128119.1374647)
5618	2020-09-29	0	c(822542.038236476, 808786.726067955, 4965718.07985082, 4953416.52418227)
5676	2020-09-29	0	c(837460.665804531, 822542.038236476, 4954853.04615476, 4965718.07985082)
5678	2020-09-29	0	c(814287.104028042, 827606.472969342, 5128119.1374647, 5140453.46054754)
5708	2020-09-29	0	c(827606.472969342, 826354.878021528, 5140453.46054754, 5163655.23645599)
5708	2020-09-29	0	c(826354.878021528, 839564.100268278, 5163655.23645599, 5176021.22506879)
5676	2020-09-29	18455.741809281564	c(851164.232288768, 837460.665804531, 4967218.62132588, 4954853.04615476)
5676	2020-09-29	0	c(849893.813932678, 851164.232288768, 4990417.54079515, 4967218.62132588)
5706	2020-09-29	0	c(863489.923619311, 849893.813932678, 5002815.41489973, 4990417.54079515)
5708	2020-09-29	0	c(839564.100268278, 854081.497486028, 5176021.22506879, 5165217.41823687)
5766	2020-09-29	0	c(854081.497486028, 867236.793607594, 5165217.41823687, 5177646.97910555)
5706	2020-09-29	0	c(862160.242647624, 863489.923619311, 5026014.80086795, 5002815.41489973)
5735	2020-09-29	0	c(875648.116998997, 862160.242647624, 5038444.82356252, 5026014.80086795)
5792	2020-09-29	0	c(890521.690397177, 875648.116998997, 5027707.35554066, 5038444.82356252)
5766	2020-09-29	0	c(867236.793607594, 881807.32833063, 5177646.97910555, 5166907.4559093)
5822	2020-09-29	0	c(881807.32833063, 894908.611520249, 5166907.4559093, 5179400.61984627)
5792	2020-09-29	0	c(903956.98439082, 890521.690397177, 5040201.37730279, 5027707.35554066)
5847	2020-09-29	0	c(918882.943715455, 903956.98439082, 5029528.12531369, 5040201.37730279)
5822	2020-09-29	0	c(894908.611520249, 909532.300356149, 5179400.61984627, 5168725.47387398)
5874	2020-09-29	0	c(909532.300356149, 922579.478956298, 5168725.47387398, 5181282.27557204)
5847	2020-09-29	0	c(932265.587023539, 918882.943715455, 5042086.20609643, 5029528.12531369)
5895	2020-09-29	0	c(947243.97872962, 932265.587023539, 5031477.25383784, 5042086.20609643)
5916	2020-09-29	0	c(948887.916968637, 947243.97872962, 5008278.22998127, 5031477.25383784)
5916	2020-09-29	0	c(963966.73522896, 948887.916968637, 4997701.56094636, 5008278.22998127)
5918	2020-09-29	0	c(964979.377424604, 966765.84296564, 5172745.99510893, 5149547.72883952)
5939	2020-09-29	0	c(966765.84296564, 981598.281966391, 5149547.72883952, 5139034.52253634)
5939	2020-09-29	0	c(981598.281966391, 983428.825728612, 5139034.52253634, 5115836.45142798)
5960	2020-09-29	0	c(983428.825728612, 998363.046389076, 5115836.45142798, 5105355.98119037)
5960	2020-09-29	0	c(998363.046389076, 1000237.10170703, 5105355.98119037, 5082157.94239155)
5983	2020-09-29	0	c(1000237.10170703, 1015272.50777158, 5082157.94239155, 5071710.04819669)
1318	2020-09-30	27208.76877870325	c(-1066245.01508129, -1059457.94551391, 5635556.68953878, 5658488.63233417)
1318	2020-09-30	18162.206030884172	c(-1056488.42850788, -1066245.01508129, 5620227.01931096, 5635556.68953878)
1318	2020-09-30	0	c(-1040016.43209495, -1056488.42850788, 5627878.10172332, 5620227.01931096)
1373	2020-09-30	0	c(-1030192.38961903, -1040016.43209495, 5612612.72283877, 5627878.10172332)
1400	2020-09-30	0	c(-1036768.96328473, -1030192.38961903, 5589648.06146561, 5612612.72283877)
1400	2020-09-30	0	c(-1026806.61629611, -1036768.96328473, 5574399.19549213, 5589648.06146561)
1427	2020-09-30	0	c(-1033295.28241554, -1026806.61629611, 5551413.98650938, 5574399.19549213)
1427	2020-09-30	0	c(-1023195.33320812, -1033295.28241554, 5536182.5587857, 5551413.98650938)
1427	2020-09-30	0	c(-1006678.02594854, -1023195.33320812, 5543983.71602907, 5536182.5587857)
1482	2020-09-30	0	c(-996512.316647073, -1006678.02594854, 5528817.50218745, 5543983.71602907)
1510	2020-09-30	0	c(-1002792.91350792, -996512.316647073, 5505803.34397174, 5528817.50218745)
1510	2020-09-30	0	c(-992490.981473065, -1002792.91350792, 5490655.94318967, 5505803.34397174)
1510	2020-09-30	0	c(-975979.407159663, -992490.981473065, 5498569.09801602, 5490655.94318967)
1566	2020-09-30	0	c(-965612.742628434, -975979.407159663, 5483487.28545447, 5498569.09801602)
1566	2020-09-30	0	c(-949156.121735916, -965612.742628434, 5491474.21797714, 5483487.28545447)
1566	2020-09-30	0	c(-943115.101674419, -949156.121735916, 5514505.54150437, 5491474.21797714)
1594	2020-09-30	18206.55002387656	c(-926762.369666241, -943115.101674419, 5522528.78671834, 5514505.54150437)
1650	2020-09-30	0	c(-916401.569682563, -926762.369666241, 5507557.73840935, 5522528.78671834)
1650	2020-09-30	0	c(-900103.64338609, -916401.569682563, 5515654.28486237, 5507557.73840935)
1707	2020-09-30	0	c(-889678.518348347, -900103.64338609, 5500748.13324831, 5515654.28486237)
1707	2020-09-30	0	c(-873435.36991313, -889678.518348347, 5508917.62903927, 5500748.13324831)
1764	2020-09-30	0	c(-862946.260237144, -873435.36991313, 5494076.29526299, 5508917.62903927)
1764	2020-09-30	0	c(-846757.861089117, -862946.260237144, 5502318.39569453, 5494076.29526299)
1821	2020-09-30	0	c(-836205.099993968, -846757.861089117, 5487541.80128924, 5502318.39569453)
1821	2020-09-30	0	c(-820071.420949561, -836205.099993968, 5495856.16881319, 5487541.80128924)
1878	2020-09-30	18150.049774896204	c(-809455.334528229, -820071.420949561, 5481144.23580649, 5495856.16881319)
1906	2020-09-30	0	c(-814904.007218656, -809455.334528229, 5458074.71945105, 5481144.23580649)
1906	2020-09-30	0	c(-804156.192722286, -814904.007218656, 5443384.56102221, 5458074.71945105)
1906	2020-09-30	0	c(-788028.534026721, -804156.192722286, 5451806.7909279, 5443384.56102221)
1963	2020-09-30	0	c(-777218.333796343, -788028.534026721, 5437181.60033939, 5451806.7909279)
1991	2020-09-30	0	c(-782467.31964993, -777218.333796343, 5414091.80577942, 5437181.60033939)
1991	2020-09-30	0	c(-771526.777435338, -782467.31964993, 5399489.51731642, 5414091.80577942)
1991	2020-09-30	0	c(-755405.616857415, -771526.777435338, 5408019.06042351, 5399489.51731642)
2048	2020-09-30	18238.555973399452	c(-744403.612921333, -755405.616857415, 5393482.01190946, 5408019.06042351)
2076	2020-09-30	0	c(-749454.770853299, -744403.612921333, 5370373.8639712, 5393482.01190946)
2076	2020-09-30	0	c(-738323.821327137, -749454.770853299, 5355860.78700203, 5370373.8639712)
2076	2020-09-30	0	c(-722209.594039129, -738323.821327137, 5364497.08442372, 5355860.78700203)
2133	2020-09-30	0	c(-711018.090101081, -722209.594039129, 5350049.48601648, 5364497.08442372)
2133	2020-09-30	0	c(-694958.500985308, -711018.090101081, 5358756.10576667, 5350049.48601648)
2133	2020-09-30	0	c(-690138.05324036, -694958.500985308, 5381874.59746082, 5358756.10576667)
2162	2020-09-30	23615.70186706619	c(-674180.787105035, -690138.05324036, 5390615.79696654, 5381874.59746082)
2219	2020-09-30	23597.306519202168	c(-662996.131530195, -674180.787105035, 5376273.90856142, 5390615.79696654)
2219	2020-09-30	18173.687046222156	c(-647093.404406789, -662996.131530195, 5385085.07652577, 5376273.90856142)
2276	2020-09-30	0	c(-635848.41980241, -647093.404406789, 5370808.0592567, 5385085.07652577)
2276	2020-09-30	0	c(-620000.185954153, -635848.41980241, 5379688.91543848, 5370808.0592567)
2276	2020-09-30	0	c(-615445.014700279, -620000.185954153, 5402811.90199021, 5379688.91543848)
2305	2020-09-30	23567.394684676223	c(-599699.418310276, -615445.014700279, 5411727.53962342, 5402811.90199021)
2361	2020-09-30	23550.276964559504	c(-588460.712444477, -599699.418310276, 5397554.77599034, 5411727.53962342)
2388	2020-09-30	0	c(-592901.352575177, -588460.712444477, 5374426.95161499, 5397554.77599034)
2388	2020-09-30	0	c(-581536.501585925, -592901.352575177, 5360279.41204071, 5374426.95161499)
2388	2020-09-30	0	c(-565797.118971151, -581536.501585925, 5369298.83134746, 5360279.41204071)
2444	2020-09-30	0	c(-554372.717353367, -565797.118971151, 5355215.90156487, 5369298.83134746)
2444	2020-09-30	0	c(-538687.69388747, -554372.717353367, 5364304.2093371, 5355215.90156487)
2500	2020-09-30	18127.80459096992	c(-527203.987958421, -538687.69388747, 5350285.80560752, 5364304.2093371)
2528	2020-09-30	0	c(-531339.915325503, -527203.987958421, 5327140.73141852, 5350285.80560752)
2554	2020-09-30	0	c(-547873.198442136, -543892.945579679, 5150998.28961699, 5174174.22047802)
2528	2020-09-30	0	c(-519731.997560306, -531339.915325503, 5313148.72336211, 5327140.73141852)
2554	2020-09-30	0	c(-535768.317930944, -547873.198442136, 5137014.43333885, 5150998.28961699)
2582	2020-09-30	0	c(-539673.328543742, -535768.317930944, 5113831.93701114, 5137014.43333885)
2554	2020-09-30	0	c(-543892.945579679, -527918.387796106, 5174174.22047802, 5183368.19948743)
2584	2020-09-30	0	c(-516044.564417198, -512060.468371442, 5252870.82043002, 5276030.89803707)
2582	2020-09-30	0	c(-527447.989902806, -539673.328543742, 5099877.26282976, 5113831.93701114)
2584	2020-09-30	0	c(-504190.623599989, -516044.564417198, 5238933.28941282, 5252870.82043002)
2528	2020-09-30	0	c(-504053.384199013, -519731.997560306, 5322339.87878337, 5313148.72336211)
2584	2020-09-30	0	c(-512060.468371442, -496334.330384617, 5276030.89803707, 5285256.41866025)
2585	2020-09-30	18174.05444337054	c(-492386.964761675, -504053.384199013, 5308412.58154696, 5322339.87878337)
2613	2020-09-30	18232.433922804044	c(-496334.330384617, -492386.964761675, 5285256.41866025, 5308412.58154696)
2554	2020-09-30	0	c(-527918.387796106, -515878.131786435, 5183368.19948743, 5169421.54076294)
2611	2020-09-30	18424.90310302457	c(-515878.131786435, -499957.673765323, 5169421.54076294, 5178683.36177891)
2641	2020-09-30	18354.61739169545	c(-499957.673765323, -496123.702671973, 5178683.36177891, 5201856.83411734)
2582	2020-09-30	0	c(-511382.093451879, -527447.989902806, 5109141.99462372, 5099877.26282976)
2640	2020-09-30	0	c(-499101.236629492, -511382.093451879, 5095253.57697661, 5109141.99462372)
2669	2020-09-30	0	c(-502822.265786348, -499101.236629492, 5072063.87176581, 5095253.57697661)
2584	2020-09-30	0	c(-488417.340886319, -504190.623599989, 5248193.31831374, 5238933.28941282)
2641	2020-09-30	18354.61739169545	c(-496123.702671973, -480303.653810187, 5201856.83411734, 5211151.50458801)
2642	2020-09-30	18290.559937063983	c(-476506.024160905, -488417.340886319, 5234320.98507053, 5248193.31831374)
2671	2020-09-30	28066.178889339568	c(-480303.653810187, -476506.024160905, 5211151.50458801, 5234320.98507053)
2669	2020-09-30	0	c(-490422.36671429, -502822.265786348, 5058205.3073921, 5072063.87176581)
2669	2020-09-30	0	c(-474365.244349624, -490422.36671429, 5067572.73423408, 5058205.3073921)
2728	2020-09-30	0	c(-461910.590048056, -474365.244349624, 5053780.45573329, 5067572.73423408)
2728	2020-09-30	0	c(-445907.230560241, -461910.590048056, 5063214.83107615, 5053780.45573329)
2728	2020-09-30	0	c(-442403.711115602, -445907.230560241, 5086406.38918154, 5063214.83107615)
2759	2020-09-30	23454.70135931901	c(-426499.382676901, -442403.711115602, 5095872.65233754, 5086406.38918154)
2821	2020-09-30	23439.575634084456	c(-414053.125966862, -426499.382676901, 5082182.19755966, 5095872.65233754)
2821	2020-09-30	18490.77730325415	c(-398202.469524821, -414053.125966862, 5091715.22399323, 5082182.19755966)
2884	2020-09-30	0	c(-385701.442329981, -398202.469524821, 5078090.49778121, 5091715.22399323)
2884	2020-09-30	0	c(-369904.368675622, -385701.442329981, 5087690.09225239, 5078090.49778121)
2884	2020-09-30	0	c(-366654.186204696, -369904.368675622, 5110880.04362051, 5087690.09225239)
2916	2020-09-30	18411.55033441489	c(-350956.660894056, -366654.186204696, 5120511.86575937, 5110880.04362051)
2980	2020-09-30	0	c(-338463.192186981, -350956.660894056, 5106987.87132791, 5120511.86575937)
2980	2020-09-30	0	c(-322819.197061018, -338463.192186981, 5116686.08487199, 5106987.87132791)
3045	2020-09-30	0	c(-310270.929318274, -322819.197061018, 5103227.31398097, 5116686.08487199)
3045	2020-09-30	0	c(-294680.387449917, -310270.929318274, 5112991.73827043, 5103227.31398097)
3110	2020-09-30	0	c(-282077.48011339, -294680.387449917, 5099598.08233486, 5112991.73827043)
3110	2020-09-30	0	c(-266540.31652784, -282077.48011339, 5109428.54336644, 5099598.08233486)
3174	2020-09-30	0	c(-253882.922920469, -266540.31652784, 5096099.89702877, 5109428.54336644)
3174	2020-09-30	0	c(-238399.064676072, -253882.922920469, 5105996.22739215, 5096099.89702877)
3236	2020-09-30	0	c(-225687.33207962, -238399.064676072, 5092732.48858896, 5105996.22739215)
3236	2020-09-30	0	c(-210256.7083478, -225687.33207962, 5102694.52740341, 5092732.48858896)
3298	2020-09-30	18366.991209601554	c(-197490.778080074, -210256.7083478, 5089495.59743136, 5102694.52740341)
3329	2020-09-30	0	c(-200095.173965755, -197490.778080074, 5066300.71702847, 5089495.59743136)
3329	2020-09-30	0	c(-187215.177868242, -200095.173965755, 5053132.7888549, 5066300.71702847)
3329	2020-09-30	0	c(-171790.847671804, -187215.177868242, 5063193.46509282, 5053132.7888549)
3391	2020-09-30	18415.405734683314	c(-158857.271555657, -171790.847671804, 5050090.3624632, 5063193.46509282)
3422	2020-09-30	0	c(-161288.415711577, -158857.271555657, 5026893.08915423, 5050090.3624632)
3422	2020-09-30	0	c(-148242.071427867, -161288.415711577, 5013821.40627064, 5026893.08915423)
3454	2020-09-30	0	c(-150607.358166254, -148242.071427867, 4990622.6138327, 5013821.40627064)
3477	2020-09-30	0	c(-192344.526111587, -190255.588895727, 4397333.67740935, 4420553.48316153)
3454	2020-09-30	0	c(-137449.06457289, -150607.358166254, 4977582.64034188, 4990622.6138327)
3477	2020-09-30	0	c(-177771.282456102, -192344.526111587, 4384340.89187351, 4397333.67740935)
3510	2020-09-30	0	c(-179799.022100281, -177771.282456102, 4361121.83783081, 4384340.89187351)
3477	2020-09-30	0	c(-190255.588895727, -173688.91988374, 4420553.48316153, 4430776.7778702)
3510	2020-09-30	0	c(-165125.513001857, -179799.022100281, 4348164.33874596, 4361121.83783081)
3454	2020-09-30	18525.161238990546	c(-121984.500927285, -137449.06457289, 4987774.57645376, 4977582.64034188)
3519	2020-09-30	28764.116291296006	c(-108773.688421255, -121984.500927285, 4974799.50257234, 4987774.57645376)
3552	2020-09-30	18577.7527053498	c(-110968.884748214, -108773.688421255, 4951599.57844066, 4974799.50257234)
3477	2020-09-30	0	c(-173688.91988374, -159171.345118681, 4430776.7778702, 4417814.7017716)
3544	2020-09-30	0	c(-159171.345118681, -142654.895555636, 4417814.7017716, 4428100.2430646)
3584	2020-09-30	0	c(-106123.877292154, -104016.714397884, 4845849.90159977, 4869052.47290345)
3552	2020-09-30	18577.7527053498	c(-97647.4095172182, -110968.884748214, 4938656.55219758, 4951599.57844066)
3585	2020-09-30	18634.25878880371	c(-99778.4519382743, -97647.4095172182, 4915455.79820118, 4938656.55219758)
3510	2020-09-30	0	c(-148479.564192826, -165125.513001857, 4358456.34296587, 4348164.33874596)
3577	2020-09-30	0	c(-133761.488073438, -148479.564192826, 4345564.49201124, 4358456.34296587)
3584	2020-09-30	0	c(-92526.0349327249, -106123.877292154, 4832939.335829, 4845849.90159977)
3617	2020-09-30	0	c(-94570.0226988256, -92526.0349327249, 4809736.35464616, 4832939.335829)
3584	2020-09-30	0	c(-104016.714397884, -88414.5635375847, 4869052.47290345, 4879343.68998135)
3585	2020-09-30	18634.25878880371	c(-86347.1352648903, -99778.4519382743, 4902545.06287759, 4915455.79820118)
3618	2020-09-30	18690.53932908259	c(-88414.5635375847, -86347.1352648903, 4879343.68998135, 4902545.06287759)
3544	2020-09-30	0	c(-142654.895555636, -128091.837226727, 4428100.2430646, 4415203.84652893)
3617	2020-09-30	0	c(-80864.3681660022, -94570.0226988256, 4796858.70181479, 4809736.35464616)
3651	2020-09-30	0	c(-82845.7344404873, -80864.3681660022, 4773655.5086954, 4796858.70181479)
3577	2020-09-30	0	c(-117165.243673525, -133761.488073438, 4355918.23284601, 4345564.49201124)
3544	2020-09-30	0	c(-128091.837226727, -129990.075937585, 4415203.84652893, 4391991.25778133)
3577	2020-09-30	0	c(-129990.075937585, -115326.777598032, 4391991.25778133, 4379129.80928755)
3651	2020-09-30	0	c(-69033.1020903044, -82845.7344404873, 4760810.96064867, 4773655.5086954)
3577	2020-09-30	0	c(-115326.777598032, -117165.243673525, 4379129.80928755, 4355918.23284601)
3651	2020-09-30	0	c(-53295.8955669126, -69033.1020903044, 4771201.57694951, 4760810.96064867)
3721	2020-09-30	0	c(-39433.4724622502, -53295.8955669126, 4758422.11362641, 4771201.57694951)
3756	2020-09-30	0	c(-41251.9532306159, -39433.4724622502, 4735220.21518383, 4758422.11362641)
3756	2020-09-30	0	c(-27283.8280025267, -41251.9532306159, 4722474.01599762, 4735220.21518383)
3756	2020-09-30	0	c(-11553.2276565711, -27283.8280025267, 4732961.38908457, 4722474.01599762)
3829	2020-09-30	0	c(2464.2090702178, -11553.2276565711, 4720280.12235024, 4732961.38908457)
3829	2020-09-30	0	c(18143.8517352951, 2464.2090702178, 4730831.06299893, 4720280.12235024)
3902	2020-09-30	0	c(32210.5659907594, 18143.8517352951, 4718214.59757636, 4730831.06299893)
3902	2020-09-30	0	c(47839.3682507286, 32210.5659907594, 4728829.04433796, 4718214.59757636)
3902	2020-09-30	0	c(49356.3249539243, 47839.3682507286, 4752027.3531765, 4728829.04433796)
3940	2020-09-30	18827.543951061267	c(64888.9842491106, 49356.3249539243, 4762672.78509749, 4752027.3531765)
4014	2020-09-30	0	c(78950.141090271, 64888.9842491106, 4750152.39055429, 4762672.78509749)
4014	2020-09-30	0	c(94431.9339178937, 78950.141090271, 4760861.37138569, 4750152.39055429)
4014	2020-09-30	0	c(95806.7044708172, 94431.9339178937, 4784058.41790978, 4760861.37138569)
4051	2020-09-30	0	c(111191.581710417, 95806.7044708172, 4794798.69258921, 4784058.41790978)
4021	2020-09-30	0	c(125890.45482619, 124406.68291909, 5271245.67060507, 5248044.14126679)
4057	2020-09-30	0	c(124406.68291909, 137368.086916994, 5248044.14126679, 5235586.1521292)
4058	2020-09-30	0	c(140227.114725761, 125890.45482619, 5281990.27670911, 5271245.67060507)
4051	2020-09-30	0	c(112523.795374722, 111191.581710417, 4817995.70099079, 4794798.69258921)
4089	2020-09-30	0	c(127811.121702469, 112523.795374722, 4828767.46702504, 4817995.70099079)
4055	2020-09-30	18220.430522153754	c(128907.492481945, 127514.57714767, 5096379.9997011, 5073179.88211963)
4092	2020-09-30	0	c(127514.57714767, 140921.924308845, 5073179.88211963, 5060752.26923075)
4093	2020-09-30	0	c(143602.028100334, 128907.492481945, 5107152.86892765, 5096379.9997011)
4057	2020-09-30	0	c(137368.086916994, 135945.806717414, 5235586.1521292, 5212384.47848866)
4094	2020-09-30	0	c(135945.806717414, 149019.053751426, 5212384.47848866, 5199957.70837809)
4058	2020-09-30	0	c(141663.824554296, 140227.114725761, 5305192.72744005, 5281990.27670911)
4096	2020-09-30	0	c(155895.391304851, 141663.824554296, 5315970.57683069, 5305192.72744005)
4059	2020-09-30	0	c(146002.509688195, 144551.541120392, 5374801.63185508, 5351598.40515886)
4096	2020-09-30	0	c(144551.541120392, 157284.485110158, 5351598.40515886, 5339174.05853111)
4097	2020-09-30	0	c(160076.352623045, 146002.509688195, 5385581.92858634, 5374801.63185508)
4060	2020-09-30	0	c(150383.626162835, 148918.57148668, 5444412.86124993, 5421208.86008805)
4097	2020-09-30	0	c(148918.57148668, 161479.089452243, 5421208.86008805, 5408786.31652945)
4089	2020-09-30	0	c(129100.187189974, 127811.121702469, 4851964.58372895, 4828767.46702504)
4127	2020-09-30	0	c(144289.324770601, 129100.187189974, 4862768.0249822, 4851964.58372895)
4092	2020-09-30	0	c(140921.924308845, 139589.036718116, 5060752.26923075, 5037552.42447269)
4129	2020-09-30	0	c(139589.036718116, 153105.184745464, 5037552.42447269, 5025156.8255046)
4093	2020-09-30	0	c(144949.208942625, 143602.028100334, 5130353.62384314, 5107152.86892765)
4131	2020-09-30	0	c(159541.192809573, 144949.208942625, 5141159.19329952, 5130353.62384314)
4094	2020-09-30	0	c(149019.053751426, 147657.739640424, 5199957.70837809, 5176756.04362854)
4131	2020-09-30	0	c(147657.739640424, 160842.071610002, 5176756.04362854, 5164360.70366974)
4096	2020-09-30	0	c(157284.485110158, 155895.391304851, 5339174.05853111, 5315970.57683069)
4097	2020-09-30	0	c(161479.089452243, 160076.352623045, 5408786.31652945, 5385581.92858634)
4127	2020-09-30	0	c(145534.653302089, 144289.324770601, 4885965.38897946, 4862768.0249822)
4165	2020-09-30	0	c(160624.961880898, 145534.653302089, 4896800.6756138, 4885965.38897946)
4128	2020-09-30	0	c(149298.89830794, 148039.456563525, 4955559.55254307, 4932361.15264441)
4165	2020-09-30	0	c(148039.456563525, 161825.967228764, 4932361.15264441, 4919998.41842749)
4166	2020-09-30	0	c(164241.478758581, 149298.89830794, 4966395.06199149, 4955559.55254307)
4129	2020-09-30	0	c(153105.184745464, 151831.779082417, 5025156.8255046, 5001957.3889127)
4166	2020-09-30	0	c(151831.779082417, 165455.953156889, 5001957.3889127, 4989593.96292392)
4131	2020-09-30	0	c(160842.071610002, 159541.192809573, 5164360.70366974, 5141159.19329952)
4165	2020-09-30	0	c(161825.967228764, 160624.961880898, 4919998.41842749, 4896800.6756138)
4166	2020-09-30	0	c(165455.953156889, 164241.478758581, 4989593.96292392, 4966395.06199149)
5618	2020-09-30	0	c(793919.935491375, 792857.253747871, 4964345.45508382, 4987544.30309268)
5619	2020-09-30	0	c(790720.187236471, 789645.830527591, 5033943.48445681, 5057143.81785572)
5618	2020-09-30	0	c(808786.726067955, 793919.935491375, 4953416.52418227, 4964345.45508382)
5618	2020-09-30	0	c(792857.253747871, 806557.567522237, 4987544.30309268, 4999814.2569651)
5619	2020-09-30	0	c(805436.84988934, 790720.187236471, 5023013.81258744, 5033943.48445681)
5647	2020-09-30	18331.336198171044	c(806557.567522237, 805436.84988934, 4999814.2569651, 5023013.81258744)
5619	2020-09-30	0	c(789645.830527591, 803183.211538379, 5057143.81785572, 5069414.30241452)
5648	2020-09-30	0	c(803183.211538379, 802050.320441729, 5069414.30241452, 5092615.23659416)
5648	2020-09-30	0	c(802050.320441729, 815479.076128725, 5092615.23659416, 5104917.71984738)
5678	2020-09-30	0	c(815479.076128725, 814287.104028042, 5104917.71984738, 5128119.1374647)
5618	2020-09-30	0	c(822542.038236476, 808786.726067955, 4965718.07985082, 4953416.52418227)
5678	2020-09-30	0	c(814287.104028042, 827606.472969342, 5128119.1374647, 5140453.46054754)
5708	2020-09-30	0	c(827606.472969342, 826354.878021528, 5140453.46054754, 5163655.23645599)
5618	2020-09-30	0	c(821375.535274895, 822542.038236476, 4988916.96437421, 4965718.07985082)
5647	2020-09-30	18397.79113399334	c(835023.773085712, 821375.535274895, 5001250.850715, 4988916.96437421)
5706	2020-09-30	0	c(849893.813932678, 835023.773085712, 4990417.54079515, 5001250.850715)
5708	2020-09-30	0	c(826354.878021528, 839564.100268278, 5163655.23645599, 5176021.22506879)
5706	2020-09-30	0	c(863489.923619311, 849893.813932678, 5002815.41489973, 4990417.54079515)
5708	2020-09-30	0	c(839564.100268278, 854081.497486028, 5176021.22506879, 5165217.41823687)
5766	2020-09-30	0	c(854081.497486028, 867236.793607594, 5165217.41823687, 5177646.97910555)
5706	2020-09-30	0	c(862160.242647624, 863489.923619311, 5026014.80086795, 5002815.41489973)
5735	2020-09-30	0	c(875648.116998997, 862160.242647624, 5038444.82356252, 5026014.80086795)
5792	2020-09-30	0	c(890521.690397177, 875648.116998997, 5027707.35554066, 5038444.82356252)
5766	2020-09-30	0	c(867236.793607594, 881807.32833063, 5177646.97910555, 5166907.4559093)
5822	2020-09-30	0	c(881807.32833063, 894908.611520249, 5166907.4559093, 5179400.61984627)
5792	2020-09-30	0	c(903956.98439082, 890521.690397177, 5040201.37730279, 5027707.35554066)
5847	2020-09-30	0	c(918882.943715455, 903956.98439082, 5029528.12531369, 5040201.37730279)
5822	2020-09-30	0	c(894908.611520249, 909532.300356149, 5179400.61984627, 5168725.47387398)
5874	2020-09-30	0	c(909532.300356149, 922579.478956298, 5168725.47387398, 5181282.27557204)
5847	2020-09-30	0	c(932265.587023539, 918882.943715455, 5042086.20609643, 5029528.12531369)
5895	2020-09-30	18352.126167209808	c(947243.97872962, 932265.587023539, 5031477.25383784, 5042086.20609643)
5916	2020-09-30	0	c(948887.916968637, 947243.97872962, 5008278.22998127, 5031477.25383784)
5916	2020-09-30	0	c(963966.73522896, 948887.916968637, 4997701.56094636, 5008278.22998127)
5918	2020-09-30	0	c(964979.377424604, 966765.84296564, 5172745.99510893, 5149547.72883952)
5939	2020-09-30	0	c(966765.84296564, 981598.281966391, 5149547.72883952, 5139034.52253634)
5939	2020-09-30	0	c(981598.281966391, 983428.825728612, 5139034.52253634, 5115836.45142798)
5960	2020-09-30	0	c(983428.825728612, 998363.046389076, 5115836.45142798, 5105355.98119037)
5960	2020-09-30	0	c(998363.046389076, 1000237.10170703, 5105355.98119037, 5082157.94239155)
5983	2020-09-30	0	c(1000237.10170703, 1015272.50777158, 5082157.94239155, 5071710.04819669)
1373	2020-10-01	0	c(-1040016.43209495, -1033351.74537515, 5627878.10172332, 5650821.59817695)
1373	2020-10-01	0	c(-1030192.38961903, -1040016.43209495, 5612612.72283877, 5627878.10172332)
1400	2020-10-01	0	c(-1036768.96328473, -1030192.38961903, 5589648.06146561, 5612612.72283877)
1400	2020-10-01	0	c(-1026806.61629611, -1036768.96328473, 5574399.19549213, 5589648.06146561)
1427	2020-10-01	0	c(-1033295.28241554, -1026806.61629611, 5551413.98650938, 5574399.19549213)
1427	2020-10-01	0	c(-1023195.33320812, -1033295.28241554, 5536182.5587857, 5551413.98650938)
1427	2020-10-01	0	c(-1006678.02594854, -1023195.33320812, 5543983.71602907, 5536182.5587857)
1482	2020-10-01	0	c(-996512.316647073, -1006678.02594854, 5528817.50218745, 5543983.71602907)
1510	2020-10-01	0	c(-1002792.91350792, -996512.316647073, 5505803.34397174, 5528817.50218745)
1510	2020-10-01	0	c(-992490.981473065, -1002792.91350792, 5490655.94318967, 5505803.34397174)
1510	2020-10-01	0	c(-975979.407159663, -992490.981473065, 5498569.09801602, 5490655.94318967)
1566	2020-10-01	0	c(-965612.742628434, -975979.407159663, 5483487.28545447, 5498569.09801602)
1566	2020-10-01	0	c(-949156.121735916, -965612.742628434, 5491474.21797714, 5483487.28545447)
1622	2020-10-01	0	c(-938725.082077758, -949156.121735916, 5476457.90376822, 5491474.21797714)
1622	2020-10-01	0	c(-922323.379714333, -938725.082077758, 5484518.2508268, 5476457.90376822)
1622	2020-10-01	0	c(-916401.569682563, -922323.379714333, 5507557.73840935, 5484518.2508268)
1650	2020-10-01	23788.354758551548	c(-900103.64338609, -916401.569682563, 5515654.28486237, 5507557.73840935)
1707	2020-10-01	23766.706976297886	c(-889678.518348347, -900103.64338609, 5500748.13324831, 5515654.28486237)
1707	2020-10-01	23766.706976297886	c(-873435.36991313, -889678.518348347, 5508917.62903927, 5500748.13324831)
1764	2020-10-01	23745.470397780722	c(-862946.260237144, -873435.36991313, 5494076.29526299, 5508917.62903927)
1764	2020-10-01	23745.470397780722	c(-846757.861089117, -862946.260237144, 5502318.39569453, 5494076.29526299)
1821	2020-10-01	23724.645337104022	c(-836205.099993968, -846757.861089117, 5487541.80128924, 5502318.39569453)
1849	2020-10-01	0	c(-841771.514850253, -836205.099993968, 5464479.41151673, 5487541.80128924)
1849	2020-10-01	0	c(-831086.399587526, -841771.514850253, 5449724.19838663, 5464479.41151673)
1849	2020-10-01	0	c(-814904.007218656, -831086.399587526, 5458074.71945105, 5449724.19838663)
1906	2020-10-01	0	c(-804156.192722286, -814904.007218656, 5443384.56102221, 5458074.71945105)
1906	2020-10-01	0	c(-788028.534026721, -804156.192722286, 5451806.7909279, 5443384.56102221)
1963	2020-10-01	18194.376372520164	c(-777218.333796343, -788028.534026721, 5437181.60033939, 5451806.7909279)
1991	2020-10-01	18253.862950211093	c(-782467.31964993, -777218.333796343, 5414091.80577942, 5437181.60033939)
1991	2020-10-01	18253.862950211093	c(-771526.777435338, -782467.31964993, 5399489.51731642, 5414091.80577942)
2019	2020-10-01	0	c(-776693.798473148, -771526.777435338, 5376386.84434063, 5399489.51731642)
2019	2020-10-01	0	c(-765623.690788266, -776693.798473148, 5361808.18573262, 5376386.84434063)
2019	2020-10-01	0	c(-749454.770853299, -765623.690788266, 5370373.8639712, 5361808.18573262)
2076	2020-10-01	18297.67240799254	c(-738323.821327137, -749454.770853299, 5355860.78700203, 5370373.8639712)
2076	2020-10-01	23648.1320484191	c(-722209.594039129, -738323.821327137, 5364497.08442372, 5355860.78700203)
2133	2020-10-01	23628.860751840723	c(-711018.090101081, -722209.594039129, 5350049.48601648, 5364497.08442372)
2133	2020-10-01	18260.635361071898	c(-694958.500985308, -711018.090101081, 5358756.10576667, 5350049.48601648)
2190	2020-10-01	0	c(-683706.723033436, -694958.500985308, 5344373.88421672, 5358756.10576667)
2190	2020-10-01	0	c(-667701.717867619, -683706.723033436, 5353150.53657154, 5344373.88421672)
2247	2020-10-01	0	c(-656389.939345603, -667701.717867619, 5338833.59163771, 5353150.53657154)
2247	2020-10-01	0	c(-640439.464261713, -656389.939345603, 5347679.99394306, 5338833.59163771)
2247	2020-10-01	0	c(-635848.41980241, -640439.464261713, 5370808.0592567, 5347679.99394306)
2276	2020-10-01	23579.33617342564	c(-620000.185954153, -635848.41980241, 5379688.91543848, 5370808.0592567)
2332	2020-10-01	23561.790934728357	c(-608695.138436205, -620000.185954153, 5365476.68058866, 5379688.91543848)
2332	2020-10-01	23561.790934728357	c(-592901.352575177, -608695.138436205, 5374426.95161499, 5365476.68058866)
2388	2020-10-01	23544.67089726431	c(-581536.501585925, -592901.352575177, 5360279.41204071, 5374426.95161499)
2388	2020-10-01	23544.67089726431	c(-565797.118971151, -581536.501585925, 5369298.83134746, 5360279.41204071)
2444	2020-10-01	23527.97614497042	c(-554372.717353367, -565797.118971151, 5355215.90156487, 5369298.83134746)
2472	2020-10-01	0	c(-558621.980973217, -554372.717353367, 5332074.82509537, 5355215.90156487)
2472	2020-10-01	0	c(-547072.798199458, -558621.980973217, 5318018.01659037, 5332074.82509537)
2554	2020-10-01	0	c(-547873.198442136, -543892.945579679, 5150998.28961699, 5174174.22047802)
2472	2020-10-01	0	c(-531339.915325503, -547072.798199458, 5327140.73141852, 5318018.01659037)
2528	2020-10-01	18186.465554396236	c(-519731.997560306, -531339.915325503, 5313148.72336211, 5327140.73141852)
2556	2020-10-01	18244.872426986985	c(-523791.800342683, -519731.997560306, 5289995.94304873, 5313148.72336211)
2554	2020-10-01	0	c(-535768.317930944, -547873.198442136, 5137014.43333885, 5150998.28961699)
2582	2020-10-01	0	c(-539673.328543742, -535768.317930944, 5113831.93701114, 5137014.43333885)
2554	2020-10-01	0	c(-543892.945579679, -527918.387796106, 5174174.22047802, 5183368.19948743)
2583	2020-10-01	0	c(-527918.387796106, -523973.580700236, 5183368.19948743, 5206539.47417709)
2556	2020-10-01	18244.872426986985	c(-512060.468371442, -523791.800342683, 5276030.89803707, 5289995.94304873)
2584	2020-10-01	18303.021456493756	c(-516044.564417198, -512060.468371442, 5252870.82043002, 5276030.89803707)
2582	2020-10-01	0	c(-527447.989902806, -539673.328543742, 5099877.26282976, 5113831.93701114)
2583	2020-10-01	0	c(-523973.580700236, -508099.439533832, 5206539.47417709, 5215766.31671775)
2584	2020-10-01	18303.021456493756	c(-504190.623599989, -516044.564417198, 5238933.28941282, 5252870.82043002)
2612	2020-10-01	18360.909047241046	c(-508099.439533832, -504190.623599989, 5215766.31671775, 5238933.28941282)
2582	2020-10-01	0	c(-511382.093451879, -527447.989902806, 5109141.99462372, 5099877.26282976)
2640	2020-10-01	18545.84276828048	c(-499101.236629492, -511382.093451879, 5095253.57697661, 5109141.99462372)
2669	2020-10-01	0	c(-502822.265786348, -499101.236629492, 5072063.87176581, 5095253.57697661)
2669	2020-10-01	0	c(-490422.36671429, -502822.265786348, 5058205.3073921, 5072063.87176581)
2669	2020-10-01	0	c(-474365.244349624, -490422.36671429, 5067572.73423408, 5058205.3073921)
2728	2020-10-01	0	c(-461910.590048056, -474365.244349624, 5053780.45573329, 5067572.73423408)
2728	2020-10-01	0	c(-445907.230560241, -461910.590048056, 5063214.83107615, 5053780.45573329)
2789	2020-10-01	0	c(-433398.003432766, -445907.230560241, 5049488.6980628, 5063214.83107615)
2789	2020-10-01	0	c(-417448.307151096, -433398.003432766, 5058989.81840977, 5049488.6980628)
2852	2020-10-01	0	c(-404884.682957287, -417448.307151096, 5045329.69360299, 5058989.81840977)
2852	2020-10-01	0	c(-388988.551947091, -404884.682957287, 5054897.36255898, 5045329.69360299)
2852	2020-10-01	0	c(-385701.442329981, -388988.551947091, 5078090.49778121, 5054897.36255898)
2884	2020-10-01	18479.54445807267	c(-369904.368675622, -385701.442329981, 5087690.09225239, 5078090.49778121)
2948	2020-10-01	0	c(-357348.741569309, -369904.368675622, 5074130.97018106, 5087690.09225239)
2948	2020-10-01	0	c(-341605.163297012, -357348.741569309, 5083796.94435973, 5074130.97018106)
2948	2020-10-01	0	c(-338463.192186981, -341605.163297012, 5106987.87132791, 5083796.94435973)
2980	2020-10-01	23402.80060377327	c(-322819.197061018, -338463.192186981, 5116686.08487199, 5106987.87132791)
3045	2020-10-01	23389.45165627839	c(-310270.929318274, -322819.197061018, 5103227.31398097, 5116686.08487199)
3045	2020-10-01	23389.45165627839	c(-294680.387449917, -310270.929318274, 5112991.73827043, 5103227.31398097)
3110	2020-10-01	23376.561012828155	c(-282077.48011339, -294680.387449917, 5099598.08233486, 5112991.73827043)
3110	2020-10-01	23376.561012828155	c(-266540.31652784, -282077.48011339, 5109428.54336644, 5099598.08233486)
3174	2020-10-01	23364.12852311895	c(-253882.922920469, -266540.31652784, 5096099.89702877, 5109428.54336644)
3174	2020-10-01	23364.12852311895	c(-238399.064676072, -253882.922920469, 5105996.22739215, 5096099.89702877)
3236	2020-10-01	23352.154038573943	c(-225687.33207962, -238399.064676072, 5092732.48858896, 5105996.22739215)
3267	2020-10-01	0	c(-228398.806035484, -225687.33207962, 5069538.28657148, 5092732.48858896)
3267	2020-10-01	0	c(-215572.517551327, -228398.806035484, 5056305.4319836, 5069538.28657148)
3267	2020-10-01	0	c(-200095.173965755, -215572.517551327, 5066300.71702847, 5056305.4319836)
3329	2020-10-01	0	c(-187215.177868242, -200095.173965755, 5053132.7888549, 5066300.71702847)
3359	2020-10-01	0	c(-189752.558224159, -187215.177868242, 5029935.87764412, 5053132.7888549)
3359	2020-10-01	0	c(-176759.314665129, -189752.558224159, 5016799.27128542, 5029935.87764412)
3421	2020-10-01	0	c(-168529.424644305, -166124.525104242, 4957295.39309695, 4980495.60469388)
3421	2020-10-01	0	c(-155312.155549333, -168529.424644305, 4944222.32490831, 4957295.39309695)
3359	2020-10-01	0	c(-161288.415711577, -176759.314665129, 5026893.08915423, 5016799.27128542)
3421	2020-10-01	0	c(-166124.525104242, -150607.358166254, 4980495.60469388, 4990622.6138327)
3422	2020-10-01	18472.516709958632	c(-148242.071427867, -161288.415711577, 5013821.40627064, 5026893.08915423)
3454	2020-10-01	18529.403225124035	c(-150607.358166254, -148242.071427867, 4990622.6138327, 5013821.40627064)
3477	2020-10-01	0	c(-192344.526111587, -190255.588895727, 4397333.67740935, 4420553.48316153)
3477	2020-10-01	0	c(-177771.282456102, -192344.526111587, 4384340.89187351, 4397333.67740935)
3510	2020-10-01	0	c(-179799.022100281, -177771.282456102, 4361121.83783081, 4384340.89187351)
3477	2020-10-01	0	c(-190255.588895727, -173688.91988374, 4420553.48316153, 4430776.7778702)
3421	2020-10-01	0	c(-139749.018472805, -155312.155549333, 4954382.56640446, 4944222.32490831)
3485	2020-10-01	18586.06313674024	c(-126479.597601956, -139749.018472805, 4941374.57563627, 4954382.56640446)
3518	2020-10-01	0	c(-128714.749310267, -126479.597601956, 4918173.44999095, 4941374.57563627)
3510	2020-10-01	0	c(-165125.513001857, -179799.022100281, 4348164.33874596, 4361121.83783081)
3518	2020-10-01	0	c(-115335.026127697, -128714.749310267, 4905197.69895731, 4918173.44999095)
3551	2020-10-01	0	c(-117505.912230466, -115335.026127697, 4881995.74350377, 4905197.69895731)
3477	2020-10-01	0	c(-173688.91988374, -159171.345118681, 4430776.7778702, 4417814.7017716)
3544	2020-10-01	0	c(-159171.345118681, -142654.895555636, 4417814.7017716, 4428100.2430646)
3551	2020-10-01	0	c(-104016.714397884, -117505.912230466, 4869052.47290345, 4881995.74350377)
3584	2020-10-01	0	c(-106123.877292154, -104016.714397884, 4845849.90159977, 4869052.47290345)
3510	2020-10-01	0	c(-148479.564192826, -165125.513001857, 4358456.34296587, 4348164.33874596)
3577	2020-10-01	0	c(-133761.488073438, -148479.564192826, 4345564.49201124, 4358456.34296587)
3584	2020-10-01	0	c(-92526.0349327249, -106123.877292154, 4832939.335829, 4845849.90159977)
3617	2020-10-01	0	c(-94570.0226988256, -92526.0349327249, 4809736.35464616, 4832939.335829)
3544	2020-10-01	0	c(-142654.895555636, -128091.837226727, 4428100.2430646, 4415203.84652893)
3611	2020-10-01	0	c(-128091.837226727, -111625.404446451, 4415203.84652893, 4425551.5744548)
3617	2020-10-01	0	c(-80864.3681660022, -94570.0226988256, 4796858.70181479, 4809736.35464616)
3651	2020-10-01	0	c(-82845.7344404873, -80864.3681660022, 4773655.5086954, 4796858.70181479)
3577	2020-10-01	0	c(-117165.243673525, -133761.488073438, 4355918.23284601, 4345564.49201124)
3651	2020-10-01	0	c(-69033.1020903044, -82845.7344404873, 4760810.96064867, 4773655.5086954)
3577	2020-10-01	0	c(-115326.777598032, -117165.243673525, 4379129.80928755, 4355918.23284601)
3611	2020-10-01	0	c(-98820.0480293651, -115326.777598032, 4389511.43264211, 4379129.80928755)
3611	2020-10-01	0	c(-111625.404446451, -97016.8595669304, 4425551.5744548, 4412720.64892948)
3611	2020-10-01	0	c(-97016.8595669304, -98820.0480293651, 4412720.64892948, 4389511.43264211)
3651	2020-10-01	0	c(-53295.8955669126, -69033.1020903044, 4771201.57694951, 4760810.96064867)
3721	2020-10-01	0	c(-39433.4724622502, -53295.8955669126, 4758422.11362641, 4771201.57694951)
3756	2020-10-01	0	c(-41251.9532306159, -39433.4724622502, 4735220.21518383, 4758422.11362641)
3756	2020-10-01	0	c(-27283.8280025267, -41251.9532306159, 4722474.01599762, 4735220.21518383)
3756	2020-10-01	0	c(-11553.2276565711, -27283.8280025267, 4732961.38908457, 4722474.01599762)
3829	2020-10-01	0	c(2464.2090702178, -11553.2276565711, 4720280.12235024, 4732961.38908457)
3829	2020-10-01	0	c(18143.8517352951, 2464.2090702178, 4730831.06299893, 4720280.12235024)
3902	2020-10-01	0	c(32210.5659907594, 18143.8517352951, 4718214.59757636, 4730831.06299893)
3902	2020-10-01	0	c(47839.3682507286, 32210.5659907594, 4728829.04433796, 4718214.59757636)
3976	2020-10-01	0	c(61955.3317150969, 47839.3682507286, 4716277.25401288, 4728829.04433796)
3976	2020-10-01	0	c(77533.4074058292, 61955.3317150969, 4726955.1520851, 4716277.25401288)
3976	2020-10-01	0	c(78950.141090271, 77533.4074058292, 4750152.39055429, 4726955.1520851)
4014	2020-10-01	0	c(94431.9339178937, 78950.141090271, 4760861.37138569, 4750152.39055429)
4014	2020-10-01	0	c(95806.7044708172, 94431.9339178937, 4784058.41790978, 4760861.37138569)
4051	2020-10-01	0	c(111191.581710417, 95806.7044708172, 4794798.69258921, 4784058.41790978)
4021	2020-10-01	17916.092693637464	c(125890.45482619, 124406.68291909, 5271245.67060507, 5248044.14126679)
4057	2020-10-01	0	c(124406.68291909, 137368.086916994, 5248044.14126679, 5235586.1521292)
4058	2020-10-01	0	c(140227.114725761, 125890.45482619, 5281990.27670911, 5271245.67060507)
4051	2020-10-01	0	c(112523.795374722, 111191.581710417, 4817995.70099079, 4794798.69258921)
4089	2020-10-01	0	c(127811.121702469, 112523.795374722, 4828767.46702504, 4817995.70099079)
4057	2020-10-01	0	c(137368.086916994, 135945.806717414, 5235586.1521292, 5212384.47848866)
4094	2020-10-01	0	c(135945.806717414, 149019.053751426, 5212384.47848866, 5199957.70837809)
4058	2020-10-01	0	c(141663.824554296, 140227.114725761, 5305192.72744005, 5281990.27670911)
4096	2020-10-01	0	c(155895.391304851, 141663.824554296, 5315970.57683069, 5305192.72744005)
4059	2020-10-01	0	c(146002.509688195, 144551.541120392, 5374801.63185508, 5351598.40515886)
4096	2020-10-01	0	c(144551.541120392, 157284.485110158, 5351598.40515886, 5339174.05853111)
4097	2020-10-01	0	c(160076.352623045, 146002.509688195, 5385581.92858634, 5374801.63185508)
4060	2020-10-01	17665.961621958137	c(150383.626162835, 148918.57148668, 5444412.86124993, 5421208.86008805)
4097	2020-10-01	0	c(148918.57148668, 161479.089452243, 5421208.86008805, 5408786.31652945)
4089	2020-10-01	0	c(129100.187189974, 127811.121702469, 4851964.58372895, 4828767.46702504)
4127	2020-10-01	0	c(144289.324770601, 129100.187189974, 4862768.0249822, 4851964.58372895)
4092	2020-10-01	0	c(140921.924308845, 139589.036718116, 5060752.26923075, 5037552.42447269)
4129	2020-10-01	0	c(139589.036718116, 153105.184745464, 5037552.42447269, 5025156.8255046)
4130	2020-10-01	0	c(155665.842732303, 140921.924308845, 5071556.73566706, 5060752.26923075)
4093	2020-10-01	0	c(144949.208942625, 143602.028100334, 5130353.62384314, 5107152.86892765)
4130	2020-10-01	0	c(143602.028100334, 156953.061311274, 5107152.86892765, 5094757.20924831)
4131	2020-10-01	0	c(159541.192809573, 144949.208942625, 5141159.19329952, 5130353.62384314)
4094	2020-10-01	0	c(149019.053751426, 147657.739640424, 5199957.70837809, 5176756.04362854)
4131	2020-10-01	0	c(147657.739640424, 160842.071610002, 5176756.04362854, 5164360.70366974)
4096	2020-10-01	0	c(157284.485110158, 155895.391304851, 5339174.05853111, 5315970.57683069)
4097	2020-10-01	0	c(161479.089452243, 160076.352623045, 5408786.31652945, 5385581.92858634)
4127	2020-10-01	0	c(145534.653302089, 144289.324770601, 4885965.38897946, 4862768.0249822)
4165	2020-10-01	0	c(160624.961880898, 145534.653302089, 4896800.6756138, 4885965.38897946)
4128	2020-10-01	18457.76193178911	c(149298.89830794, 148039.456563525, 4955559.55254307, 4932361.15264441)
4165	2020-10-01	0	c(148039.456563525, 161825.967228764, 4932361.15264441, 4919998.41842749)
4166	2020-10-01	0	c(164241.478758581, 149298.89830794, 4966395.06199149, 4955559.55254307)
4129	2020-10-01	0	c(153105.184745464, 151831.779082417, 5025156.8255046, 5001957.3889127)
4166	2020-10-01	0	c(151831.779082417, 165455.953156889, 5001957.3889127, 4989593.96292392)
4130	2020-10-01	0	c(156953.061311274, 155665.842732303, 5094757.20924831, 5071556.73566706)
4131	2020-10-01	0	c(160842.071610002, 159541.192809573, 5164360.70366974, 5141159.19329952)
4165	2020-10-01	0	c(161825.967228764, 160624.961880898, 4919998.41842749, 4896800.6756138)
4166	2020-10-01	0	c(165455.953156889, 164241.478758581, 4989593.96292392, 4966395.06199149)
5588	2020-10-01	18329.47623563671	c(778091.317199379, 777074.943596297, 4998505.5189393, 5021705.14204155)
5588	2020-10-01	0	c(792857.253747871, 778091.317199379, 4987544.30309268, 4998505.5189393)
5618	2020-10-01	0	c(793919.935491375, 792857.253747871, 4964345.45508382, 4987544.30309268)
5588	2020-10-01	0	c(777074.943596297, 790720.187236471, 5021705.14204155, 5033943.48445681)
5619	2020-10-01	0	c(790720.187236471, 789645.830527591, 5033943.48445681, 5057143.81785572)
5618	2020-10-01	0	c(808786.726067955, 793919.935491375, 4953416.52418227, 4964345.45508382)
5619	2020-10-01	0	c(789645.830527591, 803183.211538379, 5057143.81785572, 5069414.30241452)
5648	2020-10-01	0	c(803183.211538379, 802050.320441729, 5069414.30241452, 5092615.23659416)
5648	2020-10-01	0	c(802050.320441729, 815479.076128725, 5092615.23659416, 5104917.71984738)
5678	2020-10-01	0	c(815479.076128725, 814287.104028042, 5104917.71984738, 5128119.1374647)
5618	2020-10-01	0	c(822542.038236476, 808786.726067955, 4965718.07985082, 4953416.52418227)
5676	2020-10-01	0	c(837460.665804531, 822542.038236476, 4954853.04615476, 4965718.07985082)
5678	2020-10-01	0	c(814287.104028042, 827606.472969342, 5128119.1374647, 5140453.46054754)
5708	2020-10-01	0	c(827606.472969342, 826354.878021528, 5140453.46054754, 5163655.23645599)
5708	2020-10-01	0	c(826354.878021528, 839564.100268278, 5163655.23645599, 5176021.22506879)
5676	2020-10-01	18455.741809281564	c(851164.232288768, 837460.665804531, 4967218.62132588, 4954853.04615476)
5676	2020-10-01	0	c(849893.813932678, 851164.232288768, 4990417.54079515, 4967218.62132588)
5706	2020-10-01	0	c(863489.923619311, 849893.813932678, 5002815.41489973, 4990417.54079515)
5708	2020-10-01	0	c(839564.100268278, 854081.497486028, 5176021.22506879, 5165217.41823687)
5766	2020-10-01	0	c(854081.497486028, 867236.793607594, 5165217.41823687, 5177646.97910555)
5706	2020-10-01	0	c(862160.242647624, 863489.923619311, 5026014.80086795, 5002815.41489973)
5735	2020-10-01	0	c(875648.116998997, 862160.242647624, 5038444.82356252, 5026014.80086795)
5792	2020-10-01	0	c(890521.690397177, 875648.116998997, 5027707.35554066, 5038444.82356252)
5766	2020-10-01	0	c(867236.793607594, 881807.32833063, 5177646.97910555, 5166907.4559093)
5822	2020-10-01	0	c(881807.32833063, 894908.611520249, 5166907.4559093, 5179400.61984627)
5792	2020-10-01	0	c(903956.98439082, 890521.690397177, 5040201.37730279, 5027707.35554066)
5847	2020-10-01	0	c(918882.943715455, 903956.98439082, 5029528.12531369, 5040201.37730279)
5872	2020-10-01	0	c(920422.010201112, 918882.943715455, 5006328.96435182, 5029528.12531369)
5872	2020-10-01	18415.48044489223	c(935448.554914875, 920422.010201112, 4995688.01681373, 5006328.96435182)
5822	2020-10-01	0	c(894908.611520249, 909532.300356149, 5179400.61984627, 5168725.47387398)
5874	2020-10-01	0	c(909532.300356149, 922579.478956298, 5168725.47387398, 5181282.27557204)
5872	2020-10-01	0	c(948887.916968637, 935448.554914875, 5008278.22998127, 4995688.01681373)
5916	2020-10-01	0	c(963966.73522896, 948887.916968637, 4997701.56094636, 5008278.22998127)
5918	2020-10-01	0	c(964979.377424604, 966765.84296564, 5172745.99510893, 5149547.72883952)
5939	2020-10-01	0	c(966765.84296564, 981598.281966391, 5149547.72883952, 5139034.52253634)
5939	2020-10-01	0	c(981598.281966391, 983428.825728612, 5139034.52253634, 5115836.45142798)
5960	2020-10-01	0	c(983428.825728612, 998363.046389076, 5115836.45142798, 5105355.98119037)
5960	2020-10-01	0	c(998363.046389076, 1000237.10170703, 5105355.98119037, 5082157.94239155)
5983	2020-10-01	0	c(1000237.10170703, 1015272.50777158, 5082157.94239155, 5071710.04819669)
1373	2020-10-02	0	c(-1040016.43209495, -1033351.74537515, 5627878.10172332, 5650821.59817695)
1373	2020-10-02	0	c(-1030192.38961903, -1040016.43209495, 5612612.72283877, 5627878.10172332)
1400	2020-10-02	0	c(-1036768.96328473, -1030192.38961903, 5589648.06146561, 5612612.72283877)
1400	2020-10-02	0	c(-1026806.61629611, -1036768.96328473, 5574399.19549213, 5589648.06146561)
1427	2020-10-02	0	c(-1033295.28241554, -1026806.61629611, 5551413.98650938, 5574399.19549213)
1427	2020-10-02	0	c(-1023195.33320812, -1033295.28241554, 5536182.5587857, 5551413.98650938)
1427	2020-10-02	0	c(-1006678.02594854, -1023195.33320812, 5543983.71602907, 5536182.5587857)
1482	2020-10-02	0	c(-996512.316647073, -1006678.02594854, 5528817.50218745, 5543983.71602907)
1510	2020-10-02	0	c(-1002792.91350792, -996512.316647073, 5505803.34397174, 5528817.50218745)
1510	2020-10-02	0	c(-992490.981473065, -1002792.91350792, 5490655.94318967, 5505803.34397174)
1510	2020-10-02	0	c(-975979.407159663, -992490.981473065, 5498569.09801602, 5490655.94318967)
1566	2020-10-02	0	c(-965612.742628434, -975979.407159663, 5483487.28545447, 5498569.09801602)
1566	2020-10-02	0	c(-949156.121735916, -965612.742628434, 5491474.21797714, 5483487.28545447)
1622	2020-10-02	0	c(-938725.082077758, -949156.121735916, 5476457.90376822, 5491474.21797714)
1622	2020-10-02	0	c(-922323.379714333, -938725.082077758, 5484518.2508268, 5476457.90376822)
1678	2020-10-02	0	c(-911828.314804335, -922323.379714333, 5469567.34533932, 5484518.2508268)
1678	2020-10-02	0	c(-895481.495230665, -911828.314804335, 5477700.75118872, 5469567.34533932)
1735	2020-10-02	0	c(-884922.747522592, -895481.495230665, 5462815.16513651, 5477700.75118872)
1735	2020-10-02	0	c(-868630.774269013, -884922.747522592, 5471021.2813911, 5462815.16513651)
1792	2020-10-02	0	c(-858008.678868399, -868630.774269013, 5456200.92593938, 5471021.2813911)
1792	2020-10-02	0	c(-841771.514850253, -858008.678868399, 5464479.41151673, 5456200.92593938)
1849	2020-10-02	0	c(-831086.399587526, -841771.514850253, 5449724.19838663, 5464479.41151673)
1849	2020-10-02	0	c(-814904.007218656, -831086.399587526, 5458074.71945105, 5449724.19838663)
1906	2020-10-02	18209.91556343385	c(-804156.192722286, -814904.007218656, 5443384.56102221, 5458074.71945105)
1934	2020-10-02	0	c(-809521.984550333, -804156.192722286, 5420301.04561026, 5443384.56102221)
1934	2020-10-02	0	c(-798643.204661576, -809521.984550333, 5405633.42196837, 5420301.04561026)
1962	2020-10-02	0	c(-803926.436984546, -798643.204661576, 5382536.43393469, 5405633.42196837)
1962	2020-10-02	0	c(-792917.465678854, -803926.436984546, 5367892.08933148, 5382536.43393469)
1962	2020-10-02	0	c(-776693.798473148, -792917.465678854, 5376386.84434063, 5367892.08933148)
2019	2020-10-02	18313.062012314786	c(-765623.690788266, -776693.798473148, 5361808.18573262, 5376386.84434063)
2047	2020-10-02	18371.968968685534	c(-770709.087797083, -765623.690788266, 5338693.14514721, 5361808.18573262)
2047	2020-10-02	18371.968968685534	c(-759510.201831578, -770709.087797083, 5324138.82793675, 5338693.14514721)
2047	2020-10-02	23662.098297732453	c(-743293.960522645, -759510.201831578, 5332740.84180839, 5324138.82793675)
2104	2020-10-02	23642.36955048065	c(-732034.85459719, -743293.960522645, 5318252.43147489, 5332740.84180839)
2104	2020-10-02	18333.919656072714	c(-715873.314355083, -732034.85459719, 5326924.82692984, 5318252.43147489)
2161	2020-10-02	0	c(-704554.269552568, -715873.314355083, 5312502.21153894, 5326924.82692984)
2161	2020-10-02	0	c(-688447.367903495, -704554.269552568, 5321244.69620252, 5312502.21153894)
2161	2020-10-02	0	c(-683706.723033436, -688447.367903495, 5344373.88421672, 5321244.69620252)
2190	2020-10-02	23610.020160525084	c(-667701.717867619, -683706.723033436, 5353150.53657154, 5344373.88421672)
2247	2020-10-02	23591.61036048646	c(-656389.939345603, -667701.717867619, 5338833.59163771, 5353150.53657154)
2247	2020-10-02	18232.50284296819	c(-640439.464261713, -656389.939345603, 5347679.99394306, 5338833.59163771)
2304	2020-10-02	0	c(-629067.951735566, -640439.464261713, 5333428.22693729, 5347679.99394306)
2304	2020-10-02	0	c(-613171.953320068, -629067.951735566, 5342344.10354788, 5333428.22693729)
2360	2020-10-02	0	c(-601740.966554597, -613171.953320068, 5328157.41742342, 5342344.10354788)
2360	2020-10-02	0	c(-585899.391947212, -601740.966554597, 5337142.49964178, 5328157.41742342)
2416	2020-10-02	0	c(-574409.183982227, -585899.391947212, 5323020.79907982, 5337142.49964178)
2416	2020-10-02	0	c(-558621.980973217, -574409.183982227, 5332074.82509537, 5323020.79907982)
2472	2020-10-02	18199.20783820208	c(-547072.798199458, -558621.980973217, 5318018.01659037, 5332074.82509537)
2499	2020-10-02	18257.647658932972	c(-551245.321889194, -547072.798199458, 5294868.76774305, 5318018.01659037)
2499	2020-10-02	18257.647658932972	c(-539572.155236142, -551245.321889194, 5280838.66346834, 5294868.76774305)
2527	2020-10-02	0	c(-543668.350249092, -539572.155236142, 5257681.66183971, 5280838.66346834)
2554	2020-10-02	0	c(-547873.198442136, -543892.945579679, 5150998.28961699, 5174174.22047802)
2527	2020-10-02	0	c(-531872.005001149, -543668.350249092, 5243678.82831741, 5257681.66183971)
2555	2020-10-02	0	c(-535892.291542114, -531872.005001149, 5220514.48696726, 5243678.82831741)
2554	2020-10-02	0	c(-535768.317930944, -547873.198442136, 5137014.43333885, 5150998.28961699)
2582	2020-10-02	0	c(-539673.328543742, -535768.317930944, 5113831.93701114, 5137014.43333885)
2554	2020-10-02	0	c(-543892.945579679, -527918.387796106, 5174174.22047802, 5183368.19948743)
2555	2020-10-02	0	c(-523973.580700236, -535892.291542114, 5206539.47417709, 5220514.48696726)
2583	2020-10-02	18367.271180494434	c(-527918.387796106, -523973.580700236, 5183368.19948743, 5206539.47417709)
2582	2020-10-02	0	c(-527447.989902806, -539673.328543742, 5099877.26282976, 5113831.93701114)
2610	2020-10-02	0	c(-531278.207060719, -527447.989902806, 5076688.59775732, 5099877.26282976)
2610	2020-10-02	0	c(-518933.252349569, -531278.207060719, 5062763.60409069, 5076688.59775732)
2610	2020-10-02	0	c(-502822.265786348, -518933.252349569, 5072063.87176581, 5062763.60409069)
2669	2020-10-02	0	c(-490422.36671429, -502822.265786348, 5058205.3073921, 5072063.87176581)
2669	2020-10-02	0	c(-474365.244349624, -490422.36671429, 5067572.73423408, 5058205.3073921)
2728	2020-10-02	0	c(-461910.590048056, -474365.244349624, 5053780.45573329, 5067572.73423408)
2728	2020-10-02	0	c(-445907.230560241, -461910.590048056, 5063214.83107615, 5053780.45573329)
2789	2020-10-02	0	c(-433398.003432766, -445907.230560241, 5049488.6980628, 5063214.83107615)
2789	2020-10-02	0	c(-417448.307151096, -433398.003432766, 5058989.81840977, 5049488.6980628)
2852	2020-10-02	0	c(-404884.682957287, -417448.307151096, 5045329.69360299, 5058989.81840977)
2852	2020-10-02	0	c(-388988.551947091, -404884.682957287, 5054897.36255898, 5045329.69360299)
2915	2020-10-02	0	c(-376370.699885572, -388988.551947091, 5041303.11185156, 5054897.36255898)
2915	2020-10-02	0	c(-360528.038032125, -376370.699885572, 5050937.14005601, 5041303.11185156)
2915	2020-10-02	0	c(-357348.741569309, -360528.038032125, 5074130.97018106, 5050937.14005601)
2948	2020-10-02	18468.675723173103	c(-341605.163297012, -357348.741569309, 5083796.94435973, 5074130.97018106)
3012	2020-10-02	0	c(-328995.100474919, -341605.163297012, 5070303.3051697, 5083796.94435973)
3012	2020-10-02	0	c(-313304.93206527, -328995.100474919, 5080035.47757002, 5070303.3051697)
3077	2020-10-02	0	c(-300640.591425725, -313304.93206527, 5066607.20323551, 5080035.47757002)
3077	2020-10-02	0	c(-285003.749327336, -300640.591425725, 5076405.39915085, 5066607.20323551)
3142	2020-10-02	0	c(-272285.282550968, -285003.749327336, 5063042.37494659, 5076405.39915085)
3142	2020-10-02	0	c(-256701.685261318, -272285.282550968, 5072906.42638484, 5063042.37494659)
3205	2020-10-02	0	c(-243929.23789013, -256701.685261318, 5059608.54095218, 5072906.42638484)
3294	2020-10-02	0	c(-241581.586511228, -239024.017413178, 4824281.37522742, 4847489.67691862)
3205	2020-10-02	0	c(-228398.806035484, -243929.23789013, 5069538.28657148, 5059608.54095218)
3267	2020-10-02	0	c(-215572.517551327, -228398.806035484, 5056305.4319836, 5069538.28657148)
3294	2020-10-02	0	c(-228128.174246354, -241581.586511228, 4811076.2138737, 4824281.37522742)
3294	2020-10-02	0	c(-239024.017413178, -223116.225280929, 4847489.67691862, 4857491.69391929)
3267	2020-10-02	0	c(-200095.173965755, -215572.517551327, 5066300.71702847, 5056305.4319836)
3329	2020-10-02	18424.27441160367	c(-187215.177868242, -200095.173965755, 5053132.7888549, 5066300.71702847)
3359	2020-10-02	18481.330637082097	c(-189752.558224159, -187215.177868242, 5029935.87764412, 5053132.7888549)
3294	2020-10-02	0	c(-212176.339103812, -228128.174246354, 4821112.31716864, 4811076.2138737)
3294	2020-10-02	18790.90723207916	c(-223116.225280929, -209721.89608867, 4857491.69391929, 4844319.50127268)
3359	2020-10-02	18481.330637082097	c(-176759.314665129, -189752.558224159, 5016799.27128542, 5029935.87764412)
3390	2020-10-02	18538.157568229773	c(-179230.194124089, -176759.314665129, 4993600.58559578, 5016799.27128542)
3294	2020-10-02	0	c(-209721.89608867, -212176.339103812, 4844319.50127268, 4821112.31716864)
3390	2020-10-02	18538.157568229773	c(-166124.525104242, -179230.194124089, 4980495.60469388, 4993600.58559578)
3421	2020-10-02	18594.753016293293	c(-168529.424644305, -166124.525104242, 4957295.39309695, 4980495.60469388)
3421	2020-10-02	18594.753016293293	c(-155312.155549333, -168529.424644305, 4944222.32490831, 4957295.39309695)
3453	2020-10-02	28986.274508764753	c(-157651.602363486, -155312.155549333, 4921020.82815598, 4944222.32490831)
3477	2020-10-02	0	c(-192344.526111587, -190255.588895727, 4397333.67740935, 4420553.48316153)
3453	2020-10-02	23313.767528851735	c(-144323.561719373, -157651.602363486, 4907979.94354681, 4921020.82815598)
3477	2020-10-02	0	c(-177771.282456102, -192344.526111587, 4384340.89187351, 4397333.67740935)
3510	2020-10-02	0	c(-179799.022100281, -177771.282456102, 4361121.83783081, 4384340.89187351)
3477	2020-10-02	0	c(-190255.588895727, -173688.91988374, 4420553.48316153, 4430776.7778702)
3510	2020-10-02	0	c(-165125.513001857, -179799.022100281, 4348164.33874596, 4361121.83783081)
3453	2020-10-02	23313.767528851735	c(-128714.749310267, -144323.561719373, 4918173.44999095, 4907979.94354681)
3518	2020-10-02	23303.293401132352	c(-115335.026127697, -128714.749310267, 4905197.69895731, 4918173.44999095)
3551	2020-10-02	0	c(-117505.912230466, -115335.026127697, 4881995.74350377, 4905197.69895731)
3477	2020-10-02	0	c(-173688.91988374, -159171.345118681, 4430776.7778702, 4417814.7017716)
3544	2020-10-02	0	c(-159171.345118681, -142654.895555636, 4417814.7017716, 4428100.2430646)
3578	2020-10-02	0	c(-142654.895555636, -140696.283124848, 4428100.2430646, 4451313.67867408)
3551	2020-10-02	0	c(-104016.714397884, -117505.912230466, 4869052.47290345, 4881995.74350377)
3584	2020-10-02	0	c(-106123.877292154, -104016.714397884, 4845849.90159977, 4869052.47290345)
3510	2020-10-02	0	c(-148479.564192826, -165125.513001857, 4358456.34296587, 4348164.33874596)
3577	2020-10-02	0	c(-133761.488073438, -148479.564192826, 4345564.49201124, 4358456.34296587)
3578	2020-10-02	0	c(-140696.283124848, -124270.422785912, 4451313.67867408, 4461627.43276623)
3584	2020-10-02	0	c(-92526.0349327249, -106123.877292154, 4832939.335829, 4845849.90159977)
3617	2020-10-02	18750.57400063932	c(-94570.0226988256, -92526.0349327249, 4809736.35464616, 4832939.335829)
3617	2020-10-02	18810.398218077604	c(-80864.3681660022, -94570.0226988256, 4796858.70181479, 4809736.35464616)
3651	2020-10-02	0	c(-82845.7344404873, -80864.3681660022, 4773655.5086954, 4796858.70181479)
3577	2020-10-02	0	c(-117165.243673525, -133761.488073438, 4355918.23284601, 4345564.49201124)
3578	2020-10-02	0	c(-124270.422785912, -109762.547284319, 4461627.43276623, 4448761.76215074)
3651	2020-10-02	0	c(-69033.1020903044, -82845.7344404873, 4760810.96064867, 4773655.5086954)
3577	2020-10-02	0	c(-115326.777598032, -117165.243673525, 4379129.80928755, 4355918.23284601)
3611	2020-10-02	0	c(-98820.0480293651, -115326.777598032, 4389511.43264211, 4379129.80928755)
3578	2020-10-02	0	c(-109762.547284319, -111625.404446451, 4448761.76215074, 4425551.5744548)
3611	2020-10-02	0	c(-111625.404446451, -97016.8595669304, 4425551.5744548, 4412720.64892948)
3611	2020-10-02	0	c(-97016.8595669304, -98820.0480293651, 4412720.64892948, 4389511.43264211)
3651	2020-10-02	0	c(-53295.8955669126, -69033.1020903044, 4771201.57694951, 4760810.96064867)
3721	2020-10-02	18858.010930930323	c(-39433.4724622502, -53295.8955669126, 4758422.11362641, 4771201.57694951)
3756	2020-10-02	0	c(-41251.9532306159, -39433.4724622502, 4735220.21518383, 4758422.11362641)
3756	2020-10-02	0	c(-27283.8280025267, -41251.9532306159, 4722474.01599762, 4735220.21518383)
3756	2020-10-02	0	c(-11553.2276565711, -27283.8280025267, 4732961.38908457, 4722474.01599762)
3829	2020-10-02	18905.998558901716	c(2464.2090702178, -11553.2276565711, 4720280.12235024, 4732961.38908457)
3829	2020-10-02	18895.70453049902	c(18143.8517352951, 2464.2090702178, 4730831.06299893, 4720280.12235024)
3902	2020-10-02	0	c(32210.5659907594, 18143.8517352951, 4718214.59757636, 4730831.06299893)
3902	2020-10-02	0	c(47839.3682507286, 32210.5659907594, 4728829.04433796, 4718214.59757636)
3976	2020-10-02	0	c(61955.3317150969, 47839.3682507286, 4716277.25401288, 4728829.04433796)
3976	2020-10-02	0	c(77533.4074058292, 61955.3317150969, 4726955.1520851, 4716277.25401288)
3976	2020-10-02	0	c(78950.141090271, 77533.4074058292, 4750152.39055429, 4726955.1520851)
4014	2020-10-02	0	c(94431.9339178937, 78950.141090271, 4760861.37138569, 4750152.39055429)
4014	2020-10-02	0	c(95806.7044708172, 94431.9339178937, 4784058.41790978, 4760861.37138569)
4051	2020-10-02	0	c(111191.581710417, 95806.7044708172, 4794798.69258921, 4784058.41790978)
4051	2020-10-02	0	c(112523.795374722, 111191.581710417, 4817995.70099079, 4794798.69258921)
4089	2020-10-02	18698.649083319782	c(127811.121702469, 112523.795374722, 4828767.46702504, 4817995.70099079)
4057	2020-10-02	17975.563172117323	c(137368.086916994, 135945.806717414, 5235586.1521292, 5212384.47848866)
4094	2020-10-02	0	c(135945.806717414, 149019.053751426, 5212384.47848866, 5199957.70837809)
4095	2020-10-02	0	c(151755.689657655, 137368.086916994, 5246361.94716863, 5235586.1521292)
4058	2020-10-02	17852.157563241384	c(141663.824554296, 140227.114725761, 5305192.72744005, 5281990.27670911)
4095	2020-10-02	0	c(140227.114725761, 153130.975326342, 5281990.27670911, 5269564.52099216)
4096	2020-10-02	0	c(155895.391304851, 141663.824554296, 5315970.57683069, 5305192.72744005)
4059	2020-10-02	17728.165516173674	c(146002.509688195, 144551.541120392, 5374801.63185508, 5351598.40515886)
4096	2020-10-02	0	c(144551.541120392, 157284.485110158, 5351598.40515886, 5339174.05853111)
4097	2020-10-02	0	c(160076.352623045, 146002.509688195, 5385581.92858634, 5374801.63185508)
4089	2020-10-02	18698.649083319782	c(129100.187189974, 127811.121702469, 4851964.58372895, 4828767.46702504)
4127	2020-10-02	18636.94279893188	c(144289.324770601, 129100.187189974, 4862768.0249822, 4851964.58372895)
4092	2020-10-02	18278.939396230224	c(140921.924308845, 139589.036718116, 5060752.26923075, 5037552.42447269)
4129	2020-10-02	18337.286393816652	c(139589.036718116, 153105.184745464, 5037552.42447269, 5025156.8255046)
4130	2020-10-02	0	c(155665.842732303, 140921.924308845, 5071556.73566706, 5060752.26923075)
4093	2020-10-02	18157.266436603717	c(144949.208942625, 143602.028100334, 5130353.62384314, 5107152.86892765)
4130	2020-10-02	0	c(143602.028100334, 156953.061311274, 5107152.86892765, 5094757.20924831)
4131	2020-10-02	0	c(159541.192809573, 144949.208942625, 5141159.19329952, 5130353.62384314)
4094	2020-10-02	0	c(149019.053751426, 147657.739640424, 5199957.70837809, 5176756.04362854)
4131	2020-10-02	0	c(147657.739640424, 160842.071610002, 5176756.04362854, 5164360.70366974)
4095	2020-10-02	0	c(153130.975326342, 151755.689657655, 5269564.52099216, 5246361.94716863)
4096	2020-10-02	0	c(157284.485110158, 155895.391304851, 5339174.05853111, 5315970.57683069)
4097	2020-10-02	0	c(161479.089452243, 160076.352623045, 5408786.31652945, 5385581.92858634)
4135	2020-10-02	0	c(175446.187349795, 161479.089452243, 5419600.08827396, 5408786.31652945)
4127	2020-10-02	18577.428494060514	c(145534.653302089, 144289.324770601, 4885965.38897946, 4862768.0249822)
4165	2020-10-02	0	c(160624.961880898, 145534.653302089, 4896800.6756138, 4885965.38897946)
4129	2020-10-02	18337.286393816652	c(153105.184745464, 151831.779082417, 5025156.8255046, 5001957.3889127)
4166	2020-10-02	0	c(151831.779082417, 165455.953156889, 5001957.3889127, 4989593.96292392)
4130	2020-10-02	0	c(156953.061311274, 155665.842732303, 5094757.20924831, 5071556.73566706)
4131	2020-10-02	0	c(160842.071610002, 159541.192809573, 5164360.70366974, 5141159.19329952)
4135	2020-10-02	0	c(176800.146852673, 175446.187349795, 5442805.73385261, 5419600.08827396)
4165	2020-10-02	0	c(161825.967228764, 160624.961880898, 4919998.41842749, 4896800.6756138)
4203	2020-10-02	0	c(176816.804228134, 161825.967228764, 4930865.70684467, 4919998.41842749)
4166	2020-10-02	0	c(165455.953156889, 164241.478758581, 4989593.96292392, 4966395.06199149)
4203	2020-10-02	0	c(164241.478758581, 177972.902761627, 4966395.06199149, 4954063.95249767)
4203	2020-10-02	0	c(177972.902761627, 176816.804228134, 4954063.95249767, 4930865.70684467)
5618	2020-10-02	0	c(793919.935491375, 792857.253747871, 4964345.45508382, 4987544.30309268)
5619	2020-10-02	0	c(790720.187236471, 789645.830527591, 5033943.48445681, 5057143.81785572)
5618	2020-10-02	0	c(808786.726067955, 793919.935491375, 4953416.52418227, 4964345.45508382)
5618	2020-10-02	0	c(792857.253747871, 806557.567522237, 4987544.30309268, 4999814.2569651)
5619	2020-10-02	0	c(805436.84988934, 790720.187236471, 5023013.81258744, 5033943.48445681)
5647	2020-10-02	0	c(806557.567522237, 805436.84988934, 4999814.2569651, 5023013.81258744)
5619	2020-10-02	0	c(789645.830527591, 803183.211538379, 5057143.81785572, 5069414.30241452)
5648	2020-10-02	0	c(803183.211538379, 802050.320441729, 5069414.30241452, 5092615.23659416)
5648	2020-10-02	0	c(802050.320441729, 815479.076128725, 5092615.23659416, 5104917.71984738)
5678	2020-10-02	0	c(815479.076128725, 814287.104028042, 5104917.71984738, 5128119.1374647)
5618	2020-10-02	0	c(822542.038236476, 808786.726067955, 4965718.07985082, 4953416.52418227)
5678	2020-10-02	0	c(814287.104028042, 827606.472969342, 5128119.1374647, 5140453.46054754)
5708	2020-10-02	0	c(827606.472969342, 826354.878021528, 5140453.46054754, 5163655.23645599)
5618	2020-10-02	0	c(821375.535274895, 822542.038236476, 4988916.96437421, 4965718.07985082)
5647	2020-10-02	0	c(835023.773085712, 821375.535274895, 5001250.850715, 4988916.96437421)
5706	2020-10-02	0	c(849893.813932678, 835023.773085712, 4990417.54079515, 5001250.850715)
5708	2020-10-02	0	c(826354.878021528, 839564.100268278, 5163655.23645599, 5176021.22506879)
5706	2020-10-02	0	c(863489.923619311, 849893.813932678, 5002815.41489973, 4990417.54079515)
5708	2020-10-02	0	c(839564.100268278, 854081.497486028, 5176021.22506879, 5165217.41823687)
5766	2020-10-02	0	c(854081.497486028, 867236.793607594, 5165217.41823687, 5177646.97910555)
5706	2020-10-02	0	c(862160.242647624, 863489.923619311, 5026014.80086795, 5002815.41489973)
5735	2020-10-02	0	c(875648.116998997, 862160.242647624, 5038444.82356252, 5026014.80086795)
5792	2020-10-02	0	c(890521.690397177, 875648.116998997, 5027707.35554066, 5038444.82356252)
5766	2020-10-02	0	c(867236.793607594, 881807.32833063, 5177646.97910555, 5166907.4559093)
5822	2020-10-02	0	c(881807.32833063, 894908.611520249, 5166907.4559093, 5179400.61984627)
5792	2020-10-02	0	c(903956.98439082, 890521.690397177, 5040201.37730279, 5027707.35554066)
5847	2020-10-02	0	c(918882.943715455, 903956.98439082, 5029528.12531369, 5040201.37730279)
5822	2020-10-02	0	c(894908.611520249, 909532.300356149, 5179400.61984627, 5168725.47387398)
5874	2020-10-02	0	c(909532.300356149, 922579.478956298, 5168725.47387398, 5181282.27557204)
5847	2020-10-02	0	c(932265.587023539, 918882.943715455, 5042086.20609643, 5029528.12531369)
5895	2020-10-02	0	c(947243.97872962, 932265.587023539, 5031477.25383784, 5042086.20609643)
5916	2020-10-02	0	c(948887.916968637, 947243.97872962, 5008278.22998127, 5031477.25383784)
5916	2020-10-02	0	c(963966.73522896, 948887.916968637, 4997701.56094636, 5008278.22998127)
5918	2020-10-02	0	c(964979.377424604, 966765.84296564, 5172745.99510893, 5149547.72883952)
5939	2020-10-02	0	c(966765.84296564, 981598.281966391, 5149547.72883952, 5139034.52253634)
5939	2020-10-02	0	c(981598.281966391, 983428.825728612, 5139034.52253634, 5115836.45142798)
5960	2020-10-02	0	c(983428.825728612, 998363.046389076, 5115836.45142798, 5105355.98119037)
5960	2020-10-02	0	c(998363.046389076, 1000237.10170703, 5105355.98119037, 5082157.94239155)
5983	2020-10-02	0	c(1000237.10170703, 1015272.50777158, 5082157.94239155, 5071710.04819669)
1373	2020-10-03	0	c(-1040016.43209495, -1033351.74537515, 5627878.10172332, 5650821.59817695)
1373	2020-10-03	0	c(-1030192.38961903, -1040016.43209495, 5612612.72283877, 5627878.10172332)
1400	2020-10-03	0	c(-1036768.96328473, -1030192.38961903, 5589648.06146561, 5612612.72283877)
1400	2020-10-03	0	c(-1026806.61629611, -1036768.96328473, 5574399.19549213, 5589648.06146561)
1427	2020-10-03	0	c(-1033295.28241554, -1026806.61629611, 5551413.98650938, 5574399.19549213)
1427	2020-10-03	0	c(-1023195.33320812, -1033295.28241554, 5536182.5587857, 5551413.98650938)
1427	2020-10-03	0	c(-1006678.02594854, -1023195.33320812, 5543983.71602907, 5536182.5587857)
1482	2020-10-03	0	c(-996512.316647073, -1006678.02594854, 5528817.50218745, 5543983.71602907)
1510	2020-10-03	0	c(-1002792.91350792, -996512.316647073, 5505803.34397174, 5528817.50218745)
1510	2020-10-03	0	c(-992490.981473065, -1002792.91350792, 5490655.94318967, 5505803.34397174)
1510	2020-10-03	0	c(-975979.407159663, -992490.981473065, 5498569.09801602, 5490655.94318967)
1566	2020-10-03	0	c(-965612.742628434, -975979.407159663, 5483487.28545447, 5498569.09801602)
1566	2020-10-03	0	c(-949156.121735916, -965612.742628434, 5491474.21797714, 5483487.28545447)
1622	2020-10-03	0	c(-938725.082077758, -949156.121735916, 5476457.90376822, 5491474.21797714)
1622	2020-10-03	0	c(-922323.379714333, -938725.082077758, 5484518.2508268, 5476457.90376822)
1678	2020-10-03	0	c(-911828.314804335, -922323.379714333, 5469567.34533932, 5484518.2508268)
1678	2020-10-03	0	c(-895481.495230665, -911828.314804335, 5477700.75118872, 5469567.34533932)
1735	2020-10-03	0	c(-884922.747522592, -895481.495230665, 5462815.16513651, 5477700.75118872)
1735	2020-10-03	0	c(-868630.774269013, -884922.747522592, 5471021.2813911, 5462815.16513651)
1792	2020-10-03	0	c(-858008.678868399, -868630.774269013, 5456200.92593938, 5471021.2813911)
1792	2020-10-03	0	c(-841771.514850253, -858008.678868399, 5464479.41151673, 5456200.92593938)
1849	2020-10-03	18225.773476223752	c(-831086.399587526, -841771.514850253, 5449724.19838663, 5464479.41151673)
1877	2020-10-03	0	c(-836569.350288513, -831086.399587526, 5426647.19164141, 5449724.19838663)
1877	2020-10-03	0	c(-825752.640452772, -836569.350288513, 5411914.13656948, 5426647.19164141)
1877	2020-10-03	0	c(-809521.984550333, -825752.640452772, 5420301.04561026, 5411914.13656948)
1934	2020-10-03	18269.49463673405	c(-798643.204661576, -809521.984550333, 5405633.42196837, 5420301.04561026)
1962	2020-10-03	0	c(-803926.436984546, -798643.204661576, 5382536.43393469, 5405633.42196837)
1962	2020-10-03	0	c(-792917.465678854, -803926.436984546, 5367892.08933148, 5382536.43393469)
1990	2020-10-03	0	c(-798118.470661437, -792917.465678854, 5344782.14997309, 5367892.08933148)
1990	2020-10-03	0	c(-786980.09290424, -798118.470661437, 5330161.81250868, 5344782.14997309)
2018	2020-10-03	0	c(-792099.213408688, -786980.09290424, 5307039.43778573, 5330161.81250868)
2018	2020-10-03	0	c(-780832.224849739, -792099.213408688, 5292443.8192233, 5307039.43778573)
2018	2020-10-03	0	c(-764514.326112272, -780832.224849739, 5301011.92507374, 5292443.8192233)
2075	2020-10-03	0	c(-753187.459427024, -764514.326112272, 5286482.64443901, 5301011.92507374)
2075	2020-10-03	0	c(-736924.33457875, -753187.459427024, 5295121.18370329, 5286482.64443901)
2132	2020-10-03	0	c(-725537.871506811, -736924.33457875, 5280658.11870909, 5295121.18370329)
2132	2020-10-03	0	c(-709329.449706553, -725537.871506811, 5289366.79626702, 5280658.11870909)
2132	2020-10-03	0	c(-704554.269552568, -709329.449706553, 5312502.21153894, 5289366.79626702)
2161	2020-10-03	23623.077388588677	c(-688447.367903495, -704554.269552568, 5321244.69620252, 5312502.21153894)
2218	2020-10-03	23604.221865925185	c(-677068.658220511, -688447.367903495, 5306887.76535362, 5321244.69620252)
2218	2020-10-03	23604.221865925185	c(-661016.333050807, -677068.658220511, 5315700.05406376, 5306887.76535362)
2275	2020-10-03	23585.803025722827	c(-649578.225476527, -661016.333050807, 5301408.69897973, 5315700.05406376)
2275	2020-10-03	23585.803025722827	c(-633580.415133581, -649578.225476527, 5310290.51372441, 5301408.69897973)
2275	2020-10-03	38048.88167042024	c(-629067.951735566, -633580.415133581, 5333428.22693729, 5310290.51372441)
2304	2020-10-03	60587.35236001915	c(-613171.953320068, -629067.951735566, 5342344.10354788, 5333428.22693729)
2360	2020-10-03	72342.0993705911	c(-601740.966554597, -613171.953320068, 5328157.41742342, 5342344.10354788)
2360	2020-10-03	72342.0993705911	c(-585899.391947212, -601740.966554597, 5337142.49964178, 5328157.41742342)
2416	2020-10-03	90080.74383353359	c(-574409.183982227, -585899.391947212, 5323020.79907982, 5337142.49964178)
2443	2020-10-03	70627.69547061351	c(-578694.719785848, -574409.183982227, 5299875.2353075, 5323020.79907982)
2443	2020-10-03	60479.13664399019	c(-567079.951575089, -578694.719785848, 5285779.97240218, 5299875.2353075)
2471	2020-10-03	37998.925176529774	c(-571288.537286769, -567079.951575089, 5262626.18761362, 5285779.97240218)
2471	2020-10-03	23527.275796925962	c(-559550.013849586, -571288.537286769, 5248557.94457347, 5262626.18761362)
2526	2020-10-03	0	c(-555876.532722022, -551820.597414496, 5188186.74348927, 5211355.70516114)
2526	2020-10-03	0	c(-543892.945579679, -555876.532722022, 5174174.22047802, 5188186.74348927)
2554	2020-10-03	0	c(-547873.198442136, -543892.945579679, 5150998.28961699, 5174174.22047802)
2471	2020-10-03	23527.275796925962	c(-543668.350249092, -559550.013849586, 5257681.66183971, 5248557.94457347)
2526	2020-10-03	0	c(-551820.597414496, -535892.291542114, 5211355.70516114, 5220514.48696726)
2527	2020-10-03	36097.99340806506	c(-531872.005001149, -543668.350249092, 5243678.82831741, 5257681.66183971)
2555	2020-10-03	18373.737021530633	c(-535892.291542114, -531872.005001149, 5220514.48696726, 5243678.82831741)
2554	2020-10-03	0	c(-535768.317930944, -547873.198442136, 5137014.43333885, 5150998.28961699)
2582	2020-10-03	0	c(-539673.328543742, -535768.317930944, 5113831.93701114, 5137014.43333885)
2582	2020-10-03	0	c(-527447.989902806, -539673.328543742, 5099877.26282976, 5113831.93701114)
2610	2020-10-03	0	c(-531278.207060719, -527447.989902806, 5076688.59775732, 5099877.26282976)
2610	2020-10-03	0	c(-518933.252349569, -531278.207060719, 5062763.60409069, 5076688.59775732)
2610	2020-10-03	0	c(-502822.265786348, -518933.252349569, 5072063.87176581, 5062763.60409069)
2669	2020-10-03	0	c(-490422.36671429, -502822.265786348, 5058205.3073921, 5072063.87176581)
2669	2020-10-03	0	c(-474365.244349624, -490422.36671429, 5067572.73423408, 5058205.3073921)
2728	2020-10-03	18589.778489100736	c(-461910.590048056, -474365.244349624, 5053780.45573329, 5067572.73423408)
2758	2020-10-03	0	c(-465449.702770373, -461910.590048056, 5030584.7995546, 5053780.45573329)
2758	2020-10-03	0	c(-452877.417957096, -465449.702770373, 5016822.99053878, 5030584.7995546)
2758	2020-10-03	0	c(-436829.160026234, -452877.417957096, 5026292.52854698, 5016822.99053878)
2758	2020-10-03	0	c(-433398.003432766, -436829.160026234, 5049488.6980628, 5026292.52854698)
2789	2020-10-03	23448.56319213619	c(-417448.307151096, -433398.003432766, 5058989.81840977, 5049488.6980628)
2852	2020-10-03	23433.500851912126	c(-404884.682957287, -417448.307151096, 5045329.69360299, 5058989.81840977)
2852	2020-10-03	23433.500851912126	c(-388988.551947091, -404884.682957287, 5054897.36255898, 5045329.69360299)
2915	2020-10-03	23418.908406701274	c(-376370.699885572, -388988.551947091, 5041303.11185156, 5054897.36255898)
2915	2020-10-03	18536.3966351757	c(-360528.038032125, -376370.699885572, 5050937.14005601, 5041303.11185156)
2979	2020-10-03	0	c(-347856.12082296, -360528.038032125, 5037408.63258251, 5050937.14005601)
2979	2020-10-03	0	c(-332066.833914303, -347856.12082296, 5047108.83764273, 5037408.63258251)
2979	2020-10-03	0	c(-328995.100474919, -332066.833914303, 5070303.3051697, 5047108.83764273)
3012	2020-10-03	23396.984211267914	c(-313304.93206527, -328995.100474919, 5080035.47757002, 5070303.3051697)
3077	2020-10-03	23383.71504463568	c(-300640.591425725, -313304.93206527, 5066607.20323551, 5080035.47757002)
3077	2020-10-03	23383.71504463568	c(-285003.749327336, -300640.591425725, 5076405.39915085, 5066607.20323551)
3142	2020-10-03	23370.909564472484	c(-272285.282550968, -285003.749327336, 5063042.37494659, 5076405.39915085)
3142	2020-10-03	23370.909564472484	c(-256701.685261318, -272285.282550968, 5072906.42638484, 5063042.37494659)
3205	2020-10-03	23358.567593865606	c(-243929.23789013, -256701.685261318, 5059608.54095218, 5072906.42638484)
3264	2020-10-03	0	c(-252367.243608878, -249743.174565458, 4860727.62741186, 4883934.40033714)
3264	2020-10-03	0	c(-239024.017413178, -252367.243608878, 4847489.67691862, 4860727.62741186)
3294	2020-10-03	0	c(-241581.586511228, -239024.017413178, 4824281.37522742, 4847489.67691862)
3264	2020-10-03	0	c(-249743.174565458, -233879.739065597, 4883934.40033714, 4893902.34964282)
3295	2020-10-03	0	c(-233879.739065597, -231293.100406858, 4893902.34964282, 4917106.72046119)
3205	2020-10-03	23358.567593865606	c(-228398.806035484, -243929.23789013, 5069538.28657148, 5059608.54095218)
3267	2020-10-03	36173.97175811871	c(-215572.517551327, -228398.806035484, 5056305.4319836, 5069538.28657148)
3297	2020-10-03	18490.513365479463	c(-218216.3345338, -215572.517551327, 5033108.92110149, 5056305.4319836)
3294	2020-10-03	0	c(-228128.174246354, -241581.586511228, 4811076.2138737, 4824281.37522742)
3295	2020-10-03	0	c(-231293.100406858, -215526.980562639, 4917106.72046119, 4927105.72616216)
3297	2020-10-03	18490.513365479463	c(-205276.31132133, -218216.3345338, 5019907.28492653, 5033108.92110149)
3328	2020-10-03	18547.28611864243	c(-207852.982065953, -205276.31132133, 4996708.7324604, 5019907.28492653)
3328	2020-10-03	18547.28611864243	c(-194800.049135582, -207852.982065953, 4983538.63245806, 4996708.7324604)
3358	2020-10-03	18603.82251832817	c(-197310.090874288, -194800.049135582, 4960338.29795594, 4983538.63245806)
3294	2020-10-03	0	c(-212176.339103812, -228128.174246354, 4821112.31716864, 4811076.2138737)
3356	2020-10-03	0	c(-198672.316039009, -212176.339103812, 4807972.94837757, 4821112.31716864)
3295	2020-10-03	0	c(-215526.980562639, -202302.595708767, 4927105.72616216, 4913934.20427071)
3357	2020-10-03	18664.762085286948	c(-202302.595708767, -186589.013165527, 4913934.20427071, 4923998.17064407)
3358	2020-10-03	18603.82251832817	c(-184145.07683609, -197310.090874288, 4947200.03543305, 4960338.29795594)
3389	2020-10-03	29000.29126395196	c(-186589.013165527, -184145.07683609, 4923998.17064407, 4947200.03543305)
3356	2020-10-03	0	c(-182772.597333494, -198672.316039009, 4818073.54654371, 4807972.94837757)
3419	2020-10-03	0	c(-169218.050724315, -182772.597333494, 4804999.8204907, 4818073.54654371)
3477	2020-10-03	19524.13651413028	c(-192344.526111587, -190255.588895727, 4397333.67740935, 4420553.48316153)
3477	2020-10-03	0	c(-177771.282456102, -192344.526111587, 4384340.89187351, 4397333.67740935)
3510	2020-10-03	0	c(-179799.022100281, -177771.282456102, 4361121.83783081, 4384340.89187351)
3477	2020-10-03	19462.152857410314	c(-190255.588895727, -173688.91988374, 4420553.48316153, 4430776.7778702)
3419	2020-10-03	0	c(-153370.324503566, -169218.050724315, 4815164.79723718, 4804999.8204907)
3388	2020-10-03	37951.109195261226	c(-162304.433464659, -164617.75456642, 4874615.12976579, 4851410.92814976)
3419	2020-10-03	23313.737312303678	c(-164617.75456642, -151121.501148051, 4851410.92814976, 4838369.82128334)
3420	2020-10-03	60117.887027829274	c(-146598.089085377, -162304.433464659, 4884777.39451334, 4874615.12976579)
3484	2020-10-03	60090.13382784139	c(-133160.108316618, -146598.089085377, 4871768.94796082, 4884777.39451334)
3510	2020-10-03	0	c(-165125.513001857, -179799.022100281, 4348164.33874596, 4361121.83783081)
3419	2020-10-03	0	c(-151121.501148051, -153370.324503566, 4838369.82128334, 4815164.79723718)
3550	2020-10-03	0	c(-123969.480651199, -121823.168658022, 4812385.81444158, 4835589.80118864)
3477	2020-10-03	0	c(-173688.91988374, -159171.345118681, 4430776.7778702, 4417814.7017716)
3544	2020-10-03	0	c(-159171.345118681, -142654.895555636, 4417814.7017716, 4428100.2430646)
3578	2020-10-03	0	c(-142654.895555636, -140696.283124848, 4428100.2430646, 4451313.67867408)
3550	2020-10-03	0	c(-110314.12431031, -123969.480651199, 4799442.94191909, 4812385.81444158)
3583	2020-10-03	0	c(-112397.151900815, -110314.12431031, 4776238.55373357, 4799442.94191909)
3484	2020-10-03	60090.13382784139	c(-117505.912230466, -133160.108316618, 4881995.74350377, 4871768.94796082)
3550	2020-10-03	23303.039632839802	c(-121823.168658022, -106123.877292154, 4835589.80118864, 4845849.90159977)
3551	2020-10-03	60076.80968887655	c(-104016.714397884, -117505.912230466, 4869052.47290345, 4881995.74350377)
3584	2020-10-03	37925.0667577441	c(-106123.877292154, -104016.714397884, 4845849.90159977, 4869052.47290345)
3510	2020-10-03	0	c(-148479.564192826, -165125.513001857, 4358456.34296587, 4348164.33874596)
3577	2020-10-03	0	c(-133761.488073438, -148479.564192826, 4345564.49201124, 4358456.34296587)
3578	2020-10-03	0	c(-140696.283124848, -124270.422785912, 4451313.67867408, 4461627.43276623)
3583	2020-10-03	0	c(-98634.3647289554, -112397.151900815, 4763328.78446501, 4776238.55373357)
3577	2020-10-03	19565.826987189273	c(-117165.243673525, -133761.488073438, 4355918.23284601, 4345564.49201124)
3578	2020-10-03	0	c(-124270.422785912, -109762.547284319, 4461627.43276623, 4448761.76215074)
3583	2020-10-03	0	c(-82845.7344404873, -98634.3647289554, 4773655.5086954, 4763328.78446501)
3651	2020-10-03	0	c(-69033.1020903044, -82845.7344404873, 4760810.96064867, 4773655.5086954)
3685	2020-10-03	0	c(-70952.405939632, -69033.1020903044, 4737607.74546976, 4760810.96064867)
3577	2020-10-03	0	c(-115326.777598032, -117165.243673525, 4379129.80928755, 4355918.23284601)
3611	2020-10-03	0	c(-98820.0480293651, -115326.777598032, 4389511.43264211, 4379129.80928755)
3578	2020-10-03	0	c(-109762.547284319, -111625.404446451, 4448761.76215074, 4425551.5744548)
3611	2020-10-03	0	c(-111625.404446451, -97016.8595669304, 4425551.5744548, 4412720.64892948)
3685	2020-10-03	0	c(-57033.6319066016, -70952.405939632, 4724796.47781538, 4737607.74546976)
3611	2020-10-03	0	c(-97016.8595669304, -98820.0480293651, 4412720.64892948, 4389511.43264211)
3685	2020-10-03	0	c(-41251.9532306159, -57033.6319066016, 4735220.21518383, 4724796.47781538)
3756	2020-10-03	0	c(-27283.8280025267, -41251.9532306159, 4722474.01599762, 4735220.21518383)
3792	2020-10-03	0	c(-29041.4759523286, -27283.8280025267, 4699272.43346028, 4722474.01599762)
3792	2020-10-03	0	c(-14968.4814833872, -29041.4759523286, 4686559.64458909, 4699272.43346028)
3792	2020-10-03	0	c(806.55852766434, -14968.4814833872, 4697079.94262881, 4686559.64458909)
3865	2020-10-03	0	c(14928.4387657876, 806.55852766434, 4684432.05263068, 4697079.94262881)
3865	2020-10-03	0	c(30652.761523573, 14928.4387657876, 4695015.74873974, 4684432.05263068)
3865	2020-10-03	0	c(32210.5659907594, 30652.761523573, 4718214.59757636, 4695015.74873974)
3902	2020-10-03	0	c(47839.3682507286, 32210.5659907594, 4728829.04433796, 4718214.59757636)
3976	2020-10-03	0	c(61955.3317150969, 47839.3682507286, 4716277.25401288, 4728829.04433796)
3976	2020-10-03	0	c(77533.4074058292, 61955.3317150969, 4726955.1520851, 4716277.25401288)
3976	2020-10-03	0	c(78950.141090271, 77533.4074058292, 4750152.39055429, 4726955.1520851)
4014	2020-10-03	0	c(94431.9339178937, 78950.141090271, 4760861.37138569, 4750152.39055429)
4014	2020-10-03	0	c(95806.7044708172, 94431.9339178937, 4784058.41790978, 4760861.37138569)
4051	2020-10-03	18760.298265715377	c(111191.581710417, 95806.7044708172, 4794798.69258921, 4784058.41790978)
4126	2020-10-03	0	c(125247.872499233, 111191.581710417, 4782374.14107703, 4794798.69258921)
4126	2020-10-03	0	c(140581.828140515, 125247.872499233, 4793178.00256093, 4782374.14107703)
4094	2020-10-03	18034.89238422408	c(149019.053751426, 147657.739640424, 5199957.70837809, 5176756.04362854)
4131	2020-10-03	0	c(147657.739640424, 160842.071610002, 5176756.04362854, 5164360.70366974)
4132	2020-10-03	0	c(163457.369552187, 149019.053751426, 5210764.76071201, 5199957.70837809)
4095	2020-10-03	0	c(153130.975326342, 151755.689657655, 5269564.52099216, 5246361.94716863)
4132	2020-10-03	0	c(151755.689657655, 164771.754204746, 5246361.94716863, 5233967.30717381)
4133	2020-10-03	0	c(167413.9081906, 153130.975326342, 5280373.43531503, 5269564.52099216)
4096	2020-10-03	0	c(157284.485110158, 155895.391304851, 5339174.05853111, 5315970.57683069)
4133	2020-10-03	0	c(155895.391304851, 168741.642668236, 5315970.57683069, 5303577.01667366)
4134	2020-10-03	0	c(171410.338999421, 157284.485110158, 5349985.21302692, 5339174.05853111)
4097	2020-10-03	17664.016616334797	c(161479.089452243, 160076.352623045, 5408786.31652945, 5385581.92858634)
4134	2020-10-03	0	c(160076.352623045, 172751.265634738, 5385581.92858634, 5373189.82759024)
4135	2020-10-03	0	c(175446.187349795, 161479.089452243, 5419600.08827396, 5408786.31652945)
4126	2020-10-03	0	c(141812.895889598, 140581.828140515, 4816374.33194332, 4793178.00256093)
4164	2020-10-03	0	c(157049.136918752, 141812.895889598, 4827209.76152302, 4816374.33194332)
4130	2020-10-03	0	c(156953.061311274, 155665.842732303, 5094757.20924831, 5071556.73566706)
4167	2020-10-03	0	c(155665.842732303, 169126.05890308, 5071556.73566706, 5059192.98298493)
4168	2020-10-03	0	c(171594.870328797, 156953.061311274, 5105594.26088645, 5094757.20924831)
4131	2020-10-03	0	c(160842.071610002, 159541.192809573, 5164360.70366974, 5141159.19329952)
4168	2020-10-03	0	c(159541.192809573, 172835.849644356, 5141159.19329952, 5128795.47912993)
4132	2020-10-03	0	c(164771.754204746, 163457.369552187, 5233967.30717381, 5210764.76071201)
4133	2020-10-03	0	c(168741.642668236, 167413.9081906, 5303577.01667366, 5280373.43531503)
4134	2020-10-03	0	c(172751.265634738, 171410.338999421, 5373189.82759024, 5349985.21302692)
4135	2020-10-03	0	c(176800.146852673, 175446.187349795, 5442805.73385261, 5419600.08827396)
4164	2020-10-03	0	c(158236.531018437, 157049.136918752, 4850406.34731406, 4827209.76152302)
4202	2020-10-03	0	c(173374.412379464, 158236.531018437, 4861273.51869588, 4850406.34731406)
4165	2020-10-03	0	c(161825.967228764, 160624.961880898, 4919998.41842749, 4896800.6756138)
4202	2020-10-03	0	c(160624.961880898, 174517.543927781, 4896800.6756138, 4884470.49007188)
4203	2020-10-03	0	c(176816.804228134, 161825.967228764, 4930865.70684467, 4919998.41842749)
4166	2020-10-03	0	c(165455.953156889, 164241.478758581, 4989593.96292392, 4966395.06199149)
4203	2020-10-03	0	c(164241.478758581, 177972.902761627, 4966395.06199149, 4954063.95249767)
4204	2020-10-03	0	c(180297.960607442, 165455.953156889, 5000461.71880825, 4989593.96292392)
4167	2020-10-03	0	c(169126.05890308, 167898.259303595, 5059192.98298493, 5035992.92339112)
4204	2020-10-03	0	c(167898.259303595, 181466.889348827, 5035992.92339112, 5023661.23958666)
4168	2020-10-03	0	c(172835.849644356, 171594.870328797, 5128795.47912993, 5105594.26088645)
4202	2020-10-03	0	c(174517.543927781, 173374.412379464, 4884470.49007188, 4861273.51869588)
4203	2020-10-03	0	c(177972.902761627, 176816.804228134, 4954063.95249767, 4930865.70684467)
4204	2020-10-03	0	c(181466.889348827, 180297.960607442, 5023661.23958666, 5000461.71880825)
5618	2020-10-03	18391.584095651884	c(793919.935491375, 792857.253747871, 4964345.45508382, 4987544.30309268)
5619	2020-10-03	18270.89149272722	c(790720.187236471, 789645.830527591, 5033943.48445681, 5057143.81785572)
5618	2020-10-03	36059.659795127845	c(808786.726067955, 793919.935491375, 4953416.52418227, 4964345.45508382)
5618	2020-10-03	0	c(792857.253747871, 806557.567522237, 4987544.30309268, 4999814.2569651)
5619	2020-10-03	0	c(805436.84988934, 790720.187236471, 5023013.81258744, 5033943.48445681)
5647	2020-10-03	0	c(806557.567522237, 805436.84988934, 4999814.2569651, 5023013.81258744)
5619	2020-10-03	0	c(789645.830527591, 803183.211538379, 5057143.81785572, 5069414.30241452)
5648	2020-10-03	0	c(803183.211538379, 802050.320441729, 5069414.30241452, 5092615.23659416)
5648	2020-10-03	0	c(802050.320441729, 815479.076128725, 5092615.23659416, 5104917.71984738)
5678	2020-10-03	0	c(815479.076128725, 814287.104028042, 5104917.71984738, 5128119.1374647)
5618	2020-10-03	23228.19347880926	c(822542.038236476, 808786.726067955, 4965718.07985082, 4953416.52418227)
5678	2020-10-03	0	c(814287.104028042, 827606.472969342, 5128119.1374647, 5140453.46054754)
5708	2020-10-03	0	c(827606.472969342, 826354.878021528, 5140453.46054754, 5163655.23645599)
5618	2020-10-03	0	c(821375.535274895, 822542.038236476, 4988916.96437421, 4965718.07985082)
5647	2020-10-03	0	c(835023.773085712, 821375.535274895, 5001250.850715, 4988916.96437421)
5706	2020-10-03	0	c(849893.813932678, 835023.773085712, 4990417.54079515, 5001250.850715)
5708	2020-10-03	18096.327363289303	c(826354.878021528, 839564.100268278, 5163655.23645599, 5176021.22506879)
5706	2020-10-03	0	c(863489.923619311, 849893.813932678, 5002815.41489973, 4990417.54079515)
5708	2020-10-03	0	c(839564.100268278, 854081.497486028, 5176021.22506879, 5165217.41823687)
5766	2020-10-03	0	c(854081.497486028, 867236.793607594, 5165217.41823687, 5177646.97910555)
5706	2020-10-03	0	c(862160.242647624, 863489.923619311, 5026014.80086795, 5002815.41489973)
5735	2020-10-03	0	c(875648.116998997, 862160.242647624, 5038444.82356252, 5026014.80086795)
5792	2020-10-03	0	c(890521.690397177, 875648.116998997, 5027707.35554066, 5038444.82356252)
5766	2020-10-03	0	c(867236.793607594, 881807.32833063, 5177646.97910555, 5166907.4559093)
5822	2020-10-03	0	c(881807.32833063, 894908.611520249, 5166907.4559093, 5179400.61984627)
5792	2020-10-03	0	c(903956.98439082, 890521.690397177, 5040201.37730279, 5027707.35554066)
5847	2020-10-03	0	c(918882.943715455, 903956.98439082, 5029528.12531369, 5040201.37730279)
5822	2020-10-03	0	c(894908.611520249, 909532.300356149, 5179400.61984627, 5168725.47387398)
5874	2020-10-03	0	c(909532.300356149, 922579.478956298, 5168725.47387398, 5181282.27557204)
5847	2020-10-03	0	c(932265.587023539, 918882.943715455, 5042086.20609643, 5029528.12531369)
5895	2020-10-03	0	c(947243.97872962, 932265.587023539, 5031477.25383784, 5042086.20609643)
5916	2020-10-03	0	c(948887.916968637, 947243.97872962, 5008278.22998127, 5031477.25383784)
5916	2020-10-03	0	c(963966.73522896, 948887.916968637, 4997701.56094636, 5008278.22998127)
5918	2020-10-03	0	c(964979.377424604, 966765.84296564, 5172745.99510893, 5149547.72883952)
5939	2020-10-03	0	c(966765.84296564, 981598.281966391, 5149547.72883952, 5139034.52253634)
5939	2020-10-03	0	c(981598.281966391, 983428.825728612, 5139034.52253634, 5115836.45142798)
5960	2020-10-03	0	c(983428.825728612, 998363.046389076, 5115836.45142798, 5105355.98119037)
5960	2020-10-03	0	c(998363.046389076, 1000237.10170703, 5105355.98119037, 5082157.94239155)
5983	2020-10-03	0	c(1000237.10170703, 1015272.50777158, 5082157.94239155, 5071710.04819669)
1373	2020-10-04	0	c(-1040016.43209495, -1033351.74537515, 5627878.10172332, 5650821.59817695)
1373	2020-10-04	0	c(-1030192.38961903, -1040016.43209495, 5612612.72283877, 5627878.10172332)
1400	2020-10-04	0	c(-1036768.96328473, -1030192.38961903, 5589648.06146561, 5612612.72283877)
1400	2020-10-04	0	c(-1026806.61629611, -1036768.96328473, 5574399.19549213, 5589648.06146561)
1427	2020-10-04	0	c(-1033295.28241554, -1026806.61629611, 5551413.98650938, 5574399.19549213)
1427	2020-10-04	0	c(-1023195.33320812, -1033295.28241554, 5536182.5587857, 5551413.98650938)
1427	2020-10-04	0	c(-1006678.02594854, -1023195.33320812, 5543983.71602907, 5536182.5587857)
1482	2020-10-04	0	c(-996512.316647073, -1006678.02594854, 5528817.50218745, 5543983.71602907)
1510	2020-10-04	0	c(-1002792.91350792, -996512.316647073, 5505803.34397174, 5528817.50218745)
1510	2020-10-04	23855.761889036963	c(-992490.981473065, -1002792.91350792, 5490655.94318967, 5505803.34397174)
1510	2020-10-04	23832.882579475132	c(-975979.407159663, -992490.981473065, 5498569.09801602, 5490655.94318967)
1566	2020-10-04	18292.388097831736	c(-965612.742628434, -975979.407159663, 5483487.28545447, 5498569.09801602)
1566	2020-10-04	0	c(-949156.121735916, -965612.742628434, 5491474.21797714, 5483487.28545447)
1622	2020-10-04	0	c(-938725.082077758, -949156.121735916, 5476457.90376822, 5491474.21797714)
1622	2020-10-04	0	c(-922323.379714333, -938725.082077758, 5484518.2508268, 5476457.90376822)
1678	2020-10-04	0	c(-911828.314804335, -922323.379714333, 5469567.34533932, 5484518.2508268)
1678	2020-10-04	0	c(-895481.495230665, -911828.314804335, 5477700.75118872, 5469567.34533932)
1735	2020-10-04	0	c(-884922.747522592, -895481.495230665, 5462815.16513651, 5477700.75118872)
1735	2020-10-04	0	c(-868630.774269013, -884922.747522592, 5471021.2813911, 5462815.16513651)
1792	2020-10-04	0	c(-858008.678868399, -868630.774269013, 5456200.92593938, 5471021.2813911)
1820	2020-10-04	0	c(-863609.148224285, -858008.678868399, 5433130.66374609, 5456200.92593938)
1820	2020-10-04	0	c(-852854.82336695, -863609.148224285, 5418332.08006943, 5433130.66374609)
1820	2020-10-04	0	c(-836569.350288513, -852854.82336695, 5426647.19164141, 5418332.08006943)
1877	2020-10-04	18285.45087885456	c(-825752.640452772, -836569.350288513, 5411914.13656948, 5426647.19164141)
1905	2020-10-04	0	c(-831152.439331492, -825752.640452772, 5388823.04959367, 5411914.13656948)
1905	2020-10-04	0	c(-820204.906128805, -831152.439331492, 5374112.91345389, 5388823.04959367)
1961	2020-10-04	0	c(-819678.778533495, -814444.30245167, 5313204.14818225, 5336321.80555516)
1961	2020-10-04	0	c(-808471.957140343, -819678.778533495, 5298542.06788975, 5313204.14818225)
1905	2020-10-04	0	c(-803926.436984546, -820204.906128805, 5382536.43393469, 5374112.91345389)
1961	2020-10-04	0	c(-814444.30245167, -798118.470661437, 5336321.80555516, 5344782.14997309)
1962	2020-10-04	18328.782146423477	c(-792917.465678854, -803926.436984546, 5367892.08933148, 5382536.43393469)
1990	2020-10-04	18387.773419123292	c(-798118.470661437, -792917.465678854, 5344782.14997309, 5367892.08933148)
1961	2020-10-04	0	c(-792099.213408688, -808471.957140343, 5307039.43778573, 5298542.06788975)
2018	2020-10-04	0	c(-780832.224849739, -792099.213408688, 5292443.8192233, 5307039.43778573)
2018	2020-10-04	0	c(-764514.326112272, -780832.224849739, 5301011.92507374, 5292443.8192233)
2075	2020-10-04	0	c(-753187.459427024, -764514.326112272, 5286482.64443901, 5301011.92507374)
2075	2020-10-04	0	c(-736924.33457875, -753187.459427024, 5295121.18370329, 5286482.64443901)
2132	2020-10-04	0	c(-725537.871506811, -736924.33457875, 5280658.11870909, 5295121.18370329)
2132	2020-10-04	0	c(-709329.449706553, -725537.871506811, 5289366.79626702, 5280658.11870909)
2189	2020-10-04	0	c(-697883.664769094, -709329.449706553, 5274969.8262326, 5289366.79626702)
2189	2020-10-04	0	c(-681729.875542696, -697883.664769094, 5283748.35432026, 5274969.8262326)
2246	2020-10-04	0	c(-670225.036123547, -681729.875542696, 5269417.36026084, 5283748.35432026)
2246	2020-10-04	0	c(-654125.809465456, -670225.036123547, 5278265.45840647, 5269417.36026084)
2303	2020-10-04	18370.46378791781	c(-642562.175891822, -654125.809465456, 5264000.32312121, 5278265.45840647)
2330	2020-10-04	0	c(-647031.34274557, -642562.175891822, 5240847.83599491, 5264000.32312121)
2330	2020-10-04	0	c(-635342.99508358, -647031.34274557, 5226609.53388892, 5240847.83599491)
2330	2020-10-04	0	c(-619251.749648164, -635342.99508358, 5235562.66654449, 5226609.53388892)
2386	2020-10-04	0	c(-607505.458772876, -619251.749648164, 5221390.36660105, 5235562.66654449)
2386	2020-10-04	0	c(-591468.601777333, -607505.458772876, 5230412.30054112, 5221390.36660105)
2442	2020-10-04	0	c(-579664.60719232, -591468.601777333, 5216305.8813945, 5230412.30054112)
2442	2020-10-04	0	c(-563682.063062864, -579664.60719232, 5225396.36268182, 5216305.8813945)
2498	2020-10-04	18386.912924281158	c(-551820.597414496, -563682.063062864, 5211355.70516114, 5225396.36268182)
2526	2020-10-04	18444.580586482087	c(-555876.532722022, -551820.597414496, 5188186.74348927, 5211355.70516114)
2553	2020-10-04	0	c(-559732.975115559, -555793.270165878, 5081447.27649524, 5104634.81987759)
2526	2020-10-04	18444.580586482087	c(-543892.945579679, -555876.532722022, 5174174.22047802, 5188186.74348927)
2554	2020-10-04	0	c(-547873.198442136, -543892.945579679, 5150998.28961699, 5174174.22047802)
2553	2020-10-04	0	c(-547443.160708973, -559732.975115559, 5067455.70715238, 5081447.27649524)
2553	2020-10-04	0	c(-555793.270165878, -539673.328543742, 5104634.81987759, 5113831.93701114)
2554	2020-10-04	0	c(-535768.317930944, -547873.198442136, 5137014.43333885, 5150998.28961699)
2582	2020-10-04	0	c(-539673.328543742, -535768.317930944, 5113831.93701114, 5137014.43333885)
2553	2020-10-04	0	c(-531278.207060719, -547443.160708973, 5076688.59775732, 5067455.70715238)
2610	2020-10-04	0	c(-518933.252349569, -531278.207060719, 5062763.60409069, 5076688.59775732)
2610	2020-10-04	0	c(-502822.265786348, -518933.252349569, 5072063.87176581, 5062763.60409069)
2669	2020-10-04	0	c(-490422.36671429, -502822.265786348, 5058205.3073921, 5072063.87176581)
2698	2020-10-04	0	c(-494069.718092859, -490422.36671429, 5035010.22493654, 5058205.3073921)
2698	2020-10-04	0	c(-481551.623989141, -494069.718092859, 5021181.97970907, 5035010.22493654)
2698	2020-10-04	0	c(-465449.702770373, -481551.623989141, 5030584.7995546, 5021181.97970907)
2758	2020-10-04	0	c(-452877.417957096, -465449.702770373, 5016822.99053878, 5030584.7995546)
2758	2020-10-04	0	c(-436829.160026234, -452877.417957096, 5026292.52854698, 5016822.99053878)
2820	2020-10-04	0	c(-424202.85895577, -436829.160026234, 5012597.00860853, 5026292.52854698)
2820	2020-10-04	0	c(-408208.15755084, -424202.85895577, 5022133.06714993, 5012597.00860853)
2883	2020-10-04	0	c(-395528.008012799, -408208.15755084, 5008503.6924066, 5022133.06714993)
2883	2020-10-04	0	c(-379586.758209302, -395528.008012799, 5018106.08101096, 5008503.6924066)
2947	2020-10-04	0	c(-366852.921414474, -379586.758209302, 5004542.71089984, 5018106.08101096)
2947	2020-10-04	0	c(-350965.020208128, -366852.921414474, 5014211.24618831, 5004542.71089984)
2947	2020-10-04	0	c(-347856.12082296, -350965.020208128, 5037408.63258251, 5014211.24618831)
2979	2020-10-04	0	c(-332066.833914303, -347856.12082296, 5047108.83764273, 5037408.63258251)
3044	2020-10-04	0	c(-319341.007880716, -332066.833914303, 5033645.94584657, 5047108.83764273)
3044	2020-10-04	0	c(-303605.003689437, -319341.007880716, 5043412.15227157, 5033645.94584657)
3109	2020-10-04	0	c(-290825.418838875, -303605.003689437, 5030014.75197127, 5043412.15227157)
3109	2020-10-04	0	c(-275142.607202888, -290825.418838875, 5039846.79110604, 5030014.75197127)
3173	2020-10-04	0	c(-262309.407307412, -275142.607202888, 5026514.76156058, 5039846.79110604)
3264	2020-10-04	0	c(-252367.243608878, -249743.174565458, 4860727.62741186, 4883934.40033714)
3173	2020-10-04	0	c(-246679.700209803, -262309.407307412, 5036412.4715208, 5026514.76156058)
3235	2020-10-04	18500.0650380933	c(-233793.022885857, -246679.700209803, 5023145.6954942, 5036412.4715208)
3266	2020-10-04	0	c(-236475.691872011, -233793.022885857, 4999947.30553851, 5023145.6954942)
3264	2020-10-04	0	c(-239024.017413178, -252367.243608878, 4847489.67691862, 4860727.62741186)
3294	2020-10-04	0	c(-241581.586511228, -239024.017413178, 4824281.37522742, 4847489.67691862)
3264	2020-10-04	0	c(-249743.174565458, -233879.739065597, 4883934.40033714, 4893902.34964282)
3295	2020-10-04	0	c(-233879.739065597, -231293.100406858, 4893902.34964282, 4917106.72046119)
3266	2020-10-04	0	c(-223475.612479936, -236475.691872011, 4986711.97091903, 4999947.30553851)
3296	2020-10-04	0	c(-226091.001470335, -223475.612479936, 4963511.53099735, 4986711.97091903)
3294	2020-10-04	0	c(-228128.174246354, -241581.586511228, 4811076.2138737, 4824281.37522742)
3295	2020-10-04	0	c(-231293.100406858, -215526.980562639, 4917106.72046119, 4927105.72616216)
3296	2020-10-04	0	c(-212978.351713081, -226091.001470335, 4950307.95326689, 4963511.53099735)
3327	2020-10-04	18608.493989052164	c(-215526.980562639, -212978.351713081, 4927105.72616216, 4950307.95326689)
3294	2020-10-04	0	c(-212176.339103812, -228128.174246354, 4821112.31716864, 4811076.2138737)
3356	2020-10-04	0	c(-198672.316039009, -212176.339103812, 4807972.94837757, 4821112.31716864)
3356	2020-10-04	0	c(-182772.597333494, -198672.316039009, 4818073.54654371, 4807972.94837757)
3419	2020-10-04	0	c(-169218.050724315, -182772.597333494, 4804999.8204907, 4818073.54654371)
3510	2020-10-04	343279.6622253067	c(-179799.022100281, -177771.282456102, 4361121.83783081, 4384340.89187351)
3419	2020-10-04	0	c(-153370.324503566, -169218.050724315, 4815164.79723718, 4804999.8204907)
3483	2020-10-04	0	c(-139765.335483054, -153370.324503566, 4802156.56846618, 4815164.79723718)
3510	2020-10-04	364799.77136464405	c(-165125.513001857, -179799.022100281, 4348164.33874596, 4361121.83783081)
3510	2020-10-04	326518.964385178	c(-177771.282456102, -161164.83012867, 4384340.89187351, 4394598.58255177)
3544	2020-10-04	304989.03286937217	c(-161164.83012867, -159171.345118681, 4394598.58255177, 4417814.7017716)
3544	2020-10-04	288279.521601911	c(-159171.345118681, -142654.895555636, 4417814.7017716, 4428100.2430646)
3578	2020-10-04	266736.09539182583	c(-142654.895555636, -140696.283124848, 4428100.2430646, 4451313.67867408)
3483	2020-10-04	0	c(-123969.480651199, -139765.335483054, 4812385.81444158, 4802156.56846618)
3550	2020-10-04	0	c(-110314.12431031, -123969.480651199, 4799442.94191909, 4812385.81444158)
3583	2020-10-04	0	c(-112397.151900815, -110314.12431031, 4776238.55373357, 4799442.94191909)
3510	2020-10-04	354227.3080132275	c(-148479.564192826, -165125.513001857, 4358456.34296587, 4348164.33874596)
3578	2020-10-04	250082.81485944142	c(-140696.283124848, -124270.422785912, 4451313.67867408, 4461627.43276623)
3583	2020-10-04	0	c(-98634.3647289554, -112397.151900815, 4763328.78446501, 4776238.55373357)
3510	2020-10-04	332068.5571582126	c(-146546.562444213, -148479.564192826, 4381671.5745309, 4358456.34296587)
3544	2020-10-04	316228.5592689357	c(-129990.075937585, -146546.562444213, 4391991.25778133, 4381671.5745309)
3611	2020-10-04	316228.5592689357	c(-115326.777598032, -129990.075937585, 4379129.80928755, 4391991.25778133)
3578	2020-10-04	250082.81485944142	c(-124270.422785912, -109762.547284319, 4461627.43276623, 4448761.76215074)
3583	2020-10-04	0	c(-82845.7344404873, -98634.3647289554, 4773655.5086954, 4763328.78446501)
3651	2020-10-04	0	c(-69033.1020903044, -82845.7344404873, 4760810.96064867, 4773655.5086954)
3685	2020-10-04	0	c(-70952.405939632, -69033.1020903044, 4737607.74546976, 4760810.96064867)
3611	2020-10-04	308656.32252249395	c(-98820.0480293651, -115326.777598032, 4389511.43264211, 4379129.80928755)
3578	2020-10-04	255995.60114039507	c(-109762.547284319, -111625.404446451, 4448761.76215074, 4425551.5744548)
3611	2020-10-04	278330.3314982217	c(-111625.404446451, -97016.8595669304, 4425551.5744548, 4412720.64892948)
3685	2020-10-04	0	c(-57033.6319066016, -70952.405939632, 4724796.47781538, 4737607.74546976)
3611	2020-10-04	285866.633047654	c(-97016.8595669304, -98820.0480293651, 4412720.64892948, 4389511.43264211)
3685	2020-10-04	0	c(-41251.9532306159, -57033.6319066016, 4735220.21518383, 4724796.47781538)
3756	2020-10-04	0	c(-27283.8280025267, -41251.9532306159, 4722474.01599762, 4735220.21518383)
3792	2020-10-04	0	c(-29041.4759523286, -27283.8280025267, 4699272.43346028, 4722474.01599762)
3792	2020-10-04	0	c(-14968.4814833872, -29041.4759523286, 4686559.64458909, 4699272.43346028)
3792	2020-10-04	0	c(806.55852766434, -14968.4814833872, 4697079.94262881, 4686559.64458909)
3865	2020-10-04	0	c(14928.4387657876, 806.55852766434, 4684432.05263068, 4697079.94262881)
3865	2020-10-04	0	c(30652.761523573, 14928.4387657876, 4695015.74873974, 4684432.05263068)
3865	2020-10-04	0	c(32210.5659907594, 30652.761523573, 4718214.59757636, 4695015.74873974)
3902	2020-10-04	0	c(47839.3682507286, 32210.5659907594, 4728829.04433796, 4718214.59757636)
3976	2020-10-04	0	c(61955.3317150969, 47839.3682507286, 4716277.25401288, 4728829.04433796)
3976	2020-10-04	0	c(77533.4074058292, 61955.3317150969, 4726955.1520851, 4716277.25401288)
3976	2020-10-04	0	c(78950.141090271, 77533.4074058292, 4750152.39055429, 4726955.1520851)
4014	2020-10-04	0	c(94431.9339178937, 78950.141090271, 4760861.37138569, 4750152.39055429)
4088	2020-10-04	0	c(108542.694945805, 94431.9339178937, 4748405.45067158, 4760861.37138569)
4088	2020-10-04	0	c(123973.722558895, 108542.694945805, 4759177.9314701, 4748405.45067158)
4088	2020-10-04	0	c(125247.872499233, 123973.722558895, 4782374.14107703, 4759177.9314701)
4126	2020-10-04	0	c(140581.828140515, 125247.872499233, 4793178.00256093, 4782374.14107703)
4095	2020-10-04	0	c(153130.975326342, 151755.689657655, 5269564.52099216, 5246361.94716863)
4132	2020-10-04	0	c(151755.689657655, 164771.754204746, 5246361.94716863, 5233967.30717381)
4133	2020-10-04	0	c(167413.9081906, 153130.975326342, 5280373.43531503, 5269564.52099216)
4096	2020-10-04	17788.221092427506	c(157284.485110158, 155895.391304851, 5339174.05853111, 5315970.57683069)
4133	2020-10-04	0	c(155895.391304851, 168741.642668236, 5315970.57683069, 5303577.01667366)
4134	2020-10-04	0	c(171410.338999421, 157284.485110158, 5349985.21302692, 5339174.05853111)
4126	2020-10-04	0	c(141812.895889598, 140581.828140515, 4816374.33194332, 4793178.00256093)
4164	2020-10-04	0	c(157049.136918752, 141812.895889598, 4827209.76152302, 4816374.33194332)
4130	2020-10-04	0	c(156953.061311274, 155665.842732303, 5094757.20924831, 5071556.73566706)
4167	2020-10-04	0	c(155665.842732303, 169126.05890308, 5071556.73566706, 5059192.98298493)
4168	2020-10-04	0	c(171594.870328797, 156953.061311274, 5105594.26088645, 5094757.20924831)
4131	2020-10-04	0	c(160842.071610002, 159541.192809573, 5164360.70366974, 5141159.19329952)
4168	2020-10-04	0	c(159541.192809573, 172835.849644356, 5141159.19329952, 5128795.47912993)
4169	2020-10-04	0	c(175330.873755406, 160842.071610002, 5175199.07388754, 5164360.70366974)
4132	2020-10-04	0	c(164771.754204746, 163457.369552187, 5233967.30717381, 5210764.76071201)
4169	2020-10-04	0	c(163457.369552187, 176584.88568203, 5210764.76071201, 5198401.45021405)
4133	2020-10-04	0	c(168741.642668236, 167413.9081906, 5303577.01667366, 5280373.43531503)
4134	2020-10-04	0	c(172751.265634738, 171410.338999421, 5373189.82759024, 5349985.21302692)
4172	2020-10-04	0	c(186770.785294785, 172751.265634738, 5384034.33504339, 5373189.82759024)
4135	2020-10-04	0	c(176800.146852673, 175446.187349795, 5442805.73385261, 5419600.08827396)
4172	2020-10-04	0	c(175446.187349795, 188062.996469359, 5419600.08827396, 5407240.17666604)
4164	2020-10-04	0	c(158236.531018437, 157049.136918752, 4850406.34731406, 4827209.76152302)
4202	2020-10-04	0	c(173374.412379464, 158236.531018437, 4861273.51869588, 4850406.34731406)
4165	2020-10-04	0	c(161825.967228764, 160624.961880898, 4919998.41842749, 4896800.6756138)
4202	2020-10-04	0	c(160624.961880898, 174517.543927781, 4896800.6756138, 4884470.49007188)
4203	2020-10-04	0	c(176816.804228134, 161825.967228764, 4930865.70684467, 4919998.41842749)
4166	2020-10-04	0	c(165455.953156889, 164241.478758581, 4989593.96292392, 4966395.06199149)
4203	2020-10-04	0	c(164241.478758581, 177972.902761627, 4966395.06199149, 4954063.95249767)
4204	2020-10-04	0	c(180297.960607442, 165455.953156889, 5000461.71880825, 4989593.96292392)
4167	2020-10-04	0	c(169126.05890308, 167898.259303595, 5059192.98298493, 5035992.92339112)
4204	2020-10-04	0	c(167898.259303595, 181466.889348827, 5035992.92339112, 5023661.23958666)
4168	2020-10-04	0	c(172835.849644356, 171594.870328797, 5128795.47912993, 5105594.26088645)
4169	2020-10-04	0	c(176584.88568203, 175330.873755406, 5198401.45021405, 5175199.07388754)
4172	2020-10-04	0	c(188062.996469359, 186770.785294785, 5407240.17666604, 5384034.33504339)
4202	2020-10-04	0	c(174517.543927781, 173374.412379464, 4884470.49007188, 4861273.51869588)
4203	2020-10-04	0	c(177972.902761627, 176816.804228134, 4954063.95249767, 4930865.70684467)
4204	2020-10-04	0	c(181466.889348827, 180297.960607442, 5023661.23958666, 5000461.71880825)
5647	2020-10-04	53877.87202989821	c(806557.567522237, 805436.84988934, 4999814.2569651, 5023013.81258744)
5648	2020-10-04	28082.95572640363	c(803183.211538379, 802050.320441729, 5069414.30241452, 5092615.23659416)
5647	2020-10-04	72002.17310114956	c(821375.535274895, 806557.567522237, 4988916.96437421, 4999814.2569651)
5647	2020-10-04	35912.59057844049	c(805436.84988934, 819029.694117167, 5023013.81258744, 5035315.99994568)
5648	2020-10-04	18274.820876219503	c(817850.386774078, 803183.211538379, 5058516.15104725, 5069414.30241452)
5677	2020-10-04	18274.820876219503	c(819029.694117167, 817850.386774078, 5035315.99994568, 5058516.15104725)
5648	2020-10-04	18214.137193736282	c(802050.320441729, 815479.076128725, 5092615.23659416, 5104917.71984738)
5678	2020-10-04	18214.137193736282	c(815479.076128725, 814287.104028042, 5104917.71984738, 5128119.1374647)
5678	2020-10-04	18155.307620799984	c(814287.104028042, 827606.472969342, 5128119.1374647, 5140453.46054754)
5647	2020-10-04	59791.84618395997	c(835023.773085712, 821375.535274895, 5001250.850715, 4988916.96437421)
5706	2020-10-04	59791.84618395997	c(849893.813932678, 835023.773085712, 4990417.54079515, 5001250.850715)
5678	2020-10-04	0	c(827606.472969342, 842174.01885915, 5140453.46054754, 5129618.24935651)
5736	2020-10-04	0	c(842174.01885915, 855439.849598103, 5129618.24935651, 5142016.23187729)
5766	2020-10-04	0	c(855439.849598103, 854081.497486028, 5142016.23187729, 5165217.41823687)
5706	2020-10-04	55093.49500883309	c(863489.923619311, 849893.813932678, 5002815.41489973, 4990417.54079515)
5766	2020-10-04	23240.915837210996	c(854081.497486028, 867236.793607594, 5165217.41823687, 5177646.97910555)
5706	2020-10-04	37623.0692918632	c(862160.242647624, 863489.923619311, 5026014.80086795, 5002815.41489973)
5735	2020-10-04	23241.292271976337	c(875648.116998997, 862160.242647624, 5038444.82356252, 5026014.80086795)
5792	2020-10-04	18346.87179025881	c(890521.690397177, 875648.116998997, 5027707.35554066, 5038444.82356252)
5766	2020-10-04	23246.76320375944	c(867236.793607594, 881807.32833063, 5177646.97910555, 5166907.4559093)
5822	2020-10-04	23246.76320375944	c(881807.32833063, 894908.611520249, 5166907.4559093, 5179400.61984627)
5792	2020-10-04	0	c(903956.98439082, 890521.690397177, 5040201.37730279, 5027707.35554066)
5847	2020-10-04	0	c(918882.943715455, 903956.98439082, 5029528.12531369, 5040201.37730279)
5822	2020-10-04	23253.05151183406	c(894908.611520249, 909532.300356149, 5179400.61984627, 5168725.47387398)
5874	2020-10-04	23253.05151183406	c(909532.300356149, 922579.478956298, 5168725.47387398, 5181282.27557204)
5847	2020-10-04	0	c(932265.587023539, 918882.943715455, 5042086.20609643, 5029528.12531369)
5895	2020-10-04	0	c(947243.97872962, 932265.587023539, 5031477.25383784, 5042086.20609643)
5916	2020-10-04	0	c(948887.916968637, 947243.97872962, 5008278.22998127, 5031477.25383784)
5916	2020-10-04	23257.19761346114	c(963966.73522896, 948887.916968637, 4997701.56094636, 5008278.22998127)
5918	2020-10-04	0	c(964979.377424604, 966765.84296564, 5172745.99510893, 5149547.72883952)
5939	2020-10-04	0	c(966765.84296564, 981598.281966391, 5149547.72883952, 5139034.52253634)
5939	2020-10-04	0	c(981598.281966391, 983428.825728612, 5139034.52253634, 5115836.45142798)
5960	2020-10-04	0	c(983428.825728612, 998363.046389076, 5115836.45142798, 5105355.98119037)
5960	2020-10-04	0	c(998363.046389076, 1000237.10170703, 5105355.98119037, 5082157.94239155)
5983	2020-10-04	0	c(1000237.10170703, 1015272.50777158, 5082157.94239155, 5071710.04819669)
1373	2020-10-05	0	c(-1040016.43209495, -1033351.74537515, 5627878.10172332, 5650821.59817695)
1373	2020-10-05	0	c(-1030192.38961903, -1040016.43209495, 5612612.72283877, 5627878.10172332)
1400	2020-10-05	0	c(-1036768.96328473, -1030192.38961903, 5589648.06146561, 5612612.72283877)
1400	2020-10-05	0	c(-1026806.61629611, -1036768.96328473, 5574399.19549213, 5589648.06146561)
1427	2020-10-05	0	c(-1033295.28241554, -1026806.61629611, 5551413.98650938, 5574399.19549213)
1427	2020-10-05	0	c(-1023195.33320812, -1033295.28241554, 5536182.5587857, 5551413.98650938)
1427	2020-10-05	0	c(-1006678.02594854, -1023195.33320812, 5543983.71602907, 5536182.5587857)
1482	2020-10-05	0	c(-996512.316647073, -1006678.02594854, 5528817.50218745, 5543983.71602907)
1482	2020-10-05	0	c(-980049.893140128, -996512.316647073, 5536693.06013482, 5528817.50218745)
1538	2020-10-05	0	c(-969818.793651695, -980049.893140128, 5521591.98083405, 5536693.06013482)
1538	2020-10-05	0	c(-953411.228920908, -969818.793651695, 5529541.56564999, 5521591.98083405)
1594	2020-10-05	18231.952148382377	c(-943115.101674419, -953411.228920908, 5514505.54150437, 5529541.56564999)
1622	2020-10-05	0	c(-949156.121735916, -943115.101674419, 5491474.21797714, 5514505.54150437)
1622	2020-10-05	0	c(-938725.082077758, -949156.121735916, 5476457.90376822, 5491474.21797714)
1622	2020-10-05	0	c(-922323.379714333, -938725.082077758, 5484518.2508268, 5476457.90376822)
1678	2020-10-05	0	c(-911828.314804335, -922323.379714333, 5469567.34533932, 5484518.2508268)
1678	2020-10-05	0	c(-895481.495230665, -911828.314804335, 5477700.75118872, 5469567.34533932)
1735	2020-10-05	0	c(-884922.747522592, -895481.495230665, 5462815.16513651, 5477700.75118872)
1735	2020-10-05	0	c(-868630.774269013, -884922.747522592, 5471021.2813911, 5462815.16513651)
1792	2020-10-05	18241.949908906692	c(-858008.678868399, -868630.774269013, 5456200.92593938, 5471021.2813911)
1820	2020-10-05	0	c(-863609.148224285, -858008.678868399, 5433130.66374609, 5456200.92593938)
1820	2020-10-05	0	c(-852854.82336695, -863609.148224285, 5418332.08006943, 5433130.66374609)
1848	2020-10-05	0	c(-858371.551131818, -852854.82336695, 5395247.11656013, 5418332.08006943)
1848	2020-10-05	0	c(-847485.765019445, -858371.551131818, 5380471.08225354, 5395247.11656013)
1848	2020-10-05	0	c(-831152.439331492, -847485.765019445, 5388823.04959367, 5380471.08225354)
1905	2020-10-05	18344.83269150651	c(-820204.906128805, -831152.439331492, 5374112.91345389, 5388823.04959367)
1933	2020-10-05	18403.914155894578	c(-825521.876507272, -820204.906128805, 5351008.27800021, 5374112.91345389)
1933	2020-10-05	18403.914155894578	c(-814444.30245167, -825521.876507272, 5336321.80555516, 5351008.27800021)
1961	2020-10-05	18462.69068906987	c(-819678.778533495, -814444.30245167, 5313204.14818225, 5336321.80555516)
1961	2020-10-05	18462.69068906987	c(-808471.957140343, -819678.778533495, 5298542.06788975, 5313204.14818225)
1961	2020-10-05	23697.060704783496	c(-792099.213408688, -808471.957140343, 5307039.43778573, 5298542.06788975)
2018	2020-10-05	23676.425583128872	c(-780832.224849739, -792099.213408688, 5292443.8192233, 5307039.43778573)
2018	2020-10-05	23676.425583128872	c(-764514.326112272, -780832.224849739, 5301011.92507374, 5292443.8192233)
2075	2020-10-05	23656.232957949553	c(-753187.459427024, -764514.326112272, 5286482.64443901, 5301011.92507374)
2075	2020-10-05	23656.232957949553	c(-736924.33457875, -753187.459427024, 5295121.18370329, 5286482.64443901)
2132	2020-10-05	23636.48286018043	c(-725537.871506811, -736924.33457875, 5280658.11870909, 5295121.18370329)
2132	2020-10-05	23636.48286018043	c(-709329.449706553, -725537.871506811, 5289366.79626702, 5280658.11870909)
2189	2020-10-05	23617.175309847964	c(-697883.664769094, -709329.449706553, 5274969.8262326, 5289366.79626702)
2189	2020-10-05	23617.175309847964	c(-681729.875542696, -697883.664769094, 5283748.35432026, 5274969.8262326)
2246	2020-10-05	23598.310316799558	c(-670225.036123547, -681729.875542696, 5269417.36026084, 5283748.35432026)
2274	2020-10-05	0	c(-674807.211071644, -670225.036123547, 5246268.19348203, 5269417.36026084)
2274	2020-10-05	0	c(-663177.053064861, -674807.211071644, 5231963.76573482, 5246268.19348203)
2274	2020-10-05	0	c(-647031.34274557, -663177.053064861, 5240847.83599491, 5231963.76573482)
2330	2020-10-05	18428.52859293737	c(-635342.99508358, -647031.34274557, 5226609.53388892, 5240847.83599491)
2330	2020-10-05	23573.868358971533	c(-619251.749648164, -635342.99508358, 5235562.66654449, 5226609.53388892)
2386	2020-10-05	23555.8961694381	c(-607505.458772876, -619251.749648164, 5221390.36660105, 5235562.66654449)
2386	2020-10-05	23555.8961694381	c(-591468.601777333, -607505.458772876, 5230412.30054112, 5221390.36660105)
2442	2020-10-05	36226.34423102991	c(-579664.60719232, -591468.601777333, 5216305.8813945, 5230412.30054112)
2470	2020-10-05	18458.135403408698	c(-583831.970790426, -579664.60719232, 5193139.35272458, 5216305.8813945)
2470	2020-10-05	18458.135403408698	c(-571905.27117011, -583831.970790426, 5179060.84097095, 5193139.35272458)
2497	2020-10-05	0	c(-575996.311698327, -571905.27117011, 5155886.89487208, 5179060.84097095)
2497	2020-10-05	0	c(-563947.735552475, -575996.311698327, 5141836.83849055, 5155886.89487208)
2553	2020-10-05	0	c(-559732.975115559, -555793.270165878, 5081447.27649524, 5104634.81987759)
2553	2020-10-05	0	c(-547443.160708973, -559732.975115559, 5067455.70715238, 5081447.27649524)
2497	2020-10-05	0	c(-547873.198442136, -563947.735552475, 5150998.28961699, 5141836.83849055)
2553	2020-10-05	0	c(-555793.270165878, -539673.328543742, 5104634.81987759, 5113831.93701114)
2554	2020-10-05	18501.970977542616	c(-535768.317930944, -547873.198442136, 5137014.43333885, 5150998.28961699)
2582	2020-10-05	18559.080835787758	c(-539673.328543742, -535768.317930944, 5113831.93701114, 5137014.43333885)
2553	2020-10-05	0	c(-531278.207060719, -547443.160708973, 5076688.59775732, 5067455.70715238)
2610	2020-10-05	0	c(-518933.252349569, -531278.207060719, 5062763.60409069, 5076688.59775732)
2610	2020-10-05	0	c(-502822.265786348, -518933.252349569, 5072063.87176581, 5062763.60409069)
2669	2020-10-05	18602.657521684778	c(-490422.36671429, -502822.265786348, 5058205.3073921, 5072063.87176581)
2698	2020-10-05	0	c(-494069.718092859, -490422.36671429, 5035010.22493654, 5058205.3073921)
2698	2020-10-05	0	c(-481551.623989141, -494069.718092859, 5021181.97970907, 5035010.22493654)
2698	2020-10-05	0	c(-465449.702770373, -481551.623989141, 5030584.7995546, 5021181.97970907)
2758	2020-10-05	0	c(-452877.417957096, -465449.702770373, 5016822.99053878, 5030584.7995546)
2758	2020-10-05	0	c(-436829.160026234, -452877.417957096, 5026292.52854698, 5016822.99053878)
2820	2020-10-05	0	c(-424202.85895577, -436829.160026234, 5012597.00860853, 5026292.52854698)
2820	2020-10-05	0	c(-408208.15755084, -424202.85895577, 5022133.06714993, 5012597.00860853)
2883	2020-10-05	0	c(-395528.008012799, -408208.15755084, 5008503.6924066, 5022133.06714993)
2883	2020-10-05	0	c(-379586.758209302, -395528.008012799, 5018106.08101096, 5008503.6924066)
2947	2020-10-05	0	c(-366852.921414474, -379586.758209302, 5004542.71089984, 5018106.08101096)
2947	2020-10-05	0	c(-350965.020208128, -366852.921414474, 5014211.24618831, 5004542.71089984)
2947	2020-10-05	0	c(-347856.12082296, -350965.020208128, 5037408.63258251, 5014211.24618831)
2979	2020-10-05	23404.78564116001	c(-332066.833914303, -347856.12082296, 5047108.83764273, 5037408.63258251)
3044	2020-10-05	23391.13234235876	c(-319341.007880716, -332066.833914303, 5033645.94584657, 5047108.83764273)
3044	2020-10-05	23391.13234235876	c(-303605.003689437, -319341.007880716, 5043412.15227157, 5033645.94584657)
3109	2020-10-05	23377.94830024178	c(-290825.418838875, -303605.003689437, 5030014.75197127, 5043412.15227157)
3109	2020-10-05	23377.94830024178	c(-275142.607202888, -290825.418838875, 5039846.79110604, 5030014.75197127)
3173	2020-10-05	23365.23330806058	c(-262309.407307412, -275142.607202888, 5026514.76156058, 5039846.79110604)
3204	2020-10-05	0	c(-265098.28988352, -262309.407307412, 5003316.56633947, 5026514.76156058)
3204	2020-10-05	0	c(-252151.1874898, -265098.28988352, 4990015.87781969, 5003316.56633947)
3264	2020-10-05	18740.22329734522	c(-252367.243608878, -249743.174565458, 4860727.62741186, 4883934.40033714)
3265	2020-10-05	0	c(-244465.500027065, -241811.967052605, 4930343.75418253, 4953546.33510842)
3264	2020-10-05	18800.95909710758	c(-239024.017413178, -252367.243608878, 4847489.67691862, 4860727.62741186)
3294	2020-10-05	18856.326217261554	c(-241581.586511228, -239024.017413178, 4824281.37522742, 4847489.67691862)
3264	2020-10-05	18740.22329734522	c(-249743.174565458, -233879.739065597, 4883934.40033714, 4893902.34964282)
3265	2020-10-05	0	c(-231293.100406858, -244465.500027065, 4917106.72046119, 4930343.75418253)
3295	2020-10-05	18674.34532973519	c(-233879.739065597, -231293.100406858, 4893902.34964282, 4917106.72046119)
3204	2020-10-05	0	c(-236475.691872011, -252151.1874898, 4999947.30553851, 4990015.87781969)
3265	2020-10-05	0	c(-241811.967052605, -226091.001470335, 4953546.33510842, 4963511.53099735)
3266	2020-10-05	18556.78903790975	c(-223475.612479936, -236475.691872011, 4986711.97091903, 4999947.30553851)
3296	2020-10-05	18613.271822643517	c(-226091.001470335, -223475.612479936, 4963511.53099735, 4986711.97091903)
3294	2020-10-05	18856.326217261554	c(-228128.174246354, -241581.586511228, 4811076.2138737, 4824281.37522742)
3294	2020-10-05	23342.93412954607	c(-212176.339103812, -228128.174246354, 4821112.31716864, 4811076.2138737)
3356	2020-10-05	23330.874240359302	c(-198672.316039009, -212176.339103812, 4807972.94837757, 4821112.31716864)
3356	2020-10-05	23330.874240359302	c(-182772.597333494, -198672.316039009, 4818073.54654371, 4807972.94837757)
3419	2020-10-05	23319.314796760736	c(-169218.050724315, -182772.597333494, 4804999.8204907, 4818073.54654371)
3419	2020-10-05	23319.314796760736	c(-153370.324503566, -169218.050724315, 4815164.79723718, 4804999.8204907)
3483	2020-10-05	23308.255463202026	c(-139765.335483054, -153370.324503566, 4802156.56846618, 4815164.79723718)
3483	2020-10-05	23308.255463202026	c(-123969.480651199, -139765.335483054, 4812385.81444158, 4802156.56846618)
3550	2020-10-05	23297.695916273235	c(-110314.12431031, -123969.480651199, 4799442.94191909, 4812385.81444158)
3583	2020-10-05	0	c(-112397.151900815, -110314.12431031, 4776238.55373357, 4799442.94191909)
3583	2020-10-05	0	c(-98634.3647289554, -112397.151900815, 4763328.78446501, 4776238.55373357)
3583	2020-10-05	0	c(-82845.7344404873, -98634.3647289554, 4773655.5086954, 4763328.78446501)
3651	2020-10-05	18865.897267725188	c(-69033.1020903044, -82845.7344404873, 4760810.96064867, 4773655.5086954)
3685	2020-10-05	0	c(-70952.405939632, -69033.1020903044, 4737607.74546976, 4760810.96064867)
3685	2020-10-05	0	c(-57033.6319066016, -70952.405939632, 4724796.47781538, 4737607.74546976)
3685	2020-10-05	0	c(-41251.9532306159, -57033.6319066016, 4735220.21518383, 4724796.47781538)
3756	2020-10-05	18913.373114245045	c(-27283.8280025267, -41251.9532306159, 4722474.01599762, 4735220.21518383)
3792	2020-10-05	0	c(-29041.4759523286, -27283.8280025267, 4699272.43346028, 4722474.01599762)
3792	2020-10-05	0	c(-14968.4814833872, -29041.4759523286, 4686559.64458909, 4699272.43346028)
3792	2020-10-05	0	c(806.55852766434, -14968.4814833872, 4697079.94262881, 4686559.64458909)
3865	2020-10-05	0	c(14928.4387657876, 806.55852766434, 4684432.05263068, 4697079.94262881)
3865	2020-10-05	0	c(30652.761523573, 14928.4387657876, 4695015.74873974, 4684432.05263068)
3865	2020-10-05	0	c(32210.5659907594, 30652.761523573, 4718214.59757636, 4695015.74873974)
3902	2020-10-05	18889.358509279344	c(47839.3682507286, 32210.5659907594, 4728829.04433796, 4718214.59757636)
3976	2020-10-05	0	c(61955.3317150969, 47839.3682507286, 4716277.25401288, 4728829.04433796)
3976	2020-10-05	0	c(77533.4074058292, 61955.3317150969, 4726955.1520851, 4716277.25401288)
3976	2020-10-05	0	c(78950.141090271, 77533.4074058292, 4750152.39055429, 4726955.1520851)
4014	2020-10-05	18821.889852588556	c(94431.9339178937, 78950.141090271, 4760861.37138569, 4750152.39055429)
4088	2020-10-05	0	c(108542.694945805, 94431.9339178937, 4748405.45067158, 4760861.37138569)
4088	2020-10-05	0	c(123973.722558895, 108542.694945805, 4759177.9314701, 4748405.45067158)
4088	2020-10-05	0	c(125247.872499233, 123973.722558895, 4782374.14107703, 4759177.9314701)
4126	2020-10-05	0	c(140581.828140515, 125247.872499233, 4793178.00256093, 4782374.14107703)
4095	2020-10-05	17911.86199265616	c(153130.975326342, 151755.689657655, 5269564.52099216, 5246361.94716863)
4132	2020-10-05	0	c(151755.689657655, 164771.754204746, 5246361.94716863, 5233967.30717381)
4133	2020-10-05	0	c(167413.9081906, 153130.975326342, 5280373.43531503, 5269564.52099216)
4126	2020-10-05	0	c(141812.895889598, 140581.828140515, 4816374.33194332, 4793178.00256093)
4164	2020-10-05	0	c(157049.136918752, 141812.895889598, 4827209.76152302, 4816374.33194332)
4130	2020-10-05	18216.044013818668	c(156953.061311274, 155665.842732303, 5094757.20924831, 5071556.73566706)
4167	2020-10-05	0	c(155665.842732303, 169126.05890308, 5071556.73566706, 5059192.98298493)
4168	2020-10-05	0	c(171594.870328797, 156953.061311274, 5105594.26088645, 5094757.20924831)
4131	2020-10-05	18094.0779424259	c(160842.071610002, 159541.192809573, 5164360.70366974, 5141159.19329952)
4168	2020-10-05	0	c(159541.192809573, 172835.849644356, 5141159.19329952, 5128795.47912993)
4169	2020-10-05	0	c(175330.873755406, 160842.071610002, 5175199.07388754, 5164360.70366974)
4132	2020-10-05	0	c(164771.754204746, 163457.369552187, 5233967.30717381, 5210764.76071201)
4169	2020-10-05	0	c(163457.369552187, 176584.88568203, 5210764.76071201, 5198401.45021405)
4133	2020-10-05	0	c(168741.642668236, 167413.9081906, 5303577.01667366, 5280373.43531503)
4171	2020-10-05	0	c(182919.281328391, 168741.642668236, 5314419.11572023, 5303577.01667366)
4134	2020-10-05	17724.284848758114	c(172751.265634738, 171410.338999421, 5373189.82759024, 5349985.21302692)
4171	2020-10-05	0	c(171410.338999421, 184198.91076354, 5349985.21302692, 5337623.8042916)
4172	2020-10-05	0	c(186770.785294785, 172751.265634738, 5384034.33504339, 5373189.82759024)
4135	2020-10-05	17662.14277247468	c(176800.146852673, 175446.187349795, 5442805.73385261, 5419600.08827396)
4172	2020-10-05	0	c(175446.187349795, 188062.996469359, 5419600.08827396, 5407240.17666604)
4164	2020-10-05	0	c(158236.531018437, 157049.136918752, 4850406.34731406, 4827209.76152302)
4202	2020-10-05	0	c(173374.412379464, 158236.531018437, 4861273.51869588, 4850406.34731406)
4165	2020-10-05	18515.484100710062	c(161825.967228764, 160624.961880898, 4919998.41842749, 4896800.6756138)
4202	2020-10-05	0	c(160624.961880898, 174517.543927781, 4896800.6756138, 4884470.49007188)
4203	2020-10-05	0	c(176816.804228134, 161825.967228764, 4930865.70684467, 4919998.41842749)
4166	2020-10-05	18395.46963585682	c(165455.953156889, 164241.478758581, 4989593.96292392, 4966395.06199149)
4203	2020-10-05	0	c(164241.478758581, 177972.902761627, 4966395.06199149, 4954063.95249767)
4204	2020-10-05	0	c(180297.960607442, 165455.953156889, 5000461.71880825, 4989593.96292392)
4167	2020-10-05	0	c(169126.05890308, 167898.259303595, 5059192.98298493, 5035992.92339112)
4204	2020-10-05	0	c(167898.259303595, 181466.889348827, 5035992.92339112, 5023661.23958666)
4168	2020-10-05	0	c(172835.849644356, 171594.870328797, 5128795.47912993, 5105594.26088645)
4169	2020-10-05	0	c(176584.88568203, 175330.873755406, 5198401.45021405, 5175199.07388754)
4171	2020-10-05	0	c(184198.91076354, 182919.281328391, 5337623.8042916, 5314419.11572023)
4172	2020-10-05	0	c(188062.996469359, 186770.785294785, 5407240.17666604, 5384034.33504339)
4202	2020-10-05	0	c(174517.543927781, 173374.412379464, 4884470.49007188, 4861273.51869588)
4203	2020-10-05	0	c(177972.902761627, 176816.804228134, 4954063.95249767, 4930865.70684467)
4204	2020-10-05	0	c(181466.889348827, 180297.960607442, 5023661.23958666, 5000461.71880825)
5707	2020-10-05	0	c(831334.993115906, 830096.546916202, 5070850.43132069, 5094051.0579179)
5707	2020-10-05	0	c(846054.661797812, 831334.993115906, 5060016.35389763, 5070850.43132069)
5707	2020-10-05	0	c(830096.546916202, 843472.148279218, 5094051.0579179, 5106417.27507345)
5736	2020-10-05	0	c(843472.148279218, 842174.01885915, 5106417.27507345, 5129618.24935651)
5736	2020-10-05	0	c(842174.01885915, 855439.849598103, 5129618.24935651, 5142016.23187729)
5707	2020-10-05	18276.92205251905	c(859486.430059474, 846054.661797812, 5072414.47302264, 5060016.35389763)
5765	2020-10-05	23241.292271976337	c(874258.62397385, 859486.430059474, 5061644.54286264, 5072414.47302264)
5736	2020-10-05	0	c(855439.849598103, 870060.324803528, 5142016.23187729, 5131245.23669869)
5793	2020-10-05	18159.642958216908	c(870060.324803528, 883272.53821247, 5131245.23669869, 5143706.91368603)
5765	2020-10-05	23241.292271976337	c(887637.485845674, 874258.62397385, 5074106.54822189, 5061644.54286264)
5821	2020-10-05	23247.57040267834	c(902462.239969876, 887637.485845674, 5063400.84429545, 5074106.54822189)
5847	2020-10-05	0	c(903956.98439082, 902462.239969876, 5040201.37730279, 5063400.84429545)
5847	2020-10-05	0	c(918882.943715455, 903956.98439082, 5029528.12531369, 5040201.37730279)
5793	2020-10-05	23246.76320375944	c(883272.53821247, 897945.964402817, 5143706.91368603, 5133000.22143151)
5848	2020-10-05	23253.05151183406	c(897945.964402817, 911104.476485777, 5133000.22143151, 5145525.63191698)
5847	2020-10-05	0	c(932265.587023539, 918882.943715455, 5042086.20609643, 5029528.12531369)
5895	2020-10-05	0	c(947243.97872962, 932265.587023539, 5031477.25383784, 5042086.20609643)
5848	2020-10-05	23253.05151183406	c(911104.476485777, 925830.87835036, 5145525.63191698, 5134883.33503981)
5896	2020-10-05	27907.42384993311	c(925830.87835036, 938935.600172526, 5134883.33503981, 5147472.52199796)
5895	2020-10-05	0	c(960573.895898359, 947243.97872962, 5044099.45778691, 5031477.25383784)
5938	2020-10-05	0	c(975604.769503815, 960573.895898359, 5033554.89483882, 5044099.45778691)
5896	2020-10-05	18177.541963935295	c(938935.600172526, 953715.005348702, 5147472.52199796, 5136894.71855157)
5939	2020-10-05	0	c(953715.005348702, 966765.84296564, 5136894.71855157, 5149547.72883952)
5939	2020-10-05	0	c(966765.84296564, 981598.281966391, 5149547.72883952, 5139034.52253634)
5939	2020-10-05	0	c(981598.281966391, 983428.825728612, 5139034.52253634, 5115836.45142798)
5960	2020-10-05	0	c(983428.825728612, 998363.046389076, 5115836.45142798, 5105355.98119037)
5960	2020-10-05	0	c(998363.046389076, 1000237.10170703, 5105355.98119037, 5082157.94239155)
5983	2020-10-05	0	c(1000237.10170703, 1015272.50777158, 5082157.94239155, 5071710.04819669)
1373	2020-10-06	27182.530447836896	c(-1040016.43209495, -1033351.74537515, 5627878.10172332, 5650821.59817695)
1373	2020-10-06	18144.566287436926	c(-1030192.38961903, -1040016.43209495, 5612612.72283877, 5627878.10172332)
1400	2020-10-06	18144.566287436926	c(-1036768.96328473, -1030192.38961903, 5589648.06146561, 5612612.72283877)
1400	2020-10-06	18205.882313318994	c(-1026806.61629611, -1036768.96328473, 5574399.19549213, 5589648.06146561)
1427	2020-10-06	18205.882313318994	c(-1033295.28241554, -1026806.61629611, 5551413.98650938, 5574399.19549213)
1427	2020-10-06	18266.896108621055	c(-1023195.33320812, -1033295.28241554, 5536182.5587857, 5551413.98650938)
1427	2020-10-06	0	c(-1006678.02594854, -1023195.33320812, 5543983.71602907, 5536182.5587857)
1482	2020-10-06	0	c(-996512.316647073, -1006678.02594854, 5528817.50218745, 5543983.71602907)
1482	2020-10-06	0	c(-980049.893140128, -996512.316647073, 5536693.06013482, 5528817.50218745)
1538	2020-10-06	0	c(-969818.793651695, -980049.893140128, 5521591.98083405, 5536693.06013482)
1566	2020-10-06	0	c(-975979.407159663, -969818.793651695, 5498569.09801602, 5521591.98083405)
1566	2020-10-06	0	c(-965612.742628434, -975979.407159663, 5483487.28545447, 5498569.09801602)
1566	2020-10-06	0	c(-949156.121735916, -965612.742628434, 5491474.21797714, 5483487.28545447)
1622	2020-10-06	0	c(-938725.082077758, -949156.121735916, 5476457.90376822, 5491474.21797714)
1622	2020-10-06	0	c(-922323.379714333, -938725.082077758, 5484518.2508268, 5476457.90376822)
1678	2020-10-06	0	c(-911828.314804335, -922323.379714333, 5469567.34533932, 5484518.2508268)
1678	2020-10-06	0	c(-895481.495230665, -911828.314804335, 5477700.75118872, 5469567.34533932)
1735	2020-10-06	18258.444645840384	c(-884922.747522592, -895481.495230665, 5462815.16513651, 5477700.75118872)
1763	2020-10-06	0	c(-890641.102162677, -884922.747522592, 5439751.88990482, 5462815.16513651)
1763	2020-10-06	0	c(-879949.484482839, -890641.102162677, 5424887.6796246, 5439751.88990482)
1763	2020-10-06	0	c(-863609.148224285, -879949.484482839, 5433130.66374609, 5424887.6796246)
1820	2020-10-06	18301.731510151574	c(-852854.82336695, -863609.148224285, 5418332.08006943, 5433130.66374609)
1848	2020-10-06	18361.213517237866	c(-858371.551131818, -852854.82336695, 5395247.11656013, 5418332.08006943)
1848	2020-10-06	18361.213517237866	c(-847485.765019445, -858371.551131818, 5380471.08225354, 5395247.11656013)
1876	2020-10-06	0	c(-852919.065449109, -847485.765019445, 5357371.95959819, 5380471.08225354)
1876	2020-10-06	0	c(-841902.597913053, -852919.065449109, 5342619.23619058, 5357371.95959819)
1904	2020-10-06	0	c(-847252.796329435, -841902.597913053, 5319506.49151337, 5342619.23619058)
1904	2020-10-06	0	c(-836106.438523262, -847252.796329435, 5304777.82426604, 5319506.49151337)
1932	2020-10-06	0	c(-841373.871205128, -836106.438523262, 5281651.98943943, 5304777.82426604)
1932	2020-10-06	0	c(-830098.4252941, -841373.871205128, 5266948.10715367, 5281651.98943943)
1932	2020-10-06	0	c(-813624.283899029, -830098.4252941, 5275411.90976193, 5266948.10715367)
1989	2020-10-06	0	c(-802289.019375603, -813624.283899029, 5260774.93359084, 5275411.90976193)
1989	2020-10-06	0	c(-785869.814321876, -802289.019375603, 5269309.51956449, 5260774.93359084)
2046	2020-10-06	0	c(-774475.020987086, -785869.814321876, 5254739.31515399, 5269309.51956449)
2046	2020-10-06	0	c(-758110.672678474, -774475.020987086, 5263344.37896725, 5254739.31515399)
2103	2020-10-06	0	c(-746656.632898798, -758110.672678474, 5248840.81355355, 5263344.37896725)
2103	2020-10-06	0	c(-730347.062010227, -746656.632898798, 5257516.05724729, 5248840.81355355)
2160	2020-10-06	0	c(-718834.050801375, -730347.062010227, 5243078.99974793, 5257516.05724729)
2160	2020-10-06	0	c(-702579.178382793, -718834.050801375, 5251824.13286387, 5243078.99974793)
2217	2020-10-06	18458.012638413504	c(-691007.463493063, -702579.178382793, 5237453.45396714, 5251824.13286387)
2217	2020-10-06	23611.157883989003	c(-674807.211071644, -691007.463493063, 5246268.19348203, 5237453.45396714)
2274	2020-10-06	23592.288913779776	c(-663177.053064861, -674807.211071644, 5231963.76573482, 5246268.19348203)
2302	2020-10-06	0	c(-667680.580534854, -663177.053064861, 5208805.30428942, 5231963.76573482)
2302	2020-10-06	0	c(-655925.923939482, -667680.580534854, 5194528.05567401, 5208805.30428942)
2302	2020-10-06	0	c(-639734.14692256, -655925.923939482, 5203448.25035512, 5194528.05567401)
2358	2020-10-06	0	c(-627921.90564035, -639734.14692256, 5189237.37811009, 5203448.25035512)
2358	2020-10-06	0	c(-611784.558599207, -627921.90564035, 5198226.39567589, 5189237.37811009)
2414	2020-10-06	0	c(-599914.97196758, -611784.558599207, 5184081.76829459, 5198226.39567589)
2441	2020-10-06	0	c(-604117.10833067, -599914.97196758, 5160909.91879233, 5184081.76829459)
2441	2020-10-06	0	c(-592125.054653146, -604117.10833067, 5146793.52783141, 5160909.91879233)
2441	2020-10-06	0	c(-575996.311698327, -592125.054653146, 5155886.89487208, 5146793.52783141)
2497	2020-10-06	0	c(-563947.735552475, -575996.311698327, 5141836.83849055, 5155886.89487208)
2525	2020-10-06	0	c(-567962.886938089, -563947.735552475, 5118655.88979566, 5141836.83849055)
2525	2020-10-06	0	c(-555793.270165878, -567962.886938089, 5104634.81987759, 5118655.88979566)
2553	2020-10-06	0	c(-559732.975115559, -555793.270165878, 5081447.27649524, 5104634.81987759)
2553	2020-10-06	0	c(-547443.160708973, -559732.975115559, 5067455.70715238, 5081447.27649524)
2553	2020-10-06	0	c(-531278.207060719, -547443.160708973, 5076688.59775732, 5067455.70715238)
2610	2020-10-06	18615.90705211596	c(-518933.252349569, -531278.207060719, 5062763.60409069, 5076688.59775732)
2639	2020-10-06	0	c(-522689.133309458, -518933.252349569, 5039569.15986789, 5062763.60409069)
2639	2020-10-06	0	c(-510225.411115104, -522689.133309458, 5025674.32811074, 5039569.15986789)
2639	2020-10-06	0	c(-494069.718092859, -510225.411115104, 5035010.22493654, 5025674.32811074)
2698	2020-10-06	0	c(-481551.623989141, -494069.718092859, 5021181.97970907, 5035010.22493654)
2698	2020-10-06	0	c(-465449.702770373, -481551.623989141, 5030584.7995546, 5021181.97970907)
2758	2020-10-06	0	c(-452877.417957096, -465449.702770373, 5016822.99053878, 5030584.7995546)
2758	2020-10-06	0	c(-436829.160026234, -452877.417957096, 5026292.52854698, 5016822.99053878)
2820	2020-10-06	0	c(-424202.85895577, -436829.160026234, 5012597.00860853, 5026292.52854698)
2820	2020-10-06	0	c(-408208.15755084, -424202.85895577, 5022133.06714993, 5012597.00860853)
2883	2020-10-06	18621.677838955045	c(-395528.008012799, -408208.15755084, 5008503.6924066, 5022133.06714993)
2883	2020-10-06	23427.378277309697	c(-379586.758209302, -395528.008012799, 5018106.08101096, 5008503.6924066)
2947	2020-10-06	23412.860112129216	c(-366852.921414474, -379586.758209302, 5004542.71089984, 5018106.08101096)
2947	2020-10-06	23412.860112129216	c(-350965.020208128, -366852.921414474, 5014211.24618831, 5004542.71089984)
3011	2020-10-06	23398.81705461211	c(-338177.650871679, -350965.020208128, 5000713.74353224, 5014211.24618831)
3011	2020-10-06	23398.81705461211	c(-322342.997260121, -338177.650871679, 5010448.24915005, 5000713.74353224)
3076	2020-10-06	23385.248862501467	c(-309502.243684066, -322342.997260121, 4997016.48022305, 5010448.24915005)
3076	2020-10-06	23385.248862501467	c(-293720.738747531, -309502.243684066, 5006816.78677267, 4997016.48022305)
3141	2020-10-06	23372.155297659425	c(-280826.742902496, -293720.738747531, 4993450.62136458, 5006816.78677267)
3202	2020-10-06	18750.52808653639	c(-281619.475980272, -278891.386251526, 4864094.29606191, 4887301.94884662)
3202	2020-10-06	18811.407853726043	c(-268327.454945605, -281619.475980272, 4850790.43882262, 4864094.29606191)
3232	2020-10-06	18866.717962926334	c(-270988.372833435, -268327.454945605, 4827580.99815498, 4850790.43882262)
3202	2020-10-06	18750.52808653639	c(-278891.386251526, -262975.362717166, 4887301.94884662, 4897204.8624976)
3233	2020-10-06	18684.314125011053	c(-262975.362717166, -260284.262129275, 4897204.8624976, 4920409.84528718)
3141	2020-10-06	23372.155297659425	c(-265098.28988352, -280826.742902496, 5003316.56633947, 4993450.62136458)
3204	2020-10-06	36352.266718675106	c(-252151.1874898, -265098.28988352, 4990015.87781969, 5003316.56633947)
3234	2020-10-06	18623.101114248977	c(-254872.13728268, -252151.1874898, 4966815.3528198, 4990015.87781969)
3232	2020-10-06	18866.717962926334	c(-257585.664827856, -270988.372833435, 4814309.89009997, 4827580.99815498)
3263	2020-10-06	0	c(-260179.945193469, -257585.664827856, 4791098.92615439, 4814309.89009997)
3233	2020-10-06	18684.314125011053	c(-260284.262129275, -244465.500027065, 4920409.84528718, 4930343.75418253)
3234	2020-10-06	18623.101114248977	c(-241811.967052605, -254872.13728268, 4953546.33510842, 4966815.3528198)
3265	2020-10-06	29030.104549427488	c(-244465.500027065, -241811.967052605, 4930343.75418253, 4953546.33510842)
3263	2020-10-06	0	c(-246667.408959882, -260179.945193469, 4777860.84224749, 4791098.92615439)
3263	2020-10-06	0	c(-230619.781285295, -246667.408959882, 4787866.6367957, 4777860.84224749)
3325	2020-10-06	0	c(-217057.037917219, -230619.781285295, 4774694.52536483, 4787866.6367957)
3325	2020-10-06	0	c(-201061.470130606, -217057.037917219, 4784764.724931, 4774694.52536483)
3387	2020-10-06	0	c(-187448.604264285, -201061.470130606, 4771658.42673119, 4784764.724931)
3387	2020-10-06	0	c(-171504.963249412, -187448.604264285, 4781792.91475786, 4771658.42673119)
3451	2020-10-06	0	c(-157842.053317674, -171504.963249412, 4768752.27498853, 4781792.91475786)
3510	2020-10-06	19519.07981832639	c(-179799.022100281, -177771.282456102, 4361121.83783081, 4384340.89187351)
3510	2020-10-06	37413.9811229229	c(-165125.513001857, -179799.022100281, 4348164.33874596, 4361121.83783081)
3510	2020-10-06	0	c(-177771.282456102, -161164.83012867, 4384340.89187351, 4394598.58255177)
3544	2020-10-06	0	c(-161164.83012867, -159171.345118681, 4394598.58255177, 4417814.7017716)
3451	2020-10-06	0	c(-141950.208834023, -157842.053317674, 4778950.94196789, 4768752.27498853)
3516	2020-10-06	0	c(-128237.327147639, -141950.208834023, 4765975.81032574, 4778950.94196789)
3544	2020-10-06	0	c(-159171.345118681, -142654.895555636, 4417814.7017716, 4428100.2430646)
3578	2020-10-06	0	c(-142654.895555636, -140696.283124848, 4428100.2430646, 4451313.67867408)
3510	2020-10-06	23295.567655199753	c(-148479.564192826, -165125.513001857, 4358456.34296587, 4348164.33874596)
3578	2020-10-06	0	c(-140696.283124848, -124270.422785912, 4451313.67867408, 4461627.43276623)
3612	2020-10-06	0	c(-124270.422785912, -122347.29868497, 4461627.43276623, 4484838.42914896)
3516	2020-10-06	0	c(-112397.151900815, -128237.327147639, 4776238.55373357, 4765975.81032574)
3583	2020-10-06	0	c(-98634.3647289554, -112397.151900815, 4763328.78446501, 4776238.55373357)
3616	2020-10-06	0	c(-100654.664239735, -98634.3647289554, 4740124.19571175, 4763328.78446501)
3510	2020-10-06	0	c(-146546.562444213, -148479.564192826, 4381671.5745309, 4358456.34296587)
3544	2020-10-06	0	c(-129990.075937585, -146546.562444213, 4391991.25778133, 4381671.5745309)
3611	2020-10-06	0	c(-115326.777598032, -129990.075937585, 4379129.80928755, 4391991.25778133)
3612	2020-10-06	0	c(-122347.29868497, -106012.617360759, 4484838.42914896, 4495180.74538129)
3616	2020-10-06	0	c(-86785.2869013424, -100654.664239735, 4727247.71874659, 4740124.19571175)
3611	2020-10-06	0	c(-98820.0480293651, -115326.777598032, 4389511.43264211, 4379129.80928755)
3612	2020-10-06	0	c(-106012.617360759, -91559.9036607575, 4495180.74538129, 4482345.90912606)
3616	2020-10-06	0	c(-70952.405939632, -86785.2869013424, 4737607.74546976, 4727247.71874659)
3685	2020-10-06	18921.159405607963	c(-57033.6319066016, -70952.405939632, 4724796.47781538, 4737607.74546976)
3720	2020-10-06	0	c(-58891.4377016701, -57033.6319066016, 4701593.42235545, 4724796.47781538)
3611	2020-10-06	0	c(-97016.8595669304, -98820.0480293651, 4412720.64892948, 4389511.43264211)
3646	2020-10-06	0	c(-80600.2445110925, -97016.8595669304, 4423130.51107387, 4412720.64892948)
3612	2020-10-06	0	c(-91559.9036607575, -93386.7629630856, 4482345.90912606, 4459137.88757354)
3646	2020-10-06	0	c(-93386.7629630856, -78832.952706967, 4459137.88757354, 4446337.59952283)
3720	2020-10-06	0	c(-44867.3596784326, -58891.4377016701, 4688815.59449591, 4701593.42235545)
3646	2020-10-06	0	c(-78832.952706967, -80600.2445110925, 4446337.59952283, 4423130.51107387)
3720	2020-10-06	0	c(-29041.4759523286, -44867.3596784326, 4699272.43346028, 4688815.59449591)
3792	2020-10-06	18968.502229719434	c(-14968.4814833872, -29041.4759523286, 4686559.64458909, 4699272.43346028)
3828	2020-10-06	0	c(-16665.8685194449, -14968.4814833872, 4663358.54067889, 4686559.64458909)
3828	2020-10-06	0	c(-2488.83886173618, -16665.8685194449, 4650679.29222735, 4663358.54067889)
3828	2020-10-06	0	c(13330.3847707603, -2488.83886173618, 4661232.48559099, 4650679.29222735)
3828	2020-10-06	0	c(14928.4387657876, 13330.3847707603, 4684432.05263068, 4661232.48559099)
3865	2020-10-06	0	c(30652.761523573, 14928.4387657876, 4695015.74873974, 4684432.05263068)
3939	2020-10-06	0	c(44823.5025769995, 30652.761523573, 4682432.62249385, 4695015.74873974)
3939	2020-10-06	0	c(60497.2310877577, 44823.5025769995, 4693079.6624162, 4682432.62249385)
3939	2020-10-06	0	c(61955.3317150969, 60497.2310877577, 4716277.25401288, 4693079.6624162)
3976	2020-10-06	18883.423425801422	c(77533.4074058292, 61955.3317150969, 4726955.1520851, 4716277.25401288)
4050	2020-10-06	0	c(91698.5973343059, 77533.4074058292, 4714467.91561868, 4726955.1520851)
4050	2020-10-06	0	c(107226.056785565, 91698.5973343059, 4725209.21678517, 4714467.91561868)
4050	2020-10-06	0	c(108542.694945805, 107226.056785565, 4748405.45067158, 4725209.21678517)
4088	2020-10-06	0	c(123973.722558895, 108542.694945805, 4759177.9314701, 4748405.45067158)
4088	2020-10-06	0	c(125247.872499233, 123973.722558895, 4782374.14107703, 4759177.9314701)
4126	2020-10-06	0	c(140581.828140515, 125247.872499233, 4793178.00256093, 4782374.14107703)
4126	2020-10-06	0	c(141812.895889598, 140581.828140515, 4816374.33194332, 4793178.00256093)
4164	2020-10-06	18693.93387606442	c(157049.136918752, 141812.895889598, 4827209.76152302, 4816374.33194332)
4132	2020-10-06	17971.43237124907	c(164771.754204746, 163457.369552187, 5233967.30717381, 5210764.76071201)
4169	2020-10-06	0	c(163457.369552187, 176584.88568203, 5210764.76071201, 5198401.45021405)
4170	2020-10-06	0	c(179105.826661029, 164771.754204746, 5244807.3601392, 5233967.30717381)
4133	2020-10-06	17848.152557433452	c(168741.642668236, 167413.9081906, 5303577.01667366, 5280373.43531503)
4170	2020-10-06	0	c(167413.9081906, 180372.722489963, 5280373.43531503, 5268010.89342681)
4171	2020-10-06	0	c(182919.281328391, 168741.642668236, 5314419.11572023, 5303577.01667366)
4164	2020-10-06	18634.66838831304	c(158236.531018437, 157049.136918752, 4850406.34731406, 4827209.76152302)
4202	2020-10-06	0	c(173374.412379464, 158236.531018437, 4861273.51869588, 4850406.34731406)
4167	2020-10-06	18274.66659388243	c(169126.05890308, 167898.259303595, 5059192.98298493, 5035992.92339112)
4204	2020-10-06	0	c(167898.259303595, 181466.889348827, 5035992.92339112, 5023661.23958666)
4205	2020-10-06	0	c(183817.469603872, 169126.05890308, 5070061.55652234, 5059192.98298493)
4168	2020-10-06	0	c(172835.849644356, 171594.870328797, 5128795.47912993, 5105594.26088645)
4205	2020-10-06	0	c(171594.870328797, 184999.090197503, 5105594.26088645, 5093262.35266486)
4206	2020-10-06	0	c(187374.914583754, 172835.849644356, 5139665.22009273, 5128795.47912993)
4169	2020-10-06	0	c(176584.88568203, 175330.873755406, 5198401.45021405, 5175199.07388754)
4206	2020-10-06	0	c(175330.873755406, 188569.087110609, 5175199.07388754, 5162867.29122762)
4170	2020-10-06	0	c(180372.722489963, 179105.826661029, 5268010.89342681, 5244807.3601392)
4171	2020-10-06	0	c(184198.91076354, 182919.281328391, 5337623.8042916, 5314419.11572023)
4209	2020-10-06	0	c(198270.629238929, 184198.91076354, 5348499.13951808, 5337623.8042916)
4172	2020-10-06	0	c(188062.996469359, 186770.785294785, 5407240.17666604, 5384034.33504339)
4209	2020-10-06	0	c(186770.785294785, 199501.6026472, 5384034.33504339, 5371705.02729084)
4210	2020-10-06	0	c(201975.559009058, 188062.996469359, 5418118.07092669, 5407240.17666604)
4202	2020-10-06	0	c(174517.543927781, 173374.412379464, 4884470.49007188, 4861273.51869588)
4238	2020-10-06	0	c(189556.418244538, 174517.543927781, 4895369.56319813, 4884470.49007188)
4203	2020-10-06	0	c(177972.902761627, 176816.804228134, 4954063.95249767, 4930865.70684467)
4238	2020-10-06	0	c(176816.804228134, 190654.700941231, 4930865.70684467, 4918567.04184535)
4239	2020-10-06	0	c(192863.623381984, 177972.902761627, 4964963.38528218, 4954063.95249767)
4204	2020-10-06	0	c(181466.889348827, 180297.960607442, 5023661.23958666, 5000461.71880825)
4239	2020-10-06	0	c(180297.960607442, 193974.234114982, 5000461.71880825, 4988162.25026696)
4205	2020-10-06	0	c(184999.090197503, 183817.469603872, 5093262.35266486, 5070061.55652234)
4206	2020-10-06	0	c(188569.087110609, 187374.914583754, 5162867.29122762, 5139665.22009273)
4209	2020-10-06	0	c(199501.6026472, 198270.629238929, 5371705.02729084, 5348499.13951808)
4210	2020-10-06	0	c(203218.50934853, 201975.559009058, 5441325.22609652, 5418118.07092669)
4238	2020-10-06	0	c(190654.700941231, 189556.418244538, 4918567.04184535, 4895369.56319813)
4239	2020-10-06	0	c(193974.234114982, 192863.623381984, 4988162.25026696, 4964963.38528218)
5677	2020-10-06	18274.820876219503	c(819029.694117167, 817850.386774078, 5035315.99994568, 5058516.15104725)
5678	2020-10-06	18214.137193736282	c(815479.076128725, 814287.104028042, 5104917.71984738, 5128119.1374647)
5677	2020-10-06	35911.131253564374	c(833798.622419799, 819029.694117167, 5024450.32771843, 5035315.99994568)
5677	2020-10-06	0	c(817850.386774078, 831334.993115906, 5058516.15104725, 5070850.43132069)
5678	2020-10-06	0	c(830096.546916202, 815479.076128725, 5094051.0579179, 5104917.71984738)
5707	2020-10-06	0	c(831334.993115906, 830096.546916202, 5070850.43132069, 5094051.0579179)
5678	2020-10-06	18155.307620799984	c(814287.104028042, 827606.472969342, 5128119.1374647, 5140453.46054754)
5677	2020-10-06	23235.470490243755	c(847339.01185509, 833798.622419799, 5036816.40704784, 5024450.32771843)
5735	2020-10-06	23235.470490243755	c(862160.242647624, 847339.01185509, 5026014.80086795, 5036816.40704784)
5678	2020-10-06	0	c(827606.472969342, 842174.01885915, 5140453.46054754, 5129618.24935651)
5736	2020-10-06	0	c(842174.01885915, 855439.849598103, 5129618.24935651, 5142016.23187729)
5766	2020-10-06	0	c(855439.849598103, 854081.497486028, 5142016.23187729, 5165217.41823687)
5766	2020-10-06	18100.76906095504	c(854081.497486028, 867236.793607594, 5165217.41823687, 5177646.97910555)
5735	2020-10-06	23241.292271976337	c(875648.116998997, 862160.242647624, 5038444.82356252, 5026014.80086795)
5792	2020-10-06	18346.87179025881	c(890521.690397177, 875648.116998997, 5027707.35554066, 5038444.82356252)
5766	2020-10-06	0	c(867236.793607594, 881807.32833063, 5177646.97910555, 5166907.4559093)
5822	2020-10-06	0	c(881807.32833063, 894908.611520249, 5166907.4559093, 5179400.61984627)
5792	2020-10-06	0	c(903956.98439082, 890521.690397177, 5040201.37730279, 5027707.35554066)
5847	2020-10-06	0	c(918882.943715455, 903956.98439082, 5029528.12531369, 5040201.37730279)
5822	2020-10-06	0	c(894908.611520249, 909532.300356149, 5179400.61984627, 5168725.47387398)
5874	2020-10-06	0	c(909532.300356149, 922579.478956298, 5168725.47387398, 5181282.27557204)
5847	2020-10-06	0	c(932265.587023539, 918882.943715455, 5042086.20609643, 5029528.12531369)
5895	2020-10-06	0	c(947243.97872962, 932265.587023539, 5031477.25383784, 5042086.20609643)
5895	2020-10-06	0	c(960573.895898359, 947243.97872962, 5044099.45778691, 5031477.25383784)
5938	2020-10-06	0	c(975604.769503815, 960573.895898359, 5033554.89483882, 5044099.45778691)
5918	2020-10-06	0	c(964979.377424604, 966765.84296564, 5172745.99510893, 5149547.72883952)
5939	2020-10-06	0	c(966765.84296564, 981598.281966391, 5149547.72883952, 5139034.52253634)
5939	2020-10-06	0	c(981598.281966391, 983428.825728612, 5139034.52253634, 5115836.45142798)
5960	2020-10-06	0	c(983428.825728612, 998363.046389076, 5115836.45142798, 5105355.98119037)
5960	2020-10-06	0	c(998363.046389076, 1000237.10170703, 5105355.98119037, 5082157.94239155)
5983	2020-10-06	0	c(1000237.10170703, 1015272.50777158, 5082157.94239155, 5071710.04819669)
1428	2020-10-07	0	c(-1013775.05847454, -1007232.36566046, 5620339.07539682, 5643293.78542241)
1428	2020-10-07	0	c(-1003883.94648984, -1013775.05847454, 5605137.93054106, 5620339.07539682)
1455	2020-10-07	0	c(-1010339.0532074, -1003883.94648984, 5582162.79753793, 5605137.93054106)
1455	2020-10-07	0	c(-1000310.2886526, -1010339.0532074, 5566978.66401566, 5582162.79753793)
1482	2020-10-07	0	c(-1006678.02594854, -1000310.2886526, 5543983.71602907, 5566978.66401566)
1482	2020-10-07	0	c(-996512.316647073, -1006678.02594854, 5528817.50218745, 5543983.71602907)
1482	2020-10-07	0	c(-980049.893140128, -996512.316647073, 5536693.06013482, 5528817.50218745)
1538	2020-10-07	0	c(-969818.793651695, -980049.893140128, 5521591.98083405, 5536693.06013482)
1566	2020-10-07	0	c(-975979.407159663, -969818.793651695, 5498569.09801602, 5521591.98083405)
1566	2020-10-07	0	c(-965612.742628434, -975979.407159663, 5483487.28545447, 5498569.09801602)
1566	2020-10-07	0	c(-949156.121735916, -965612.742628434, 5491474.21797714, 5483487.28545447)
1622	2020-10-07	0	c(-938725.082077758, -949156.121735916, 5476457.90376822, 5491474.21797714)
1622	2020-10-07	0	c(-922323.379714333, -938725.082077758, 5484518.2508268, 5476457.90376822)
1678	2020-10-07	0	c(-911828.314804335, -922323.379714333, 5469567.34533932, 5484518.2508268)
1706	2020-10-07	0	c(-917664.928167379, -911828.314804335, 5446511.30616298, 5469567.34533932)
1706	2020-10-07	0	c(-907036.347213397, -917664.928167379, 5431581.37055744, 5446511.30616298)
1706	2020-10-07	0	c(-890641.102162677, -907036.347213397, 5439751.88990482, 5431581.37055744)
1763	2020-10-07	0	c(-879949.484482839, -890641.102162677, 5424887.6796246, 5439751.88990482)
1791	2020-10-07	0	c(-885583.510490984, -879949.484482839, 5401809.06844178, 5424887.6796246)
1791	2020-10-07	0	c(-874759.78779751, -885583.510490984, 5386967.02834714, 5401809.06844178)
1819	2020-10-07	0	c(-880309.790136891, -874759.78779751, 5363873.63375835, 5386967.02834714)
1819	2020-10-07	0	c(-869354.739342978, -880309.790136891, 5349054.54224733, 5363873.63375835)
1819	2020-10-07	0	c(-852919.065449109, -869354.739342978, 5357371.95959819, 5349054.54224733)
1876	2020-10-07	18420.391085264226	c(-841902.597913053, -852919.065449109, 5342619.23619058, 5357371.95959819)
1904	2020-10-07	0	c(-847252.796329435, -841902.597913053, 5319506.49151337, 5342619.23619058)
1904	2020-10-07	0	c(-836106.438523262, -847252.796329435, 5304777.82426604, 5319506.49151337)
1932	2020-10-07	0	c(-841373.871205128, -836106.438523262, 5281651.98943943, 5304777.82426604)
1932	2020-10-07	0	c(-830098.4252941, -841373.871205128, 5266948.10715367, 5281651.98943943)
1932	2020-10-07	0	c(-813624.283899029, -830098.4252941, 5275411.90976193, 5266948.10715367)
1989	2020-10-07	0	c(-802289.019375603, -813624.283899029, 5260774.93359084, 5275411.90976193)
1989	2020-10-07	0	c(-785869.814321876, -802289.019375603, 5269309.51956449, 5260774.93359084)
2046	2020-10-07	18504.849427596608	c(-774475.020987086, -785869.814321876, 5254739.31515399, 5269309.51956449)
2046	2020-10-07	23670.455670170675	c(-758110.672678474, -774475.020987086, 5263344.37896725, 5254739.31515399)
2103	2020-10-07	23650.241232429293	c(-746656.632898798, -758110.672678474, 5248840.81355355, 5263344.37896725)
2103	2020-10-07	23650.241232429293	c(-730347.062010227, -746656.632898798, 5257516.05724729, 5248840.81355355)
2160	2020-10-07	23630.47531212465	c(-718834.050801375, -730347.062010227, 5243078.99974793, 5257516.05724729)
2188	2020-10-07	0	c(-723563.331654148, -718834.050801375, 5219926.60751532, 5243078.99974793)
2188	2020-10-07	0	c(-711924.590767723, -723563.331654148, 5205516.20296627, 5219926.60751532)
2188	2020-10-07	0	c(-695623.698032554, -711924.590767723, 5214297.95450591, 5205516.20296627)
2245	2020-10-07	0	c(-683926.872521274, -695623.698032554, 5199954.19582449, 5214297.95450591)
2245	2020-10-07	0	c(-667680.580534854, -683926.872521274, 5208805.30428942, 5199954.19582449)
2302	2020-10-07	18500.922257171416	c(-655925.923939482, -667680.580534854, 5194528.05567401, 5208805.30428942)
2302	2020-10-07	23586.16112244452	c(-639734.14692256, -655925.923939482, 5203448.25035512, 5194528.05567401)
2358	2020-10-07	23567.747952643935	c(-627921.90564035, -639734.14692256, 5189237.37811009, 5203448.25035512)
2358	2020-10-07	23567.747952643935	c(-611784.558599207, -627921.90564035, 5198226.39567589, 5189237.37811009)
2414	2020-10-07	23549.78894532748	c(-599914.97196758, -611784.558599207, 5184081.76829459, 5198226.39567589)
2441	2020-10-07	0	c(-604117.10833067, -599914.97196758, 5160909.91879233, 5184081.76829459)
2441	2020-10-07	0	c(-592125.054653146, -604117.10833067, 5146793.52783141, 5160909.91879233)
2441	2020-10-07	0	c(-575996.311698327, -592125.054653146, 5155886.89487208, 5146793.52783141)
2497	2020-10-07	18515.552204539013	c(-563947.735552475, -575996.311698327, 5141836.83849055, 5155886.89487208)
2525	2020-10-07	18572.68387408434	c(-567962.886938089, -563947.735552475, 5118655.88979566, 5141836.83849055)
2525	2020-10-07	18572.68387408434	c(-555793.270165878, -567962.886938089, 5104634.81987759, 5118655.88979566)
2553	2020-10-07	0	c(-559732.975115559, -555793.270165878, 5081447.27649524, 5104634.81987759)
2553	2020-10-07	0	c(-547443.160708973, -559732.975115559, 5067455.70715238, 5081447.27649524)
2581	2020-10-07	0	c(-551307.870571646, -547443.160708973, 5044261.96993452, 5067455.70715238)
2581	2020-10-07	0	c(-538898.708319329, -551307.870571646, 5030300.39821535, 5044261.96993452)
2581	2020-10-07	0	c(-522689.133309458, -538898.708319329, 5039569.15986789, 5030300.39821535)
2639	2020-10-07	0	c(-510225.411115104, -522689.133309458, 5025674.32811074, 5039569.15986789)
2639	2020-10-07	0	c(-494069.718092859, -510225.411115104, 5035010.22493654, 5025674.32811074)
2698	2020-10-07	0	c(-481551.623989141, -494069.718092859, 5021181.97970907, 5035010.22493654)
2698	2020-10-07	0	c(-465449.702770373, -481551.623989141, 5030584.7995546, 5021181.97970907)
2758	2020-10-07	18646.310304800656	c(-452877.417957096, -465449.702770373, 5016822.99053878, 5030584.7995546)
2758	2020-10-07	23457.84091764252	c(-436829.160026234, -452877.417957096, 5026292.52854698, 5016822.99053878)
2820	2020-10-07	23442.371796096308	c(-424202.85895577, -436829.160026234, 5012597.00860853, 5026292.52854698)
2851	2020-10-07	0	c(-427562.13437687, -424202.85895577, 4989396.57619723, 5012597.00860853)
2851	2020-10-07	0	c(-414819.60881945, -427562.13437687, 4975732.08761511, 4989396.57619723)
2851	2020-10-07	0	c(-398780.262710406, -414819.60881945, 4985303.15594017, 4975732.08761511)
2914	2020-10-07	0	c(-385984.435184616, -398780.262710406, 4971704.93446672, 4985303.15594017)
2914	2020-10-07	0	c(-369998.419985781, -385984.435184616, 4981342.11053329, 4971704.93446672)
2978	2020-10-07	18666.222019346424	c(-357149.443564298, -369998.419985781, 4967810.00928115, 4981342.11053329)
2978	2020-10-07	23406.773321490098	c(-341216.649399891, -357149.443564298, 4977513.11579287, 4967810.00928115)
3043	2020-10-07	23392.81537469233	c(-328314.670645632, -341216.649399891, 4964046.99140356, 4977513.11579287)
3139	2020-10-07	0	c(-310872.936900835, -308040.592778241, 4867591.98987092, 4890800.52903408)
3043	2020-10-07	23392.81537469233	c(-312434.989740613, -328314.670645632, 4973815.8581424, 4964046.99140356)
3108	2020-10-07	36460.83799292346	c(-299480.148789882, -312434.989740613, 4960415.57085007, 4973815.8581424)
3139	2020-10-07	0	c(-297632.229475553, -310872.936900835, 4854222.0728605, 4867591.98987092)
3170	2020-10-07	18816.77480301912	c(-300396.727774681, -297632.229475553, 4831011.47471747, 4854222.0728605)
3139	2020-10-07	0	c(-308040.592778241, -292071.864773694, 4890800.52903408, 4900638.26353437)
3171	2020-10-07	18755.83360401159	c(-292071.864773694, -289276.075327455, 4900638.26353437, 4923843.85585559)
3170	2020-10-07	18877.51240060117	c(-287044.82377374, -300396.727774681, 4817674.26156344, 4831011.47471747)
3201	2020-10-07	0	c(-289742.006854071, -287044.82377374, 4794461.88031703, 4817674.26156344)
3108	2020-10-07	36460.83799292346	c(-283653.475549485, -299480.148789882, 4970250.03460906, 4960415.57085007)
3171	2020-10-07	29210.83714939047	c(-289276.075327455, -273404.563502967, 4923843.85585559, 4933712.52494903)
3172	2020-10-07	54670.78579141394	c(-270645.906194348, -283653.475549485, 4956915.44830345, 4970250.03460906)
3203	2020-10-07	45304.62970927911	c(-273404.563502967, -270645.906194348, 4933712.52494903, 4956915.44830345)
3201	2020-10-07	0	c(-276279.768676922, -289742.006854071, 4781157.66029808, 4794461.88031703)
3201	2020-10-07	0	c(-260179.945193469, -276279.768676922, 4791098.92615439, 4781157.66029808)
3263	2020-10-07	0	c(-246667.408959882, -260179.945193469, 4777860.84224749, 4791098.92615439)
3263	2020-10-07	0	c(-230619.781285295, -246667.408959882, 4787866.6367957, 4777860.84224749)
3325	2020-10-07	0	c(-217057.037917219, -230619.781285295, 4774694.52536483, 4787866.6367957)
3325	2020-10-07	0	c(-201061.470130606, -217057.037917219, 4784764.724931, 4774694.52536483)
3387	2020-10-07	0	c(-187448.604264285, -201061.470130606, 4771658.42673119, 4784764.724931)
3387	2020-10-07	0	c(-171504.963249412, -187448.604264285, 4781792.91475786, 4771658.42673119)
3451	2020-10-07	0	c(-157842.053317674, -171504.963249412, 4768752.27498853, 4781792.91475786)
3544	2020-10-07	19462.152857410314	c(-161164.83012867, -159171.345118681, 4394598.58255177, 4417814.7017716)
3451	2020-10-07	0	c(-141950.208834023, -157842.053317674, 4778950.94196789, 4768752.27498853)
3516	2020-10-07	18882.88985426792	c(-128237.327147639, -141950.208834023, 4765975.81032574, 4778950.94196789)
3544	2020-10-07	0	c(-146546.562444213, -161164.83012867, 4381671.5745309, 4394598.58255177)
3544	2020-10-07	19462.152857410314	c(-159171.345118681, -142654.895555636, 4417814.7017716, 4428100.2430646)
3578	2020-10-07	0	c(-142654.895555636, -140696.283124848, 4428100.2430646, 4451313.67867408)
3578	2020-10-07	0	c(-140696.283124848, -124270.422785912, 4451313.67867408, 4461627.43276623)
3612	2020-10-07	0	c(-124270.422785912, -122347.29868497, 4461627.43276623, 4484838.42914896)
3516	2020-10-07	23302.787184017627	c(-112397.151900815, -128237.327147639, 4776238.55373357, 4765975.81032574)
3583	2020-10-07	36691.16925095909	c(-98634.3647289554, -112397.151900815, 4763328.78446501, 4776238.55373357)
3616	2020-10-07	18929.357688910335	c(-100654.664239735, -98634.3647289554, 4740124.19571175, 4763328.78446501)
3544	2020-10-07	0	c(-129990.075937585, -146546.562444213, 4391991.25778133, 4381671.5745309)
3611	2020-10-07	0	c(-115326.777598032, -129990.075937585, 4379129.80928755, 4391991.25778133)
3612	2020-10-07	0	c(-122347.29868497, -106012.617360759, 4484838.42914896, 4495180.74538129)
3616	2020-10-07	18929.357688910335	c(-86785.2869013424, -100654.664239735, 4727247.71874659, 4740124.19571175)
3650	2020-10-07	18984.281840555697	c(-88743.4200960996, -86785.2869013424, 4704043.12219336, 4727247.71874659)
3650	2020-10-07	18984.281840555697	c(-74768.2949943512, -88743.4200960996, 4691200.11028423, 4704043.12219336)
3611	2020-10-07	0	c(-98820.0480293651, -115326.777598032, 4389511.43264211, 4379129.80928755)
3612	2020-10-07	0	c(-106012.617360759, -91559.9036607575, 4495180.74538129, 4482345.90912606)
3611	2020-10-07	0	c(-97016.8595669304, -98820.0480293651, 4412720.64892948, 4389511.43264211)
3646	2020-10-07	0	c(-80600.2445110925, -97016.8595669304, 4423130.51107387, 4412720.64892948)
3612	2020-10-07	0	c(-91559.9036607575, -93386.7629630856, 4482345.90912606, 4459137.88757354)
3646	2020-10-07	0	c(-93386.7629630856, -78832.952706967, 4459137.88757354, 4446337.59952283)
3650	2020-10-07	23281.794081005024	c(-58891.4377016701, -74768.2949943512, 4701593.42235545, 4691200.11028423)
3720	2020-10-07	23272.195435451384	c(-44867.3596784326, -58891.4377016701, 4688815.59449591, 4701593.42235545)
3755	2020-10-07	0	c(-46664.236970076, -44867.3596784326, 4665612.87240594, 4688815.59449591)
3646	2020-10-07	0	c(-78832.952706967, -80600.2445110925, 4446337.59952283, 4423130.51107387)
3755	2020-10-07	0	c(-32535.6939909069, -46664.236970076, 4652868.62757601, 4665612.87240594)
3755	2020-10-07	0	c(-16665.8685194449, -32535.6939909069, 4663358.54067889, 4652868.62757601)
3828	2020-10-07	0	c(-2488.83886173618, -16665.8685194449, 4650679.29222735, 4663358.54067889)
3828	2020-10-07	0	c(13330.3847707603, -2488.83886173618, 4661232.48559099, 4650679.29222735)
3828	2020-10-07	0	c(14928.4387657876, 13330.3847707603, 4684432.05263068, 4661232.48559099)
3865	2020-10-07	23254.54122101201	c(30652.761523573, 14928.4387657876, 4695015.74873974, 4684432.05263068)
3939	2020-10-07	23246.48501410549	c(44823.5025769995, 30652.761523573, 4682432.62249385, 4695015.74873974)
3939	2020-10-07	18944.898640372077	c(60497.2310877577, 44823.5025769995, 4693079.6624162, 4682432.62249385)
4013	2020-10-07	0	c(74716.8136494611, 60497.2310877577, 4680561.16984461, 4693079.6624162)
4013	2020-10-07	0	c(90340.067398386, 74716.8136494611, 4691271.50601308, 4680561.16984461)
4013	2020-10-07	0	c(91698.5973343059, 90340.067398386, 4714467.91561868, 4691271.50601308)
4050	2020-10-07	0	c(107226.056785565, 91698.5973343059, 4725209.21678517, 4714467.91561868)
4050	2020-10-07	0	c(108542.694945805, 107226.056785565, 4748405.45067158, 4725209.21678517)
4088	2020-10-07	0	c(123973.722558895, 108542.694945805, 4759177.9314701, 4748405.45067158)
4088	2020-10-07	0	c(125247.872499233, 123973.722558895, 4782374.14107703, 4759177.9314701)
4126	2020-10-07	18755.319049520316	c(140581.828140515, 125247.872499233, 4793178.00256093, 4782374.14107703)
4201	2020-10-07	0	c(154688.069455561, 140581.828140515, 4780817.74574276, 4793178.00256093)
4201	2020-10-07	0	c(169971.192210324, 154688.069455561, 4791685.15059905, 4780817.74574276)
4168	2020-10-07	18153.117581022067	c(172835.849644356, 171594.870328797, 5128795.47912993, 5105594.26088645)
4205	2020-10-07	0	c(171594.870328797, 184999.090197503, 5105594.26088645, 5093262.35266486)
4206	2020-10-07	0	c(187374.914583754, 172835.849644356, 5139665.22009273, 5128795.47912993)
4169	2020-10-07	18030.866233380235	c(176584.88568203, 175330.873755406, 5198401.45021405, 5175199.07388754)
4206	2020-10-07	0	c(175330.873755406, 188569.087110609, 5175199.07388754, 5162867.29122762)
4207	2020-10-07	0	c(190969.874238453, 176584.88568203, 5209272.70779345, 5198401.45021405)
4170	2020-10-07	17907.957241242937	c(180372.722489963, 179105.826661029, 5268010.89342681, 5244807.3601392)
4207	2020-10-07	0	c(179105.826661029, 192176.457231349, 5244807.3601392, 5232476.05293814)
4208	2020-10-07	0	c(194601.922630251, 180372.722489963, 5278884.01606577, 5268010.89342681)
4171	2020-10-07	17784.436373941473	c(184198.91076354, 182919.281328391, 5337623.8042916, 5314419.11572023)
4208	2020-10-07	0	c(182919.281328391, 195820.773089294, 5314419.11572023, 5302088.63362669)
4209	2020-10-07	0	c(198270.629238929, 184198.91076354, 5348499.13951808, 5337623.8042916)
4172	2020-10-07	17660.35050521691	c(188062.996469359, 186770.785294785, 5407240.17666604, 5384034.33504339)
4209	2020-10-07	0	c(186770.785294785, 199501.6026472, 5384034.33504339, 5371705.02729084)
4210	2020-10-07	0	c(201975.559009058, 188062.996469359, 5418118.07092669, 5407240.17666604)
4201	2020-10-07	0	c(171101.221589288, 169971.192210324, 4814880.84915514, 4791685.15059905)
4237	2020-10-07	0	c(186286.457130191, 171101.221589288, 4825779.89785506, 4814880.84915514)
4202	2020-10-07	18573.032486016396	c(174517.543927781, 173374.412379464, 4884470.49007188, 4861273.51869588)
4237	2020-10-07	0	c(173374.412379464, 187372.282003082, 4861273.51869588, 4848975.99137414)
4238	2020-10-07	0	c(189556.418244538, 174517.543927781, 4895369.56319813, 4884470.49007188)
4203	2020-10-07	18453.487356528167	c(177972.902761627, 176816.804228134, 4954063.95249767, 4930865.70684467)
4238	2020-10-07	0	c(176816.804228134, 190654.700941231, 4930865.70684467, 4918567.04184535)
4239	2020-10-07	0	c(192863.623381984, 177972.902761627, 4964963.38528218, 4954063.95249767)
4204	2020-10-07	18333.13222309379	c(181466.889348827, 180297.960607442, 5023661.23958666, 5000461.71880825)
4239	2020-10-07	0	c(180297.960607442, 193974.234114982, 5000461.71880825, 4988162.25026696)
4240	2020-10-07	0	c(196207.681657545, 181466.889348827, 5034561.3670731, 5023661.23958666)
4205	2020-10-07	0	c(184999.090197503, 183817.469603872, 5093262.35266486, 5070061.55652234)
4240	2020-10-07	0	c(183817.469603872, 197330.489119959, 5070061.55652234, 5057761.6189423)
4206	2020-10-07	0	c(188569.087110609, 187374.914583754, 5162867.29122762, 5139665.22009273)
4207	2020-10-07	0	c(192176.457231349, 190969.874238453, 5232476.05293814, 5209272.70779345)
4208	2020-10-07	0	c(195820.773089294, 194601.922630251, 5302088.63362669, 5278884.01606577)
4209	2020-10-07	0	c(199501.6026472, 198270.629238929, 5371705.02729084, 5348499.13951808)
4210	2020-10-07	0	c(203218.50934853, 201975.559009058, 5441325.22609652, 5418118.07092669)
4237	2020-10-07	0	c(187372.282003082, 186286.457130191, 4848975.99137414, 4825779.89785506)
4238	2020-10-07	0	c(190654.700941231, 189556.418244538, 4918567.04184535, 4895369.56319813)
4239	2020-10-07	0	c(193974.234114982, 192863.623381984, 4988162.25026696, 4964963.38528218)
4240	2020-10-07	0	c(197330.489119959, 196207.681657545, 5057761.6189423, 5034561.3670731)
5707	2020-10-07	18214.137193736282	c(831334.993115906, 830096.546916202, 5070850.43132069, 5094051.0579179)
5707	2020-10-07	18274.820876219503	c(846054.661797812, 831334.993115906, 5060016.35389763, 5070850.43132069)
5707	2020-10-07	18214.137193736282	c(830096.546916202, 843472.148279218, 5094051.0579179, 5106417.27507345)
5736	2020-10-07	0	c(843472.148279218, 842174.01885915, 5106417.27507345, 5129618.24935651)
5736	2020-10-07	0	c(842174.01885915, 855439.849598103, 5129618.24935651, 5142016.23187729)
5707	2020-10-07	23235.470490243755	c(859486.430059474, 846054.661797812, 5072414.47302264, 5060016.35389763)
5765	2020-10-07	23241.292271976337	c(874258.62397385, 859486.430059474, 5061644.54286264, 5072414.47302264)
5736	2020-10-07	0	c(855439.849598103, 870060.324803528, 5142016.23187729, 5131245.23669869)
5793	2020-10-07	18159.642958216908	c(870060.324803528, 883272.53821247, 5131245.23669869, 5143706.91368603)
5822	2020-10-07	0	c(883272.53821247, 881807.32833063, 5143706.91368603, 5166907.4559093)
5765	2020-10-07	23241.292271976337	c(887637.485845674, 874258.62397385, 5074106.54822189, 5061644.54286264)
5821	2020-10-07	23247.57040267834	c(902462.239969876, 887637.485845674, 5063400.84429545, 5074106.54822189)
5847	2020-10-07	0	c(903956.98439082, 902462.239969876, 5040201.37730279, 5063400.84429545)
5822	2020-10-07	0	c(881807.32833063, 894908.611520249, 5166907.4559093, 5179400.61984627)
5847	2020-10-07	0	c(918882.943715455, 903956.98439082, 5029528.12531369, 5040201.37730279)
5822	2020-10-07	0	c(894908.611520249, 909532.300356149, 5179400.61984627, 5168725.47387398)
5874	2020-10-07	0	c(909532.300356149, 922579.478956298, 5168725.47387398, 5181282.27557204)
5847	2020-10-07	0	c(932265.587023539, 918882.943715455, 5042086.20609643, 5029528.12531369)
5895	2020-10-07	0	c(947243.97872962, 932265.587023539, 5031477.25383784, 5042086.20609643)
5895	2020-10-07	0	c(960573.895898359, 947243.97872962, 5044099.45778691, 5031477.25383784)
5938	2020-10-07	0	c(975604.769503815, 960573.895898359, 5033554.89483882, 5044099.45778691)
5874	2020-10-07	18110.676505698437	c(937256.341446192, 938935.600172526, 5170671.60589728, 5147472.52199796)
5896	2020-10-07	18177.541963935295	c(938935.600172526, 953715.005348702, 5147472.52199796, 5136894.71855157)
5939	2020-10-07	0	c(953715.005348702, 966765.84296564, 5136894.71855157, 5149547.72883952)
5939	2020-10-07	0	c(966765.84296564, 981598.281966391, 5149547.72883952, 5139034.52253634)
5939	2020-10-07	0	c(981598.281966391, 983428.825728612, 5139034.52253634, 5115836.45142798)
5960	2020-10-07	0	c(983428.825728612, 998363.046389076, 5115836.45142798, 5105355.98119037)
5960	2020-10-07	0	c(998363.046389076, 1000237.10170703, 5105355.98119037, 5082157.94239155)
5983	2020-10-07	0	c(1000237.10170703, 1015272.50777158, 5082157.94239155, 5071710.04819669)
1428	2020-10-08	0	c(-1013775.05847454, -1007232.36566046, 5620339.07539682, 5643293.78542241)
1428	2020-10-08	0	c(-1003883.94648984, -1013775.05847454, 5605137.93054106, 5620339.07539682)
1455	2020-10-08	0	c(-1010339.0532074, -1003883.94648984, 5582162.79753793, 5605137.93054106)
1455	2020-10-08	0	c(-1000310.2886526, -1010339.0532074, 5566978.66401566, 5582162.79753793)
1482	2020-10-08	0	c(-1006678.02594854, -1000310.2886526, 5543983.71602907, 5566978.66401566)
1482	2020-10-08	0	c(-996512.316647073, -1006678.02594854, 5528817.50218745, 5543983.71602907)
1482	2020-10-08	0	c(-980049.893140128, -996512.316647073, 5536693.06013482, 5528817.50218745)
1538	2020-10-08	0	c(-969818.793651695, -980049.893140128, 5521591.98083405, 5536693.06013482)
1566	2020-10-08	0	c(-975979.407159663, -969818.793651695, 5498569.09801602, 5521591.98083405)
1566	2020-10-08	18292.388097831736	c(-965612.742628434, -975979.407159663, 5483487.28545447, 5498569.09801602)
1566	2020-10-08	0	c(-949156.121735916, -965612.742628434, 5491474.21797714, 5483487.28545447)
1622	2020-10-08	0	c(-938725.082077758, -949156.121735916, 5476457.90376822, 5491474.21797714)
1622	2020-10-08	0	c(-922323.379714333, -938725.082077758, 5484518.2508268, 5476457.90376822)
1678	2020-10-08	0	c(-911828.314804335, -922323.379714333, 5469567.34533932, 5484518.2508268)
1706	2020-10-08	0	c(-917664.928167379, -911828.314804335, 5446511.30616298, 5469567.34533932)
1706	2020-10-08	0	c(-907036.347213397, -917664.928167379, 5431581.37055744, 5446511.30616298)
1706	2020-10-08	0	c(-890641.102162677, -907036.347213397, 5439751.88990482, 5431581.37055744)
1763	2020-10-08	0	c(-879949.484482839, -890641.102162677, 5424887.6796246, 5439751.88990482)
1791	2020-10-08	0	c(-885583.510490984, -879949.484482839, 5401809.06844178, 5424887.6796246)
1791	2020-10-08	0	c(-874759.78779751, -885583.510490984, 5386967.02834714, 5401809.06844178)
1819	2020-10-08	0	c(-880309.790136891, -874759.78779751, 5363873.63375835, 5386967.02834714)
1819	2020-10-08	0	c(-869354.739342978, -880309.790136891, 5349054.54224733, 5363873.63375835)
1847	2020-10-08	0	c(-874821.034227742, -869354.739342978, 5325946.91190594, 5349054.54224733)
1847	2020-10-08	0	c(-863735.443893541, -874821.034227742, 5311151.53115115, 5325946.91190594)
1847	2020-10-08	0	c(-847252.796329435, -863735.443893541, 5319506.49151337, 5311151.53115115)
1904	2020-10-08	0	c(-836106.438523262, -847252.796329435, 5304777.82426604, 5319506.49151337)
1932	2020-10-08	0	c(-841373.871205128, -836106.438523262, 5281651.98943943, 5304777.82426604)
1932	2020-10-08	0	c(-830098.4252941, -841373.871205128, 5266948.10715367, 5281651.98943943)
1932	2020-10-08	0	c(-813624.283899029, -830098.4252941, 5275411.90976193, 5266948.10715367)
1989	2020-10-08	0	c(-802289.019375603, -813624.283899029, 5260774.93359084, 5275411.90976193)
2017	2020-10-08	0	c(-807359.552438653, -802289.019375603, 5237632.79028228, 5260774.93359084)
2017	2020-10-08	0	c(-795896.65937224, -807359.552438653, 5223021.6135373, 5237632.79028228)
2017	2020-10-08	0	c(-779431.443338356, -795896.65937224, 5231593.59526652, 5223021.6135373)
2074	2020-10-08	0	c(-767909.661319382, -779431.443338356, 5217049.48357739, 5231593.59526652)
2074	2020-10-08	0	c(-751499.307098036, -767909.661319382, 5225691.67929431, 5217049.48357739)
2131	2020-10-08	0	c(-739918.91160492, -751499.307098036, 5211214.49105452, 5225691.67929431)
2131	2020-10-08	0	c(-723563.331654148, -739918.91160492, 5219926.60751532, 5211214.49105452)
2188	2020-10-08	0	c(-711924.590767723, -723563.331654148, 5205516.20296627, 5219926.60751532)
2188	2020-10-08	0	c(-695623.698032554, -711924.590767723, 5214297.95450591, 5205516.20296627)
2245	2020-10-08	0	c(-683926.872521274, -695623.698032554, 5199954.19582449, 5214297.95450591)
2273	2020-10-08	0	c(-688464.225232573, -683926.872521274, 5176789.35602243, 5199954.19582449)
2273	2020-10-08	0	c(-676643.117272211, -688464.225232573, 5162473.1297945, 5176789.35602243)
2273	2020-10-08	0	c(-660351.208421905, -676643.117272211, 5171360.75428297, 5162473.1297945)
2329	2020-10-08	0	c(-648472.881783431, -660351.208421905, 5157111.28078713, 5171360.75428297)
2329	2020-10-08	0	c(-632235.45399557, -648472.881783431, 5166067.74185601, 5157111.28078713)
2385	2020-10-08	0	c(-620300.14781671, -632235.45399557, 5151884.87933304, 5166067.74185601)
2385	2020-10-08	0	c(-604117.10833067, -620300.14781671, 5160909.91879233, 5151884.87933304)
2441	2020-10-08	18529.49282221493	c(-592125.054653146, -604117.10833067, 5146793.52783141, 5160909.91879233)
2469	2020-10-08	0	c(-596250.655019621, -592125.054653146, 5123614.22570354, 5146793.52783141)
2469	2020-10-08	0	c(-584136.970675788, -596250.655019621, 5109526.61810879, 5123614.22570354)
2496	2020-10-08	0	c(-588186.47147359, -584136.970675788, 5086340.28246298, 5109526.61810879)
2496	2020-10-08	0	c(-575952.000212645, -588186.47147359, 5072281.98816958, 5086340.28246298)
2496	2020-10-08	0	c(-559732.975115559, -575952.000212645, 5081447.27649524, 5072281.98816958)
2553	2020-10-08	0	c(-547443.160708973, -559732.975115559, 5067455.70715238, 5081447.27649524)
2581	2020-10-08	0	c(-551307.870571646, -547443.160708973, 5044261.96993452, 5067455.70715238)
2581	2020-10-08	0	c(-538898.708319329, -551307.870571646, 5030300.39821535, 5044261.96993452)
2581	2020-10-08	0	c(-522689.133309458, -538898.708319329, 5039569.15986789, 5030300.39821535)
2639	2020-10-08	0	c(-510225.411115104, -522689.133309458, 5025674.32811074, 5039569.15986789)
2639	2020-10-08	0	c(-494069.718092859, -510225.411115104, 5035010.22493654, 5025674.32811074)
2698	2020-10-08	0	c(-481551.623989141, -494069.718092859, 5021181.97970907, 5035010.22493654)
2727	2020-10-08	0	c(-485125.768714149, -481551.623989141, 4997981.89105246, 5021181.97970907)
2727	2020-10-08	0	c(-472490.332770924, -485125.768714149, 4984184.4137996, 4997981.89105246)
2727	2020-10-08	0	c(-456343.987214813, -472490.332770924, 4993622.70609874, 4984184.4137996)
2788	2020-10-08	0	c(-443654.923292121, -456343.987214813, 4979891.80005638, 4993622.70609874)
2788	2020-10-08	0	c(-427562.13437687, -443654.923292121, 4989396.57619723, 4979891.80005638)
2851	2020-10-08	0	c(-414819.60881945, -427562.13437687, 4975732.08761511, 4989396.57619723)
2851	2020-10-08	0	c(-398780.262710406, -414819.60881945, 4985303.15594017, 4975732.08761511)
2914	2020-10-08	18677.954183704303	c(-385984.435184616, -398780.262710406, 4971704.93446672, 4985303.15594017)
2946	2020-10-08	0	c(-389165.964167342, -385984.435184616, 4948500.81770552, 4971704.93446672)
2946	2020-10-08	0	c(-376255.310951091, -389165.964167342, 4934934.1357823, 4948500.81770552)
2946	2020-10-08	0	c(-360224.881242563, -376255.310951091, 4944606.15786785, 4934934.1357823)
3010	2020-10-08	0	c(-347261.615002031, -360224.881242563, 4931105.69687316, 4944606.15786785)
3106	2020-10-08	0	c(-329806.677309676, -326938.358054106, 4834573.1050242, 4857784.87612712)
3010	2020-10-08	0	c(-331284.271690614, -347261.615002031, 4940843.42959102, 4931105.69687316)
3075	2020-10-08	18710.930970302477	c(-318268.530693453, -331284.271690614, 4927409.04011714, 4940843.42959102)
3107	2020-10-08	18766.725972983404	c(-321169.244644202, -318268.530693453, 4904202.84376806, 4927409.04011714)
3106	2020-10-08	0	c(-316505.683427789, -329806.677309676, 4821169.62416988, 4834573.1050242)
3138	2020-10-08	0	c(-319306.007630038, -316505.683427789, 4797955.7981149, 4821169.62416988)
3106	2020-10-08	0	c(-326938.358054106, -310872.936900835, 4857784.87612712, 4867591.98987092)
3107	2020-10-08	18766.725972983404	c(-308040.592778241, -321169.244644202, 4890800.52903408, 4904202.84376806)
3139	2020-10-08	18822.253765579044	c(-310872.936900835, -308040.592778241, 4867591.98987092, 4890800.52903408)
3138	2020-10-08	0	c(-305894.16480022, -319306.007630038, 4784585.27401064, 4797955.7981149)
3138	2020-10-08	0	c(-289742.006854071, -305894.16480022, 4794461.88031703, 4784585.27401064)
3201	2020-10-08	18932.500058066387	c(-276279.768676922, -289742.006854071, 4781157.66029808, 4794461.88031703)
3201	2020-10-08	23362.448942742227	c(-260179.945193469, -276279.768676922, 4791098.92615439, 4781157.66029808)
3263	2020-10-08	23349.504568798766	c(-246667.408959882, -260179.945193469, 4777860.84224749, 4791098.92615439)
3263	2020-10-08	23349.504568798766	c(-230619.781285295, -246667.408959882, 4787866.6367957, 4777860.84224749)
3325	2020-10-08	23337.066581332787	c(-217057.037917219, -230619.781285295, 4774694.52536483, 4787866.6367957)
3325	2020-10-08	23337.066581332787	c(-201061.470130606, -217057.037917219, 4784764.724931, 4774694.52536483)
3387	2020-10-08	23325.134598525965	c(-187448.604264285, -201061.470130606, 4771658.42673119, 4784764.724931)
3477	2020-10-08	31204.665271280508	c(-192344.526111587, -190255.588895727, 4397333.67740935, 4420553.48316153)
3387	2020-10-08	23325.134598525965	c(-171504.963249412, -187448.604264285, 4781792.91475786, 4771658.42673119)
3451	2020-10-08	23313.708251370434	c(-157842.053317674, -171504.963249412, 4768752.27498853, 4781792.91475786)
3482	2020-10-08	0	c(-160064.898083203, -157842.053317674, 4745544.77720057, 4768752.27498853)
3477	2020-10-08	19519.07981832639	c(-177771.282456102, -192344.526111587, 4384340.89187351, 4397333.67740935)
3510	2020-10-08	19519.07981832639	c(-179799.022100281, -177771.282456102, 4361121.83783081, 4384340.89187351)
3477	2020-10-08	19462.152857410314	c(-190255.588895727, -173688.91988374, 4420553.48316153, 4430776.7778702)
3511	2020-10-08	19462.152857410314	c(-173688.91988374, -171634.352499305, 4430776.7778702, 4453993.60812583)
3482	2020-10-08	0	c(-146294.474235232, -160064.898083203, 4732537.44003137, 4745544.77720057)
3510	2020-10-08	37413.9811229229	c(-165125.513001857, -179799.022100281, 4348164.33874596, 4361121.83783081)
3511	2020-10-08	19400.128858530385	c(-171634.352499305, -155158.223255312, 4453993.60812583, 4464244.93102606)
3482	2020-10-08	0	c(-130358.803945398, -146294.474235232, 4742769.79328834, 4732537.44003137)
3549	2020-10-08	0	c(-116538.874682176, -130358.803945398, 4729827.96139356, 4742769.79328834)
3582	2020-10-08	0	c(-118597.513958188, -116538.874682176, 4706621.75762478, 4729827.96139356)
3510	2020-10-08	23295.567655199753	c(-148479.564192826, -165125.513001857, 4358456.34296587, 4348164.33874596)
3511	2020-10-08	0	c(-155158.223255312, -140696.283124848, 4464244.93102606, 4451313.67867408)
3578	2020-10-08	0	c(-140696.283124848, -124270.422785912, 4451313.67867408, 4461627.43276623)
3612	2020-10-08	0	c(-124270.422785912, -122347.29868497, 4461627.43276623, 4484838.42914896)
3582	2020-10-08	0	c(-104671.384130481, -118597.513958188, 4693713.41170753, 4706621.75762478)
3615	2020-10-08	0	c(-106667.750367606, -104671.384130481, 4670507.21687372, 4693713.41170753)
3510	2020-10-08	0	c(-146546.562444213, -148479.564192826, 4381671.5745309, 4358456.34296587)
3544	2020-10-08	0	c(-129990.075937585, -146546.562444213, 4391991.25778133, 4381671.5745309)
3611	2020-10-08	0	c(-115326.777598032, -129990.075937585, 4379129.80928755, 4391991.25778133)
3612	2020-10-08	0	c(-122347.29868497, -106012.617360759, 4484838.42914896, 4495180.74538129)
3615	2020-10-08	0	c(-92636.2686853762, -106667.750367606, 4657632.52680769, 4670507.21687372)
3611	2020-10-08	0	c(-98820.0480293651, -115326.777598032, 4389511.43264211, 4379129.80928755)
3612	2020-10-08	0	c(-106012.617360759, -91559.9036607575, 4495180.74538129, 4482345.90912606)
3681	2020-10-08	0	c(-91559.9036607575, -75275.3658070619, 4482345.90912606, 4492750.77197882)
3615	2020-10-08	0	c(-76664.8289509007, -92636.2686853762, 4667995.69056337, 4657632.52680769)
3684	2020-10-08	0	c(-62584.8000066185, -76664.8289509007, 4655186.30020082, 4667995.69056337)
3611	2020-10-08	0	c(-97016.8595669304, -98820.0480293651, 4412720.64892948, 4389511.43264211)
3646	2020-10-08	0	c(-80600.2445110925, -97016.8595669304, 4423130.51107387, 4412720.64892948)
3646	2020-10-08	0	c(-78832.952706967, -80600.2445110925, 4446337.59952283, 4423130.51107387)
3681	2020-10-08	0	c(-62507.0551015554, -78832.952706967, 4456776.04385785, 4446337.59952283)
3681	2020-10-08	19324.78574507831	c(-75275.3658070619, -60776.2767930184, 4492750.77197882, 4479981.22989679)
3684	2020-10-08	0	c(-46664.236970076, -62584.8000066185, 4665612.87240594, 4655186.30020082)
3755	2020-10-08	19030.96779853679	c(-32535.6939909069, -46664.236970076, 4652868.62757601, 4665612.87240594)
3791	2020-10-08	0	c(-34272.2173864535, -32535.6939909069, 4629666.40435452, 4652868.62757601)
3681	2020-10-08	19377.72052532598	c(-60776.2767930184, -62507.0551015554, 4479981.22989679, 4456776.04385785)
3791	2020-10-08	0	c(-20040.049614789, -34272.2173864535, 4616955.86966364, 4629666.40435452)
3791	2020-10-08	0	c(-4126.5418165662, -20040.049614789, 4627478.82152687, 4616955.86966364)
3791	2020-10-08	0	c(-2488.83886173618, -4126.5418165662, 4650679.29222735, 4627478.82152687)
3828	2020-10-08	0	c(13330.3847707603, -2488.83886173618, 4661232.48559099, 4650679.29222735)
3901	2020-10-08	0	c(27555.8795442962, 13330.3847707603, 4648618.08942749, 4661232.48559099)
3901	2020-10-08	0	c(43324.6335921712, 27555.8795442962, 4659234.50926718, 4648618.08942749)
3975	2020-10-08	0	c(57598.5776361617, 43324.6335921712, 4646684.82641243, 4659234.50926718)
3975	2020-10-08	0	c(73316.9908172457, 57598.5776361617, 4657364.42573425, 4646684.82641243)
3975	2020-10-08	0	c(74716.8136494611, 73316.9908172457, 4680561.16984461, 4657364.42573425)
4013	2020-10-08	0	c(90340.067398386, 74716.8136494611, 4691271.50601308, 4680561.16984461)
4013	2020-10-08	0	c(91698.5973343059, 90340.067398386, 4714467.91561868, 4691271.50601308)
4050	2020-10-08	0	c(107226.056785565, 91698.5973343059, 4725209.21678517, 4714467.91561868)
4050	2020-10-08	0	c(108542.694945805, 107226.056785565, 4748405.45067158, 4725209.21678517)
4088	2020-10-08	18816.64093390428	c(123973.722558895, 108542.694945805, 4759177.9314701, 4748405.45067158)
4163	2020-10-08	0	c(138134.067041476, 123973.722558895, 4746786.37708132, 4759177.9314701)
4163	2020-10-08	0	c(153514.427134826, 138134.067041476, 4757622.31532596, 4746786.37708132)
4163	2020-10-08	0	c(154688.069455561, 153514.427134826, 4780817.74574276, 4757622.31532596)
4201	2020-10-08	0	c(169971.192210324, 154688.069455561, 4791685.15059905, 4780817.74574276)
4201	2020-10-08	0	c(171101.221589288, 169971.192210324, 4814880.84915514, 4791685.15059905)
4237	2020-10-08	0	c(186286.457130191, 171101.221589288, 4825779.89785506, 4814880.84915514)
4205	2020-10-08	0	c(184999.090197503, 183817.469603872, 5093262.35266486, 5070061.55652234)
4240	2020-10-08	0	c(183817.469603872, 197330.489119959, 5070061.55652234, 5057761.6189423)
4241	2020-10-08	0	c(199588.197642075, 184999.090197503, 5104163.50954818, 5093262.35266486)
4206	2020-10-08	0	c(188569.087110609, 187374.914583754, 5162867.29122762, 5139665.22009273)
4241	2020-10-08	0	c(187374.914583754, 200723.069021688, 5139665.22009273, 5127365.14818519)
4242	2020-10-08	0	c(203004.771404684, 188569.087110609, 5173769.81169373, 5162867.29122762)
4207	2020-10-08	0	c(192176.457231349, 190969.874238453, 5232476.05293814, 5209272.70779345)
4242	2020-10-08	0	c(190969.874238453, 204151.57239824, 5209272.70779345, 5196972.836318)
4243	2020-10-08	0	c(206456.998555835, 192176.457231349, 5243380.27050389, 5232476.05293814)
4208	2020-10-08	0	c(195820.773089294, 194601.922630251, 5302088.63362669, 5278884.01606577)
4243	2020-10-08	0	c(194601.922630251, 207615.593383561, 5278884.01606577, 5266584.67967066)
4244	2020-10-08	0	c(209944.470291138, 195820.773089294, 5312994.88098021, 5302088.63362669)
4209	2020-10-08	0	c(199501.6026472, 198270.629238929, 5371705.02729084, 5348499.13951808)
4244	2020-10-08	0	c(198270.629238929, 211114.721711493, 5348499.13951808, 5336200.6725806)
4245	2020-10-08	0	c(213466.773435822, 199501.6026472, 5382613.63613228, 5371705.02729084)
4210	2020-10-08	0	c(203218.50934853, 201975.559009058, 5441325.22609652, 5418118.07092669)
4245	2020-10-08	0	c(201975.559009058, 214648.54276047, 5418118.07092669, 5405820.80739376)
4237	2020-10-08	0	c(187372.282003082, 186286.457130191, 4848975.99137414, 4825779.89785506)
4271	2020-10-08	0	c(202458.978136619, 187372.282003082, 4859906.84738261, 4848975.99137414)
4238	2020-10-08	0	c(190654.700941231, 189556.418244538, 4918567.04184535, 4895369.56319813)
4271	2020-10-08	0	c(189556.418244538, 203500.00954502, 4895369.56319813, 4883103.45520801)
4272	2020-10-08	0	c(205593.918617474, 190654.700941231, 4929498.16283573, 4918567.04184535)
4239	2020-10-08	0	c(193974.234114982, 192863.623381984, 4988162.25026696, 4964963.38528218)
4272	2020-10-08	0	c(192863.623381984, 206646.768812093, 4964963.38528218, 4952696.26291926)
4273	2020-10-08	0	c(208764.191440219, 193974.234114982, 4999093.95613058, 4988162.25026696)
4240	2020-10-08	0	c(197330.489119959, 196207.681657545, 5057761.6189423, 5034561.3670731)
4273	2020-10-08	0	c(196207.681657545, 209828.736081524, 5034561.3670731, 5022293.54938103)
4241	2020-10-08	0	c(200723.069021688, 199588.197642075, 5127365.14818519, 5104163.50954818)
4242	2020-10-08	0	c(204151.57239824, 203004.771404684, 5196972.836318, 5173769.81169373)
4243	2020-10-08	0	c(207615.593383561, 206456.998555835, 5266584.67967066, 5243380.27050389)
4244	2020-10-08	0	c(211114.721711493, 209944.470291138, 5336200.6725806, 5312994.88098021)
4245	2020-10-08	0	c(214648.54276047, 213466.773435822, 5405820.80739376, 5382613.63613228)
4271	2020-10-08	0	c(203500.00954502, 202458.978136619, 4883103.45520801, 4859906.84738261)
4272	2020-10-08	0	c(206646.768812093, 205593.918617474, 4952696.26291926, 4929498.16283573)
4273	2020-10-08	0	c(209828.736081524, 208764.191440219, 5022293.54938103, 4999093.95613058)
5648	2020-10-08	28082.95572640363	c(803183.211538379, 802050.320441729, 5069414.30241452, 5092615.23659416)
5648	2020-10-08	18274.820876219503	c(817850.386774078, 803183.211538379, 5058516.15104725, 5069414.30241452)
5677	2020-10-08	18274.820876219503	c(819029.694117167, 817850.386774078, 5035315.99994568, 5058516.15104725)
5648	2020-10-08	18214.137193736282	c(802050.320441729, 815479.076128725, 5092615.23659416, 5104917.71984738)
5678	2020-10-08	18214.137193736282	c(815479.076128725, 814287.104028042, 5104917.71984738, 5128119.1374647)
5677	2020-10-08	35911.131253564374	c(833798.622419799, 819029.694117167, 5024450.32771843, 5035315.99994568)
5678	2020-10-08	18155.307620799984	c(814287.104028042, 827606.472969342, 5128119.1374647, 5140453.46054754)
5677	2020-10-08	23235.470490243755	c(847339.01185509, 833798.622419799, 5036816.40704784, 5024450.32771843)
5735	2020-10-08	23235.470490243755	c(862160.242647624, 847339.01185509, 5026014.80086795, 5036816.40704784)
5678	2020-10-08	0	c(827606.472969342, 842174.01885915, 5140453.46054754, 5129618.24935651)
5736	2020-10-08	0	c(842174.01885915, 855439.849598103, 5129618.24935651, 5142016.23187729)
5766	2020-10-08	0	c(855439.849598103, 854081.497486028, 5142016.23187729, 5165217.41823687)
5766	2020-10-08	18100.76906095504	c(854081.497486028, 867236.793607594, 5165217.41823687, 5177646.97910555)
5735	2020-10-08	23241.292271976337	c(875648.116998997, 862160.242647624, 5038444.82356252, 5026014.80086795)
5792	2020-10-08	23241.292271976337	c(890521.690397177, 875648.116998997, 5027707.35554066, 5038444.82356252)
5766	2020-10-08	0	c(867236.793607594, 881807.32833063, 5177646.97910555, 5166907.4559093)
5822	2020-10-08	0	c(881807.32833063, 894908.611520249, 5166907.4559093, 5179400.61984627)
5792	2020-10-08	23247.57040267834	c(903956.98439082, 890521.690397177, 5040201.37730279, 5027707.35554066)
5847	2020-10-08	18352.126167209808	c(918882.943715455, 903956.98439082, 5029528.12531369, 5040201.37730279)
5822	2020-10-08	0	c(894908.611520249, 909532.300356149, 5179400.61984627, 5168725.47387398)
5874	2020-10-08	0	c(909532.300356149, 922579.478956298, 5168725.47387398, 5181282.27557204)
5847	2020-10-08	0	c(932265.587023539, 918882.943715455, 5042086.20609643, 5029528.12531369)
5895	2020-10-08	0	c(947243.97872962, 932265.587023539, 5031477.25383784, 5042086.20609643)
5895	2020-10-08	0	c(960573.895898359, 947243.97872962, 5044099.45778691, 5031477.25383784)
5938	2020-10-08	0	c(975604.769503815, 960573.895898359, 5033554.89483882, 5044099.45778691)
5918	2020-10-08	18177.541963935295	c(964979.377424604, 966765.84296564, 5172745.99510893, 5149547.72883952)
5939	2020-10-08	18177.541963935295	c(966765.84296564, 981598.281966391, 5149547.72883952, 5139034.52253634)
5939	2020-10-08	18241.718918726252	c(981598.281966391, 983428.825728612, 5139034.52253634, 5115836.45142798)
5960	2020-10-08	18241.718918726252	c(983428.825728612, 998363.046389076, 5115836.45142798, 5105355.98119037)
5960	2020-10-08	18305.89313580923	c(998363.046389076, 1000237.10170703, 5105355.98119037, 5082157.94239155)
5983	2020-10-08	18305.89313580923	c(1000237.10170703, 1015272.50777158, 5082157.94239155, 5071710.04819669)
1428	2020-10-09	27156.733837070486	c(-1013775.05847454, -1007232.36566046, 5620339.07539682, 5643293.78542241)
1428	2020-10-09	18127.22542400694	c(-1003883.94648984, -1013775.05847454, 5605137.93054106, 5620339.07539682)
1455	2020-10-09	18127.22542400694	c(-1010339.0532074, -1003883.94648984, 5582162.79753793, 5605137.93054106)
1455	2020-10-09	18188.396282075715	c(-1000310.2886526, -1010339.0532074, 5566978.66401566, 5582162.79753793)
1482	2020-10-09	18188.396282075715	c(-1006678.02594854, -1000310.2886526, 5543983.71602907, 5566978.66401566)
1482	2020-10-09	18249.268497789544	c(-996512.316647073, -1006678.02594854, 5528817.50218745, 5543983.71602907)
1482	2020-10-09	0	c(-980049.893140128, -996512.316647073, 5536693.06013482, 5528817.50218745)
1538	2020-10-09	0	c(-969818.793651695, -980049.893140128, 5521591.98083405, 5536693.06013482)
1538	2020-10-09	0	c(-953411.228920908, -969818.793651695, 5529541.56564999, 5521591.98083405)
1594	2020-10-09	0	c(-943115.101674419, -953411.228920908, 5514505.54150437, 5529541.56564999)
1622	2020-10-09	0	c(-949156.121735916, -943115.101674419, 5491474.21797714, 5514505.54150437)
1622	2020-10-09	0	c(-938725.082077758, -949156.121735916, 5476457.90376822, 5491474.21797714)
1622	2020-10-09	0	c(-922323.379714333, -938725.082077758, 5484518.2508268, 5476457.90376822)
1678	2020-10-09	0	c(-911828.314804335, -922323.379714333, 5469567.34533932, 5484518.2508268)
1706	2020-10-09	0	c(-917664.928167379, -911828.314804335, 5446511.30616298, 5469567.34533932)
1706	2020-10-09	0	c(-907036.347213397, -917664.928167379, 5431581.37055744, 5446511.30616298)
1706	2020-10-09	0	c(-890641.102162677, -907036.347213397, 5439751.88990482, 5431581.37055744)
1763	2020-10-09	18318.33635129222	c(-879949.484482839, -890641.102162677, 5424887.6796246, 5439751.88990482)
1791	2020-10-09	0	c(-885583.510490984, -879949.484482839, 5401809.06844178, 5424887.6796246)
1791	2020-10-09	0	c(-874759.78779751, -885583.510490984, 5386967.02834714, 5401809.06844178)
1819	2020-10-09	0	c(-880309.790136891, -874759.78779751, 5363873.63375835, 5386967.02834714)
1819	2020-10-09	0	c(-869354.739342978, -880309.790136891, 5349054.54224733, 5363873.63375835)
1847	2020-10-09	0	c(-874821.034227742, -869354.739342978, 5325946.91190594, 5349054.54224733)
1847	2020-10-09	0	c(-863735.443893541, -874821.034227742, 5311151.53115115, 5325946.91190594)
1847	2020-10-09	0	c(-847252.796329435, -863735.443893541, 5319506.49151337, 5311151.53115115)
1904	2020-10-09	18479.25954622992	c(-836106.438523262, -847252.796329435, 5304777.82426604, 5319506.49151337)
1932	2020-10-09	0	c(-841373.871205128, -836106.438523262, 5281651.98943943, 5304777.82426604)
1932	2020-10-09	0	c(-830098.4252941, -841373.871205128, 5266948.10715367, 5281651.98943943)
1932	2020-10-09	0	c(-813624.283899029, -830098.4252941, 5275411.90976193, 5266948.10715367)
1989	2020-10-09	18521.157882173717	c(-802289.019375603, -813624.283899029, 5260774.93359084, 5275411.90976193)
2017	2020-10-09	0	c(-807359.552438653, -802289.019375603, 5237632.79028228, 5260774.93359084)
2017	2020-10-09	0	c(-795896.65937224, -807359.552438653, 5223021.6135373, 5237632.79028228)
2017	2020-10-09	0	c(-779431.443338356, -795896.65937224, 5231593.59526652, 5223021.6135373)
2074	2020-10-09	0	c(-767909.661319382, -779431.443338356, 5217049.48357739, 5231593.59526652)
2074	2020-10-09	0	c(-751499.307098036, -767909.661319382, 5225691.67929431, 5217049.48357739)
2131	2020-10-09	0	c(-739918.91160492, -751499.307098036, 5211214.49105452, 5225691.67929431)
2131	2020-10-09	0	c(-723563.331654148, -739918.91160492, 5219926.60751532, 5211214.49105452)
2188	2020-10-09	18531.216062436306	c(-711924.590767723, -723563.331654148, 5205516.20296627, 5219926.60751532)
2188	2020-10-09	23624.350310286354	c(-695623.698032554, -711924.590767723, 5214297.95450591, 5205516.20296627)
2245	2020-10-09	23605.028546520796	c(-683926.872521274, -695623.698032554, 5199954.19582449, 5214297.95450591)
2273	2020-10-09	0	c(-688464.225232573, -683926.872521274, 5176789.35602243, 5199954.19582449)
2273	2020-10-09	0	c(-676643.117272211, -688464.225232573, 5162473.1297945, 5176789.35602243)
2273	2020-10-09	0	c(-660351.208421905, -676643.117272211, 5171360.75428297, 5162473.1297945)
2329	2020-10-09	0	c(-648472.881783431, -660351.208421905, 5157111.28078713, 5171360.75428297)
2329	2020-10-09	0	c(-632235.45399557, -648472.881783431, 5166067.74185601, 5157111.28078713)
2385	2020-10-09	18543.79292497638	c(-620300.14781671, -632235.45399557, 5151884.87933304, 5166067.74185601)
2413	2020-10-09	0	c(-624536.51349831, -620300.14781671, 5128707.32743488, 5151884.87933304)
2413	2020-10-09	0	c(-612478.979099603, -624536.51349831, 5114553.03756121, 5128707.32743488)
2413	2020-10-09	0	c(-596250.655019621, -612478.979099603, 5123614.22570354, 5114553.03756121)
2469	2020-10-09	18586.652011473758	c(-584136.970675788, -596250.655019621, 5109526.61810879, 5123614.22570354)
2496	2020-10-09	0	c(-588186.47147359, -584136.970675788, 5086340.28246298, 5109526.61810879)
2496	2020-10-09	0	c(-575952.000212645, -588186.47147359, 5072281.98816958, 5086340.28246298)
2496	2020-10-09	0	c(-559732.975115559, -575952.000212645, 5081447.27649524, 5072281.98816958)
2553	2020-10-09	18629.527240171552	c(-547443.160708973, -559732.975115559, 5067455.70715238, 5081447.27649524)
2581	2020-10-09	0	c(-551307.870571646, -547443.160708973, 5044261.96993452, 5067455.70715238)
2581	2020-10-09	0	c(-538898.708319329, -551307.870571646, 5030300.39821535, 5044261.96993452)
2581	2020-10-09	0	c(-522689.133309458, -538898.708319329, 5039569.15986789, 5030300.39821535)
2639	2020-10-09	0	c(-510225.411115104, -522689.133309458, 5025674.32811074, 5039569.15986789)
2639	2020-10-09	0	c(-494069.718092859, -510225.411115104, 5035010.22493654, 5025674.32811074)
2698	2020-10-09	18659.19040502823	c(-481551.623989141, -494069.718092859, 5021181.97970907, 5035010.22493654)
2727	2020-10-09	0	c(-485125.768714149, -481551.623989141, 4997981.89105246, 5021181.97970907)
2727	2020-10-09	0	c(-472490.332770924, -485125.768714149, 4984184.4137996, 4997981.89105246)
2727	2020-10-09	0	c(-456343.987214813, -472490.332770924, 4993622.70609874, 4984184.4137996)
2788	2020-10-09	0	c(-443654.923292121, -456343.987214813, 4979891.80005638, 4993622.70609874)
2788	2020-10-09	0	c(-427562.13437687, -443654.923292121, 4989396.57619723, 4979891.80005638)
2851	2020-10-09	18690.067537555846	c(-414819.60881945, -427562.13437687, 4975732.08761511, 4989396.57619723)
2882	2020-10-09	0	c(-418107.492403713, -414819.60881945, 4952527.73329762, 4975732.08761511)
2882	2020-10-09	0	c(-405249.597000409, -418107.492403713, 4938894.67736708, 4952527.73329762)
2882	2020-10-09	0	c(-389165.964167342, -405249.597000409, 4948500.81770552, 4938894.67736708)
2946	2020-10-09	0	c(-376255.310951091, -389165.964167342, 4934934.1357823, 4948500.81770552)
2946	2020-10-09	0	c(-360224.881242563, -376255.310951091, 4944606.15786785, 4934934.1357823)
3010	2020-10-09	18722.251143050944	c(-347261.615002031, -360224.881242563, 4931105.69687316, 4944606.15786785)
3042	2020-10-09	0	c(-350267.497826334, -347261.615002031, 4907898.90519101, 4931105.69687316)
3042	2020-10-09	0	c(-337190.79600509, -350267.497826334, 4894430.43895985, 4907898.90519101)
3074	2020-10-09	0	c(-340127.637054924, -337190.79600509, 4871221.0100022, 4894430.43895985)
3074	2020-10-09	0	c(-326938.358054106, -340127.637054924, 4857784.87612712, 4871221.0100022)
3106	2020-10-09	0	c(-329806.677309676, -326938.358054106, 4834573.1050242, 4857784.87612712)
3106	2020-10-09	0	c(-316505.683427789, -329806.677309676, 4821169.62416988, 4834573.1050242)
3138	2020-10-09	18883.054235426873	c(-319306.007630038, -316505.683427789, 4797955.7981149, 4821169.62416988)
3138	2020-10-09	18943.646507575595	c(-305894.16480022, -319306.007630038, 4784585.27401064, 4797955.7981149)
3169	2020-10-09	0	c(-308627.02731071, -305894.16480022, 4761369.67219064, 4784585.27401064)
3169	2020-10-09	0	c(-295105.204840868, -308627.02731071, 4748032.39162943, 4761369.67219064)
3169	2020-10-09	0	c(-278910.173604468, -295105.204840868, 4757943.76380224, 4748032.39162943)
3231	2020-10-09	0	c(-265338.466810937, -278910.173604468, 4744672.80934598, 4757943.76380224)
3231	2020-10-09	0	c(-249195.592427007, -265338.466810937, 4754648.61159284, 4744672.80934598)
3293	2020-10-09	0	c(-235574.089658678, -249195.592427007, 4741443.81003287, 4754648.61159284)
3293	2020-10-09	0	c(-219483.226935013, -235574.089658678, 4751483.91823206, 4741443.81003287)
3355	2020-10-09	0	c(-205812.010174367, -219483.226935013, 4738345.10082909, 4751483.91823206)
3355	2020-10-09	0	c(-189773.016744229, -205812.010174367, 4748449.3980858, 4738345.10082909)
3418	2020-10-09	0	c(-176052.161690635, -189773.016744229, 4735376.40062202, 4748449.3980858)
3418	2020-10-09	0	c(-160064.898083203, -176052.161690635, 4745544.77720057, 4735376.40062202)
3482	2020-10-09	18946.991315157888	c(-146294.474235232, -160064.898083203, 4732537.44003137, 4745544.77720057)
3544	2020-10-09	19457.27282685442	c(-161164.83012867, -159171.345118681, 4394598.58255177, 4417814.7017716)
3544	2020-10-09	19509.308235644836	c(-146546.562444213, -161164.83012867, 4381671.5745309, 4394598.58255177)
3544	2020-10-09	0	c(-159171.345118681, -142654.895555636, 4417814.7017716, 4428100.2430646)
3578	2020-10-09	0	c(-142654.895555636, -140696.283124848, 4428100.2430646, 4451313.67867408)
3482	2020-10-09	29892.802811524885	c(-130358.803945398, -146294.474235232, 4742769.79328834, 4732537.44003137)
3549	2020-10-09	46287.63546728857	c(-116538.874682176, -130358.803945398, 4729827.96139356, 4742769.79328834)
3582	2020-10-09	38042.61441786324	c(-118597.513958188, -116538.874682176, 4706621.75762478, 4729827.96139356)
3578	2020-10-09	0	c(-140696.283124848, -124270.422785912, 4451313.67867408, 4461627.43276623)
3612	2020-10-09	0	c(-124270.422785912, -122347.29868497, 4461627.43276623, 4484838.42914896)
3582	2020-10-09	36829.99104640578	c(-104671.384130481, -118597.513958188, 4693713.41170753, 4706621.75762478)
3615	2020-10-09	19047.37812710399	c(-106667.750367606, -104671.384130481, 4670507.21687372, 4693713.41170753)
3544	2020-10-09	0	c(-129990.075937585, -146546.562444213, 4391991.25778133, 4381671.5745309)
3611	2020-10-09	0	c(-115326.777598032, -129990.075937585, 4379129.80928755, 4391991.25778133)
3612	2020-10-09	0	c(-122347.29868497, -106012.617360759, 4484838.42914896, 4495180.74538129)
3615	2020-10-09	19047.37812710399	c(-92636.2686853762, -106667.750367606, 4657632.52680769, 4670507.21687372)
3611	2020-10-09	0	c(-98820.0480293651, -115326.777598032, 4389511.43264211, 4379129.80928755)
3612	2020-10-09	0	c(-106012.617360759, -91559.9036607575, 4495180.74538129, 4482345.90912606)
3615	2020-10-09	30164.051746368765	c(-76664.8289509007, -92636.2686853762, 4667995.69056337, 4657632.52680769)
3684	2020-10-09	46679.663493844055	c(-62584.8000066185, -76664.8289509007, 4655186.30020082, 4667995.69056337)
3719	2020-10-09	38066.98407033783	c(-64420.3069912163, -62584.8000066185, 4631982.23378089, 4655186.30020082)
3611	2020-10-09	0	c(-97016.8595669304, -98820.0480293651, 4412720.64892948, 4389511.43264211)
3646	2020-10-09	0	c(-80600.2445110925, -97016.8595669304, 4423130.51107387, 4412720.64892948)
3612	2020-10-09	0	c(-91559.9036607575, -93386.7629630856, 4482345.90912606, 4459137.88757354)
3646	2020-10-09	0	c(-93386.7629630856, -78832.952706967, 4459137.88757354, 4446337.59952283)
3719	2020-10-09	30279.9353013734	c(-50236.2194257255, -64420.3069912163, 4619206.60523328, 4631982.23378089)
3646	2020-10-09	0	c(-78832.952706967, -80600.2445110925, 4446337.59952283, 4423130.51107387)
3719	2020-10-09	19081.72664118353	c(-34272.2173864535, -50236.2194257255, 4629666.40435452, 4619206.60523328)
3791	2020-10-09	0	c(-20040.049614789, -34272.2173864535, 4616955.86966364, 4629666.40435452)
3791	2020-10-09	0	c(-4126.5418165662, -20040.049614789, 4627478.82152687, 4616955.86966364)
3791	2020-10-09	0	c(-2488.83886173618, -4126.5418165662, 4650679.29222735, 4627478.82152687)
3828	2020-10-09	19012.82967161338	c(13330.3847707603, -2488.83886173618, 4661232.48559099, 4650679.29222735)
3901	2020-10-09	0	c(27555.8795442962, 13330.3847707603, 4648618.08942749, 4661232.48559099)
3901	2020-10-09	0	c(43324.6335921712, 27555.8795442962, 4659234.50926718, 4648618.08942749)
3975	2020-10-09	0	c(57598.5776361617, 43324.6335921712, 4646684.82641243, 4659234.50926718)
3975	2020-10-09	0	c(73316.9908172457, 57598.5776361617, 4657364.42573425, 4646684.82641243)
3975	2020-10-09	0	c(74716.8136494611, 73316.9908172457, 4680561.16984461, 4657364.42573425)
4013	2020-10-09	0	c(90340.067398386, 74716.8136494611, 4691271.50601308, 4680561.16984461)
4013	2020-10-09	0	c(91698.5973343059, 90340.067398386, 4714467.91561868, 4691271.50601308)
4050	2020-10-09	0	c(107226.056785565, 91698.5973343059, 4725209.21678517, 4714467.91561868)
4125	2020-10-09	0	c(121440.455933806, 107226.056785565, 4712786.41796345, 4725209.21678517)
4125	2020-10-09	0	c(136917.405903287, 121440.455933806, 4723591.08053383, 4712786.41796345)
4125	2020-10-09	0	c(138134.067041476, 136917.405903287, 4746786.37708132, 4723591.08053383)
4163	2020-10-09	0	c(153514.427134826, 138134.067041476, 4757622.31532596, 4746786.37708132)
4163	2020-10-09	0	c(154688.069455561, 153514.427134826, 4780817.74574276, 4757622.31532596)
4201	2020-10-09	0	c(169971.192210324, 154688.069455561, 4791685.15059905, 4780817.74574276)
4201	2020-10-09	0	c(171101.221589288, 169971.192210324, 4814880.84915514, 4791685.15059905)
4237	2020-10-09	0	c(186286.457130191, 171101.221589288, 4825779.89785506, 4814880.84915514)
4205	2020-10-09	18212.009153964304	c(184999.090197503, 183817.469603872, 5093262.35266486, 5070061.55652234)
4240	2020-10-09	0	c(183817.469603872, 197330.489119959, 5070061.55652234, 5057761.6189423)
4241	2020-10-09	0	c(199588.197642075, 184999.090197503, 5104163.50954818, 5093262.35266486)
4206	2020-10-09	18090.161236212138	c(188569.087110609, 187374.914583754, 5162867.29122762, 5139665.22009273)
4241	2020-10-09	0	c(187374.914583754, 200723.069021688, 5139665.22009273, 5127365.14818519)
4242	2020-10-09	0	c(203004.771404684, 188569.087110609, 5173769.81169373, 5162867.29122762)
4207	2020-10-09	17967.632599806988	c(192176.457231349, 190969.874238453, 5232476.05293814, 5209272.70779345)
4242	2020-10-09	0	c(190969.874238453, 204151.57239824, 5209272.70779345, 5196972.836318)
4243	2020-10-09	0	c(206456.998555835, 192176.457231349, 5243380.27050389, 5232476.05293814)
4208	2020-10-09	17844.468442227604	c(195820.773089294, 194601.922630251, 5302088.63362669, 5278884.01606577)
4243	2020-10-09	0	c(194601.922630251, 207615.593383561, 5278884.01606577, 5266584.67967066)
4244	2020-10-09	0	c(209944.470291138, 195820.773089294, 5312994.88098021, 5302088.63362669)
4209	2020-10-09	17720.715053606706	c(199501.6026472, 198270.629238929, 5371705.02729084, 5348499.13951808)
4244	2020-10-09	0	c(198270.629238929, 211114.721711493, 5348499.13951808, 5336200.6725806)
4245	2020-10-09	0	c(213466.773435822, 199501.6026472, 5382613.63613228, 5371705.02729084)
4210	2020-10-09	17658.62983251965	c(203218.50934853, 201975.559009058, 5441325.22609652, 5418118.07092669)
4245	2020-10-09	0	c(201975.559009058, 214648.54276047, 5418118.07092669, 5405820.80739376)
4237	2020-10-09	0	c(187372.282003082, 186286.457130191, 4848975.99137414, 4825779.89785506)
4271	2020-10-09	0	c(202458.978136619, 187372.282003082, 4859906.84738261, 4848975.99137414)
4238	2020-10-09	0	c(190654.700941231, 189556.418244538, 4918567.04184535, 4895369.56319813)
4271	2020-10-09	0	c(189556.418244538, 203500.00954502, 4895369.56319813, 4883103.45520801)
4272	2020-10-09	0	c(205593.918617474, 190654.700941231, 4929498.16283573, 4918567.04184535)
4239	2020-10-09	18391.439061995563	c(193974.234114982, 192863.623381984, 4988162.25026696, 4964963.38528218)
4272	2020-10-09	0	c(192863.623381984, 206646.768812093, 4964963.38528218, 4952696.26291926)
4273	2020-10-09	0	c(208764.191440219, 193974.234114982, 4999093.95613058, 4988162.25026696)
4240	2020-10-09	0	c(197330.489119959, 196207.681657545, 5057761.6189423, 5034561.3670731)
4273	2020-10-09	0	c(196207.681657545, 209828.736081524, 5034561.3670731, 5022293.54938103)
4241	2020-10-09	0	c(200723.069021688, 199588.197642075, 5127365.14818519, 5104163.50954818)
4242	2020-10-09	0	c(204151.57239824, 203004.771404684, 5196972.836318, 5173769.81169373)
4243	2020-10-09	0	c(207615.593383561, 206456.998555835, 5266584.67967066, 5243380.27050389)
4244	2020-10-09	0	c(211114.721711493, 209944.470291138, 5336200.6725806, 5312994.88098021)
4245	2020-10-09	0	c(214648.54276047, 213466.773435822, 5405820.80739376, 5382613.63613228)
4271	2020-10-09	0	c(203500.00954502, 202458.978136619, 4883103.45520801, 4859906.84738261)
4272	2020-10-09	0	c(206646.768812093, 205593.918617474, 4952696.26291926, 4929498.16283573)
4273	2020-10-09	0	c(209828.736081524, 208764.191440219, 5022293.54938103, 4999093.95613058)
5707	2020-10-09	28089.345293439037	c(831334.993115906, 830096.546916202, 5070850.43132069, 5094051.0579179)
5707	2020-10-09	18279.10710272477	c(846054.661797812, 831334.993115906, 5060016.35389763, 5070850.43132069)
5707	2020-10-09	18218.361319656957	c(830096.546916202, 843472.148279218, 5094051.0579179, 5106417.27507345)
5736	2020-10-09	18218.361319656957	c(843472.148279218, 842174.01885915, 5106417.27507345, 5129618.24935651)
5736	2020-10-09	18159.642958216908	c(842174.01885915, 855439.849598103, 5129618.24935651, 5142016.23187729)
5707	2020-10-09	0	c(859486.430059474, 846054.661797812, 5072414.47302264, 5060016.35389763)
5765	2020-10-09	0	c(874258.62397385, 859486.430059474, 5061644.54286264, 5072414.47302264)
5736	2020-10-09	0	c(855439.849598103, 870060.324803528, 5142016.23187729, 5131245.23669869)
5793	2020-10-09	0	c(870060.324803528, 883272.53821247, 5131245.23669869, 5143706.91368603)
5822	2020-10-09	0	c(883272.53821247, 881807.32833063, 5143706.91368603, 5166907.4559093)
5765	2020-10-09	0	c(887637.485845674, 874258.62397385, 5074106.54822189, 5061644.54286264)
5821	2020-10-09	0	c(902462.239969876, 887637.485845674, 5063400.84429545, 5074106.54822189)
5822	2020-10-09	23246.76320375944	c(881807.32833063, 894908.611520249, 5166907.4559093, 5179400.61984627)
5821	2020-10-09	0	c(915788.122172648, 902462.239969876, 5075926.78745904, 5063400.84429545)
5873	2020-10-09	0	c(930665.474604086, 915788.122172648, 5065285.39444699, 5075926.78745904)
5895	2020-10-09	0	c(932265.587023539, 930665.474604086, 5042086.20609643, 5065285.39444699)
5822	2020-10-09	23253.05151183406	c(894908.611520249, 909532.300356149, 5179400.61984627, 5168725.47387398)
5895	2020-10-09	23254.304975198156	c(947243.97872962, 932265.587023539, 5031477.25383784, 5042086.20609643)
5822	2020-10-09	0	c(909532.300356149, 911104.476485777, 5168725.47387398, 5145525.63191698)
5848	2020-10-09	0	c(911104.476485777, 925830.87835036, 5145525.63191698, 5134883.33503981)
5896	2020-10-09	0	c(925830.87835036, 938935.600172526, 5134883.33503981, 5147472.52199796)
5895	2020-10-09	23261.49608816957	c(960573.895898359, 947243.97872962, 5044099.45778691, 5031477.25383784)
5938	2020-10-09	23261.49608816957	c(975604.769503815, 960573.895898359, 5033554.89483882, 5044099.45778691)
5896	2020-10-09	0	c(938935.600172526, 953715.005348702, 5147472.52199796, 5136894.71855157)
5896	2020-10-09	0	c(953715.005348702, 955438.822630544, 5136894.71855157, 5113695.96976157)
5917	2020-10-09	0	c(955438.822630544, 970320.164654931, 5113695.96976157, 5103150.89610056)
5917	2020-10-09	0	c(970320.164654931, 972087.973494001, 5103150.89610056, 5079952.32940537)
5938	2020-10-09	0	c(972087.973494001, 987070.648954915, 5079952.32940537, 5069439.83540088)
5938	2020-10-09	18302.81656362084	c(987070.648954915, 988881.879881126, 5069439.83540088, 5046241.29023426)
1483	2020-10-10	18118.654728359474	c(-987521.274863856, -981100.19278311, 5612939.16626581, 5635904.75751572)
1483	2020-10-10	0	c(-977563.472413218, -987521.274863856, 5597802.19762874, 5612939.16626581)
1511	2020-10-10	0	c(-983897.499984621, -977563.472413218, 5574816.91174421, 5597802.19762874)
1511	2020-10-10	0	c(-973802.692473719, -983897.499984621, 5559697.44206214, 5574816.91174421)
1538	2020-10-10	0	c(-980049.893140128, -973802.692473719, 5536693.06013482, 5559697.44206214)
1538	2020-10-10	0	c(-969818.793651695, -980049.893140128, 5521591.98083405, 5536693.06013482)
1538	2020-10-10	0	c(-953411.228920908, -969818.793651695, 5529541.56564999, 5521591.98083405)
1594	2020-10-10	0	c(-943115.101674419, -953411.228920908, 5514505.54150437, 5529541.56564999)
1622	2020-10-10	0	c(-949156.121735916, -943115.101674419, 5491474.21797714, 5514505.54150437)
1622	2020-10-10	18275.257457095366	c(-938725.082077758, -949156.121735916, 5476457.90376822, 5491474.21797714)
1622	2020-10-10	0	c(-922323.379714333, -938725.082077758, 5484518.2508268, 5476457.90376822)
1678	2020-10-10	0	c(-911828.314804335, -922323.379714333, 5469567.34533932, 5484518.2508268)
1706	2020-10-10	0	c(-917664.928167379, -911828.314804335, 5446511.30616298, 5469567.34533932)
1706	2020-10-10	0	c(-907036.347213397, -917664.928167379, 5431581.37055744, 5446511.30616298)
1734	2020-10-10	0	c(-912788.047813945, -907036.347213397, 5408509.3471724, 5431581.37055744)
1734	2020-10-10	0	c(-902026.712287155, -912788.047813945, 5393601.19277716, 5408509.3471724)
1734	2020-10-10	0	c(-885583.510490984, -902026.712287155, 5401809.06844178, 5393601.19277716)
1791	2020-10-10	0	c(-874759.78779751, -885583.510490984, 5386967.02834714, 5401809.06844178)
1819	2020-10-10	0	c(-880309.790136891, -874759.78779751, 5363873.63375835, 5386967.02834714)
1819	2020-10-10	0	c(-869354.739342978, -880309.790136891, 5349054.54224733, 5363873.63375835)
1847	2020-10-10	0	c(-874821.034227742, -869354.739342978, 5325946.91190594, 5349054.54224733)
1847	2020-10-10	0	c(-863735.443893541, -874821.034227742, 5311151.53115115, 5325946.91190594)
1875	2020-10-10	0	c(-869118.358682164, -863735.443893541, 5288030.20760699, 5311151.53115115)
1875	2020-10-10	0	c(-857903.02870333, -869118.358682164, 5273259.28335501, 5288030.20760699)
1875	2020-10-10	0	c(-841373.871205128, -857903.02870333, 5281651.98943943, 5273259.28335501)
1932	2020-10-10	0	c(-830098.4252941, -841373.871205128, 5266948.10715367, 5281651.98943943)
1960	2020-10-10	0	c(-835283.439363424, -830098.4252941, 5243809.70859681, 5266948.10715367)
1960	2020-10-10	0	c(-823879.718211261, -835283.439363424, 5229131.32343082, 5243809.70859681)
1960	2020-10-10	0	c(-807359.552438653, -823879.718211261, 5237632.79028228, 5229131.32343082)
2017	2020-10-10	0	c(-795896.65937224, -807359.552438653, 5223021.6135373, 5237632.79028228)
2017	2020-10-10	0	c(-779431.443338356, -795896.65937224, 5231593.59526652, 5223021.6135373)
2074	2020-10-10	0	c(-767909.661319382, -779431.443338356, 5217049.48357739, 5231593.59526652)
2074	2020-10-10	0	c(-751499.307098036, -767909.661319382, 5225691.67929431, 5217049.48357739)
2131	2020-10-10	0	c(-739918.91160492, -751499.307098036, 5211214.49105452, 5225691.67929431)
2159	2020-10-10	0	c(-744681.428883639, -739918.91160492, 5188054.97580174, 5211214.49105452)
2159	2020-10-10	0	c(-732975.504503303, -744681.428883639, 5173604.80984575, 5188054.97580174)
2159	2020-10-10	0	c(-716574.351764018, -732975.504503303, 5182353.9567397, 5173604.80984575)
2216	2020-10-10	0	c(-704810.708800702, -716574.351764018, 5167970.83375325, 5182353.9567397)
2216	2020-10-10	0	c(-688464.225232573, -704810.708800702, 5176789.35602243, 5167970.83375325)
2273	2020-10-10	18573.471944013534	c(-676643.117272211, -688464.225232573, 5162473.1297945, 5176789.35602243)
2273	2020-10-10	23598.79079791453	c(-660351.208421905, -676643.117272211, 5171360.75428297, 5162473.1297945)
2329	2020-10-10	23579.930471154898	c(-648472.881783431, -660351.208421905, 5157111.28078713, 5171360.75428297)
2357	2020-10-10	0	c(-652820.337232804, -648472.881783431, 5133935.58765531, 5157111.28078713)
2357	2020-10-10	0	c(-640819.177338409, -652820.337232804, 5119714.46831487, 5133935.58765531)
2357	2020-10-10	0	c(-624536.51349831, -640819.177338409, 5128707.32743488, 5119714.46831487)
2413	2020-10-10	0	c(-612478.979099603, -624536.51349831, 5114553.03756121, 5128707.32743488)
2440	2020-10-10	0	c(-616638.592062825, -612478.979099603, 5091368.00033625, 5114553.03756121)
2440	2020-10-10	0	c(-604459.673771908, -616638.592062825, 5077242.82900052, 5091368.00033625)
2440	2020-10-10	0	c(-588186.47147359, -604459.673771908, 5086340.28246298, 5077242.82900052)
2496	2020-10-10	0	c(-575952.000212645, -588186.47147359, 5072281.98816958, 5086340.28246298)
2524	2020-10-10	0	c(-579925.84669418, -575952.000212645, 5049089.03113205, 5072281.98816958)
2524	2020-10-10	0	c(-567571.439335636, -579925.84669418, 5035060.56297466, 5049089.03113205)
2524	2020-10-10	0	c(-551307.870571646, -567571.439335636, 5044261.96993452, 5035060.56297466)
2581	2020-10-10	0	c(-538898.708319329, -551307.870571646, 5030300.39821535, 5044261.96993452)
2581	2020-10-10	0	c(-522689.133309458, -538898.708319329, 5039569.15986789, 5030300.39821535)
2639	2020-10-10	18672.44666807912	c(-510225.411115104, -522689.133309458, 5025674.32811074, 5039569.15986789)
2668	2020-10-10	0	c(-513907.421456906, -510225.411115104, 5002474.48708219, 5025674.32811074)
2668	2020-10-10	0	c(-501325.786601781, -513907.421456906, 4988610.28153641, 5002474.48708219)
2668	2020-10-10	0	c(-485125.768714149, -501325.786601781, 4997981.89105246, 4988610.28153641)
2727	2020-10-10	0	c(-472490.332770924, -485125.768714149, 4984184.4137996, 4997981.89105246)
2727	2020-10-10	0	c(-456343.987214813, -472490.332770924, 4993622.70609874, 4984184.4137996)
2788	2020-10-10	18702.562293477346	c(-443654.923292121, -456343.987214813, 4979891.80005638, 4993622.70609874)
2819	2020-10-10	0	c(-447049.43340471, -443654.923292121, 4956687.23964515, 4979891.80005638)
2819	2020-10-10	0	c(-434244.447208587, -447049.43340471, 4942987.65302036, 4956687.23964515)
2819	2020-10-10	0	c(-418107.492403713, -434244.447208587, 4952527.73329762, 4942987.65302036)
2882	2020-10-10	0	c(-405249.597000409, -418107.492403713, 4938894.67736708, 4952527.73329762)
2882	2020-10-10	0	c(-389165.964167342, -405249.597000409, 4948500.81770552, 4938894.67736708)
2946	2020-10-10	18733.957865619817	c(-376255.310951091, -389165.964167342, 4934934.1357823, 4948500.81770552)
2977	2020-10-10	18789.686576870405	c(-379366.615746741, -376255.310951091, 4911726.76078107, 4934934.1357823)
2977	2020-10-10	18789.686576870405	c(-366341.993803945, -379366.615746741, 4898191.98772933, 4911726.76078107)
3073	2020-10-10	0	c(-348871.985091607, -345968.272330481, 4801580.98991467, 4824796.28523645)
2977	2020-10-10	23408.76269580772	c(-350267.497826334, -366341.993803945, 4907898.90519101, 4898191.98772933)
3042	2020-10-10	36636.05303475311	c(-337190.79600509, -350267.497826334, 4894430.43895985, 4907898.90519101)
3074	2020-10-10	18833.49710347172	c(-340127.637054924, -337190.79600509, 4871221.0100022, 4894430.43895985)
3073	2020-10-10	0	c(-335510.641353164, -348871.985091607, 4788143.98946902, 4801580.98991467)
3105	2020-10-10	0	c(-338346.206692639, -335510.641353164, 4764926.64580061, 4788143.98946902)
3073	2020-10-10	0	c(-345968.272330481, -329806.677309676, 4824796.28523645, 4834573.1050242)
3074	2020-10-10	18833.49710347172	c(-326938.358054106, -340127.637054924, 4857784.87612712, 4871221.0100022)
3106	2020-10-10	18888.709823027835	c(-329806.677309676, -326938.358054106, 4834573.1050242, 4857784.87612712)
3105	2020-10-10	0	c(-324874.363346103, -338346.206692639, 4751522.86150903, 4764926.64580061)
3105	2020-10-10	0	c(-308627.02731071, -324874.363346103, 4761369.67219064, 4751522.86150903)
3169	2020-10-10	0	c(-295105.204840868, -308627.02731071, 4748032.39162943, 4761369.67219064)
3169	2020-10-10	0	c(-278910.173604468, -295105.204840868, 4757943.76380224, 4748032.39162943)
3231	2020-10-10	0	c(-265338.466810937, -278910.173604468, 4744672.80934598, 4757943.76380224)
3231	2020-10-10	0	c(-249195.592427007, -265338.466810937, 4754648.61159284, 4744672.80934598)
3293	2020-10-10	18976.538774067565	c(-235574.089658678, -249195.592427007, 4741443.81003287, 4754648.61159284)
3293	2020-10-10	23343.51059632919	c(-219483.226935013, -235574.089658678, 4751483.91823206, 4741443.81003287)
3355	2020-10-10	23331.200675388925	c(-205812.010174367, -219483.226935013, 4738345.10082909, 4751483.91823206)
3355	2020-10-10	23331.200675388925	c(-189773.016744229, -205812.010174367, 4748449.3980858, 4738345.10082909)
3418	2020-10-10	36804.86762083767	c(-176052.161690635, -189773.016744229, 4735376.40062202, 4748449.3980858)
3450	2020-10-10	19011.08490145569	c(-178312.38573886, -176052.161690635, 4712166.7928181, 4735376.40062202)
3450	2020-10-10	19011.08490145569	c(-164484.39741688, -178312.38573886, 4699127.30966429, 4712166.7928181)
3481	2020-10-10	0	c(-166680.991948623, -164484.39741688, 4675917.34059508, 4699127.30966429)
3481	2020-10-10	0	c(-152746.728346822, -166680.991948623, 4662911.56878021, 4675917.34059508)
3578	2020-10-10	0	c(-142654.895555636, -140696.283124848, 4428100.2430646, 4451313.67867408)
3481	2020-10-10	0	c(-136673.104518291, -152746.728346822, 4673147.68500657, 4662911.56878021)
3548	2020-10-10	19056.218365157943	c(-122690.209274219, -136673.104518291, 4660207.53609697, 4673147.68500657)
3581	2020-10-10	0	c(-124724.210025522, -122690.209274219, 4636999.51891815, 4660207.53609697)
3578	2020-10-10	0	c(-128091.837226727, -142654.895555636, 4415203.84652893, 4428100.2430646)
3611	2020-10-10	0	c(-129990.075937585, -128091.837226727, 4391991.25778133, 4415203.84652893)
3578	2020-10-10	0	c(-140696.283124848, -124270.422785912, 4451313.67867408, 4461627.43276623)
3612	2020-10-10	0	c(-124270.422785912, -122347.29868497, 4461627.43276623, 4484838.42914896)
3581	2020-10-10	0	c(-110636.360838234, -124724.210025522, 4624093.22280091, 4636999.51891815)
3614	2020-10-10	0	c(-112608.551546571, -110636.360838234, 4600885.42415139, 4624093.22280091)
3611	2020-10-10	23290.07485106899	c(-115326.777598032, -129990.075937585, 4379129.80928755, 4391991.25778133)
3612	2020-10-10	0	c(-122347.29868497, -106012.617360759, 4484838.42914896, 4495180.74538129)
3614	2020-10-10	0	c(-98416.6049034529, -112608.551546571, 4588013.13141944, 4600885.42415139)
3611	2020-10-10	37328.4915876807	c(-98820.0480293651, -115326.777598032, 4389511.43264211, 4379129.80928755)
3612	2020-10-10	0	c(-106012.617360759, -91559.9036607575, 4495180.74538129, 4482345.90912606)
3614	2020-10-10	0	c(-82308.4831142579, -98416.6049034529, 4598380.02505583, 4588013.13141944)
3683	2020-10-10	19155.78427639882	c(-68068.8495381438, -82308.4831142579, 4585573.09107881, 4598380.02505583)
3718	2020-10-10	0	c(-69881.8361580264, -68068.8495381438, 4562368.01518033, 4585573.09107881)
3611	2020-10-10	19443.3081890246	c(-97016.8595669304, -98820.0480293651, 4412720.64892948, 4389511.43264211)
3646	2020-10-10	19443.3081890246	c(-80600.2445110925, -97016.8595669304, 4423130.51107387, 4412720.64892948)
3612	2020-10-10	0	c(-91559.9036607575, -93386.7629630856, 4482345.90912606, 4459137.88757354)
3646	2020-10-10	0	c(-93386.7629630856, -78832.952706967, 4459137.88757354, 4446337.59952283)
3718	2020-10-10	0	c(-55539.4048447429, -69881.8361580264, 4549595.14893471, 4562368.01518033)
3646	2020-10-10	19381.97015662258	c(-78832.952706967, -80600.2445110925, 4446337.59952283, 4423130.51107387)
3718	2020-10-10	0	c(-39439.1668619714, -55539.4048447429, 4560058.454568, 4549595.14893471)
3718	2020-10-10	0	c(-37723.9768905115, -39439.1668619714, 4583261.31775311, 4560058.454568)
3754	2020-10-10	0	c(-21716.798655786, -37723.9768905115, 4593754.30263579, 4583261.31775311)
3754	2020-10-10	0	c(-20040.049614789, -21716.798655786, 4616955.86966364, 4593754.30263579)
3791	2020-10-10	19074.485853483784	c(-4126.5418165662, -20040.049614789, 4627478.82152687, 4616955.86966364)
3864	2020-10-10	0	c(10153.6880161524, -4126.5418165662, 4614833.2275709, 4627478.82152687)
3864	2020-10-10	0	c(26016.8431521372, 10153.6880161524, 4625419.27878976, 4614833.2275709)
3864	2020-10-10	0	c(27555.8795442962, 26016.8431521372, 4648618.08942749, 4625419.27878976)
3901	2020-10-10	0	c(43324.6335921712, 27555.8795442962, 4659234.50926718, 4648618.08942749)
3975	2020-10-10	0	c(57598.5776361617, 43324.6335921712, 4646684.82641243, 4659234.50926718)
3975	2020-10-10	0	c(73316.9908172457, 57598.5776361617, 4657364.42573425, 4646684.82641243)
3975	2020-10-10	0	c(74716.8136494611, 73316.9908172457, 4680561.16984461, 4657364.42573425)
4013	2020-10-10	0	c(90340.067398386, 74716.8136494611, 4691271.50601308, 4680561.16984461)
4013	2020-10-10	0	c(91698.5973343059, 90340.067398386, 4714467.91561868, 4691271.50601308)
4050	2020-10-10	18877.89908094563	c(107226.056785565, 91698.5973343059, 4725209.21678517, 4714467.91561868)
4125	2020-10-10	0	c(121440.455933806, 107226.056785565, 4712786.41796345, 4725209.21678517)
4125	2020-10-10	0	c(136917.405903287, 121440.455933806, 4723591.08053383, 4712786.41796345)
4125	2020-10-10	0	c(138134.067041476, 136917.405903287, 4746786.37708132, 4723591.08053383)
4163	2020-10-10	0	c(153514.427134826, 138134.067041476, 4757622.31532596, 4746786.37708132)
4163	2020-10-10	0	c(154688.069455561, 153514.427134826, 4780817.74574276, 4757622.31532596)
4201	2020-10-10	0	c(169971.192210324, 154688.069455561, 4791685.15059905, 4780817.74574276)
4201	2020-10-10	0	c(171101.221589288, 169971.192210324, 4814880.84915514, 4791685.15059905)
4237	2020-10-10	0	c(186286.457130191, 171101.221589288, 4825779.89785506, 4814880.84915514)
4237	2020-10-10	0	c(187372.282003082, 186286.457130191, 4848975.99137414, 4825779.89785506)
4271	2020-10-10	0	c(202458.978136619, 187372.282003082, 4859906.84738261, 4848975.99137414)
4238	2020-10-10	18511.3379009853	c(190654.700941231, 189556.418244538, 4918567.04184535, 4895369.56319813)
4271	2020-10-10	0	c(189556.418244538, 203500.00954502, 4895369.56319813, 4883103.45520801)
4272	2020-10-10	0	c(205593.918617474, 190654.700941231, 4929498.16283573, 4918567.04184535)
4240	2020-10-10	18270.75063267423	c(197330.489119959, 196207.681657545, 5057761.6189423, 5034561.3670731)
4273	2020-10-10	0	c(196207.681657545, 209828.736081524, 5034561.3670731, 5022293.54938103)
4274	2020-10-10	0	c(211969.42213748, 197330.489119959, 5068694.22927972, 5057761.6189423)
4241	2020-10-10	0	c(200723.069021688, 199588.197642075, 5127365.14818519, 5104163.50954818)
4274	2020-10-10	0	c(199588.197642075, 213045.535440114, 5104163.50954818, 5091895.31589189)
4275	2020-10-10	0	c(215209.231917747, 200723.069021688, 5138298.98215308, 5127365.14818519)
4242	2020-10-10	18027.17621286147	c(204151.57239824, 203004.771404684, 5196972.836318, 5173769.81169373)
4275	2020-10-10	0	c(203004.771404684, 216296.786663914, 5173769.81169373, 5161501.56160715)
4276	2020-10-10	0	c(218483.237705765, 204151.57239824, 5207908.21247626, 5196972.836318)
4243	2020-10-10	17904.378430831104	c(207615.593383561, 206456.998555835, 5266584.67967066, 5243380.27050389)
4276	2020-10-10	0	c(206456.998555835, 219582.105258849, 5243380.27050389, 5231112.28353745)
4277	2020-10-10	0	c(221791.052183596, 207615.593383561, 5277521.91582989, 5266584.67967066)
4244	2020-10-10	17780.967524672174	c(211114.721711493, 209944.470291138, 5336200.6725806, 5312994.88098021)
4277	2020-10-10	0	c(209944.470291138, 222901.102501993, 5312994.88098021, 5300727.47654844)
4278	2020-10-10	0	c(225132.283832348, 211114.721711493, 5347140.08564993, 5336200.6725806)
4245	2020-10-10	17656.99031395563	c(214648.54276047, 213466.773435822, 5405820.80739376, 5382613.63613228)
4278	2020-10-10	0	c(213466.773435822, 226253.385483522, 5382613.63613228, 5370347.13336144)
4279	2020-10-10	0	c(228506.536974566, 214648.54276047, 5416762.71322909, 5405820.80739376)
4271	2020-10-10	0	c(203500.00954502, 202458.978136619, 4883103.45520801, 4859906.84738261)
4272	2020-10-10	0	c(206646.768812093, 205593.918617474, 4952696.26291926, 4929498.16283573)
4307	2020-10-10	0	c(221485.678135983, 206646.768812093, 4963659.56401366, 4952696.26291926)
4273	2020-10-10	0	c(209828.736081524, 208764.191440219, 5022293.54938103, 4999093.95613058)
4307	2020-10-10	0	c(208764.191440219, 222492.514878492, 4999093.95613058, 4986858.39214833)
4274	2020-10-10	0	c(213045.535440114, 211969.42213748, 5091895.31589189, 5068694.22927972)
4275	2020-10-10	0	c(216296.786663914, 215209.231917747, 5161501.56160715, 5138298.98215308)
4276	2020-10-10	0	c(219582.105258849, 218483.237705765, 5231112.28353745, 5207908.21247626)
4277	2020-10-10	0	c(222901.102501993, 221791.052183596, 5300727.47654844, 5277521.91582989)
4278	2020-10-10	0	c(226253.385483522, 225132.283832348, 5370347.13336144, 5347140.08564993)
4279	2020-10-10	0	c(229638.557149334, 228506.536974566, 5439971.24455524, 5416762.71322909)
4307	2020-10-10	0	c(222492.514878492, 221485.678135983, 4986858.39214833, 4963659.56401366)
5765	2020-10-10	632152.058433982	c(859486.430059474, 858142.333715717, 5072414.47302264, 5095614.75923535)
5765	2020-10-10	634152.0236182441	c(874258.62397385, 859486.430059474, 5061644.54286264, 5072414.47302264)
5765	2020-10-10	632152.058433982	c(858142.333715717, 871464.709426663, 5095614.75923535, 5108044.74943018)
5793	2020-10-10	640708.4707128803	c(871464.709426663, 870060.324803528, 5108044.74943018, 5131245.23669869)
5793	2020-10-10	640708.4707128803	c(870060.324803528, 883272.53821247, 5131245.23669869, 5143706.91368603)
5765	2020-10-10	648744.1721211207	c(887637.485845674, 874258.62397385, 5074106.54822189, 5061644.54286264)
5821	2020-10-10	662337.4719709517	c(902462.239969876, 887637.485845674, 5063400.84429545, 5074106.54822189)
5793	2020-10-10	653226.4793969747	c(883272.53821247, 897945.964402817, 5143706.91368603, 5133000.22143151)
5848	2020-10-10	668432.8211039032	c(897945.964402817, 911104.476485777, 5133000.22143151, 5145525.63191698)
5821	2020-10-10	676962.6585055962	c(915788.122172648, 902462.239969876, 5075926.78745904, 5063400.84429545)
5873	2020-10-10	690527.4429761195	c(930665.474604086, 915788.122172648, 5065285.39444699, 5075926.78745904)
5848	2020-10-10	680949.1128099331	c(911104.476485777, 925830.87835036, 5145525.63191698, 5134883.33503981)
5896	2020-10-10	696166.8257357797	c(925830.87835036, 938935.600172526, 5134883.33503981, 5147472.52199796)
5873	2020-10-10	705185.5416700467	c(943938.298817666, 930665.474604086, 5077875.33111388, 5065285.39444699)
5917	2020-10-10	718722.2929238549	c(958868.290702399, 943938.298817666, 5067298.33946632, 5077875.33111388)
5896	2020-10-10	708665.1952717497	c(938935.600172526, 953715.005348702, 5147472.52199796, 5136894.71855157)
5917	2020-10-10	733413.2236531395	c(972087.973494001, 958868.290702399, 5079952.32940537, 5067298.33946632)
5896	2020-10-10	723910.222904959	c(953715.005348702, 955438.822630544, 5136894.71855157, 5113695.96976157)
5917	2020-10-10	727138.5324017474	c(955438.822630544, 970320.164654931, 5113695.96976157, 5103150.89610056)
5917	2020-10-10	742881.8203807488	c(970320.164654931, 972087.973494001, 5103150.89610056, 5079952.32940537)
1511	2020-10-11	0	c(-983897.499984621, -977563.472413218, 5574816.91174421, 5597802.19762874)
1511	2020-10-11	0	c(-973802.692473719, -983897.499984621, 5559697.44206214, 5574816.91174421)
1538	2020-10-11	0	c(-980049.893140128, -973802.692473719, 5536693.06013482, 5559697.44206214)
1511	2020-10-11	0	c(-977563.472413218, -961255.453141132, 5597802.19762874, 5605677.93673546)
1539	2020-10-11	18110.183849311397	c(-961255.453141132, -954955.604451985, 5605677.93673546, 5628654.08443758)
1538	2020-10-11	0	c(-969818.793651695, -980049.893140128, 5521591.98083405, 5536693.06013482)
1538	2020-10-11	0	c(-953411.228920908, -969818.793651695, 5529541.56564999, 5521591.98083405)
1594	2020-10-11	0	c(-943115.101674419, -953411.228920908, 5514505.54150437, 5529541.56564999)
1594	2020-10-11	0	c(-926762.369666241, -943115.101674419, 5522528.78671834, 5514505.54150437)
1650	2020-10-11	18214.94737556876	c(-916401.569682563, -926762.369666241, 5507557.73840935, 5522528.78671834)
1678	2020-10-11	0	c(-922323.379714333, -916401.569682563, 5484518.2508268, 5507557.73840935)
1678	2020-10-11	0	c(-911828.314804335, -922323.379714333, 5469567.34533932, 5484518.2508268)
1706	2020-10-11	0	c(-917664.928167379, -911828.314804335, 5446511.30616298, 5469567.34533932)
1706	2020-10-11	0	c(-907036.347213397, -917664.928167379, 5431581.37055744, 5446511.30616298)
1734	2020-10-11	0	c(-912788.047813945, -907036.347213397, 5408509.3471724, 5431581.37055744)
1734	2020-10-11	0	c(-902026.712287155, -912788.047813945, 5393601.19277716, 5408509.3471724)
1734	2020-10-11	0	c(-885583.510490984, -902026.712287155, 5401809.06844178, 5393601.19277716)
1791	2020-10-11	18377.92448116462	c(-874759.78779751, -885583.510490984, 5386967.02834714, 5401809.06844178)
1819	2020-10-11	18437.204102195807	c(-880309.790136891, -874759.78779751, 5363873.63375835, 5386967.02834714)
1819	2020-10-11	18437.204102195807	c(-869354.739342978, -880309.790136891, 5349054.54224733, 5363873.63375835)
1847	2020-10-11	0	c(-874821.034227742, -869354.739342978, 5325946.91190594, 5349054.54224733)
1847	2020-10-11	0	c(-863735.443893541, -874821.034227742, 5311151.53115115, 5325946.91190594)
1875	2020-10-11	0	c(-869118.358682164, -863735.443893541, 5288030.20760699, 5311151.53115115)
1875	2020-10-11	0	c(-857903.02870333, -869118.358682164, 5273259.28335501, 5288030.20760699)
1875	2020-10-11	0	c(-841373.871205128, -857903.02870333, 5281651.98943943, 5273259.28335501)
1932	2020-10-11	18537.81440784917	c(-830098.4252941, -841373.871205128, 5266948.10715367, 5281651.98943943)
1960	2020-10-11	0	c(-835283.439363424, -830098.4252941, 5243809.70859681, 5266948.10715367)
1960	2020-10-11	0	c(-823879.718211261, -835283.439363424, 5229131.32343082, 5243809.70859681)
1960	2020-10-11	0	c(-807359.552438653, -823879.718211261, 5237632.79028228, 5229131.32343082)
2017	2020-10-11	0	c(-795896.65937224, -807359.552438653, 5223021.6135373, 5237632.79028228)
2017	2020-10-11	0	c(-779431.443338356, -795896.65937224, 5231593.59526652, 5223021.6135373)
2074	2020-10-11	18562.925680196768	c(-767909.661319382, -779431.443338356, 5217049.48357739, 5231593.59526652)
2074	2020-10-11	23664.357162546778	c(-751499.307098036, -767909.661319382, 5225691.67929431, 5217049.48357739)
2131	2020-10-11	23644.126492090712	c(-739918.91160492, -751499.307098036, 5211214.49105452, 5225691.67929431)
2159	2020-10-11	0	c(-744681.428883639, -739918.91160492, 5188054.97580174, 5211214.49105452)
2159	2020-10-11	0	c(-732975.504503303, -744681.428883639, 5173604.80984575, 5188054.97580174)
2159	2020-10-11	0	c(-716574.351764018, -732975.504503303, 5182353.9567397, 5173604.80984575)
2216	2020-10-11	18588.851028216766	c(-704810.708800702, -716574.351764018, 5167970.83375325, 5182353.9567397)
2244	2020-10-11	0	c(-709381.349573042, -704810.708800702, 5144799.2039977, 5167970.83375325)
2244	2020-10-11	0	c(-697493.640965284, -709381.349573042, 5130443.97420869, 5144799.2039977)
2244	2020-10-11	0	c(-681101.99505175, -697493.640965284, 5139299.40898685, 5130443.97420869)
2301	2020-10-11	0	c(-669157.441349304, -681101.99505175, 5125011.31048409, 5139299.40898685)
2301	2020-10-11	0	c(-652820.337232804, -669157.441349304, 5133935.58765531, 5125011.31048409)
2357	2020-10-11	18615.68408471991	c(-640819.177338409, -652820.337232804, 5119714.46831487, 5133935.58765531)
2357	2020-10-11	23573.600548884217	c(-624536.51349831, -640819.177338409, 5128707.32743488, 5119714.46831487)
2413	2020-10-11	23555.21876626688	c(-612478.979099603, -624536.51349831, 5114553.03756121, 5128707.32743488)
2440	2020-10-11	0	c(-616638.592062825, -612478.979099603, 5091368.00033625, 5114553.03756121)
2440	2020-10-11	0	c(-604459.673771908, -616638.592062825, 5077242.82900052, 5091368.00033625)
2440	2020-10-11	0	c(-588186.47147359, -604459.673771908, 5086340.28246298, 5077242.82900052)
2496	2020-10-11	18643.518244786257	c(-575952.000212645, -588186.47147359, 5072281.98816958, 5086340.28246298)
2524	2020-10-11	0	c(-579925.84669418, -575952.000212645, 5049089.03113205, 5072281.98816958)
2524	2020-10-11	0	c(-567571.439335636, -579925.84669418, 5035060.56297466, 5049089.03113205)
2524	2020-10-11	0	c(-551307.870571646, -567571.439335636, 5044261.96993452, 5035060.56297466)
2581	2020-10-11	18686.079283308423	c(-538898.708319329, -551307.870571646, 5030300.39821535, 5044261.96993452)
2609	2020-10-11	0	c(-542688.882947144, -538898.708319329, 5007100.86082995, 5030300.39821535)
2609	2020-10-11	0	c(-530161.22913895, -542688.882947144, 4993169.76664417, 5007100.86082995)
2609	2020-10-11	0	c(-513907.421456906, -530161.22913895, 5002474.48708219, 4993169.76664417)
2668	2020-10-11	0	c(-501325.786601781, -513907.421456906, 4988610.28153641, 5002474.48708219)
2668	2020-10-11	0	c(-485125.768714149, -501325.786601781, 4997981.89105246, 4988610.28153641)
2727	2020-10-11	18715.438666537404	c(-472490.332770924, -485125.768714149, 4984184.4137996, 4997981.89105246)
2757	2020-10-11	0	c(-475991.749971927, -472490.332770924, 4960979.68256194, 4984184.4137996)
2757	2020-10-11	0	c(-463239.831068176, -475991.749971927, 4947213.40501156, 4960979.68256194)
2757	2020-10-11	0	c(-447049.43340471, -463239.831068176, 4956687.23964515, 4947213.40501156)
2819	2020-10-11	18758.53190326058	c(-434244.447208587, -447049.43340471, 4942987.65302036, 4956687.23964515)
2819	2020-10-11	23445.170838917296	c(-418107.492403713, -434244.447208587, 4952527.73329762, 4942987.65302036)
2882	2020-10-11	36616.93230771371	c(-405249.597000409, -418107.492403713, 4938894.67736708, 4952527.73329762)
2913	2020-10-11	18801.755325595353	c(-408466.585599722, -405249.597000409, 4915686.73450958, 4938894.67736708)
2913	2020-10-11	18801.755325595353	c(-395494.179898544, -408466.585599722, 4902085.49550173, 4915686.73450958)
2945	2020-10-11	0	c(-398640.777739959, -395494.179898544, 4878874.2897547, 4902085.49550173)
2945	2020-10-11	0	c(-385554.725919785, -398640.777739959, 4865305.2348859, 4878874.2897547)
2945	2020-10-11	0	c(-369383.58314677, -385554.725919785, 4874981.66879102, 4865305.2348859)
3009	2020-10-11	18845.138145034398	c(-356245.853835954, -369383.58314677, 4861479.15694715, 4874981.66879102)
3041	2020-10-11	18900.310530898485	c(-359218.243525816, -356245.853835954, 4838266.20053976, 4861479.15694715)
3041	2020-10-11	18900.310530898485	c(-345968.272330481, -359218.243525816, 4824796.28523645, 4838266.20053976)
3073	2020-10-11	18955.201826184195	c(-348871.985091607, -345968.272330481, 4801580.98991467, 4824796.28523645)
3073	2020-10-11	18955.201826184195	c(-335510.641353164, -348871.985091607, 4788143.98946902, 4801580.98991467)
3105	2020-10-11	19009.81025126251	c(-338346.206692639, -335510.641353164, 4764926.64580061, 4788143.98946902)
3105	2020-10-11	19009.81025126251	c(-324874.363346103, -338346.206692639, 4751522.86150903, 4764926.64580061)
3105	2020-10-11	23383.51162317031	c(-308627.02731071, -324874.363346103, 4761369.67219064, 4751522.86150903)
3169	2020-10-11	23369.66564556447	c(-295105.204840868, -308627.02731071, 4748032.39162943, 4761369.67219064)
3169	2020-10-11	23369.66564556447	c(-278910.173604468, -295105.204840868, 4757943.76380224, 4748032.39162943)
3231	2020-10-11	23356.332113750665	c(-265338.466810937, -278910.173604468, 4744672.80934598, 4757943.76380224)
3262	2020-10-11	0	c(-267902.636974526, -265338.466810937, 4721457.6573719, 4744672.80934598)
3262	2020-10-11	0	c(-254222.330032575, -267902.636974526, 4708220.22406436, 4721457.6573719)
3262	2020-10-11	0	c(-238036.723019221, -254222.330032575, 4718230.56114581, 4708220.22406436)
3324	2020-10-11	19031.0462895538	c(-224307.118112099, -238036.723019221, 4705059.28337974, 4718230.56114581)
3324	2020-10-11	23337.516971722413	c(-208173.331225555, -224307.118112099, 4715133.70087457, 4705059.28337974)
3386	2020-10-11	36883.736082518364	c(-194394.501284513, -208173.331225555, 4702028.40494297, 4715133.70087457)
3417	2020-10-11	19075.17060197214	c(-196691.51030557, -194394.501284513, 4678816.44125315, 4702028.40494297)
3417	2020-10-11	19075.17060197214	c(-182805.929658228, -196691.51030557, 4665744.87759746, 4678816.44125315)
3417	2020-10-11	23319.49010331139	c(-166680.991948623, -182805.929658228, 4675917.34059508, 4665744.87759746)
3481	2020-10-11	36924.08346395843	c(-152746.728346822, -166680.991948623, 4662911.56878021, 4675917.34059508)
3514	2020-10-11	19119.618530873635	c(-154880.257880574, -152746.728346822, 4639701.44815259, 4662911.56878021)
3514	2020-10-11	19119.618530873635	c(-140840.578825948, -154880.257880574, 4626729.56819214, 4639701.44815259)
3578	2020-10-11	19400.128858530385	c(-142654.895555636, -140696.283124848, 4428100.2430646, 4451313.67867408)
3578	2020-10-11	19457.27282685442	c(-128091.837226727, -142654.895555636, 4415203.84652893, 4428100.2430646)
3578	2020-10-11	19400.128858530385	c(-140696.283124848, -124270.422785912, 4451313.67867408, 4461627.43276623)
3612	2020-10-11	19338.064233170582	c(-124270.422785912, -122347.29868497, 4461627.43276623, 4484838.42914896)
3514	2020-10-11	30333.4586673255	c(-124724.210025522, -140840.578825948, 4636999.51891815, 4626729.56819214)
3581	2020-10-11	46927.460084803875	c(-110636.360838234, -124724.210025522, 4624093.22280091, 4636999.51891815)
3614	2020-10-11	47130.616010332284	c(-112608.551546571, -110636.360838234, 4600885.42415139, 4624093.22280091)
3612	2020-10-11	19338.064233170582	c(-122347.29868497, -106012.617360759, 4484838.42914896, 4495180.74538129)
3614	2020-10-11	47130.616010332284	c(-98416.6049034529, -112608.551546571, 4588013.13141944, 4600885.42415139)
3648	2020-10-11	47332.472962035994	c(-100327.563331053, -98416.6049034529, 4564805.73342008, 4588013.13141944)
3578	2020-10-11	19443.3081890246	c(-111625.404446451, -128091.837226727, 4425551.5744548, 4415203.84652893)
3648	2020-10-11	47332.472962035994	c(-86032.3769334456, -100327.563331053, 4551967.57833456, 4564805.73342008)
3578	2020-10-11	19443.3081890246	c(-109762.547284319, -111625.404446451, 4448761.76215074, 4425551.5744548)
3612	2020-10-11	19381.97015662258	c(-93386.7629630856, -109762.547284319, 4459137.88757354, 4448761.76215074)
3612	2020-10-11	30847.181699460125	c(-106012.617360759, -91559.9036607575, 4495180.74538129, 4482345.90912606)
3612	2020-10-11	19381.97015662258	c(-91559.9036607575, -93386.7629630856, 4482345.90912606, 4459137.88757354)
3648	2020-10-11	47280.62795554908	c(-69881.8361580264, -86032.3769334456, 4562368.01518033, 4551967.57833456)
3718	2020-10-11	30572.401101287855	c(-55539.4048447429, -69881.8361580264, 4549595.14893471, 4562368.01518033)
3718	2020-10-11	19197.638859031777	c(-39439.1668619714, -55539.4048447429, 4560058.454568, 4549595.14893471)
3718	2020-10-11	19197.638859031777	c(-37723.9768905115, -39439.1668619714, 4583261.31775311, 4560058.454568)
3754	2020-10-11	36977.39907318487	c(-21716.798655786, -37723.9768905115, 4593754.30263579, 4583261.31775311)
3827	2020-10-11	23257.081516966933	c(-7381.84717585088, -21716.798655786, 4581077.58911533, 4593754.30263579)
3827	2020-10-11	19128.97173240991	c(8575.0875022512, -7381.84717585088, 4591633.53650572, 4581077.58911533)
3827	2020-10-11	19128.97173240991	c(10153.6880161524, 8575.0875022512, 4614833.2275709, 4591633.53650572)
3864	2020-10-11	19067.67296588814	c(26016.8431521372, 10153.6880161524, 4625419.27878976, 4614833.2275709)
3864	2020-10-11	19067.67296588814	c(27555.8795442962, 26016.8431521372, 4648618.08942749, 4625419.27878976)
3901	2020-10-11	19006.315222206413	c(43324.6335921712, 27555.8795442962, 4659234.50926718, 4648618.08942749)
3975	2020-10-11	0	c(57598.5776361617, 43324.6335921712, 4646684.82641243, 4659234.50926718)
3975	2020-10-11	0	c(73316.9908172457, 57598.5776361617, 4657364.42573425, 4646684.82641243)
3975	2020-10-11	0	c(74716.8136494611, 73316.9908172457, 4680561.16984461, 4657364.42573425)
4013	2020-10-11	18939.093116294724	c(90340.067398386, 74716.8136494611, 4691271.50601308, 4680561.16984461)
4087	2020-10-11	0	c(104608.477733233, 90340.067398386, 4678817.52212903, 4691271.50601308)
4087	2020-10-11	0	c(120181.372619221, 104608.477733233, 4689591.11360505, 4678817.52212903)
4087	2020-10-11	0	c(121440.455933806, 120181.372619221, 4712786.41796345, 4689591.11360505)
4125	2020-10-11	0	c(136917.405903287, 121440.455933806, 4723591.08053383, 4712786.41796345)
4125	2020-10-11	0	c(138134.067041476, 136917.405903287, 4746786.37708132, 4723591.08053383)
4163	2020-10-11	18811.79702834516	c(153514.427134826, 138134.067041476, 4757622.31532596, 4746786.37708132)
4163	2020-10-11	18811.79702834516	c(154688.069455561, 153514.427134826, 4780817.74574276, 4757622.31532596)
4201	2020-10-11	18750.73934130881	c(169971.192210324, 154688.069455561, 4791685.15059905, 4780817.74574276)
4201	2020-10-11	18750.73934130881	c(171101.221589288, 169971.192210324, 4814880.84915514, 4791685.15059905)
4237	2020-10-11	18689.61270563664	c(186286.457130191, 171101.221589288, 4825779.89785506, 4814880.84915514)
4237	2020-10-11	18689.61270563664	c(187372.282003082, 186286.457130191, 4848975.99137414, 4825779.89785506)
4271	2020-10-11	18628.41767638094	c(202458.978136619, 187372.282003082, 4859906.84738261, 4848975.99137414)
4241	2020-10-11	18149.31515755883	c(200723.069021688, 199588.197642075, 5127365.14818519, 5104163.50954818)
4274	2020-10-11	0	c(199588.197642075, 213045.535440114, 5104163.50954818, 5091895.31589189)
4275	2020-10-11	0	c(215209.231917747, 200723.069021688, 5138298.98215308, 5127365.14818519)
4271	2020-10-11	18569.01972308326	c(203500.00954502, 202458.978136619, 4883103.45520801, 4859906.84738261)
4306	2020-10-11	0	c(218487.511858565, 203500.00954502, 4894066.26816262, 4883103.45520801)
4272	2020-10-11	18449.585383120924	c(206646.768812093, 205593.918617474, 4952696.26291926, 4929498.16283573)
4306	2020-10-11	0	c(205593.918617474, 219483.163498358, 4929498.16283573, 4917263.50212522)
4307	2020-10-11	0	c(221485.678135983, 206646.768812093, 4963659.56401366, 4952696.26291926)
4273	2020-10-11	18329.34010382429	c(209828.736081524, 208764.191440219, 5022293.54938103, 4999093.95613058)
4307	2020-10-11	0	c(208764.191440219, 222492.514878492, 4999093.95613058, 4986858.39214833)
4308	2020-10-11	0	c(224517.281188813, 209828.736081524, 5033257.64310886, 5022293.54938103)
4274	2020-10-11	0	c(213045.535440114, 211969.42213748, 5091895.31589189, 5068694.22927972)
4308	2020-10-11	0	c(211969.42213748, 225535.184194923, 5068694.22927972, 5056458.06597413)
4275	2020-10-11	0	c(216296.786663914, 215209.231917747, 5161501.56160715, 5138298.98215308)
4310	2020-10-11	0	c(230679.361945889, 216296.786663914, 5172468.15239464, 5161501.56160715)
4276	2020-10-11	0	c(219582.105258849, 218483.237705765, 5231112.28353745, 5207908.21247626)
4310	2020-10-11	0	c(218483.237705765, 231719.035484923, 5207908.21247626, 5195671.76334504)
4311	2020-10-11	0	c(233809.111589708, 219582.105258849, 5242080.57754312, 5231112.28353745)
4277	2020-10-11	0	c(222901.102501993, 221791.052183596, 5300727.47654844, 5277521.91582989)
4311	2020-10-11	0	c(221791.052183596, 234859.486691635, 5277521.91582989, 5265285.78032133)
4312	2020-10-11	0	c(236970.84196554, 222901.102501993, 5311697.77585046, 5300727.47654844)
4278	2020-10-11	17717.456143676543	c(226253.385483522, 225132.283832348, 5370347.13336144, 5347140.08564993)
4312	2020-10-11	0	c(225132.283832348, 238031.794378819, 5347140.08564993, 5334904.56796235)
4313	2020-10-11	0	c(240164.17899556, 226253.385483522, 5381319.7390715, 5370347.13336144)
4279	2020-10-11	17655.422821734628	c(229638.557149334, 228506.536974566, 5439971.24455524, 5416762.71322909)
4313	2020-10-11	0	c(228506.536974566, 241235.583148445, 5416762.71322909, 5404528.11726038)
4306	2020-10-11	0	c(219483.163498358, 218487.511858565, 4917263.50212522, 4894066.26816262)
4307	2020-10-11	0	c(222492.514878492, 221485.678135983, 4986858.39214833, 4963659.56401366)
4308	2020-10-11	0	c(225535.184194923, 224517.281188813, 5056458.06597413, 5033257.64310886)
4310	2020-10-11	0	c(231719.035484923, 230679.361945889, 5195671.76334504, 5172468.15239464)
4311	2020-10-11	0	c(234859.486691635, 233809.111589708, 5265285.78032133, 5242080.57754312)
4312	2020-10-11	0	c(238031.794378819, 236970.84196554, 5334904.56796235, 5311697.77585046)
4313	2020-10-11	0	c(241235.583148445, 240164.17899556, 5404528.11726038, 5381319.7390715)
1483	2020-10-12	27131.379601673718	c(-987521.274863856, -981100.19278311, 5612939.16626581, 5635904.75751572)
1483	2020-10-12	18110.183849311397	c(-977563.472413218, -987521.274863856, 5597802.19762874, 5612939.16626581)
1511	2020-10-12	18110.183849311397	c(-983897.499984621, -977563.472413218, 5574816.91174421, 5597802.19762874)
1511	2020-10-12	18171.21551040249	c(-973802.692473719, -983897.499984621, 5559697.44206214, 5574816.91174421)
1538	2020-10-12	18171.21551040249	c(-980049.893140128, -973802.692473719, 5536693.06013482, 5559697.44206214)
1538	2020-10-12	18231.952148382377	c(-969818.793651695, -980049.893140128, 5521591.98083405, 5536693.06013482)
1538	2020-10-12	0	c(-953411.228920908, -969818.793651695, 5529541.56564999, 5521591.98083405)
1594	2020-10-12	0	c(-943115.101674419, -953411.228920908, 5514505.54150437, 5529541.56564999)
1622	2020-10-12	0	c(-949156.121735916, -943115.101674419, 5491474.21797714, 5514505.54150437)
1622	2020-10-12	18275.257457095366	c(-938725.082077758, -949156.121735916, 5476457.90376822, 5491474.21797714)
1622	2020-10-12	0	c(-922323.379714333, -938725.082077758, 5484518.2508268, 5476457.90376822)
1678	2020-10-12	0	c(-911828.314804335, -922323.379714333, 5469567.34533932, 5484518.2508268)
1706	2020-10-12	0	c(-917664.928167379, -911828.314804335, 5446511.30616298, 5469567.34533932)
1706	2020-10-12	0	c(-907036.347213397, -917664.928167379, 5431581.37055744, 5446511.30616298)
1734	2020-10-12	0	c(-912788.047813945, -907036.347213397, 5408509.3471724, 5431581.37055744)
1734	2020-10-12	0	c(-902026.712287155, -912788.047813945, 5393601.19277716, 5408509.3471724)
1762	2020-10-12	0	c(-907693.795566397, -902026.712287155, 5370513.74805813, 5393601.19277716)
1762	2020-10-12	0	c(-896800.479222107, -907693.795566397, 5355628.17024193, 5370513.74805813)
1790	2020-10-12	0	c(-902383.252057299, -896800.479222107, 5332525.8623315, 5355628.17024193)
1790	2020-10-12	0	c(-891358.740626339, -902383.252057299, 5317663.64028513, 5332525.8623315)
1790	2020-10-12	0	c(-874821.034227742, -891358.740626339, 5325946.91190594, 5317663.64028513)
1847	2020-10-12	0	c(-863735.443893541, -874821.034227742, 5311151.53115115, 5325946.91190594)
1875	2020-10-12	0	c(-869118.358682164, -863735.443893541, 5288030.20760699, 5311151.53115115)
1875	2020-10-12	0	c(-857903.02870333, -869118.358682164, 5273259.28335501, 5288030.20760699)
1903	2020-10-12	0	c(-863202.901787423, -857903.02870333, 5250124.803847, 5273259.28335501)
1903	2020-10-12	0	c(-851858.643080652, -863202.901787423, 5235379.06522705, 5250124.803847)
1903	2020-10-12	0	c(-835283.439363424, -851858.643080652, 5243809.70859681, 5235379.06522705)
1960	2020-10-12	0	c(-823879.718211261, -835283.439363424, 5229131.32343082, 5243809.70859681)
1960	2020-10-12	0	c(-807359.552438653, -823879.718211261, 5237632.79028228, 5229131.32343082)
2017	2020-10-12	0	c(-795896.65937224, -807359.552438653, 5223021.6135373, 5237632.79028228)
2045	2020-10-12	0	c(-800885.764901271, -795896.65937224, 5199867.99484081, 5223021.6135373)
2045	2020-10-12	0	c(-789296.067945112, -800885.764901271, 5185283.29599663, 5199867.99484081)
2045	2020-10-12	0	c(-772785.29080507, -789296.067945112, 5193892.84226145, 5185283.29599663)
2102	2020-10-12	0	c(-761137.345947013, -772785.29080507, 5179375.48502448, 5193892.84226145)
2102	2020-10-12	0	c(-744681.428883639, -761137.345947013, 5188054.97580174, 5179375.48502448)
2159	2020-10-12	0	c(-732975.504503303, -744681.428883639, 5173604.80984575, 5188054.97580174)
2187	2020-10-12	0	c(-737658.257020911, -732975.504503303, 5150435.39519102, 5173604.80984575)
2187	2020-10-12	0	c(-725827.639712996, -737658.257020911, 5136012.87964415, 5150435.39519102)
2187	2020-10-12	0	c(-709381.349573042, -725827.639712996, 5144799.2039977, 5136012.87964415)
2244	2020-10-12	0	c(-697493.640965284, -709381.349573042, 5130443.97420869, 5144799.2039977)
2244	2020-10-12	0	c(-681101.99505175, -697493.640965284, 5139299.40898685, 5130443.97420869)
2301	2020-10-12	18630.748263688944	c(-669157.441349304, -681101.99505175, 5125011.31048409, 5139299.40898685)
2328	2020-10-12	0	c(-673538.260611496, -669157.441349304, 5101829.16143082, 5125011.31048409)
2328	2020-10-12	0	c(-661471.106100638, -673538.260611496, 5087569.76884004, 5101829.16143082)
2328	2020-10-12	0	c(-645089.227039933, -661471.106100638, 5096530.82497771, 5087569.76884004)
2384	2020-10-12	18672.61333241654	c(-632966.078613312, -645089.227039933, 5082338.62176509, 5096530.82497771)
2384	2020-10-12	23567.175003019966	c(-616638.592062825, -632966.078613312, 5091368.00033625, 5082338.62176509)
2440	2020-10-12	23548.817269219686	c(-604459.673771908, -616638.592062825, 5077242.82900052, 5091368.00033625)
2468	2020-10-12	0	c(-608542.972980657, -604459.673771908, 5054050.72986415, 5077242.82900052)
2468	2020-10-12	0	c(-596243.522473643, -608542.972980657, 5039955.20582008, 5054050.72986415)
2468	2020-10-12	0	c(-579925.84669418, -596243.522473643, 5049089.03113205, 5039955.20582008)
2524	2020-10-12	18700.088440255884	c(-567571.439335636, -579925.84669418, 5035060.56297466, 5049089.03113205)
2552	2020-10-12	0	c(-571470.085438854, -567571.439335636, 5011861.38955755, 5035060.56297466)
2552	2020-10-12	0	c(-558996.59957376, -571470.085438854, 4997863.24318866, 5011861.38955755)
2552	2020-10-12	0	c(-542688.882947144, -558996.59957376, 5007100.86082995, 4997863.24318866)
2609	2020-10-12	0	c(-530161.22913895, -542688.882947144, 4993169.76664417, 5007100.86082995)
2609	2020-10-12	0	c(-513907.421456906, -530161.22913895, 5002474.48708219, 4993169.76664417)
2668	2020-10-12	18728.696873906723	c(-501325.786601781, -513907.421456906, 4988610.28153641, 5002474.48708219)
2697	2020-10-12	0	c(-504934.400087898, -501325.786601781, 4965405.41867969, 4988610.28153641)
2697	2020-10-12	0	c(-492235.713338915, -504934.400087898, 4951572.28649264, 4965405.41867969)
2697	2020-10-12	0	c(-475991.749971927, -492235.713338915, 4960979.68256194, 4951572.28649264)
2757	2020-10-12	18771.399699346897	c(-463239.831068176, -475991.749971927, 4947213.40501156, 4960979.68256194)
2787	2020-10-12	0	c(-466669.007737971, -463239.831068176, 4924004.38728191, 4947213.40501156)
2787	2020-10-12	0	c(-453801.470153697, -466669.007737971, 4910269.724013, 4924004.38728191)
2787	2020-10-12	0	c(-437567.390184057, -453801.470153697, 4919779.16134926, 4910269.724013)
2850	2020-10-12	18814.21672334284	c(-424647.343702207, -437567.390184057, 4906111.29349872, 4919779.16134926)
2881	2020-10-12	0	c(-427899.219095101, -424647.343702207, 4882899.20760279, 4906111.29349872)
2881	2020-10-12	0	c(-414864.97918687, -427899.219095101, 4869263.44076013, 4882899.20760279)
2881	2020-10-12	0	c(-398640.777739959, -414864.97918687, 4878874.2897547, 4869263.44076013)
2945	2020-10-12	18857.17717439353	c(-385554.725919785, -398640.777739959, 4865305.2348859, 4878874.2897547)
2976	2020-10-12	0	c(-388631.444463635, -385554.725919785, 4842091.08409624, 4865305.2348859)
2976	2020-10-12	0	c(-375432.615060403, -388631.444463635, 4828554.5635046, 4842091.08409624)
3008	2020-10-12	0	c(-378439.972857873, -375432.615060403, 4805337.7776327, 4828554.5635046)
3008	2020-10-12	0	c(-365129.238493197, -378439.972857873, 4791834.12436169, 4805337.7776327)
3040	2020-10-12	0	c(-368067.761043513, -365129.238493197, 4768615.00540322, 4791834.12436169)
3040	2020-10-12	0	c(-354645.998155964, -368067.761043513, 4755144.53539226, 4768615.00540322)
3072	2020-10-12	0	c(-357516.217763315, -354645.998155964, 4731923.37730478, 4755144.53539226)
3072	2020-10-12	0	c(-343984.306342538, -357516.217763315, 4718486.38938658, 4731923.37730478)
3072	2020-10-12	0	c(-327642.31741223, -343984.306342538, 4728303.75200589, 4718486.38938658)
3137	2020-10-12	0	c(-314060.850724876, -327642.31741223, 4714933.46814566, 4728303.75200589)
3137	2020-10-12	0	c(-297771.145501663, -314060.850724876, 4724815.28516074, 4714933.46814566)
3200	2020-10-12	19052.68494933687	c(-284140.215817676, -297771.145501663, 4711511.51800483, 4724815.28516074)
3200	2020-10-12	23363.42072808243	c(-267902.636974526, -284140.215817676, 4721457.6573719, 4711511.51800483)
3262	2020-10-12	23350.210238886688	c(-254222.330032575, -267902.636974526, 4708220.22406436, 4721457.6573719)
3292	2020-10-12	0	c(-256720.815005571, -254222.330032575, 4685004.06824476, 4708220.22406436)
3292	2020-10-12	0	c(-242932.779042369, -256720.815005571, 4671800.39484602, 4685004.06824476)
3292	2020-10-12	0	c(-226704.754189641, -242932.779042369, 4681845.25659322, 4671800.39484602)
3354	2020-10-12	19085.28328690228	c(-212867.913998084, -226704.754189641, 4668707.72733539, 4681845.25659322)
3385	2020-10-12	0	c(-215201.111511864, -212867.913998084, 4645493.15479156, 4668707.72733539)
3385	2020-10-12	0	c(-201257.905107951, -215201.111511864, 4632389.58204878, 4645493.15479156)
3385	2020-10-12	0	c(-185039.188333495, -201257.905107951, 4642532.57106907, 4632389.58204878)
3449	2020-10-12	19129.218490983803	c(-171047.72147991, -185039.188333495, 4629494.93388325, 4642532.57106907)
3480	2020-10-12	19182.998627016157	c(-173217.797108239, -171047.72147991, 4606282.49718459, 4629494.93388325)
3511	2020-10-12	19404.959574022465	c(-173688.91988374, -171634.352499305, 4430776.7778702, 4453993.60812583)
3480	2020-10-12	19182.998627016157	c(-159121.310342271, -173217.797108239, 4593278.964086, 4606282.49718459)
3513	2020-10-12	0	c(-161228.775704491, -159121.310342271, 4570066.60162243, 4593278.964086)
3511	2020-10-12	19457.27282685442	c(-159171.345118681, -173688.91988374, 4417814.7017716, 4430776.7778702)
3544	2020-10-12	19457.27282685442	c(-161164.83012867, -159171.345118681, 4394598.58255177, 4417814.7017716)
3511	2020-10-12	0	c(-171634.352499305, -155158.223255312, 4453993.60812583, 4464244.93102606)
3545	2020-10-12	0	c(-155158.223255312, -153138.640858899, 4464244.93102606, 4487459.03964181)
3513	2020-10-12	0	c(-147028.136885597, -161228.775704491, 4557097.33369131, 4570066.60162243)
3546	2020-10-12	0	c(-149073.570112908, -147028.136885597, 4533885.2415751, 4557097.33369131)
3544	2020-10-12	19509.308235644836	c(-146546.562444213, -161164.83012867, 4381671.5745309, 4394598.58255177)
3545	2020-10-12	0	c(-153138.640858899, -136753.632885423, 4487459.03964181, 4497738.74942371)
3546	2020-10-12	0	c(-134769.648442006, -149073.570112908, 4520950.38339937, 4533885.2415751)
3579	2020-10-12	19285.0390508672	c(-136753.632885423, -134769.648442006, 4497738.74942371, 4520950.38339937)
3544	2020-10-12	0	c(-129990.075937585, -146546.562444213, 4391991.25778133, 4381671.5745309)
3611	2020-10-12	0	c(-115326.777598032, -129990.075937585, 4379129.80928755, 4391991.25778133)
3611	2020-10-12	0	c(-98820.0480293651, -115326.777598032, 4389511.43264211, 4379129.80928755)
3611	2020-10-12	0	c(-97016.8595669304, -98820.0480293651, 4412720.64892948, 4389511.43264211)
3646	2020-10-12	0	c(-80600.2445110925, -97016.8595669304, 4423130.51107387, 4412720.64892948)
3646	2020-10-12	0	c(-78832.952706967, -80600.2445110925, 4446337.59952283, 4423130.51107387)
3681	2020-10-12	0	c(-62507.0551015554, -78832.952706967, 4456776.04385785, 4446337.59952283)
3681	2020-10-12	0	c(-60776.2767930184, -62507.0551015554, 4479981.22989679, 4456776.04385785)
3717	2020-10-12	0	c(-44541.7027953052, -60776.2767930184, 4490448.58688733, 4479981.22989679)
3717	2020-10-12	0	c(-42848.0526019081, -44541.7027953052, 4513652.08900292, 4490448.58688733)
3753	2020-10-12	0	c(-26705.4115478013, -42848.0526019081, 4524148.67611142, 4513652.08900292)
3753	2020-10-12	0	c(-25049.5018587668, -26705.4115478013, 4547350.7057958, 4524148.67611142)
3790	2020-10-12	0	c(-8999.40621705481, -25049.5018587668, 4557876.82741587, 4547350.7057958)
3863	2020-10-12	0	c(5437.48717027064, -8999.40621705481, 4545234.03007108, 4557876.82741587)
3863	2020-10-12	0	c(21437.5973357341, 5437.48717027064, 4555822.92196688, 4545234.03007108)
3863	2020-10-12	0	c(22957.6817382137, 21437.5973357341, 4579021.69514202, 4555822.92196688)
3900	2020-10-12	0	c(38864.5202687078, 22957.6817382137, 4589640.55897228, 4579021.69514202)
3900	2020-10-12	0	c(40345.1226871826, 38864.5202687078, 4612838.47762689, 4589640.55897228)
3938	2020-10-12	0	c(56158.0631871643, 40345.1226871826, 4623487.58170661, 4612838.47762689)
3938	2020-10-12	0	c(57598.5776361617, 56158.0631871643, 4646684.82641243, 4623487.58170661)
3975	2020-10-12	19000.222737267915	c(73316.9908172457, 57598.5776361617, 4657364.42573425, 4646684.82641243)
4049	2020-10-12	0	c(87639.3739282506, 73316.9908172457, 4644879.32236714, 4657364.42573425)
4049	2020-10-12	0	c(103307.571359381, 87639.3739282506, 4655622.06090727, 4644879.32236714)
4049	2020-10-12	0	c(104608.477733233, 103307.571359381, 4678817.52212903, 4655622.06090727)
4087	2020-10-12	0	c(120181.372619221, 104608.477733233, 4689591.11360505, 4678817.52212903)
4087	2020-10-12	0	c(121440.455933806, 120181.372619221, 4712786.41796345, 4689591.11360505)
4125	2020-10-12	18872.78528867015	c(136917.405903287, 121440.455933806, 4723591.08053383, 4712786.41796345)
4200	2020-10-12	0	c(151181.002453609, 136917.405903287, 4711232.60821716, 4723591.08053383)
4200	2020-10-12	0	c(166607.546061197, 151181.002453609, 4722100.5969678, 4711232.60821716)
4200	2020-10-12	0	c(167724.339694254, 166607.546061197, 4745295.02476846, 4722100.5969678)
4236	2020-10-12	0	c(183054.126338029, 167724.339694254, 4756194.38430158, 4745295.02476846)
4236	2020-10-12	0	c(184127.365132848, 183054.126338029, 4779389.09456334, 4756194.38430158)
4270	2020-10-12	0	c(199359.740101165, 184127.365132848, 4790320.00561878, 4779389.09456334)
4270	2020-10-12	0	c(200388.829842809, 199359.740101165, 4813515.12280775, 4790320.00561878)
4305	2020-10-12	0	c(215523.136106801, 200388.829842809, 4824477.75235595, 4813515.12280775)
4274	2020-10-12	18208.325893703433	c(213045.535440114, 211969.42213748, 5091895.31589189, 5068694.22927972)
4308	2020-10-12	0	c(211969.42213748, 225535.184194923, 5068694.22927972, 5056458.06597413)
4309	2020-10-12	0	c(227581.963124492, 213045.535440114, 5102860.50636119, 5091895.31589189)
4275	2020-10-12	18086.58578178643	c(216296.786663914, 215209.231917747, 5161501.56160715, 5138298.98215308)
4309	2020-10-12	0	c(215209.231917747, 228610.812182673, 5138298.98215308, 5126062.5237528)
4310	2020-10-12	0	c(230679.361945889, 216296.786663914, 5172468.15239464, 5161501.56160715)
4276	2020-10-12	17964.163841742997	c(219582.105258849, 218483.237705765, 5231112.28353745, 5207908.21247626)
4310	2020-10-12	0	c(218483.237705765, 231719.035484923, 5207908.21247626, 5195671.76334504)
4311	2020-10-12	0	c(233809.111589708, 219582.105258849, 5242080.57754312, 5231112.28353745)
4277	2020-10-12	17902.70908758602	c(222901.102501993, 221791.052183596, 5300727.47654844, 5277521.91582989)
4311	2020-10-12	0	c(221791.052183596, 234859.486691635, 5277521.91582989, 5265285.78032133)
4312	2020-10-12	17839.541891631343	c(236970.84196554, 222901.102501993, 5311697.77585046, 5300727.47654844)
4305	2020-10-12	0	c(216507.485189694, 215523.136106801, 4847673.393467, 4824477.75235595)
4339	2020-10-12	0	c(231543.063501448, 216507.485189694, 4858667.89464695, 4847673.393467)
4306	2020-10-12	0	c(219483.163498358, 218487.511858565, 4917263.50212522, 4894066.26816262)
4339	2020-10-12	0	c(218487.511858565, 232482.082978134, 4894066.26816262, 4881864.16917074)
4340	2020-10-12	0	c(234370.815463762, 219483.163498358, 4928258.40777731, 4917263.50212522)
4307	2020-10-12	18387.775767101866	c(222492.514878492, 221485.678135983, 4986858.39214833, 4963659.56401366)
4340	2020-10-12	0	c(221485.678135983, 235320.503736069, 4963659.56401366, 4951456.37216555)
4341	2020-10-12	0	c(237230.462131521, 222492.514878492, 4997853.99165123, 4986858.39214833)
4308	2020-10-12	0	c(225535.184194923, 224517.281188813, 5056458.06597413, 5033257.64310886)
4341	2020-10-12	0	c(224517.281188813, 238190.707225384, 5033257.64310886, 5021053.64687456)
4309	2020-10-12	0	c(228610.812182673, 227581.963124492, 5126062.5237528, 5102860.50636119)
4310	2020-10-12	0	c(231719.035484923, 230679.361945889, 5195671.76334504, 5172468.15239464)
4311	2020-10-12	0	c(234859.486691635, 233809.111589708, 5265285.78032133, 5242080.57754312)
4312	2020-10-12	17777.814550210653	c(238031.794378819, 236970.84196554, 5334904.56796235, 5311697.77585046)
4346	2020-10-12	0	c(251995.17630837, 238031.794378819, 5345907.9608605, 5334904.56796235)
4313	2020-10-12	17653.936061116077	c(241235.583148445, 240164.17899556, 5404528.11726038, 5381319.7390715)
4346	2020-10-12	0	c(240164.17899556, 253006.480432449, 5381319.7390715, 5369116.05650749)
4347	2020-10-12	0	c(255038.973277297, 241235.583148445, 5415533.92842543, 5404528.11726038)
4339	2020-10-12	0	c(232482.082978134, 231543.063501448, 4881864.16917074, 4858667.89464695)
4340	2020-10-12	0	c(235320.503736069, 234370.815463762, 4951456.37216555, 4928258.40777731)
4341	2020-10-12	0	c(238190.707225384, 237230.462131521, 5021053.64687456, 4997853.99165123)
4346	2020-10-12	0	c(253006.480432449, 251995.17630837, 5369116.05650749, 5345907.9608605)
4347	2020-10-12	0	c(256060.135269433, 255038.973277297, 5438743.70374398, 5415533.92842543)
5793	2020-10-12	626702.21246977	c(871464.709426663, 870060.324803528, 5108044.74943018, 5131245.23669869)
5793	2020-10-12	629090.1252792316	c(886187.636241288, 871464.709426663, 5097306.45983823, 5108044.74943018)
5793	2020-10-12	626702.21246977	c(870060.324803528, 883272.53821247, 5131245.23669869, 5143706.91368603)
5793	2020-10-12	644371.010576514	c(899456.710087885, 886187.636241288, 5109800.26633405, 5097306.45983823)
5848	2020-10-12	656978.2365844179	c(914232.408115612, 899456.710087885, 5099126.28874004, 5109800.26633405)
5873	2020-10-12	670874.7801402427	c(915788.122172648, 914232.408115612, 5075926.78745904, 5099126.28874004)
5793	2020-10-12	639461.8045443378	c(883272.53821247, 897945.964402817, 5143706.91368603, 5133000.22143151)
5848	2020-10-12	654488.9402850308	c(897945.964402817, 911104.476485777, 5133000.22143151, 5145525.63191698)
5873	2020-10-12	670874.7801402427	c(930665.474604086, 915788.122172648, 5065285.39444699, 5075926.78745904)
5848	2020-10-12	667242.1532101529	c(911104.476485777, 925830.87835036, 5145525.63191698, 5134883.33503981)
5896	2020-10-12	682277.9946212891	c(925830.87835036, 938935.600172526, 5134883.33503981, 5147472.52199796)
5873	2020-10-12	684300.4780948487	c(943938.298817666, 930665.474604086, 5077875.33111388, 5065285.39444699)
5873	2020-10-12	699033.6824619789	c(942276.601040717, 943938.298817666, 5101074.38467563, 5077875.33111388)
5896	2020-10-12	700157.9113122871	c(955438.822630544, 942276.601040717, 5113695.96976157, 5101074.38467563)
5896	2020-10-12	694353.9292394168	c(938935.600172526, 953715.005348702, 5147472.52199796, 5136894.71855157)
5896	2020-10-12	710074.5394567145	c(953715.005348702, 955438.822630544, 5136894.71855157, 5113695.96976157)
1539	2020-10-13	0	c(-961255.453141132, -954955.604451985, 5605677.93673546, 5628654.08443758)
1539	2020-10-13	0	c(-951231.331980541, -961255.453141132, 5590605.08612733, 5605677.93673546)
1567	2020-10-13	0	c(-957444.662171436, -951231.331980541, 5567609.95858693, 5590605.08612733)
1567	2020-10-13	0	c(-947284.178929835, -957444.662171436, 5552555.08392086, 5567609.95858693)
1594	2020-10-13	0	c(-953411.228920908, -947284.178929835, 5529541.56564999, 5552555.08392086)
1594	2020-10-13	0	c(-943115.101674419, -953411.228920908, 5514505.54150437, 5529541.56564999)
1594	2020-10-13	0	c(-926762.369666241, -943115.101674419, 5522528.78671834, 5514505.54150437)
1650	2020-10-13	18214.94737556876	c(-916401.569682563, -926762.369666241, 5507557.73840935, 5522528.78671834)
1678	2020-10-13	18275.257457095366	c(-922323.379714333, -916401.569682563, 5484518.2508268, 5507557.73840935)
1678	2020-10-13	18275.257457095366	c(-911828.314804335, -922323.379714333, 5469567.34533932, 5484518.2508268)
1706	2020-10-13	0	c(-917664.928167379, -911828.314804335, 5446511.30616298, 5469567.34533932)
1706	2020-10-13	0	c(-907036.347213397, -917664.928167379, 5431581.37055744, 5446511.30616298)
1734	2020-10-13	0	c(-912788.047813945, -907036.347213397, 5408509.3471724, 5431581.37055744)
1734	2020-10-13	0	c(-902026.712287155, -912788.047813945, 5393601.19277716, 5408509.3471724)
1762	2020-10-13	0	c(-907693.795566397, -902026.712287155, 5370513.74805813, 5393601.19277716)
1762	2020-10-13	0	c(-896800.479222107, -907693.795566397, 5355628.17024193, 5370513.74805813)
1790	2020-10-13	0	c(-902383.252057299, -896800.479222107, 5332525.8623315, 5355628.17024193)
1790	2020-10-13	0	c(-891358.740626339, -902383.252057299, 5317663.64028513, 5332525.8623315)
1790	2020-10-13	0	c(-874821.034227742, -891358.740626339, 5325946.91190594, 5317663.64028513)
1847	2020-10-13	18496.170459593195	c(-863735.443893541, -874821.034227742, 5311151.53115115, 5325946.91190594)
1875	2020-10-13	18554.818975886352	c(-869118.358682164, -863735.443893541, 5288030.20760699, 5311151.53115115)
1875	2020-10-13	18554.818975886352	c(-857903.02870333, -869118.358682164, 5273259.28335501, 5288030.20760699)
1903	2020-10-13	0	c(-863202.901787423, -857903.02870333, 5250124.803847, 5273259.28335501)
1903	2020-10-13	0	c(-851858.643080652, -863202.901787423, 5235379.06522705, 5250124.803847)
1903	2020-10-13	0	c(-835283.439363424, -851858.643080652, 5243809.70859681, 5235379.06522705)
1960	2020-10-13	18596.051352254508	c(-823879.718211261, -835283.439363424, 5229131.32343082, 5243809.70859681)
1960	2020-10-13	23706.182208786868	c(-807359.552438653, -823879.718211261, 5237632.79028228, 5229131.32343082)
2017	2020-10-13	23685.042383796263	c(-795896.65937224, -807359.552438653, 5223021.6135373, 5237632.79028228)
2045	2020-10-13	0	c(-800885.764901271, -795896.65937224, 5199867.99484081, 5223021.6135373)
2045	2020-10-13	0	c(-789296.067945112, -800885.764901271, 5185283.29599663, 5199867.99484081)
2045	2020-10-13	0	c(-772785.29080507, -789296.067945112, 5193892.84226145, 5185283.29599663)
2102	2020-10-13	18620.688726634315	c(-761137.345947013, -772785.29080507, 5179375.48502448, 5193892.84226145)
2102	2020-10-13	23658.133468259097	c(-744681.428883639, -761137.345947013, 5188054.97580174, 5179375.48502448)
2159	2020-10-13	23637.892177267247	c(-732975.504503303, -744681.428883639, 5173604.80984575, 5188054.97580174)
2187	2020-10-13	0	c(-737658.257020911, -732975.504503303, 5150435.39519102, 5173604.80984575)
2187	2020-10-13	0	c(-725827.639712996, -737658.257020911, 5136012.87964415, 5150435.39519102)
2187	2020-10-13	0	c(-709381.349573042, -725827.639712996, 5144799.2039977, 5136012.87964415)
2244	2020-10-13	18646.17802696543	c(-697493.640965284, -709381.349573042, 5130443.97420869, 5144799.2039977)
2272	2020-10-13	0	c(-701985.570853123, -697493.640965284, 5107263.42491278, 5130443.97420869)
2272	2020-10-13	0	c(-689974.641554711, -701985.570853123, 5092936.68285322, 5107263.42491278)
2272	2020-10-13	0	c(-673538.260611496, -689974.641554711, 5101829.16143082, 5092936.68285322)
2328	2020-10-13	18687.717724846152	c(-661471.106100638, -673538.260611496, 5087569.76884004, 5101829.16143082)
2356	2020-10-13	0	c(-665774.292642678, -661471.106100638, 5064379.63757183, 5087569.76884004)
2356	2020-10-13	0	c(-653585.390175546, -665774.292642678, 5050149.51188537, 5064379.63757183)
2356	2020-10-13	0	c(-637159.155046976, -653585.390175546, 5059147.46294013, 5050149.51188537)
2412	2020-10-13	0	c(-624914.870443009, -637159.155046976, 5044984.72066149, 5059147.46294013)
2412	2020-10-13	0	c(-608542.972980657, -624914.870443009, 5054050.72986415, 5044984.72066149)
2468	2020-10-13	18714.47432819026	c(-596243.522473643, -608542.972980657, 5039955.20582008, 5054050.72986415)
2495	2020-10-13	0	c(-600250.955761808, -596243.522473643, 5016756.4611478, 5039955.20582008)
2495	2020-10-13	0	c(-587831.831761269, -600250.955761808, 5002691.09592629, 5016756.4611478)
2495	2020-10-13	0	c(-571470.085438854, -587831.831761269, 5011861.38955755, 5002691.09592629)
2552	2020-10-13	18756.359668191075	c(-558996.59957376, -571470.085438854, 4997863.24318866, 5011861.38955755)
2552	2020-10-13	23517.94907982502	c(-542688.882947144, -558996.59957376, 5007100.86082995, 4997863.24318866)
2609	2020-10-13	36652.246789509045	c(-530161.22913895, -542688.882947144, 4993169.76664417, 5007100.86082995)
2638	2020-10-13	18798.298072906633	c(-533877.336746498, -530161.22913895, 4969964.81545274, 4993169.76664417)
2638	2020-10-13	18798.298072906633	c(-521232.053878982, -533877.336746498, 4956064.6615038, 4969964.81545274)
2638	2020-10-13	23494.07123407348	c(-504934.400087898, -521232.053878982, 4965405.41867969, 4956064.6615038)
2697	2020-10-13	36691.92559516784	c(-492235.713338915, -504934.400087898, 4951572.28649264, 4965405.41867969)
2726	2020-10-13	18840.31854731159	c(-495771.411772182, -492235.713338915, 4928362.76930601, 4951572.28649264)
2726	2020-10-13	18840.31854731159	c(-482956.539551147, -495771.411772182, 4914561.1404167, 4928362.76930601)
2726	2020-10-13	23470.73304482422	c(-466669.007737971, -482956.539551147, 4924004.38728191, 4914561.1404167)
2787	2020-10-13	36731.16256019591	c(-453801.470153697, -466669.007737971, 4910269.724013, 4924004.38728191)
2818	2020-10-13	18882.450363306827	c(-457158.901005607, -453801.470153697, 4887056.7682471, 4910269.724013)
2818	2020-10-13	18882.450363306827	c(-444176.614137773, -457158.901005607, 4873354.11664896, 4887056.7682471)
2818	2020-10-13	23447.97142424878	c(-427899.219095101, -444176.614137773, 4882899.20760279, 4873354.11664896)
2881	2020-10-13	36770.04186327399	c(-414864.97918687, -427899.219095101, 4869263.44076013, 4882899.20760279)
2912	2020-10-13	18924.723043450576	c(-418046.293955427, -414864.97918687, 4846048.08990556, 4869263.44076013)
2912	2020-10-13	18924.723043450576	c(-404898.732073824, -418046.293955427, 4832444.78915302, 4846048.08990556)
2912	2020-10-13	23425.82305564734	c(-388631.444463635, -404898.732073824, 4842091.08409624, 4832444.78915302)
2976	2020-10-13	36808.647245844535	c(-375432.615060403, -388631.444463635, 4828554.5635046, 4842091.08409624)
3008	2020-10-13	18967.166345995352	c(-378439.972857873, -375432.615060403, 4805337.7776327, 4828554.5635046)
3008	2020-10-13	18967.166345995352	c(-365129.238493197, -378439.972857873, 4791834.12436169, 4805337.7776327)
3040	2020-10-13	19021.729891283387	c(-368067.761043513, -365129.238493197, 4768615.00540322, 4791834.12436169)
3040	2020-10-13	19021.729891283387	c(-354645.998155964, -368067.761043513, 4755144.53539226, 4768615.00540322)
3072	2020-10-13	0	c(-357516.217763315, -354645.998155964, 4731923.37730478, 4755144.53539226)
3072	2020-10-13	0	c(-343984.306342538, -357516.217763315, 4718486.38938658, 4731923.37730478)
3072	2020-10-13	0	c(-327642.31741223, -343984.306342538, 4728303.75200589, 4718486.38938658)
3137	2020-10-13	19064.134152834275	c(-314060.850724876, -327642.31741223, 4714933.46814566, 4728303.75200589)
3168	2020-10-13	0	c(-316761.73616555, -314060.850724876, 4691712.86719966, 4714933.46814566)
3168	2020-10-13	0	c(-303071.525478697, -316761.73616555, 4678376.35103706, 4691712.86719966)
3168	2020-10-13	0	c(-286739.780811347, -303071.525478697, 4688293.16987321, 4678376.35103706)
3230	2020-10-13	19106.78360448039	c(-273000.61920349, -286739.780811347, 4675023.16906609, 4688293.16987321)
3230	2020-10-13	23357.169448466448	c(-256720.815005571, -273000.61920349, 4685004.06824476, 4675023.16906609)
3292	2020-10-13	36982.181090598104	c(-242932.779042369, -256720.815005571, 4671800.39484602, 4685004.06824476)
3323	2020-10-13	19149.708845125224	c(-245366.134444765, -242932.779042369, 4648583.4786241, 4671800.39484602)
3323	2020-10-13	19149.708845125224	c(-231471.243001278, -245366.134444765, 4635413.78709005, 4648583.4786241)
3323	2020-10-13	23337.96776759606	c(-215201.111511864, -231471.243001278, 4645493.15479156, 4635413.78709005)
3385	2020-10-13	37019.63648328941	c(-201257.905107951, -215201.111511864, 4632389.58204878, 4645493.15479156)
3416	2020-10-13	19192.94065133813	c(-203527.228537455, -201257.905107951, 4609174.68765636, 4632389.58204878)
3416	2020-10-13	19192.94065133813	c(-189478.526974027, -203527.228537455, 4596105.26275887, 4609174.68765636)
3448	2020-10-13	19246.35876300244	c(-191684.546424298, -189478.526974027, 4572890.26215491, 4596105.26275887)
3448	2020-10-13	19246.35876300244	c(-177531.222501875, -191684.546424298, 4559855.15979291, 4572890.26215491)
3512	2020-10-13	19352.369028513127	c(-167498.585248215, -165417.441607373, 4500425.03920676, 4523639.63857458)
3512	2020-10-13	19352.369028513127	c(-153138.640858899, -167498.585248215, 4487459.03964181, 4500425.03920676)
3545	2020-10-13	19404.959574022465	c(-155158.223255312, -153138.640858899, 4464244.93102606, 4487459.03964181)
3448	2020-10-13	30643.033130493226	c(-161228.775704491, -177531.222501875, 4570066.60162243, 4559855.15979291)
3512	2020-10-13	30780.95291922053	c(-165417.441607373, -149073.570112908, 4523639.63857458, 4533885.2415751)
3513	2020-10-13	47378.80423894714	c(-147028.136885597, -161228.775704491, 4557097.33369131, 4570066.60162243)
3546	2020-10-13	47578.91779655955	c(-149073.570112908, -147028.136885597, 4533885.2415751, 4557097.33369131)
3545	2020-10-13	19404.959574022465	c(-140696.283124848, -155158.223255312, 4451313.67867408, 4464244.93102606)
3578	2020-10-13	31053.923399227064	c(-142654.895555636, -140696.283124848, 4428100.2430646, 4451313.67867408)
3578	2020-10-13	23290.07485106899	c(-128091.837226727, -142654.895555636, 4415203.84652893, 4428100.2430646)
3611	2020-10-13	0	c(-129990.075937585, -128091.837226727, 4391991.25778133, 4415203.84652893)
3611	2020-10-13	0	c(-115326.777598032, -129990.075937585, 4379129.80928755, 4391991.25778133)
3611	2020-10-13	0	c(-98820.0480293651, -115326.777598032, 4389511.43264211, 4379129.80928755)
3611	2020-10-13	0	c(-97016.8595669304, -98820.0480293651, 4412720.64892948, 4389511.43264211)
3646	2020-10-13	0	c(-80600.2445110925, -97016.8595669304, 4423130.51107387, 4412720.64892948)
3646	2020-10-13	0	c(-78832.952706967, -80600.2445110925, 4446337.59952283, 4423130.51107387)
3681	2020-10-13	0	c(-62507.0551015554, -78832.952706967, 4456776.04385785, 4446337.59952283)
3681	2020-10-13	0	c(-60776.2767930184, -62507.0551015554, 4479981.22989679, 4456776.04385785)
3717	2020-10-13	0	c(-44541.7027953052, -60776.2767930184, 4490448.58688733, 4479981.22989679)
3717	2020-10-13	0	c(-42848.0526019081, -44541.7027953052, 4513652.08900292, 4490448.58688733)
3753	2020-10-13	19251.39209663537	c(-26705.4115478013, -42848.0526019081, 4524148.67611142, 4513652.08900292)
3753	2020-10-13	19251.39209663537	c(-25049.5018587668, -26705.4115478013, 4547350.7057958, 4524148.67611142)
3790	2020-10-13	19190.21144694845	c(-8999.40621705481, -25049.5018587668, 4557876.82741587, 4547350.7057958)
3863	2020-10-13	0	c(5437.48717027064, -8999.40621705481, 4545234.03007108, 4557876.82741587)
3863	2020-10-13	0	c(21437.5973357341, 5437.48717027064, 4555822.92196688, 4545234.03007108)
3863	2020-10-13	0	c(22957.6817382137, 21437.5973357341, 4579021.69514202, 4555822.92196688)
3900	2020-10-13	19122.287870265063	c(38864.5202687078, 22957.6817382137, 4589640.55897228, 4579021.69514202)
3900	2020-10-13	19122.287870265063	c(40345.1226871826, 38864.5202687078, 4612838.47762689, 4589640.55897228)
3938	2020-10-13	19061.287710619396	c(56158.0631871643, 40345.1226871826, 4623487.58170661, 4612838.47762689)
4012	2020-10-13	0	c(70534.3857763268, 56158.0631871643, 4610971.43062094, 4623487.58170661)
4012	2020-10-13	0	c(86297.2460503142, 70534.3857763268, 4621683.54789716, 4610971.43062094)
4012	2020-10-13	0	c(87639.3739282506, 86297.2460503142, 4644879.32236714, 4621683.54789716)
4049	2020-10-13	18994.551988219875	c(103307.571359381, 87639.3739282506, 4655622.06090727, 4644879.32236714)
4049	2020-10-13	18994.551988219875	c(104608.477733233, 103307.571359381, 4678817.52212903, 4655622.06090727)
4087	2020-10-13	18933.703718927518	c(120181.372619221, 104608.477733233, 4689591.11360505, 4678817.52212903)
4162	2020-10-13	0	c(134498.602489792, 120181.372619221, 4677201.51856125, 4689591.11360505)
4162	2020-10-13	0	c(150021.250760406, 134498.602489792, 4688038.33097532, 4677201.51856125)
4162	2020-10-13	0	c(151181.002453609, 150021.250760406, 4711232.60821716, 4688038.33097532)
4200	2020-10-13	0	c(166607.546061197, 151181.002453609, 4722100.5969678, 4711232.60821716)
4200	2020-10-13	0	c(167724.339694254, 166607.546061197, 4745295.02476846, 4722100.5969678)
4236	2020-10-13	18807.35798154455	c(183054.126338029, 167724.339694254, 4756194.38430158, 4745295.02476846)
4236	2020-10-13	18807.35798154455	c(184127.365132848, 183054.126338029, 4779389.09456334, 4756194.38430158)
4270	2020-10-13	18746.559003966177	c(199359.740101165, 184127.365132848, 4790320.00561878, 4779389.09456334)
4270	2020-10-13	18746.559003966177	c(200388.829842809, 199359.740101165, 4813515.12280775, 4790320.00561878)
4305	2020-10-13	18685.685451004934	c(215523.136106801, 200388.829842809, 4824477.75235595, 4813515.12280775)
4305	2020-10-13	18626.53138307879	c(216507.485189694, 215523.136106801, 4847673.393467, 4824477.75235595)
4339	2020-10-13	0	c(231543.063501448, 216507.485189694, 4858667.89464695, 4847673.393467)
4306	2020-10-13	18567.154887821078	c(219483.163498358, 218487.511858565, 4917263.50212522, 4894066.26816262)
4339	2020-10-13	0	c(218487.511858565, 232482.082978134, 4894066.26816262, 4881864.16917074)
4340	2020-10-13	18505.82505573992	c(234370.815463762, 219483.163498358, 4928258.40777731, 4917263.50212522)
4308	2020-10-13	28229.430042202177	c(225535.184194923, 224517.281188813, 5056458.06597413, 5033257.64310886)
4341	2020-10-13	18325.90997463808	c(224517.281188813, 238190.707225384, 5033257.64310886, 5021053.64687456)
4342	2020-10-13	18265.543654239562	c(240121.666268873, 225535.184194923, 5067454.64837231, 5056458.06597413)
4309	2020-10-13	27912.956065191225	c(228610.812182673, 227581.963124492, 5126062.5237528, 5102860.50636119)
4342	2020-10-13	18204.994187994595	c(227581.963124492, 241092.354899186, 5102860.50636119, 5090655.9945929)
4343	2020-10-13	18144.259019811037	c(243044.08671867, 228610.812182673, 5137060.37761806, 5126062.5237528)
4310	2020-10-13	27593.132906584113	c(231719.035484923, 230679.361945889, 5195671.76334504, 5172468.15239464)
4343	2020-10-13	18083.351549544175	c(230679.361945889, 244025.104301158, 5172468.15239464, 5160263.41418893)
4344	2020-10-13	18022.26941361881	c(245997.378438288, 231719.035484923, 5206671.17663819, 5195671.76334504)
4311	2020-10-13	27269.998462035837	c(234859.486691635, 233809.111589708, 5265285.78032133, 5242080.57754312)
4344	2020-10-13	17961.026082007855	c(233809.111589708, 246988.609101582, 5242080.57754312, 5229875.902103)
4345	2020-10-13	17899.619390698634	c(248981.192536064, 234859.486691635, 5276287.04025429, 5265285.78032133)
4339	2020-10-13	0	c(232482.082978134, 231543.063501448, 4881864.16917074, 4858667.89464695)
4340	2020-10-13	18446.055932969026	c(235320.503736069, 234370.815463762, 4951456.37216555, 4928258.40777731)
4374	2020-10-13	0	c(250107.646817748, 235320.503736069, 4962483.49232288, 4951456.37216555)
4341	2020-10-13	18325.90997463808	c(238190.707225384, 237230.462131521, 5021053.64687456, 4997853.99165123)
4374	2020-10-13	0	c(237230.462131521, 251010.790882348, 4997853.99165123, 4985682.28385486)
4342	2020-10-13	18204.994187994595	c(241092.354899186, 240121.666268873, 5090655.9945929, 5067454.64837231)
4343	2020-10-13	18083.351549544175	c(244025.104301158, 243044.08671867, 5160263.41418893, 5137060.37761806)
4344	2020-10-13	17961.026082007855	c(246988.609101582, 245997.378438288, 5229875.902103, 5206671.17663819)
4345	2020-10-13	17838.062879030575	c(249982.519133993, 248981.192536064, 5299493.4523474, 5276287.04025429)
4379	2020-10-13	0	c(263998.281595924, 249982.519133993, 5310527.71217246, 5299493.4523474)
4346	2020-10-13	17714.50813041062	c(253006.480432449, 251995.17630837, 5369116.05650749, 5345907.9608605)
4379	2020-10-13	0	c(251995.17630837, 264950.006658465, 5345907.9608605, 5333735.4034836)
4380	2020-10-13	0	c(266862.865383075, 253006.480432449, 5380152.55932325, 5369116.05650749)
4347	2020-10-13	17652.521757673803	c(256060.135269433, 255038.973277297, 5438743.70374398, 5415533.92842543)
4380	2020-10-13	0	c(255038.973277297, 267823.9739111, 5415533.92842543, 5403362.02293784)
4374	2020-10-13	0	c(251010.790882348, 250107.646817748, 4985682.28385486, 4962483.49232288)
4379	2020-10-13	0	c(264950.006658465, 263998.281595924, 5333735.4034836, 5310527.71217246)
4380	2020-10-13	0	c(267823.9739111, 266862.865383075, 5403362.02293784, 5380152.55932325)
1539	2020-10-14	0	c(-961255.453141132, -954955.604451985, 5605677.93673546, 5628654.08443758)
1539	2020-10-14	0	c(-951231.331980541, -961255.453141132, 5590605.08612733, 5605677.93673546)
1567	2020-10-14	18101.763187527882	c(-957444.662171436, -951231.331980541, 5567609.95858693, 5590605.08612733)
1567	2020-10-14	18171.21551040249	c(-947284.178929835, -957444.662171436, 5552555.08392086, 5567609.95858693)
1594	2020-10-14	0	c(-953411.228920908, -947284.178929835, 5529541.56564999, 5552555.08392086)
1594	2020-10-14	0	c(-943115.101674419, -953411.228920908, 5514505.54150437, 5529541.56564999)
1622	2020-10-14	0	c(-949156.121735916, -943115.101674419, 5491474.21797714, 5514505.54150437)
1622	2020-10-14	0	c(-938725.082077758, -949156.121735916, 5476457.90376822, 5491474.21797714)
1649	2020-10-14	0	c(-944680.334372306, -938725.082077758, 5453409.35658621, 5476457.90376822)
1649	2020-10-14	0	c(-934115.12711745, -944680.334372306, 5438413.59631373, 5453409.35658621)
1649	2020-10-14	0	c(-917664.928167379, -934115.12711745, 5446511.30616298, 5438413.59631373)
1706	2020-10-14	18335.26520941379	c(-907036.347213397, -917664.928167379, 5431581.37055744, 5446511.30616298)
1734	2020-10-14	18394.965428095507	c(-912788.047813945, -907036.347213397, 5408509.3471724, 5431581.37055744)
1734	2020-10-14	18394.965428095507	c(-902026.712287155, -912788.047813945, 5393601.19277716, 5408509.3471724)
1762	2020-10-14	18454.353089742726	c(-907693.795566397, -902026.712287155, 5370513.74805813, 5393601.19277716)
1762	2020-10-14	18454.353089742726	c(-896800.479222107, -907693.795566397, 5355628.17024193, 5370513.74805813)
1790	2020-10-14	0	c(-902383.252057299, -896800.479222107, 5332525.8623315, 5355628.17024193)
1790	2020-10-14	0	c(-891358.740626339, -902383.252057299, 5317663.64028513, 5332525.8623315)
1818	2020-10-14	0	c(-896857.521226981, -891358.740626339, 5294547.02237631, 5317663.64028513)
1818	2020-10-14	0	c(-885702.612103475, -896857.521226981, 5279708.91890357, 5294547.02237631)
1846	2020-10-14	0	c(-891117.72990273, -885702.612103475, 5256578.53902651, 5279708.91890357)
1846	2020-10-14	0	c(-879833.231828596, -891117.72990273, 5241765.30034452, 5256578.53902651)
1846	2020-10-14	0	c(-863202.901787423, -879833.231828596, 5250124.803847, 5241765.30034452)
1903	2020-10-14	18613.14524969698	c(-851858.643080652, -863202.901787423, 5235379.06522705, 5250124.803847)
1931	2020-10-14	0	c(-857075.823769354, -851858.643080652, 5212231.96148033, 5235379.06522705)
1931	2020-10-14	0	c(-845603.457955239, -857075.823769354, 5197512.12082226, 5212231.96148033)
1931	2020-10-14	0	c(-828982.671515392, -845603.457955239, 5205980.88191253, 5197512.12082226)
1988	2020-10-14	18653.966234639847	c(-817451.498368578, -828982.671515392, 5191328.68920748, 5205980.88191253)
1988	2020-10-14	23699.997795958825	c(-800885.764901271, -817451.498368578, 5199867.99484081, 5191328.68920748)
2045	2020-10-14	23678.83530754174	c(-789296.067945112, -800885.764901271, 5185283.29599663, 5199867.99484081)
2073	2020-10-14	0	c(-794204.122512111, -789296.067945112, 5162118.70573717, 5185283.29599663)
2073	2020-10-14	0	c(-782488.456069462, -794204.122512111, 5147561.14628162, 5162118.70573717)
2073	2020-10-14	0	c(-765932.567040819, -782488.456069462, 5156208.41499256, 5147561.14628162)
2130	2020-10-14	18678.134748631717	c(-754159.29462828, -765932.567040819, 5141718.45695077, 5156208.41499256)
2130	2020-10-14	23651.788064803204	c(-737658.257020911, -754159.29462828, 5150435.39519102, 5141718.45695077)
2187	2020-10-14	23631.541795517576	c(-725827.639712996, -737658.257020911, 5136012.87964415, 5150435.39519102)
2215	2020-10-14	0	c(-730431.029526371, -725827.639712996, 5112834.04080655, 5136012.87964415)
2215	2020-10-14	0	c(-718476.564071049, -730431.029526371, 5098439.78667693, 5112834.04080655)
2215	2020-10-14	0	c(-701985.570853123, -718476.564071049, 5107263.42491278, 5098439.78667693)
2272	2020-10-14	18703.193551658696	c(-689974.641554711, -701985.570853123, 5092936.68285322, 5107263.42491278)
2300	2020-10-14	0	c(-694388.279470079, -689974.641554711, 5069747.67136965, 5092936.68285322)
2300	2020-10-14	0	c(-682254.982645146, -694388.279470079, 5055449.99435213, 5069747.67136965)
2300	2020-10-14	0	c(-665774.292642678, -682254.982645146, 5064379.63757183, 5055449.99435213)
2356	2020-10-14	18744.377049892635	c(-653585.390175546, -665774.292642678, 5050149.51188537, 5064379.63757183)
2356	2020-10-14	23579.463018333674	c(-637159.155046976, -653585.390175546, 5059147.46294013, 5050149.51188537)
2412	2020-10-14	36668.91056280408	c(-624914.870443009, -637159.155046976, 5044984.72066149, 5059147.46294013)
2439	2020-10-14	18785.552439268413	c(-629031.415145285, -624914.870443009, 5021786.47410496, 5044984.72066149)
2439	2020-10-14	18785.552439268413	c(-616666.854044845, -629031.415145285, 5007653.72030582, 5021786.47410496)
2439	2020-10-14	23554.05190892664	c(-600250.955761808, -616666.854044845, 5016756.4611478, 5007653.72030582)
2495	2020-10-14	23535.75908406832	c(-587831.831761269, -600250.955761808, 5002691.09592629, 5016756.4611478)
2523	2020-10-14	0	c(-591763.855691957, -587831.831761269, 4979486.11492066, 5002691.09592629)
2523	2020-10-14	0	c(-579225.923665479, -591763.855691957, 4965451.40275028, 4979486.11492066)
2523	2020-10-14	0	c(-562820.507781321, -579225.923665479, 4974658.25116234, 4965451.40275028)
2580	2020-10-14	18812.329149121437	c(-550228.807474255, -562820.507781321, 4960690.90497888, 4974658.25116234)
2608	2020-10-14	18867.994251772463	c(-553978.448670943, -550228.807474255, 4937480.48474927, 4960690.90497888)
2608	2020-10-14	18867.994251772463	c(-541269.404163034, -553978.448670943, 4923544.39982731, 4937480.48474927)
2608	2020-10-14	23504.6747796087	c(-524874.570900924, -541269.404163034, 4932854.67544399, 4923544.39982731)
2667	2020-10-14	36783.34672253149	c(-512112.527384024, -524874.570900924, 4918985.90716963, 4932854.67544399)
2696	2020-10-14	18909.319059206504	c(-515681.938331296, -512112.527384024, 4895771.25764277, 4918985.90716963)
2696	2020-10-14	18909.319059206504	c(-502804.008196454, -515681.938331296, 4881934.3031634, 4895771.25764277)
2696	2020-10-14	23480.783528270542	c(-486419.812631514, -502804.008196454, 4891347.3288117, 4881934.3031634)
2756	2020-10-14	36820.544469728375	c(-473489.626727136, -486419.812631514, 4877577.61590467, 4891347.3288117)
2786	2020-10-14	18950.75248972319	c(-476880.971907242, -473489.626727136, 4854359.86210379, 4877577.61590467)
2786	2020-10-14	18950.75248972319	c(-463836.349188952, -476880.971907242, 4840622.46057069, 4854359.86210379)
2786	2020-10-14	23457.473279371097	c(-447462.801461966, -463836.349188952, 4850137.56357184, 4840622.46057069)
2849	2020-10-14	36857.409040357496	c(-434366.639542406, -447462.801461966, 4836467.30381084, 4850137.56357184)
2880	2020-10-14	18992.324359408027	c(-437582.093061391, -434366.639542406, 4813247.48632427, 4836467.30381084)
2880	2020-10-14	18992.324359408027	c(-424372.934876903, -437582.093061391, 4799609.9813179, 4813247.48632427)
2880	2020-10-14	23434.7808250478	c(-408010.000436476, -424372.934876903, 4809226.49474947, 4799609.9813179)
2944	2020-10-14	36894.02414152969	c(-394749.992352518, -408010.000436476, 4795656.00799688, 4809226.49474947)
2975	2020-10-14	19034.06470554124	c(-397791.73564384, -394749.992352518, 4772435.08351461, 4795656.00799688)
2975	2020-10-14	19034.06470554124	c(-384420.161173433, -397791.73564384, 4758897.74148543, 4772435.08351461)
3007	2020-10-14	19088.294198819724	c(-387392.907699725, -384420.161173433, 4735674.49237735, 4758897.74148543)
3007	2020-10-14	19088.294198819724	c(-373910.650433247, -387392.907699725, 4722170.6086017, 4735674.49237735)
3007	2020-10-14	23406.160156697806	c(-357516.217763315, -373910.650433247, 4731923.37730478, 4722170.6086017)
3072	2020-10-14	36989.66186082065	c(-343984.306342538, -357516.217763315, 4718486.38938658, 4731923.37730478)
3104	2020-10-14	19129.986421204925	c(-346786.761972884, -343984.306342538, 4695263.47802093, 4718486.38938658)
3104	2020-10-14	19129.986421204925	c(-333145.585296741, -346786.761972884, 4681860.25392562, 4695263.47802093)
3104	2020-10-14	23384.902651767366	c(-316761.73616555, -333145.585296741, 4691712.86719966, 4681860.25392562)
3168	2020-10-14	37025.052577475544	c(-303071.525478697, -316761.73616555, 4678376.35103706, 4691712.86719966)
3199	2020-10-14	19171.922389706673	c(-305705.891299919, -303071.525478697, 4655154.52486053, 4678376.35103706)
3199	2020-10-14	19171.922389706673	c(-291907.818774033, -305705.891299919, 4641852.02666535, 4655154.52486053)
3199	2020-10-14	23364.392149803087	c(-275534.360913389, -291907.818774033, 4651803.83407148, 4641852.02666535)
3261	2020-10-14	37060.494916197524	c(-261687.845286179, -275534.360913389, 4638567.83565611, 4651803.83407148)
3291	2020-10-14	19214.132930428917	c(-264156.322157093, -261687.845286179, 4615347.76036195, 4638567.83565611)
3291	2020-10-14	19214.132930428917	c(-250203.332782685, -264156.322157093, 4602145.98350502, 4615347.76036195)
3291	2020-10-14	30537.547615621454	c(-233840.030362289, -250203.332782685, 4612196.34567288, 4602145.98350502)
3353	2020-10-14	47228.39825870394	c(-219839.159151494, -233840.030362289, 4599060.84118291, 4612196.34567288)
3384	2020-10-14	47429.4817337662	c(-222143.945772765, -219839.159151494, 4575843.10149925, 4599060.84118291)
3384	2020-10-14	47429.4817337662	c(-208037.972441682, -222143.945772765, 4562741.97248974, 4575843.10149925)
3415	2020-10-14	47629.21038071032	c(-210279.331261242, -208037.972441682, 4539524.15315236, 4562741.97248974)
3415	2020-10-14	47629.21038071032	c(-196069.135156922, -210279.331261242, 4526457.57135586, 4539524.15315236)
3447	2020-10-14	47827.58535820788	c(-198247.644613986, -196069.135156922, 4503239.88262823, 4526457.57135586)
3477	2020-10-14	0	c(-192344.526111587, -190255.588895727, 4397333.67740935, 4420553.48316153)
3447	2020-10-14	47827.58535820788	c(-183934.106553563, -198247.644613986, 4490208.00311809, 4503239.88262823)
3478	2020-10-14	48024.60808325454	c(-186050.350454312, -183934.106553563, 4466990.64688538, 4490208.00311809)
3477	2020-10-14	0	c(-177771.282456102, -192344.526111587, 4384340.89187351, 4397333.67740935)
3477	2020-10-14	23313.580545707464	c(-190255.588895727, -173688.91988374, 4420553.48316153, 4430776.7778702)
3478	2020-10-14	48024.60808325454	c(-171634.352499305, -186050.350454312, 4453993.60812583, 4466990.64688538)
3511	2020-10-14	38294.550684967806	c(-173688.91988374, -171634.352499305, 4430776.7778702, 4453993.60812583)
3477	2020-10-14	0	c(-161164.83012867, -177771.282456102, 4394598.58255177, 4384340.89187351)
3544	2020-10-14	19519.07981832639	c(-146546.562444213, -161164.83012867, 4381671.5745309, 4394598.58255177)
3544	2020-10-14	19504.593703868726	c(-129990.075937585, -146546.562444213, 4391991.25778133, 4381671.5745309)
3611	2020-10-14	0	c(-115326.777598032, -129990.075937585, 4379129.80928755, 4391991.25778133)
3611	2020-10-14	0	c(-98820.0480293651, -115326.777598032, 4389511.43264211, 4379129.80928755)
3611	2020-10-14	0	c(-97016.8595669304, -98820.0480293651, 4412720.64892948, 4389511.43264211)
3646	2020-10-14	19434.580410221806	c(-80600.2445110925, -97016.8595669304, 4423130.51107387, 4412720.64892948)
3716	2020-10-14	0	c(-65946.2039265346, -80600.2445110925, 4410364.85361851, 4423130.51107387)
3716	2020-10-14	0	c(-49579.2112023877, -65946.2039265346, 4420836.80503847, 4410364.85361851)
3681	2020-10-14	19373.57644630778	c(-60776.2767930184, -62507.0551015554, 4479981.22989679, 4456776.04385785)
3716	2020-10-14	0	c(-62507.0551015554, -47907.3045992299, 4456776.04385785, 4444040.94473806)
3717	2020-10-14	19312.513728310958	c(-44541.7027953052, -60776.2767930184, 4490448.58688733, 4479981.22989679)
3789	2020-10-14	0	c(-29996.2366055477, -44541.7027953052, 4477744.15459663, 4490448.58688733)
3716	2020-10-14	0	c(-47907.3045992299, -49579.2112023877, 4444040.94473806, 4420836.80503847)
3789	2020-10-14	0	c(-13811.4504735387, -29996.2366055477, 4488273.96052535, 4477744.15459663)
3789	2020-10-14	0	c(-12214.2292804958, -13811.4504735387, 4511475.01309893, 4488273.96052535)
3826	2020-10-14	19244.09340655554	c(3878.52908054652, -12214.2292804958, 4522034.21463122, 4511475.01309893)
3826	2020-10-14	19244.09340655554	c(5437.48717027064, 3878.52908054652, 4545234.03007108, 4522034.21463122)
3863	2020-10-14	19183.223115062436	c(21437.5973357341, 5437.48717027064, 4555822.92196688, 4545234.03007108)
3937	2020-10-14	0	c(35921.7196445502, 21437.5973357341, 4543244.91536704, 4555822.92196688)
3937	2020-10-14	0	c(51871.9975499613, 35921.7196445502, 4553896.53885515, 4543244.91536704)
3937	2020-10-14	0	c(53294.7541923687, 51871.9975499613, 4577093.4380953, 4553896.53885515)
3974	2020-10-14	19116.037069122525	c(69151.6403521897, 53294.7541923687, 4587775.17922723, 4577093.4380953)
3974	2020-10-14	19116.037069122525	c(70534.3857763268, 69151.6403521897, 4610971.43062094, 4587775.17922723)
4012	2020-10-14	36867.91748795473	c(86297.2460503142, 70534.3857763268, 4621683.54789716, 4610971.43062094)
4086	2020-10-14	23230.259513484838	c(100721.610680937, 86297.2460503142, 4609231.90944448, 4621683.54789716)
4086	2020-10-14	19049.79910590358	c(116434.521459271, 100721.610680937, 4620007.00702307, 4609231.90944448)
4086	2020-10-14	19049.79910590358	c(117678.388901321, 116434.521459271, 4643201.40841195, 4620007.00702307)
4124	2020-10-14	18989.30276160197	c(133296.492034077, 117678.388901321, 4654007.25257675, 4643201.40841195)
4124	2020-10-14	18989.30276160197	c(134498.602489792, 133296.492034077, 4677201.51856125, 4654007.25257675)
4162	2020-10-14	18928.73025577312	c(150021.250760406, 134498.602489792, 4688038.33097532, 4677201.51856125)
4162	2020-10-14	18928.73025577312	c(151181.002453609, 150021.250760406, 4711232.60821716, 4688038.33097532)
4200	2020-10-14	18868.081876164033	c(166607.546061197, 151181.002453609, 4722100.5969678, 4711232.60821716)
4269	2020-10-14	0	c(180920.333549507, 166607.546061197, 4709806.34514022, 4722100.5969678)
4269	2020-10-14	0	c(196296.570211699, 180920.333549507, 4720737.63125568, 4709806.34514022)
4269	2020-10-14	0	c(197313.596877988, 196296.570211699, 4743931.26014148, 4720737.63125568)
4304	2020-10-14	18803.323651581	c(212592.900451496, 197313.596877988, 4754894.01111039, 4743931.26014148)
4304	2020-10-14	18744.6207173511	c(213565.830920533, 212592.900451496, 4778088.06145111, 4754894.01111039)
4338	2020-10-14	0	c(228747.539523946, 213565.830920533, 4789082.44773314, 4778088.06145111)
4338	2020-10-14	0	c(229675.779553645, 228747.539523946, 4812277.03417052, 4789082.44773314)
4372	2020-10-14	0	c(244759.229085708, 229675.779553645, 4823303.21239039, 4812277.03417052)
4339	2020-10-14	18624.737908052608	c(232482.082978134, 231543.063501448, 4881864.16917074, 4858667.89464695)
4372	2020-10-14	0	c(231543.063501448, 245642.187095241, 4858667.89464695, 4846498.44206967)
4373	2020-10-14	18563.717040547817	c(247418.271973438, 232482.082978134, 4892890.68122934, 4881864.16917074)
4372	2020-10-14	0	c(245642.187095241, 244759.229085708, 4846498.44206967, 4823303.21239039)
4373	2020-10-14	18504.17902038267	c(248311.375605858, 247418.271973438, 4916087.69112141, 4892890.68122934)
4406	2020-10-14	0	c(263147.511911396, 248311.375605858, 4927146.33935444, 4916087.69112141)
4374	2020-10-14	18384.479684454713	c(251010.790882348, 250107.646817748, 4985682.28385486, 4962483.49232288)
4406	2020-10-14	0	c(250107.646817748, 263994.11622466, 4962483.49232288, 4950344.17900638)
4407	2020-10-14	0	c(265696.764649764, 251010.790882348, 4996741.72632593, 4985682.28385486)
4375	2020-10-14	18263.989016695316	c(253740.114853433, 252827.036795723, 5055282.22284843, 5032081.64910102)
4407	2020-10-14	0	c(252827.036795723, 266552.786480956, 5032081.64910102, 5019941.43412362)
4408	2020-10-14	0	c(268274.169353589, 253740.114853433, 5066342.7180719, 5055282.22284843)
4376	2020-10-14	18142.74945505393	c(256499.025724764, 255576.121350347, 5124887.50812396, 5101685.15243804)
4408	2020-10-14	0	c(255576.121350347, 269139.507854592, 5101685.15243804, 5089544.29415399)
4409	2020-10-14	0	c(270879.422312368, 256499.025724764, 5135949.31411449, 5124887.50812396)
4377	2020-10-14	18020.804472258667	c(259287.198012427, 258354.5762238, 5194498.13714495, 5171294.00065034)
4409	2020-10-14	0	c(258354.5762238, 271753.975471249, 5171294.00065034, 5159152.75772572)
4410	2020-10-14	0	c(273512.216334717, 259287.198012427, 5205561.51129382, 5194498.13714495)
4378	2020-10-14	17959.579476758736	c(262104.302577041, 261162.073491364, 5264114.10481602, 5240908.18949548)
4410	2020-10-14	0	c(261162.073491364, 274395.880986336, 5240908.18949548, 5228766.82078482)
4411	2020-10-14	17896.85561465546	c(276172.240780383, 262104.302577041, 5275179.30376777, 5264114.10481602)
4379	2020-10-14	17774.977455287753	c(264950.006658465, 263998.281595924, 5333735.4034836, 5310527.71217246)
4411	2020-10-14	17835.34142810743	c(263998.281595924, 277064.912617187, 5310527.71217246, 5298386.47659525)
4412	2020-10-14	0	c(278859.181592825, 264950.006658465, 5344802.68301297, 5333735.4034836)
4380	2020-10-14	17651.187763228427	c(267823.9739111, 266862.865383075, 5403362.02293784, 5380152.55932325)
4412	2020-10-14	0	c(266862.865383075, 279760.755175841, 5380152.55932325, 5368011.71574035)
4413	2020-10-14	0	c(281572.721332375, 267823.9739111, 5414431.6378272, 5403362.02293784)
4406	2020-10-14	0	c(263994.11622466, 263147.511911396, 4950344.17900638, 4927146.33935444)
4407	2020-10-14	0	c(266552.786480956, 265696.764649764, 5019941.43412362, 4996741.72632593)
4408	2020-10-14	0	c(269139.507854592, 268274.169353589, 5089544.29415399, 5066342.7180719)
4409	2020-10-14	0	c(271753.975471249, 270879.422312368, 5159152.75772572, 5135949.31411449)
4410	2020-10-14	0	c(274395.880986336, 273512.216334717, 5228766.82078482, 5205561.51129382)
4411	2020-10-14	17835.34142810743	c(277064.912617187, 276172.240780383, 5298386.47659525, 5275179.30376777)
4412	2020-10-14	0	c(279760.755175841, 278859.181592825, 5368011.71574035, 5344802.68301297)
4413	2020-10-14	0	c(282483.090102389, 281572.721332375, 5437642.52612568, 5414431.6378272)
5793	2020-10-14	37589.83603949596	c(871464.709426663, 870060.324803528, 5108044.74943018, 5131245.23669869)
5793	2020-10-14	23245.17074321851	c(886187.636241288, 871464.709426663, 5097306.45983823, 5108044.74943018)
5793	2020-10-14	35690.18110952863	c(870060.324803528, 883272.53821247, 5131245.23669869, 5143706.91368603)
5793	2020-10-14	23245.17074321851	c(899456.710087885, 886187.636241288, 5109800.26633405, 5097306.45983823)
5873	2020-10-14	0	c(915788.122172648, 914232.408115612, 5075926.78745904, 5099126.28874004)
5793	2020-10-14	35688.81285887092	c(883272.53821247, 897945.964402817, 5143706.91368603, 5133000.22143151)
5873	2020-10-14	0	c(930665.474604086, 915788.122172648, 5065285.39444699, 5075926.78745904)
5793	2020-10-14	37557.11441127316	c(897945.964402817, 899456.710087885, 5133000.22143151, 5109800.26633405)
5873	2020-10-14	18233.14397721734	c(914232.408115612, 927448.098930551, 5099126.28874004, 5111683.9588642)
5873	2020-10-14	0	c(943938.298817666, 930665.474604086, 5077875.33111388, 5065285.39444699)
5873	2020-10-14	0	c(927448.098930551, 942276.601040717, 5111683.9588642, 5101074.38467563)
5873	2020-10-14	0	c(942276.601040717, 943938.298817666, 5101074.38467563, 5077875.33111388)
1511	2020-10-15	0	c(-983897.499984621, -977563.472413218, 5574816.91174421, 5597802.19762874)
1511	2020-10-15	0	c(-973802.692473719, -983897.499984621, 5559697.44206214, 5574816.91174421)
1538	2020-10-15	0	c(-980049.893140128, -973802.692473719, 5536693.06013482, 5559697.44206214)
1511	2020-10-15	0	c(-977563.472413218, -961255.453141132, 5597802.19762874, 5605677.93673546)
1539	2020-10-15	0	c(-961255.453141132, -954955.604451985, 5605677.93673546, 5628654.08443758)
1538	2020-10-15	0	c(-969818.793651695, -980049.893140128, 5521591.98083405, 5536693.06013482)
1538	2020-10-15	0	c(-953411.228920908, -969818.793651695, 5529541.56564999, 5521591.98083405)
1594	2020-10-15	18231.952148382377	c(-943115.101674419, -953411.228920908, 5514505.54150437, 5529541.56564999)
1622	2020-10-15	0	c(-949156.121735916, -943115.101674419, 5491474.21797714, 5514505.54150437)
1622	2020-10-15	0	c(-938725.082077758, -949156.121735916, 5476457.90376822, 5491474.21797714)
1649	2020-10-15	0	c(-944680.334372306, -938725.082077758, 5453409.35658621, 5476457.90376822)
1649	2020-10-15	0	c(-934115.12711745, -944680.334372306, 5438413.59631373, 5453409.35658621)
1677	2020-10-15	0	c(-939984.885615052, -934115.12711745, 5415348.40297081, 5438413.59631373)
1677	2020-10-15	0	c(-929286.268500023, -939984.885615052, 5400374.02497262, 5415348.40297081)
1705	2020-10-15	0	c(-935070.818887644, -929286.268500023, 5377292.75862356, 5400374.02497262)
1705	2020-10-15	0	c(-924239.562265794, -935070.818887644, 5362340.57533941, 5377292.75862356)
1733	2020-10-15	0	c(-929939.201851671, -924239.562265794, 5339243.80457244, 5362340.57533941)
1733	2020-10-15	0	c(-918976.088384239, -929939.201851671, 5324314.61231704, 5339243.80457244)
1733	2020-10-15	0	c(-902383.252057299, -918976.088384239, 5332525.8623315, 5324314.61231704)
1790	2020-10-15	18513.42335098235	c(-891358.740626339, -902383.252057299, 5317663.64028513, 5332525.8623315)
1818	2020-10-15	18572.171547381222	c(-896857.521226981, -891358.740626339, 5294547.02237631, 5317663.64028513)
1818	2020-10-15	18572.171547381222	c(-885702.612103475, -896857.521226981, 5279708.91890357, 5294547.02237631)
1846	2020-10-15	0	c(-891117.72990273, -885702.612103475, 5256578.53902651, 5279708.91890357)
1846	2020-10-15	0	c(-879833.231828596, -891117.72990273, 5241765.30034452, 5256578.53902651)
1874	2020-10-15	0	c(-885165.027370107, -879833.231828596, 5218621.70115781, 5241765.30034452)
1874	2020-10-15	0	c(-873751.760116587, -885165.027370107, 5203834.05670673, 5218621.70115781)
1874	2020-10-15	0	c(-857075.823769354, -873751.760116587, 5212231.96148033, 5203834.05670673)
1931	2020-10-15	0	c(-845603.457955239, -857075.823769354, 5197512.12082226, 5212231.96148033)
1959	2020-10-15	0	c(-850738.306355383, -845603.457955239, 5174352.91884997, 5197512.12082226)
1959	2020-10-15	0	c(-839138.665438893, -850738.306355383, 5159659.6715116, 5174352.91884997)
1959	2020-10-15	0	c(-822472.75935836, -839138.665438893, 5168166.7196539, 5159659.6715116)
2016	2020-10-15	0	c(-810814.967528353, -822472.75935836, 5153541.39776933, 5168166.7196539)
2016	2020-10-15	0	c(-794204.122512111, -810814.967528353, 5162118.70573717, 5153541.39776933)
2073	2020-10-15	18694.661915337532	c(-782488.456069462, -794204.122512111, 5147561.14628162, 5162118.70573717)
2101	2020-10-15	0	c(-787315.846529379, -782488.456069462, 5124386.08213454, 5147561.14628162)
2101	2020-10-15	0	c(-775475.054436026, -787315.846529379, 5109856.30642106, 5124386.08213454)
2101	2020-10-15	0	c(-758874.501893411, -775475.054436026, 5118541.44465175, 5109856.30642106)
2158	2020-10-15	0	c(-746976.746335241, -758874.501893411, 5104079.5134204, 5118541.44465175)
2158	2020-10-15	0	c(-730431.029526371, -746976.746335241, 5112834.04080655, 5104079.5134204)
2215	2020-10-15	18719.040960322156	c(-718476.564071049, -730431.029526371, 5098439.78667693, 5112834.04080655)
2243	2020-10-15	0	c(-723001.003001167, -718476.564071049, 5075251.99233778, 5098439.78667693)
2243	2020-10-15	0	c(-710923.542685444, -723001.003001167, 5060886.59339269, 5075251.99233778)
2243	2020-10-15	0	c(-694388.279470079, -710923.542685444, 5069747.67136965, 5060886.59339269)
2300	2020-10-15	18759.894256504565	c(-682254.982645146, -694388.279470079, 5055449.99435213, 5069747.67136965)
2327	2020-10-15	0	c(-686590.756935514, -682254.982645146, 5032252.97124305, 5055449.99435213)
2327	2020-10-15	0	c(-674335.953647244, -686590.756935514, 5017984.91925305, 5032252.97124305)
2327	2020-10-15	0	c(-657811.379039619, -674335.953647244, 5026951.83755466, 5017984.91925305)
2383	2020-10-15	18800.72311882618	c(-645501.589078535, -657811.379039619, 5012751.5224694, 5026951.83755466)
2411	2020-10-15	0	c(-649650.8244116, -645501.589078535, 4989546.73720641, 5012751.5224694)
2411	2020-10-15	0	c(-637221.014720975, -649650.8244116, 4975376.75903144, 4989546.73720641)
2411	2020-10-15	0	c(-620707.317468132, -637221.014720975, 4984448.80667414, 4975376.75903144)
2467	2020-10-15	18841.556342035106	c(-608223.346573278, -620707.317468132, 4970346.55155355, 4984448.80667414)
2467	2020-10-15	23547.361927729507	c(-591763.855691957, -608223.346573278, 4979486.11492066, 4970346.55155355)
2523	2020-10-15	36773.77935963069	c(-579225.923665479, -591763.855691957, 4965451.40275028, 4979486.11492066)
2551	2020-10-15	18882.423012999574	c(-583083.003388344, -579225.923665479, 4942240.58731292, 4965451.40275028)
2551	2020-10-15	18882.423012999574	c(-570427.135247925, -583083.003388344, 4928237.00504858, 4942240.58731292)
2579	2020-10-15	0	c(-574209.744354736, -570427.135247925, 4905020.74965729, 4928237.00504858)
2579	2020-10-15	0	c(-561436.818157286, -574209.744354736, 4891048.7567172, 4905020.74965729)
2579	2020-10-15	0	c(-544945.257491582, -561436.818157286, 4900328.93431825, 4891048.7567172)
2637	2020-10-15	18923.3524909764	c(-532119.744904778, -544945.257491582, 4886424.55435575, 4900328.93431825)
2666	2020-10-15	0	c(-535722.297620272, -532119.744904778, 4863204.4188964, 4886424.55435575)
2666	2020-10-15	0	c(-522781.198663127, -535722.297620272, 4849332.17016393, 4863204.4188964)
2666	2020-10-15	0	c(-506300.80551119, -522781.198663127, 4858715.35392703, 4849332.17016393)
2725	2020-10-15	18964.374389219	c(-493307.868121133, -506300.80551119, 4844910.62400197, 4858715.35392703)
2755	2020-10-15	19019.123366637057	c(-496732.552030486, -493307.868121133, 4821687.73106746, 4844910.62400197)
2755	2020-10-15	19019.123366637057	c(-483625.491790912, -496732.552030486, 4807915.61905889, 4821687.73106746)
2755	2020-10-15	23467.27297658119	c(-467156.271528732, -483625.491790912, 4817401.10900989, 4807915.61905889)
2817	2020-10-15	23450.772207572896	c(-453998.093662556, -467156.271528732, 4803696.39691858, 4817401.10900989)
2848	2020-10-15	0	c(-457247.105683027, -453998.093662556, 4780471.78415491, 4803696.39691858)
2848	2020-10-15	0	c(-443976.258849717, -457247.105683027, 4766800.12222596, 4780471.78415491)
2848	2020-10-15	0	c(-427518.171600362, -443976.258849717, 4776387.22441284, 4766800.12222596)
2911	2020-10-15	19046.81506837937	c(-414196.900215194, -427518.171600362, 4762782.81981113, 4776387.22441284)
2943	2020-10-15	19101.005830208	c(-417272.444294284, -414196.900215194, 4739557.44048504, 4762782.81981113)
2943	2020-10-15	19101.005830208	c(-403839.946775225, -417272.444294284, 4725986.46465909, 4739557.44048504)
2974	2020-10-15	0	c(-406846.329356515, -403839.946775225, 4702758.77183815, 4725986.46465909)
2974	2020-10-15	0	c(-393303.496500794, -406846.329356515, 4689221.53587573, 4702758.77183815)
2974	2020-10-15	0	c(-376814.935327857, -393303.496500794, 4698945.33223022, 4689221.53587573)
3039	2020-10-15	19142.227276291465	c(-363222.88236268, -376814.935327857, 4685475.20304484, 4698945.33223022)
3071	2020-10-15	0	c(-366059.247441234, -363222.88236268, 4662248.18861355, 4685475.20304484)
3071	2020-10-15	0	c(-352358.289117347, -366059.247441234, 4648812.09316841, 4662248.18861355)
3071	2020-10-15	0	c(-335880.822434654, -352358.289117347, 4658635.86696209, 4648812.09316841)
3136	2020-10-15	19183.67638980205	c(-322131.266809582, -335880.822434654, 4645266.67132786, 4658635.86696209)
3167	2020-10-15	19237.072353344192	c(-324799.837315229, -322131.266809582, 4622041.07821701, 4645266.67132786)
3167	2020-10-15	19237.072353344192	c(-310942.791819989, -324799.837315229, 4608706.15860726, 4622041.07821701)
3167	2020-10-15	23371.882252292908	c(-294476.220198699, -310942.791819989, 4618629.23323623, 4608706.15860726)
3229	2020-10-15	37138.2488552045	c(-280571.170561958, -294476.220198699, 4605360.98630255, 4618629.23323623)
3260	2020-10-15	19278.55574673343	c(-283074.168889054, -280571.170561958, 4582137.47531414, 4605360.98630255)
3260	2020-10-15	19278.55574673343	c(-269063.02918958, -283074.168889054, 4568903.69598728, 4582137.47531414)
3290	2020-10-15	19331.43648626093	c(-271501.191653907, -269063.02918958, 4545679.7088026, 4568903.69598728)
3290	2020-10-15	19331.43648626093	c(-257384.851015775, -271501.191653907, 4532480.59651205, 4545679.7088026)
3321	2020-10-15	0	c(-259758.75064833, -257384.851015775, 4509256.36612275, 4532480.59651205)
3321	2020-10-15	0	c(-245538.100031547, -259758.75064833, 4496092.10342093, 4509256.36612275)
3351	2020-10-15	0	c(-247848.315520675, -245538.100031547, 4472867.85441066, 4496092.10342093)
3351	2020-10-15	0	c(-233524.247485245, -247848.315520675, 4459738.60701741, 4472867.85441066)
3382	2020-10-15	0	c(-235771.363038692, -233524.247485245, 4436514.55552966, 4459738.60701741)
3382	2020-10-15	0	c(-221344.771512915, -235771.363038692, 4423420.4723823, 4436514.55552966)
3413	2020-10-15	0	c(-223529.37672088, -221344.771512915, 4400196.82609268, 4423420.4723823)
3413	2020-10-15	0	c(-209001.156774034, -223529.37672088, 4387138.03940138, 4400196.82609268)
3413	2020-10-15	0	c(-192344.526111587, -209001.156774034, 4397333.67740935, 4387138.03940138)
3477	2020-10-15	19529.32101775855	c(-177771.282456102, -192344.526111587, 4384340.89187351, 4397333.67740935)
3510	2020-10-15	0	c(-179799.022100281, -177771.282456102, 4361121.83783081, 4384340.89187351)
3510	2020-10-15	0	c(-165125.513001857, -179799.022100281, 4348164.33874596, 4361121.83783081)
3510	2020-10-15	0	c(-148479.564192826, -165125.513001857, 4358456.34296587, 4348164.33874596)
3577	2020-10-15	0	c(-133761.488073438, -148479.564192826, 4345564.49201124, 4358456.34296587)
3577	2020-10-15	0	c(-117165.243673525, -133761.488073438, 4355918.23284601, 4345564.49201124)
3577	2020-10-15	0	c(-115326.777598032, -117165.243673525, 4379129.80928755, 4355918.23284601)
3611	2020-10-15	19495.52583270075	c(-98820.0480293651, -115326.777598032, 4389511.43264211, 4379129.80928755)
3680	2020-10-15	0	c(-84111.7061833452, -98820.0480293651, 4376715.33137516, 4389511.43264211)
3680	2020-10-15	0	c(-67654.5283576765, -84111.7061833452, 4387158.84992948, 4376715.33137516)
3680	2020-10-15	0	c(-65946.2039265346, -67654.5283576765, 4410364.85361851, 4387158.84992948)
3716	2020-10-15	0	c(-49579.2112023877, -65946.2039265346, 4420836.80503847, 4410364.85361851)
3716	2020-10-15	0	c(-47907.3045992299, -49579.2112023877, 4444040.94473806, 4420836.80503847)
3752	2020-10-15	19365.639275860587	c(-31631.1080521601, -47907.3045992299, 4454541.66294474, 4444040.94473806)
3752	2020-10-15	19365.639275860587	c(-29996.2366055477, -31631.1080521601, 4477744.15459663, 4454541.66294474)
3789	2020-10-15	19304.898766745708	c(-13811.4504735387, -29996.2366055477, 4488273.96052535, 4477744.15459663)
3862	2020-10-15	0	c(780.400723042025, -13811.4504735387, 4475634.45914867, 4488273.96052535)
3862	2020-10-15	0	c(16915.5712956021, 780.400723042025, 4486226.67603584, 4475634.45914867)
3862	2020-10-15	0	c(18416.5220575178, 16915.5712956021, 4509425.41249772, 4486226.67603584)
3899	2020-10-15	19237.239247858575	c(34459.5604519129, 18416.5220575178, 4520047.19015583, 4509425.41249772)
3899	2020-10-15	19237.239247858575	c(35921.7196445502, 34459.5604519129, 4543244.91536704, 4520047.19015583)
3937	2020-10-15	19176.673560977233	c(51871.9975499613, 35921.7196445502, 4553896.53885515, 4543244.91536704)
4011	2020-10-15	0	c(66403.3550850211, 51871.9975499613, 4541383.16772453, 4553896.53885515)
4011	2020-10-15	0	c(82303.9502363574, 66403.3550850211, 4552097.49108803, 4541383.16772453)
4011	2020-10-15	0	c(83629.5165974668, 82303.9502363574, 4575292.63250573, 4552097.49108803)
4048	2020-10-15	19110.219069681552	c(99436.5904689193, 83629.5165974668, 4586037.21867011, 4575292.63250573)
4123	2020-10-15	0	c(113962.117297529, 99436.5904689193, 4573619.10515628, 4586037.21867011)
4123	2020-10-15	0	c(129719.515205902, 113962.117297529, 4584426.51089308, 4573619.10515628)
4123	2020-10-15	0	c(130906.932680153, 129719.515205902, 4607619.74907674, 4584426.51089308)
4161	2020-10-15	19044.69530129433	c(146570.020950235, 130906.932680153, 4618457.80077431, 4607619.74907674)
4161	2020-10-15	19044.69530129433	c(147715.744864476, 146570.020950235, 4641650.92758973, 4618457.80077431)
4199	2020-10-15	18984.474859236227	c(163283.871421085, 147715.744864476, 4652519.8503967, 4641650.92758973)
4199	2020-10-15	18984.474859236227	c(164387.297353584, 163283.871421085, 4675713.01011221, 4652519.8503967)
4235	2020-10-15	18924.17254863441	c(179859.8075402, 164387.297353584, 4686613.01560503, 4675713.01011221)
4235	2020-10-15	18924.17254863441	c(180920.333549507, 179859.8075402, 4709806.34514022, 4686613.01560503)
4269	2020-10-15	18863.78868397395	c(196296.570211699, 180920.333549507, 4720737.63125568, 4709806.34514022)
4337	2020-10-15	0	c(210658.547455091, 196296.570211699, 4708507.49907431, 4720737.63125568)
4337	2020-10-15	0	c(225984.572819562, 210658.547455091, 4719502.06008941, 4708507.49907431)
4337	2020-10-15	0	c(226901.924085064, 225984.572819562, 4742694.96102442, 4719502.06008941)
4371	2020-10-15	0	c(242130.831210664, 226901.924085064, 4753721.0798237, 4742694.96102442)
4338	2020-10-15	18742.777911912533	c(229675.779553645, 228747.539523946, 4812277.03417052, 4789082.44773314)
4371	2020-10-15	0	c(228747.539523946, 243003.539665804, 4789082.44773314, 4776914.53156764)
4372	2020-10-15	18682.152001783572	c(244759.229085708, 229675.779553645, 4823303.21239039, 4812277.03417052)
4371	2020-10-15	0	c(243003.539665804, 242130.831210664, 4776914.53156764, 4753721.0798237)
4372	2020-10-15	18682.152001783572	c(245642.187095241, 244759.229085708, 4846498.44206967, 4823303.21239039)
4405	2020-10-15	18621.446536674022	c(260626.711336679, 245642.187095241, 4857556.55495481, 4846498.44206967)
4405	2020-10-15	18562.14355452331	c(261463.798458123, 260626.711336679, 4880752.5274929, 4857556.55495481)
4439	2020-10-15	0	c(276348.729178029, 261463.798458123, 4891842.70381261, 4880752.5274929)
4406	2020-10-15	18502.623596271253	c(263994.11622466, 263147.511911396, 4950344.17900638, 4927146.33935444)
4439	2020-10-15	0	c(263147.511911396, 277139.35931049, 4927146.33935444, 4915039.51126836)
4440	2020-10-15	18441.458407579597	c(278729.5345697, 263994.11622466, 4961435.07470103, 4950344.17900638)
4407	2020-10-15	28379.257896676612	c(266552.786480956, 265696.764649764, 5019941.43412362, 4996741.72632593)
4440	2020-10-15	18381.55075370458	c(265696.764649764, 279529.0589083, 4996741.72632593, 4984633.8309139)
4441	2020-10-15	18321.44172579772	c(281136.928725509, 266552.786480956, 5031033.29266372, 5019941.43412362)
4408	2020-10-15	28064.708506322066	c(269139.507854592, 268274.169353589, 5089544.29415399, 5066342.7180719)
4441	2020-10-15	18261.14326520949	c(268274.169353589, 281945.253170383, 5066342.7180719, 5054233.99822952)
4442	2020-10-15	18200.654051663827	c(283570.628243407, 269139.507854592, 5100637.3585559, 5089544.29415399)
4409	2020-10-15	27746.788295285496	c(271753.975471249, 270879.422312368, 5159152.75772572, 5135949.31411449)
4442	2020-10-15	18139.986108038374	c(270879.422312368, 284387.657594391, 5135949.31411449, 5123840.01313807)
4443	2020-10-15	18079.13829323709	c(286030.3464302, 271753.975471249, 5170247.27043517, 5159152.75772572)
4410	2020-10-15	27425.534819863533	c(274395.880986336, 273512.216334717, 5228766.82078482, 5205561.51129382)
4443	2020-10-15	18018.122711341548	c(273512.216334717, 286855.984396627, 5205561.51129382, 5193451.87276436)
4444	2020-10-15	17956.93840683589	c(288515.793331128, 274395.880986336, 5239863.02356061, 5228766.82078482)
4412	2020-10-15	26773.180373217838	c(279760.755175841, 278859.181592825, 5368011.71574035, 5344802.68301297)
4445	2020-10-15	17772.456243865072	c(278859.181592825, 291869.23777339, 5344802.68301297, 5332693.1006779)
4446	2020-10-15	17710.667465803628	c(293562.697329844, 279760.755175841, 5379112.02059846, 5368011.71574035)
4413	2020-10-15	26442.156574527082	c(282483.090102389, 281572.721332375, 5437642.52612568, 5414431.6378272)
4446	2020-10-15	17648.745434883564	c(281572.721332375, 294413.572644401, 5414431.6378272, 5402322.44922758)
4439	2020-10-15	0	c(277139.35931049, 276348.729178029, 4915039.51126836, 4891842.70381261)
4440	2020-10-15	18381.55075370458	c(279529.0589083, 278729.5345697, 4984633.8309139, 4961435.07470103)
4441	2020-10-15	18261.14326520949	c(281945.253170383, 281136.928725509, 5054233.99822952, 5031033.29266372)
4442	2020-10-15	18139.986108038374	c(284387.657594391, 283570.628243407, 5123840.01313807, 5100637.3585559)
4443	2020-10-15	18018.122711341548	c(286855.984396627, 286030.3464302, 5193451.87276436, 5170247.27043517)
4444	2020-10-15	17895.597564839707	c(289349.942541811, 288515.793331128, 5263069.5714347, 5239863.02356061)
4477	2020-10-15	0	c(303364.095277755, 289349.942541811, 5274198.62958426, 5263069.5714347)
4445	2020-10-15	17772.456243865072	c(291869.23777339, 291026.675759995, 5332693.1006779, 5309484.61039338)
4477	2020-10-15	0	c(291026.675759995, 304148.173849205, 5309484.61039338, 5297406.47353036)
4446	2020-10-15	17648.745434883564	c(294413.572644401, 293562.697329844, 5402322.44922758, 5379112.02059846)
4477	2020-10-15	0	c(304148.173849205, 303364.095277755, 5297406.47353036, 5274198.62958426)
5590	2020-10-15	0	c(771937.896233132, 770899.545294481, 5137711.19298404, 5160913.98980689)
5590	2020-10-15	0	c(786399.636062124, 771937.896233132, 5126747.78862873, 5137711.19298404)
5620	2020-10-15	18147.676268312513	c(787485.540751187, 786399.636062124, 5103545.96999884, 5126747.78862873)
5590	2020-10-15	0	c(770899.545294481, 784216.378424821, 5160913.98980689, 5173152.91052173)
5591	2020-10-15	35567.992131099505	c(783119.054171448, 768812.010747585, 5196356.21351247, 5207321.16906398)
5621	2020-10-15	18086.714043341395	c(784216.378424821, 783119.054171448, 5173152.91052173, 5196356.21351247)
5620	2020-10-15	18208.45807064009	c(802050.320441729, 787485.540751187, 5092615.23659416, 5103545.96999884)
5648	2020-10-15	18270.89149272722	c(803183.211538379, 802050.320441729, 5069414.30241452, 5092615.23659416)
5648	2020-10-15	18270.89149272722	c(817850.386774078, 803183.211538379, 5058516.15104725, 5069414.30241452)
5677	2020-10-15	18333.28197566478	c(819029.694117167, 817850.386774078, 5035315.99994568, 5058516.15104725)
5677	2020-10-15	0	c(833798.622419799, 819029.694117167, 5024450.32771843, 5035315.99994568)
5650	2020-10-15	42744.59147278165	c(808264.704954753, 822574.059329827, 5244132.55407674, 5233262.86138355)
5677	2020-10-15	0	c(847339.01185509, 833798.622419799, 5036816.40704784, 5024450.32771843)
5650	2020-10-15	42744.59147278165	c(822574.059329827, 823838.654623369, 5233262.86138355, 5210059.9369972)
5679	2020-10-15	53239.494914485804	c(823838.654623369, 838252.345511982, 5210059.9369972, 5199223.2263456)
5737	2020-10-15	35511.270298545984	c(838252.345511982, 851350.662792326, 5199223.2263456, 5211620.69073915)
5677	2020-10-15	0	c(846054.661797812, 847339.01185509, 5060016.35389763, 5036816.40704784)
5707	2020-10-15	23235.470490243755	c(859486.430059474, 846054.661797812, 5072414.47302264, 5060016.35389763)
5765	2020-10-15	23241.292271976337	c(874258.62397385, 859486.430059474, 5061644.54286264, 5072414.47302264)
5737	2020-10-15	35509.55643861727	c(851350.662792326, 865817.684334449, 5211620.69073915, 5200848.23416308)
5794	2020-10-15	23248.354428721446	c(865817.684334449, 878861.683704901, 5200848.23416308, 5213309.17084989)
5765	2020-10-15	23241.292271976337	c(887637.485845674, 874258.62397385, 5074106.54822189, 5061644.54286264)
5821	2020-10-15	23247.57040267834	c(902462.239969876, 887637.485845674, 5063400.84429545, 5074106.54822189)
5794	2020-10-15	23248.354428721446	c(878861.683704901, 893382.044526269, 5213309.17084989, 5202601.06316285)
5821	2020-10-15	23247.57040267834	c(915788.122172648, 902462.239969876, 5075926.78745904, 5063400.84429545)
5873	2020-10-15	23254.304975198156	c(930665.474604086, 915788.122172648, 5065285.39444699, 5075926.78745904)
5794	2020-10-15	37494.84637288858	c(893382.044526269, 894908.611520249, 5202601.06316285, 5179400.61984627)
5822	2020-10-15	27792.26302794587	c(894908.611520249, 909532.300356149, 5179400.61984627, 5168725.47387398)
5874	2020-10-15	18110.676505698437	c(909532.300356149, 922579.478956298, 5168725.47387398, 5181282.27557204)
5873	2020-10-15	18296.923511639856	c(943938.298817666, 930665.474604086, 5077875.33111388, 5065285.39444699)
5873	2020-10-15	18235.912021647888	c(942276.601040717, 943938.298817666, 5101074.38467563, 5077875.33111388)
5896	2020-10-15	0	c(955438.822630544, 942276.601040717, 5113695.96976157, 5101074.38467563)
5874	2020-10-15	0	c(937256.341446192, 938935.600172526, 5170671.60589728, 5147472.52199796)
5896	2020-10-15	0	c(938935.600172526, 953715.005348702, 5147472.52199796, 5136894.71855157)
5896	2020-10-15	0	c(953715.005348702, 955438.822630544, 5136894.71855157, 5113695.96976157)
1511	2020-10-16	0	c(-983897.499984621, -977563.472413218, 5574816.91174421, 5597802.19762874)
1511	2020-10-16	0	c(-973802.692473719, -983897.499984621, 5559697.44206214, 5574816.91174421)
1538	2020-10-16	0	c(-980049.893140128, -973802.692473719, 5536693.06013482, 5559697.44206214)
1511	2020-10-16	0	c(-977563.472413218, -961255.453141132, 5597802.19762874, 5605677.93673546)
1539	2020-10-16	0	c(-961255.453141132, -954955.604451985, 5605677.93673546, 5628654.08443758)
1538	2020-10-16	0	c(-969818.793651695, -980049.893140128, 5521591.98083405, 5536693.06013482)
1566	2020-10-16	0	c(-975979.407159663, -969818.793651695, 5498569.09801602, 5521591.98083405)
1566	2020-10-16	0	c(-965612.742628434, -975979.407159663, 5483487.28545447, 5498569.09801602)
1566	2020-10-16	0	c(-949156.121735916, -965612.742628434, 5491474.21797714, 5483487.28545447)
1622	2020-10-16	18292.388097831736	c(-938725.082077758, -949156.121735916, 5476457.90376822, 5491474.21797714)
1649	2020-10-16	18352.51787748326	c(-944680.334372306, -938725.082077758, 5453409.35658621, 5476457.90376822)
1649	2020-10-16	18352.51787748326	c(-934115.12711745, -944680.334372306, 5438413.59631373, 5453409.35658621)
1677	2020-10-16	18412.336189453603	c(-939984.885615052, -934115.12711745, 5415348.40297081, 5438413.59631373)
1677	2020-10-16	18412.336189453603	c(-929286.268500023, -939984.885615052, 5400374.02497262, 5415348.40297081)
1705	2020-10-16	0	c(-935070.818887644, -929286.268500023, 5377292.75862356, 5400374.02497262)
1705	2020-10-16	0	c(-924239.562265794, -935070.818887644, 5362340.57533941, 5377292.75862356)
1733	2020-10-16	0	c(-929939.201851671, -924239.562265794, 5339243.80457244, 5362340.57533941)
1733	2020-10-16	0	c(-918976.088384239, -929939.201851671, 5324314.61231704, 5339243.80457244)
1761	2020-10-16	0	c(-924591.125997072, -918976.088384239, 5301202.90093053, 5324314.61231704)
1761	2020-10-16	0	c(-913496.950340357, -924591.125997072, 5286297.47967588, 5301202.90093053)
1789	2020-10-16	0	c(-919027.706223535, -913496.950340357, 5263171.38645926, 5286297.47967588)
1789	2020-10-16	0	c(-907803.274712514, -919027.706223535, 5248290.49962648, 5263171.38645926)
1789	2020-10-16	0	c(-891117.72990273, -907803.274712514, 5256578.53902651, 5248290.49962648)
1846	2020-10-16	18630.593192266966	c(-879833.231828596, -891117.72990273, 5241765.30034452, 5256578.53902651)
1874	2020-10-16	0	c(-885165.027370107, -879833.231828596, 5218621.70115781, 5241765.30034452)
1874	2020-10-16	0	c(-873751.760116587, -885165.027370107, 5203834.05670673, 5218621.70115781)
1874	2020-10-16	0	c(-857075.823769354, -873751.760116587, 5212231.96148033, 5203834.05670673)
1931	2020-10-16	18671.145054428493	c(-845603.457955239, -857075.823769354, 5197512.12082226, 5212231.96148033)
1959	2020-10-16	18728.81433687797	c(-850738.306355383, -845603.457955239, 5174352.91884997, 5197512.12082226)
1959	2020-10-16	18728.81433687797	c(-839138.665438893, -850738.306355383, 5159659.6715116, 5174352.91884997)
1959	2020-10-16	23715.32660402522	c(-822472.75935836, -839138.665438893, 5168166.7196539, 5159659.6715116)
2016	2020-10-16	23693.680323979752	c(-810814.967528353, -822472.75935836, 5153541.39776933, 5168166.7196539)
2044	2020-10-16	0	c(-815754.915132383, -810814.967528353, 5130368.40907636, 5153541.39776933)
2044	2020-10-16	0	c(-803971.347676014, -815754.915132383, 5115770.61923485, 5130368.40907636)
2044	2020-10-16	0	c(-787315.846529379, -803971.347676014, 5124386.08213454, 5115770.61923485)
2101	2020-10-16	18751.851093200385	c(-775475.054436026, -787315.846529379, 5109856.30642106, 5124386.08213454)
2101	2020-10-16	23666.042550742368	c(-758874.501893411, -775475.054436026, 5118541.44465175, 5109856.30642106)
2158	2020-10-16	23645.324496936224	c(-746976.746335241, -758874.501893411, 5104079.5134204, 5118541.44465175)
2186	2020-10-16	0	c(-751612.344292184, -746976.746335241, 5080893.03886848, 5104079.5134204)
2186	2020-10-16	0	c(-739590.958805214, -751612.344292184, 5066459.74480414, 5080893.03886848)
2186	2020-10-16	0	c(-723001.003001167, -739590.958805214, 5075251.99233778, 5066459.74480414)
2243	2020-10-16	18775.788938764377	c(-710923.542685444, -723001.003001167, 5060886.59339269, 5075251.99233778)
2271	2020-10-16	18832.21416736028	c(-715369.452181051, -710923.542685444, 5037690.30553525, 5060886.59339269)
2271	2020-10-16	18832.21416736028	c(-703169.858484584, -715369.452181051, 5023354.33818637, 5037690.30553525)
2271	2020-10-16	23611.8302856357	c(-686590.756935514, -703169.858484584, 5032252.97124305, 5023354.33818637)
2327	2020-10-16	23592.08721194712	c(-674335.953647244, -686590.756935514, 5017984.91925305, 5032252.97124305)
2355	2020-10-16	0	c(-678594.301955789, -674335.953647244, 4994780.32814053, 5017984.91925305)
2355	2020-10-16	0	c(-666218.860855135, -678594.301955789, 4980542.44373735, 4994780.32814053)
2355	2020-10-16	0	c(-649650.8244116, -666218.860855135, 4989546.73720641, 4980542.44373735)
2411	2020-10-16	18856.75296734121	c(-637221.014720975, -649650.8244116, 4975376.75903144, 4989546.73720641)
2438	2020-10-16	18912.463784886422	c(-641293.949632295, -637221.014720975, 4952165.28780529, 4975376.75903144)
2438	2020-10-16	18912.463784886422	c(-628744.994971017, -641293.949632295, 4938026.15537814, 4952165.28780529)
2438	2020-10-16	23559.29132958985	c(-612188.187943265, -628744.994971017, 4947135.38426998, 4938026.15537814)
2494	2020-10-16	36867.422583172374	c(-599585.680673101, -612188.187943265, 4933064.12060307, 4947135.38426998)
2522	2020-10-16	18952.619097269446	c(-603475.367844204, -599585.680673101, 4909847.10572935, 4933064.12060307)
2522	2020-10-16	18952.619097269446	c(-590755.204031653, -603475.367844204, 4895807.30879827, 4909847.10572935)
2522	2020-10-16	23533.74438969686	c(-574209.744354736, -590755.204031653, 4905020.74965729, 4895807.30879827)
2579	2020-10-16	36902.17031384027	c(-561436.818157286, -574209.744354736, 4891048.7567172, 4905020.74965729)
2607	2020-10-16	18992.834244924015	c(-565145.438535919, -561436.818157286, 4867827.44830807, 4891048.7567172)
2607	2020-10-16	18992.834244924015	c(-552256.3381851, -565145.438535919, 4853887.48661877, 4867827.44830807)
2607	2020-10-16	29847.634965195633	c(-535722.297620272, -552256.3381851, 4863204.4188964, 4853887.48661877)
2666	2020-10-16	46243.09312524303	c(-522781.198663127, -535722.297620272, 4849332.17016393, 4863204.4188964)
2695	2020-10-16	38304.926022680076	c(-526310.945986138, -522781.198663127, 4826107.73238125, 4849332.17016393)
2695	2020-10-16	36997.573006230145	c(-513255.147661359, -526310.945986138, 4812268.0236806, 4826107.73238125)
2724	2020-10-16	19087.563322969785	c(-516712.592629963, -513255.147661359, 4789039.6433969, 4812268.0236806)
2724	2020-10-16	19087.563322969785	c(-503542.986943901, -516712.592629963, 4775232.86602741, 4789039.6433969)
2724	2020-10-16	23477.374611643518	c(-486978.570159906, -503542.986943901, 4784689.13059402, 4775232.86602741)
2785	2020-10-16	23460.444193371848	c(-473758.276233285, -486978.570159906, 4770950.0124385, 4784689.13059402)
2785	2020-10-16	23460.444193371848	c(-457247.105683027, -473758.276233285, 4780471.78415491, 4770950.0124385)
2848	2020-10-16	37004.212055503296	c(-443976.258849717, -457247.105683027, 4766800.12222596, 4780471.78415491)
2879	2020-10-16	19114.13907687787	c(-447154.880386119, -443976.258849717, 4743572.57685007, 4766800.12222596)
2879	2020-10-16	19114.13907687787	c(-433772.255001764, -447154.880386119, 4729934.30844069, 4743572.57685007)
2910	2020-10-16	0	c(-436881.013056176, -433772.255001764, 4706704.15099432, 4729934.30844069)
2910	2020-10-16	0	c(-423387.503495488, -436881.013056176, 4693099.60208939, 4706704.15099432)
2910	2020-10-16	0	c(-406846.329356515, -423387.503495488, 4702758.77183815, 4693099.60208939)
2974	2020-10-16	19154.894991388144	c(-393303.496500794, -406846.329356515, 4689221.53587573, 4702758.77183815)
3006	2020-10-16	0	c(-396241.255579966, -393303.496500794, 4665991.83034198, 4689221.53587573)
3006	2020-10-16	0	c(-382588.981646139, -396241.255579966, 4652488.62805, 4665991.83034198)
3006	2020-10-16	0	c(-366059.247441234, -382588.981646139, 4662248.18861355, 4652488.62805)
3071	2020-10-16	19195.862452054444	c(-352358.289117347, -366059.247441234, 4648812.09316841, 4662248.18861355)
3103	2020-10-16	19249.19836298555	c(-355127.282733016, -352358.289117347, 4625583.62165857, 4648812.09316841)
3103	2020-10-16	19249.19836298555	c(-341318.312371929, -355127.282733016, 4612181.8219302, 4625583.62165857)
3135	2020-10-16	0	c(-344020.489270866, -341318.312371929, 4588952.16604197, 4612181.8219302)
3135	2020-10-16	0	c(-330104.402917989, -344020.489270866, 4575584.90685319, 4588952.16604197)
3135	2020-10-16	0	c(-313545.253786419, -330104.402917989, 4585479.6205155, 4575584.90685319)
3198	2020-10-16	19290.1731049939	c(-299581.610019393, -313545.253786419, 4572179.20744225, 4585479.6205155)
3228	2020-10-16	19342.977553994013	c(-302118.527630239, -299581.610019393, 4548951.97720205, 4572179.20744225)
3228	2020-10-16	19342.977553994013	c(-288049.179460445, -302118.527630239, 4535686.28415552, 4548951.97720205)
3259	2020-10-16	0	c(-290521.122848172, -288049.179460445, 4512458.60622027, 4535686.28415552)
3259	2020-10-16	0	c(-276346.966170171, -290521.122848172, 4499227.82970448, 4512458.60622027)
3259	2020-10-16	0	c(-259758.75064833, -276346.966170171, 4509256.36612275, 4499227.82970448)
3321	2020-10-16	19384.025301566	c(-245538.100031547, -259758.75064833, 4496092.10342093, 4509256.36612275)
3351	2020-10-16	19436.321356231132	c(-247848.315520675, -245538.100031547, 4472867.85441066, 4496092.10342093)
3351	2020-10-16	19436.321356231132	c(-233524.247485245, -247848.315520675, 4459738.60701741, 4472867.85441066)
3382	2020-10-16	19488.3239206382	c(-235771.363038692, -233524.247485245, 4436514.55552966, 4459738.60701741)
3382	2020-10-16	19488.3239206382	c(-221344.771512915, -235771.363038692, 4423420.4723823, 4436514.55552966)
3413	2020-10-16	19540.032369433648	c(-223529.37672088, -221344.771512915, 4400196.82609268, 4423420.4723823)
3413	2020-10-16	19540.032369433648	c(-209001.156774034, -223529.37672088, 4387138.03940138, 4400196.82609268)
3445	2020-10-16	0	c(-211123.84647335, -209001.156774034, 4363914.99749422, 4387138.03940138)
3445	2020-10-16	0	c(-196494.894092843, -211123.84647335, 4350891.62280275, 4363914.99749422)
3445	2020-10-16	0	c(-179799.022100281, -196494.894092843, 4361121.83783081, 4350891.62280275)
3510	2020-10-16	19580.843728303204	c(-165125.513001857, -179799.022100281, 4348164.33874596, 4361121.83783081)
3543	2020-10-16	0	c(-167092.657081089, -165125.513001857, 4324946.21579625, 4348164.33874596)
3543	2020-10-16	0	c(-152319.773352868, -167092.657081089, 4312024.08888059, 4324946.21579625)
3543	2020-10-16	0	c(-135634.610515677, -152319.773352868, 4322350.31626811, 4312024.08888059)
3543	2020-10-16	0	c(-133761.488073438, -135634.610515677, 4345564.49201124, 4322350.31626811)
3577	2020-10-16	19556.41297721758	c(-117165.243673525, -133761.488073438, 4355918.23284601, 4345564.49201124)
3645	2020-10-16	0	c(-102402.583949126, -117165.243673525, 4343091.80830925, 4355918.23284601)
3645	2020-10-16	0	c(-85855.8288952853, -102402.583949126, 4353507.24083647, 4343091.80830925)
3645	2020-10-16	0	c(-84111.7061833452, -85855.8288952853, 4376715.33137516, 4353507.24083647)
3680	2020-10-16	19486.926339480957	c(-67654.5283576765, -84111.7061833452, 4387158.84992948, 4376715.33137516)
3680	2020-10-16	19486.926339480957	c(-65946.2039265346, -67654.5283576765, 4410364.85361851, 4387158.84992948)
3716	2020-10-16	19426.315070111345	c(-49579.2112023877, -65946.2039265346, 4420836.80503847, 4410364.85361851)
3788	2020-10-16	0	c(-34879.6596694081, -49579.2112023877, 4408136.21836177, 4420836.80503847)
3788	2020-10-16	0	c(-18562.0976072683, -34879.6596694081, 4418670.22152135, 4408136.21836177)
3788	2020-10-16	0	c(-16985.4057818773, -18562.0976072683, 4441871.56469835, 4418670.22152135)
3825	2020-10-16	0	c(-758.72833872831, -16985.4057818773, 4452434.51905021, 4441871.56469835)
3825	2020-10-16	0	c(780.400723042025, -758.72833872831, 4475634.45914867, 4452434.51905021)
3862	2020-10-16	19297.734127420325	c(16915.5712956021, 780.400723042025, 4486226.67603584, 4475634.45914867)
3936	2020-10-16	0	c(31553.8212229547, 16915.5712956021, 4473651.93224056, 4486226.67603584)
3936	2020-10-16	0	c(47639.5447987404, 31553.8212229547, 4484306.52926421, 4473651.93224056)
3936	2020-10-16	0	c(49044.3741395724, 47639.5447987404, 4507503.08462472, 4484306.52926421)
3973	2020-10-16	0	c(65037.8515672217, 49044.3741395724, 4518187.40717344, 4507503.08462472)
3973	2020-10-16	0	c(66403.3550850211, 65037.8515672217, 4541383.16772453, 4518187.40717344)
4011	2020-10-16	19170.562500441356	c(82303.9502363574, 66403.3550850211, 4552097.49108803, 4541383.16772453)
4085	2020-10-16	0	c(96882.5549950061, 82303.9502363574, 4539648.60560079, 4552097.49108803)
4085	2020-10-16	0	c(112733.613126583, 96882.5549950061, 4550425.60402911, 4539648.60560079)
4085	2020-10-16	0	c(113962.117297529, 112733.613126583, 4573619.10515628, 4550425.60402911)
4123	2020-10-16	19104.83362990811	c(129719.515205902, 113962.117297529, 4584426.51089308, 4573619.10515628)
4198	2020-10-16	0	c(144292.706433809, 129719.515205902, 4572072.69506713, 4584426.51089308)
4198	2020-10-16	0	c(160000.560885128, 144292.706433809, 4582942.90166662, 4572072.69506713)
4198	2020-10-16	0	c(161090.488798373, 160000.560885128, 4606134.79657118, 4582942.90166662)
4234	2020-10-16	0	c(176703.877741538, 161090.488798373, 4617035.78285653, 4606134.79657118)
4234	2020-10-16	0	c(177751.565818109, 176703.877741538, 4640227.73485399, 4617035.78285653)
4268	2020-10-16	18980.06809833926	c(193269.829727482, 177751.565818109, 4651159.71587337, 4640227.73485399)
4268	2020-10-16	18980.06809833926	c(194274.673394485, 193269.829727482, 4674351.85949912, 4651159.71587337)
4303	2020-10-16	18920.030433752174	c(209697.150247552, 194274.673394485, 4685315.03666352, 4674351.85949912)
4303	2020-10-16	18920.030433752174	c(210658.547455091, 209697.150247552, 4708507.49907431, 4685315.03666352)
4337	2020-10-16	18859.905566131907	c(225984.572819562, 210658.547455091, 4719502.06008941, 4708507.49907431)
4337	2020-10-16	18859.905566131907	c(226901.924085064, 225984.572819562, 4742694.96102442, 4719502.06008941)
4371	2020-10-16	18799.693909086844	c(242130.831210664, 226901.924085064, 4753721.0798237, 4742694.96102442)
4371	2020-10-16	18799.693909086844	c(243003.539665804, 242130.831210664, 4776914.53156764, 4753721.0798237)
4404	2020-10-16	18739.39595121156	c(258134.659580638, 243003.539665804, 4787972.36824677, 4776914.53156764)
4404	2020-10-16	18739.39595121156	c(258962.131020821, 258134.659580638, 4811166.47559505, 4787972.36824677)
4438	2020-10-16	18679.01225834021	c(273994.792632367, 258962.131020821, 4822256.17634778, 4811166.47559505)
4438	2020-10-16	18619.948164507194	c(274776.435568745, 273994.792632367, 4845451.03657373, 4822256.17634778)
4471	2020-10-16	0	c(289709.965769394, 274776.435568745, 4856572.73362927, 4845451.03657373)
4439	2020-10-16	18560.662212975094	c(277139.35931049, 276348.729178029, 4915039.51126836, 4891842.70381261)
4471	2020-10-16	0	c(276348.729178029, 290445.191483371, 4891842.70381261, 4879768.43645354)
4472	2020-10-16	18499.799810262615	c(291924.026377189, 277139.35931049, 4926161.86577465, 4915039.51126836)
4471	2020-10-16	0	c(290445.191483371, 289709.965769394, 4879768.43645354, 4856572.73362927)
4472	2020-10-16	18440.114323926002	c(292667.61624339, 291924.026377189, 4949359.59262138, 4926161.86577465)
4506	2020-10-16	0	c(307351.347739751, 292667.61624339, 4960514.22599152, 4949359.59262138)
4473	2020-10-16	18380.22239367972	c(294914.958827227, 294163.092240792, 5018956.82325301, 4995757.07129315)
4506	2020-10-16	0	c(294163.092240792, 308047.316945022, 4995757.07129315, 4983712.94909169)
4507	2020-10-16	18318.916562886167	c(309446.938434262, 294914.958827227, 5030112.4914218, 5018956.82325301)
4474	2020-10-16	43622.604004979046	c(297186.9548657, 296426.900026635, 5088560.12968404, 5065358.35248868)
4507	2020-10-16	28216.626235887186	c(296426.900026635, 310150.57243003, 5065358.35248868, 5053313.31067761)
4508	2020-10-16	28006.23363043717	c(311565.440936882, 297186.9548657, 5099717.04515693, 5088560.12968404)
4475	2020-10-16	43163.24242093427	c(299483.336900776, 298715.183303285, 5158169.5103438, 5134965.70875951)
4508	2020-10-16	27900.579701249455	c(298715.183303285, 312276.656947015, 5134965.70875951, 5122919.96018346)
4509	2020-10-16	27687.945888958573	c(313706.605964187, 299483.336900776, 5169327.88503917, 5158169.5103438)
4476	2020-10-16	42699.45855884332	c(301803.834412958, 301027.672568656, 5227784.96075425, 5204579.13659675)
4509	2020-10-16	27581.178680141034	c(301027.672568656, 314425.320259414, 5204579.13659675, 5192532.89444847)
4510	2020-10-16	27366.328762629146	c(315870.181381882, 301803.834412958, 5238945.00590173, 5227784.96075425)
4477	2020-10-16	27097.45318570926	c(304148.173849205, 303364.095277755, 5297406.47353036, 5274198.62958426)
4510	2020-10-16	17893.3224400354	c(303364.095277755, 316596.309288374, 5274198.62958426, 5262152.10730297)
4511	2020-10-16	17831.859513608462	c(318055.912230706, 304148.173849205, 5308568.39956952, 5297406.47353036)
4478	2020-10-16	26769.77464219558	c(306516.078651359, 305724.175870939, 5367034.0383819, 5343824.1783999)
4511	2020-10-16	17770.25091923762	c(305724.175870939, 318789.368138822, 5343824.1783999, 5331777.58956947)
4512	2020-10-16	17708.49694915248	c(320263.540752833, 306516.078651359, 5378198.05486122, 5367034.0383819)
4479	2020-10-16	17585.602648945038	c(308907.269285109, 308107.635802698, 5436667.64211652, 5413455.77081827)
4512	2020-10-16	17646.60908882317	c(308107.635802698, 321004.238126027, 5413455.77081827, 5401409.32906529)
4506	2020-10-16	0	c(308047.316945022, 307351.347739751, 4983712.94909169, 4960514.22599152)
4507	2020-10-16	18318.916562886167	c(310150.57243003, 309446.938434262, 5053313.31067761, 5030112.4914218)
4508	2020-10-16	27900.579701249455	c(312276.656947015, 311565.440936882, 5122919.96018346, 5099717.04515693)
4509	2020-10-16	27581.178680141034	c(314425.320259414, 313706.605964187, 5192532.89444847, 5169327.88503917)
4510	2020-10-16	17893.3224400354	c(316596.309288374, 315870.181381882, 5262152.10730297, 5238945.00590173)
4511	2020-10-16	17770.25091923762	c(318789.368138822, 318055.912230706, 5331777.58956947, 5308568.39956952)
4512	2020-10-16	17646.60908882317	c(321004.238126027, 320263.540752833, 5401409.32906529, 5378198.05486122)
5559	2020-10-16	0	c(759491.588356775, 758511.669148113, 5102301.92143866, 5125504.10000091)
5559	2020-10-16	0	c(774003.697254666, 759491.588356775, 5091307.18569461, 5102301.92143866)
5589	2020-10-16	0	c(775031.120213613, 774003.697254666, 5068105.97544156, 5091307.18569461)
5559	2020-10-16	0	c(758511.669148113, 771937.896233132, 5125504.10000091, 5137711.19298404)
5560	2020-10-16	18083.466982521466	c(770899.545294481, 756541.4913599, 5160913.98980689, 5171910.13999471)
5590	2020-10-16	18145.982829190027	c(771937.896233132, 770899.545294481, 5137711.19298404, 5160913.98980689)
5589	2020-10-16	0	c(789645.830527591, 775031.120213613, 5057143.81785572, 5068105.97544156)
5619	2020-10-16	18269.06282485169	c(790720.187236471, 789645.830527591, 5033943.48445681, 5057143.81785572)
5619	2020-10-16	18329.47623563671	c(805436.84988934, 790720.187236471, 5023013.81258744, 5033943.48445681)
5647	2020-10-16	0	c(806557.567522237, 805436.84988934, 4999814.2569651, 5023013.81258744)
5647	2020-10-16	0	c(821375.535274895, 806557.567522237, 4988916.96437421, 4999814.2569651)
5647	2020-10-16	0	c(835023.773085712, 821375.535274895, 5001250.850715, 4988916.96437421)
5647	2020-10-16	0	c(833798.622419799, 835023.773085712, 5024450.32771843, 5001250.850715)
5677	2020-10-16	18339.67225091531	c(847339.01185509, 833798.622419799, 5036816.40704784, 5024450.32771843)
5735	2020-10-16	0	c(862160.242647624, 847339.01185509, 5026014.80086795, 5036816.40704784)
5735	2020-10-16	0	c(875648.116998997, 862160.242647624, 5038444.82356252, 5026014.80086795)
5792	2020-10-16	0	c(890521.690397177, 875648.116998997, 5027707.35554066, 5038444.82356252)
5738	2020-10-16	106694.44397494798	c(861531.207002573, 862964.872183845, 5270453.53398013, 5247251.5116818)
5767	2020-10-16	88993.04131953407	c(862964.872183845, 877381.287915636, 5247251.5116818, 5236510.3434916)
5823	2020-10-16	88993.04131953407	c(877381.287915636, 890313.230471715, 5236510.3434916, 5249002.43794716)
5792	2020-10-16	0	c(903956.98439082, 890521.690397177, 5040201.37730279, 5027707.35554066)
5847	2020-10-16	0	c(918882.943715455, 903956.98439082, 5029528.12531369, 5040201.37730279)
5847	2020-10-16	0	c(932265.587023539, 918882.943715455, 5042086.20609643, 5029528.12531369)
5895	2020-10-16	0	c(947243.97872962, 932265.587023539, 5031477.25383784, 5042086.20609643)
5895	2020-10-16	0	c(960573.895898359, 947243.97872962, 5044099.45778691, 5031477.25383784)
5874	2020-10-16	0	c(937256.341446192, 938935.600172526, 5170671.60589728, 5147472.52199796)
5896	2020-10-16	0	c(938935.600172526, 953715.005348702, 5147472.52199796, 5136894.71855157)
5895	2020-10-16	0	c(958868.290702399, 960573.895898359, 5067298.33946632, 5044099.45778691)
5917	2020-10-16	0	c(972087.973494001, 958868.290702399, 5079952.32940537, 5067298.33946632)
5896	2020-10-16	0	c(953715.005348702, 955438.822630544, 5136894.71855157, 5113695.96976157)
5917	2020-10-16	0	c(955438.822630544, 970320.164654931, 5113695.96976157, 5103150.89610056)
5917	2020-10-16	0	c(970320.164654931, 972087.973494001, 5103150.89610056, 5079952.32940537)
1511	2020-10-17	0	c(-983897.499984621, -977563.472413218, 5574816.91174421, 5597802.19762874)
1511	2020-10-17	0	c(-973802.692473719, -983897.499984621, 5559697.44206214, 5574816.91174421)
1538	2020-10-17	0	c(-980049.893140128, -973802.692473719, 5536693.06013482, 5559697.44206214)
1511	2020-10-17	0	c(-977563.472413218, -961255.453141132, 5597802.19762874, 5605677.93673546)
1539	2020-10-17	0	c(-961255.453141132, -954955.604451985, 5605677.93673546, 5628654.08443758)
1538	2020-10-17	0	c(-969818.793651695, -980049.893140128, 5521591.98083405, 5536693.06013482)
1566	2020-10-17	0	c(-975979.407159663, -969818.793651695, 5498569.09801602, 5521591.98083405)
1566	2020-10-17	0	c(-965612.742628434, -975979.407159663, 5483487.28545447, 5498569.09801602)
1593	2020-10-17	0	c(-971687.020791268, -965612.742628434, 5460446.49321379, 5483487.28545447)
1593	2020-10-17	0	c(-961185.531709396, -971687.020791268, 5445384.8084178, 5460446.49321379)
1621	2020-10-17	0	c(-967173.738325967, -961185.531709396, 5422326.69429773, 5445384.8084178)
1621	2020-10-17	0	c(-956538.17844327, -967173.738325967, 5407285.98270784, 5422326.69429773)
1648	2020-10-17	0	c(-962440.589211195, -956538.17844327, 5384211.13008982, 5407285.98270784)
1648	2020-10-17	0	c(-951671.725230597, -962440.589211195, 5369192.22131571, 5384211.13008982)
1648	2020-10-17	0	c(-935070.818887644, -951671.725230597, 5377292.75862356, 5369192.22131571)
1705	2020-10-17	18471.837918391386	c(-924239.562265794, -935070.818887644, 5362340.57533941, 5377292.75862356)
1733	2020-10-17	18531.018130522298	c(-929939.201851671, -924239.562265794, 5339243.80457244, 5362340.57533941)
1733	2020-10-17	18531.018130522298	c(-918976.088384239, -929939.201851671, 5324314.61231704, 5339243.80457244)
1761	2020-10-17	18589.872072627448	c(-924591.125997072, -918976.088384239, 5301202.90093053, 5324314.61231704)
1761	2020-10-17	18589.872072627448	c(-913496.950340357, -924591.125997072, 5286297.47967588, 5301202.90093053)
1789	2020-10-17	18648.395170918175	c(-919027.706223535, -913496.950340357, 5263171.38645926, 5286297.47967588)
1789	2020-10-17	18648.395170918175	c(-907803.274712514, -919027.706223535, 5248290.49962648, 5263171.38645926)
1817	2020-10-17	0	c(-913250.08041354, -907803.274712514, 5225150.57814556, 5248290.49962648)
1817	2020-10-17	0	c(-901896.210742222, -913250.08041354, 5210294.97240616, 5225150.57814556)
1817	2020-10-17	0	c(-885165.027370107, -901896.210742222, 5218621.70115781, 5210294.97240616)
1874	2020-10-17	18688.683975466214	c(-873751.760116587, -885165.027370107, 5203834.05670673, 5218621.70115781)
1902	2020-10-17	18746.43976197059	c(-879000.584936856, -873751.760116587, 5180677.77529319, 5203834.05670673)
1902	2020-10-17	18746.43976197059	c(-867459.378983405, -879000.584936856, 5165916.4375554, 5180677.77529319)
1930	2020-10-17	0	c(-872625.595489904, -867459.378983405, 5142748.00522261, 5165916.4375554)
1930	2020-10-17	0	c(-860957.291700755, -872625.595489904, 5128013.66955136, 5142748.00522261)
1930	2020-10-17	0	c(-844191.552331098, -860957.291700755, 5136488.89142137, 5128013.66955136)
1987	2020-10-17	18786.14921576631	c(-832465.478379988, -844191.552331098, 5121822.9156253, 5136488.89142137)
1987	2020-10-17	23708.896867710388	c(-815754.915132383, -832465.478379988, 5130368.40907636, 5121822.9156253)
2044	2020-10-17	23687.233277455467	c(-803971.347676014, -815754.915132383, 5115770.61923485, 5130368.40907636)
2072	2020-10-17	0	c(-808830.371171193, -803971.347676014, 5092587.11408541, 5115770.61923485)
2072	2020-10-17	0	c(-796921.880569562, -808830.371171193, 5078017.50022656, 5092587.11408541)
2072	2020-10-17	0	c(-780222.177795853, -796921.880569562, 5086671.25973531, 5078017.50022656)
2129	2020-10-17	18808.711448832288	c(-768257.113001368, -780222.177795853, 5072169.89484453, 5086671.25973531)
2129	2020-10-17	23659.463968405467	c(-751612.344292184, -768257.113001368, 5080893.03886848, 5072169.89484453)
2186	2020-10-17	36791.5716981084	c(-739590.958805214, -751612.344292184, 5066459.74480414, 5080893.03886848)
2214	2020-10-17	18848.534973028378	c(-744147.361796367, -739590.958805214, 5043264.28141287, 5066459.74480414)
2214	2020-10-17	18848.534973028378	c(-732003.208088411, -744147.361796367, 5028860.21749154, 5043264.28141287)
2242	2020-10-17	0	c(-736480.840139748, -732003.208088411, 5005656.2319128, 5028860.21749154)
2242	2020-10-17	0	c(-724214.78809217, -736480.840139748, 4991281.97361702, 5005656.2319128)
2242	2020-10-17	0	c(-707537.669483089, -724214.78809217, 5000150.01194063, 4991281.97361702)
2299	2020-10-17	18888.31355125017	c(-695216.811763773, -707537.669483089, 4985844.03513827, 5000150.01194063)
2299	2020-10-17	23605.051977817177	c(-678594.301955789, -695216.811763773, 4994780.32814053, 4985844.03513827)
2355	2020-10-17	36862.507764657035	c(-666218.860855135, -678594.301955789, 4980542.44373735, 4994780.32814053)
2382	2020-10-17	18928.07637403543	c(-670400.229978574, -666218.860855135, 4957330.72115889, 4980542.44373735)
2382	2020-10-17	18928.07637403543	c(-657905.026993237, -670400.229978574, 4943123.52938541, 4957330.72115889)
2410	2020-10-17	18983.48750159466	c(-662009.872737389, -657905.026993237, 4919905.10465466, 4943123.52938541)
2410	2020-10-17	18983.48750159466	c(-649395.790761334, -662009.872737389, 4905729.11295568, 4919905.10465466)
2410	2020-10-17	23571.551580798863	c(-632742.091387594, -649395.790761334, 4914808.41586308, 4905729.11295568)
2466	2020-10-17	36960.50969100209	c(-620074.873202135, -632742.091387594, 4900700.62047445, 4914808.41586308)
2493	2020-10-17	19022.917841416715	c(-623996.601722236, -620074.873202135, 4877477.02292125, 4900700.62047445)
2493	2020-10-17	19022.917841416715	c(-611212.007840764, -623996.601722236, 4863401.03824817, 4877477.02292125)
2493	2020-10-17	23545.4257568768	c(-594570.213340709, -611212.007840764, 4872584.84491153, 4863401.03824817)
2550	2020-10-17	36993.18911557432	c(-581733.278930451, -594570.213340709, 4858576.9724446, 4872584.84491153)
2578	2020-10-17	19062.405191720107	c(-585474.095048822, -581733.278930451, 4835349.45051923, 4858576.9724446)
2578	2020-10-17	19062.405191720107	c(-572521.28179667, -585474.095048822, 4821373.94263836, 4835349.45051923)
2606	2020-10-17	19116.813814517747	c(-576188.397580928, -572521.28179667, 4798141.74593322, 4821373.94263836)
2606	2020-10-17	19116.813814517747	c(-563120.602754857, -576188.397580928, 4784199.02510933, 4798141.74593322)
2606	2020-10-17	23512.78340215492	c(-546449.195853599, -563120.602754857, 4793523.71406124, 4784199.02510933)
2665	2020-10-17	23494.820839769847	c(-533330.420812993, -546449.195853599, 4779649.07045976, 4793523.71406124)
2694	2020-10-17	0	c(-536820.047076367, -533330.420812993, 4756414.84753678, 4779649.07045976)
2694	2020-10-17	0	c(-523587.781717513, -536820.047076367, 4742573.45558596, 4756414.84753678)
2694	2020-10-17	0	c(-506928.640264757, -523587.781717513, 4752000.89516297, 4742573.45558596)
2754	2020-10-17	19141.672103580808	c(-493646.123939138, -506928.640264757, 4738227.42289557, 4752000.89516297)
2754	2020-10-17	23470.41642744106	c(-477040.264416873, -493646.123939138, 4747720.2686751, 4738227.42289557)
2816	2020-10-17	37089.171123167915	c(-463707.630438597, -477040.264416873, 4734014.50286258, 4747720.2686751)
2847	2020-10-17	19181.51275629262	c(-466919.051133062, -463707.630438597, 4710781.8360092, 4734014.50286258)
2847	2020-10-17	19181.51275629262	c(-453474.974930141, -466919.051133062, 4697109.76356947, 4710781.8360092)
2847	2020-10-17	23446.660026935486	c(-436881.013056176, -453474.974930141, 4706704.15099432, 4697109.76356947)
2910	2020-10-17	37120.75932582118	c(-423387.503495488, -436881.013056176, 4693099.60208939, 4706704.15099432)
2942	2020-10-17	19221.532571528398	c(-426426.932089094, -423387.503495488, 4669867.14498783, 4693099.60208939)
2942	2020-10-17	19221.532571528398	c(-412823.436411576, -426426.932089094, 4656296.62419811, 4669867.14498783)
2942	2020-10-17	23423.58826092782	c(-396241.255579966, -412823.436411576, 4665991.83034198, 4656296.62419811)
3006	2020-10-17	37152.283089939956	c(-382588.981646139, -396241.255579966, 4652488.62805, 4665991.83034198)
3038	2020-10-17	19261.76253048136	c(-385458.6619216, -382588.981646139, 4629257.20237333, 4652488.62805)
3038	2020-10-17	19261.76253048136	c(-371697.844363631, -385458.6619216, 4615788.31028712, 4629257.20237333)
3070	2020-10-17	19314.73822685483	c(-374499.997090183, -371697.844363631, 4592555.44876205, 4615788.31028712)
3070	2020-10-17	19314.73822685483	c(-360631.536294893, -374499.997090183, 4579121.12616132, 4592555.44876205)
3070	2020-10-17	23394.464648428017	c(-344020.489270866, -360631.536294893, 4588952.16604197, 4579121.12616132)
3135	2020-10-17	37238.51474544657	c(-330104.402917989, -344020.489270866, 4575584.90685319, 4588952.16604197)
3166	2020-10-17	19354.96753715613	c(-332740.32409507, -330104.402917989, 4552354.33095162, 4575584.90685319)
3166	2020-10-17	19354.96753715613	c(-318718.020265726, -332740.32409507, 4539021.83999762, 4552354.33095162)
3197	2020-10-17	0	c(-321288.252820739, -318718.020265726, 4515790.60006333, 4539021.83999762)
3197	2020-10-17	0	c(-307160.632249966, -321288.252820739, 4502493.08794399, 4515790.60006333)
3197	2020-10-17	0	c(-290521.122848172, -307160.632249966, 4512458.60622027, 4502493.08794399)
3259	2020-10-17	19395.484723185218	c(-276346.966170171, -290521.122848172, 4499227.82970448, 4512458.60622027)
3289	2020-10-17	19447.693746497698	c(-278754.511275006, -276346.966170171, 4475999.9401079, 4499227.82970448)
3289	2020-10-17	19447.693746497698	c(-264476.443767816, -278754.511275006, 4462804.25968217, 4475999.9401079)
3320	2020-10-17	19499.60386644711	c(-266820.172197459, -264476.443767816, 4439576.38600225, 4462804.25968217)
3320	2020-10-17	19499.60386644711	c(-252439.093087665, -266820.172197459, 4426415.9643284, 4439576.38600225)
3350	2020-10-17	19551.21443157994	c(-254719.591977925, -252439.093087665, 4403188.32565589, 4426415.9643284)
3350	2020-10-17	19551.21443157994	c(-240236.401807077, -254719.591977925, 4390063.30855099, 4403188.32565589)
3381	2020-10-17	0	c(-242454.263683529, -240236.401807077, 4366836.11546224, 4390063.30855099)
3381	2020-10-17	0	c(-227869.864079993, -242454.263683529, 4353746.63195684, 4366836.11546224)
3381	2020-10-17	0	c(-211123.84647335, -227869.864079993, 4363914.99749422, 4353746.63195684)
3445	2020-10-17	19591.44617897722	c(-196494.894092843, -211123.84647335, 4350891.62280275, 4363914.99749422)
3476	2020-10-17	19642.56492478882	c(-198556.268232381, -196494.894092843, 4327669.37595198, 4350891.62280275)
3476	2020-10-17	19642.56492478882	c(-183827.48010554, -198556.268232381, 4314681.51220346, 4327669.37595198)
3476	2020-10-17	23307.295390655003	c(-167092.657081089, -183827.48010554, 4324946.21579625, 4314681.51220346)
3543	2020-10-17	23295.220628952466	c(-152319.773352868, -167092.657081089, 4312024.08888059, 4324946.21579625)
3543	2020-10-17	19617.242155868487	c(-135634.610515677, -152319.773352868, 4322350.31626811, 4312024.08888059)
3610	2020-10-17	0	c(-120817.610832031, -135634.610515677, 4309493.69500991, 4322350.31626811)
3610	2020-10-17	0	c(-104181.883186132, -120817.610832031, 4319881.40119761, 4309493.69500991)
3610	2020-10-17	0	c(-102402.583949126, -104181.883186132, 4343091.80830925, 4319881.40119761)
3645	2020-10-17	19547.473325500385	c(-85855.8288952853, -102402.583949126, 4353507.24083647, 4343091.80830925)
3715	2020-10-17	0	c(-71048.5627804942, -85855.8288952853, 4340746.02680265, 4353507.24083647)
3715	2020-10-17	0	c(-54551.0857759881, -71048.5627804942, 4351223.11368868, 4340746.02680265)
3715	2020-10-17	0	c(-52901.1240077572, -54551.0857759881, 4374427.88931183, 4351223.11368868)
3751	2020-10-17	19478.7947699357	c(-36493.2964742455, -52901.1240077572, 4384933.2656601, 4374427.88931183)
3751	2020-10-17	19478.7947699357	c(-34879.6596694081, -36493.2964742455, 4408136.21836177, 4384933.2656601)
3788	2020-10-17	19418.511747834495	c(-18562.0976072683, -34879.6596694081, 4418670.22152135, 4408136.21836177)
3788	2020-10-17	19418.511747834495	c(-16985.4057818773, -18562.0976072683, 4441871.56469835, 4418670.22152135)
3825	2020-10-17	19358.158256289404	c(-758.72833872831, -16985.4057818773, 4452434.51905021, 4441871.56469835)
3898	2020-10-17	0	c(13932.9431743085, -758.72833872831, 4439829.23923465, 4452434.51905021)
3898	2020-10-17	0	c(30110.2797064768, 13932.9431743085, 4450454.39925664, 4439829.23923465)
3898	2020-10-17	0	c(31553.8212229547, 30110.2797064768, 4473651.93224056, 4450454.39925664)
3936	2020-10-17	19291.019471946176	c(47639.5447987404, 31553.8212229547, 4484306.52926421, 4473651.93224056)
3936	2020-10-17	19291.019471946176	c(49044.3741395724, 47639.5447987404, 4507503.08462472, 4484306.52926421)
3973	2020-10-17	37064.4875025447	c(65037.8515672217, 49044.3741395724, 4518187.40717344, 4507503.08462472)
4047	2020-10-17	23231.409993740584	c(79669.5017223767, 65037.8515672217, 4505707.83948521, 4518187.40717344)
4047	2020-10-17	19224.86330155063	c(95613.5733962335, 79669.5017223767, 4516454.68269158, 4505707.83948521)
4047	2020-10-17	19224.86330155063	c(96882.5549950061, 95613.5733962335, 4539648.60560079, 4516454.68269158)
4085	2020-10-17	19164.88966749899	c(112733.613126583, 96882.5549950061, 4550425.60402911, 4539648.60560079)
4160	2020-10-17	0	c(127359.482724911, 112733.613126583, 4538041.05985259, 4550425.60402911)
4160	2020-10-17	0	c(143161.145738071, 127359.482724911, 4548880.7153823, 4538041.05985259)
4160	2020-10-17	0	c(144292.706433809, 143161.145738071, 4572072.69506713, 4548880.7153823)
4198	2020-10-17	19099.880525177876	c(160000.560885128, 144292.706433809, 4582942.90166662, 4572072.69506713)
4198	2020-10-17	19099.880525177876	c(161090.488798373, 160000.560885128, 4606134.79657118, 4582942.90166662)
4234	2020-10-17	19040.01821897336	c(176703.877741538, 161090.488798373, 4617035.78285653, 4606134.79657118)
4302	2020-10-17	0	c(191272.417669678, 176703.877741538, 4604776.91104298, 4617035.78285653)
4302	2020-10-17	0	c(206836.226598139, 191272.417669678, 4615740.81897924, 4604776.91104298)
4302	2020-10-17	0	c(207785.977317723, 206836.226598139, 4638931.69705772, 4615740.81897924)
4336	2020-10-17	18976.08231165425	c(223254.488651586, 207785.977317723, 4649926.7223549, 4638931.69705772)
4336	2020-10-17	18976.08231165425	c(224160.843181089, 223254.488651586, 4673117.94117572, 4649926.7223549)
4370	2020-10-17	18916.303761918545	c(239533.387605496, 224160.843181089, 4684144.27499922, 4673117.94117572)
4370	2020-10-17	18916.303761918545	c(240395.743844572, 239533.387605496, 4707335.95193391, 4684144.27499922)
4403	2020-10-17	18856.432390265294	c(255671.649724834, 240395.743844572, 4718393.77167646, 4707335.95193391)
4403	2020-10-17	18856.432390265294	c(256489.4081888, 255671.649724834, 4741586.01664964, 4718393.77167646)
4437	2020-10-17	18796.468637350954	c(271668.001665916, 256489.4081888, 4752675.48586394, 4741586.01664964)
4437	2020-10-17	18796.468637350954	c(272440.565535621, 271668.001665916, 4775868.40131756, 4752675.48586394)
4470	2020-10-17	18736.41301968133	c(287521.170626397, 272440.565535621, 4786989.66965033, 4775868.40131756)
4470	2020-10-17	18736.41301968133	c(288247.945800623, 287521.170626397, 4810183.35051, 4786989.66965033)
4504	2020-10-17	18676.266131899258	c(303229.884502383, 288247.945800623, 4821336.55363761, 4810183.35051)
4471	2020-10-17	28993.764467721645	c(290445.191483371, 289709.965769394, 4879768.43645354, 4856572.73362927)
4504	2020-10-17	18617.239002924973	c(289709.965769394, 303910.279652746, 4856572.73362927, 4844531.08728106)
4505	2020-10-17	18557.990330818677	c(305278.915260485, 290445.191483371, 4890922.24801562, 4879768.43645354)
4504	2020-10-17	18617.239002924973	c(303910.279652746, 303229.884502383, 4844531.08728106, 4821336.55363761)
4505	2020-10-17	18557.990330818677	c(305967.137860684, 305278.915260485, 4914118.87557778, 4890922.24801562)
4538	2020-10-17	18497.35363453031	c(320700.378411157, 305967.137860684, 4925304.90576543, 4914118.87557778)
4506	2020-10-17	44524.93927253402	c(308047.316945022, 307351.347739751, 4983712.94909169, 4960514.22599152)
4538	2020-10-17	28682.59040123838	c(307351.347739751, 321341.0148928, 4960514.22599152, 4948502.5325978)
4539	2020-10-17	44297.88420595784	c(322629.439288195, 308047.316945022, 4994899.9478727, 4983712.94909169)
4545	2020-10-17	52872.226343929855	c(322492.80641876, 335332.521562328, 5447833.95759284, 5435818.99009077)
4538	2020-10-17	18497.35363453031	c(321341.0148928, 320700.378411157, 4948502.5325978, 4925304.90576543)
4539	2020-10-17	44072.258871975224	c(323277.210381848, 322629.439288195, 5018099.73645494, 4994899.9478727)
4572	2020-10-17	28317.954959177987	c(337757.048447347, 323277.210381848, 5029319.17301001, 5018099.73645494)
4543	2020-10-17	42226.78658730728	c(331232.194855317, 330556.655519438, 5296553.37606104, 5273344.94970568)
4575	2020-10-17	27255.60993337599	c(330556.655519438, 343843.306581172, 5273344.94970568, 5261361.64839465)
4576	2020-10-17	27038.63665061936	c(345085.879838509, 331232.194855317, 5307779.01736948, 5296553.37606104)
4544	2020-10-17	41754.55977963988	c(333272.32091552, 332590.036449976, 5366182.96006854, 5342972.381747)
4576	2020-10-17	26929.71478442704	c(332590.036449976, 345710.279224862, 5342972.381747, 5330988.80867654)
4577	2020-10-17	26710.575462325385	c(346965.262617927, 333272.32091552, 5377410.60233273, 5366182.96006854)
4545	2020-10-17	41516.86579720266	c(335332.521562328, 334643.57246291, 5435818.99009077, 5412606.26485953)
4577	2020-10-17	26600.577886603936	c(334643.57246291, 347595.830179239, 5412606.26485953, 5400622.60352514)
4572	2020-10-17	28213.462655107276	c(338356.046986367, 337757.048447347, 5052520.08864842, 5029319.17301001)
4606	2020-10-17	18255.58803905874	c(352732.924236483, 338356.046986367, 5063772.02110545, 5052520.08864842)
4573	2020-10-17	43386.35943781032	c(340165.97400761, 339560.517633836, 5122127.28019798, 5098924.14234855)
4606	2020-10-17	28054.562219887397	c(339560.517633836, 353282.578851508, 5098924.14234855, 5086974.1177013)
4607	2020-10-17	27843.14573874242	c(354387.765449933, 340165.97400761, 5133380.58842038, 5122127.28019798)
4574	2020-10-17	27578.224902360787	c(341995.132289594, 341383.289292899, 5191741.13564275, 5168535.77706939)
4607	2020-10-17	18073.826339524436	c(341383.289292899, 354943.282996006, 5168535.77706939, 5156584.96220363)
4608	2020-10-17	18012.887401961863	c(356060.130283208, 341995.132289594, 5202995.98546485, 5191741.13564275)
4575	2020-10-17	27255.60993337599	c(343843.306581172, 343225.148980402, 5261361.64839465, 5238154.07164782)
4608	2020-10-17	17951.78476609148	c(343225.148980402, 356621.445423072, 5238154.07164782, 5226202.63436064)
4576	2020-10-17	26929.71478442704	c(345710.279224862, 345085.879838509, 5330988.80867654, 5307779.01736948)
4577	2020-10-17	26600.577886603936	c(347595.830179239, 346965.262617927, 5400622.60352514, 5377410.60233273)
4606	2020-10-17	18255.58803905874	c(353282.578851508, 352732.924236483, 5086974.1177013, 5063772.02110545)
4607	2020-10-17	18073.826339524436	c(354943.282996006, 354387.765449933, 5156584.96220363, 5133380.58842038)
4608	2020-10-17	17951.78476609148	c(356621.445423072, 356060.130283208, 5226202.63436064, 5202995.98546485)
5531	2020-10-17	0	c(744102.812460698, 743170.964118583, 5136531.49229981, 5159734.72298348)
5558	2020-10-17	18265.668380214327	c(762410.513098869, 761441.023117374, 5032698.75279485, 5055899.24776425)
5531	2020-10-17	0	c(758511.669148113, 744102.812460698, 5125504.10000091, 5136531.49229981)
5559	2020-10-17	18144.38017548259	c(759491.588356775, 758511.669148113, 5102301.92143866, 5125504.10000091)
5558	2020-10-17	18326.032487637913	c(777074.943596297, 762410.513098869, 5021705.14204155, 5032698.75279485)
5588	2020-10-17	0	c(778091.317199379, 777074.943596297, 4998505.5189393, 5021705.14204155)
5558	2020-10-17	18265.668380214327	c(761441.023117374, 775031.120213613, 5055899.24776425, 5068105.97544156)
5559	2020-10-17	18205.113143256218	c(774003.697254666, 759491.588356775, 5091307.18569461, 5102301.92143866)
5589	2020-10-17	28071.80608573818	c(775031.120213613, 774003.697254666, 5068105.97544156, 5091307.18569461)
5588	2020-10-17	0	c(792857.253747871, 778091.317199379, 4987544.30309268, 4998505.5189393)
5588	2020-10-17	0	c(806557.567522237, 792857.253747871, 4999814.2569651, 4987544.30309268)
5647	2020-10-17	18391.584095651884	c(821375.535274895, 806557.567522237, 4988916.96437421, 4999814.2569651)
5647	2020-10-17	23228.19347880926	c(835023.773085712, 821375.535274895, 5001250.850715, 4988916.96437421)
5706	2020-10-17	23233.678730262083	c(849893.813932678, 835023.773085712, 4990417.54079515, 5001250.850715)
5706	2020-10-17	18402.386816863607	c(863489.923619311, 849893.813932678, 5002815.41489973, 4990417.54079515)
5706	2020-10-17	18402.386816863607	c(862160.242647624, 863489.923619311, 5026014.80086795, 5002815.41489973)
5735	2020-10-17	36001.32898910288	c(875648.116998997, 862160.242647624, 5038444.82356252, 5026014.80086795)
5792	2020-10-17	23243.577810039547	c(890521.690397177, 875648.116998997, 5027707.35554066, 5038444.82356252)
5792	2020-10-17	23243.577810039547	c(903956.98439082, 890521.690397177, 5040201.37730279, 5027707.35554066)
5847	2020-10-17	23250.156880805658	c(918882.943715455, 903956.98439082, 5029528.12531369, 5040201.37730279)
5847	2020-10-17	23250.156880805658	c(932265.587023539, 918882.943715455, 5042086.20609643, 5029528.12531369)
5895	2020-10-17	23257.19761346114	c(947243.97872962, 932265.587023539, 5031477.25383784, 5042086.20609643)
5895	2020-10-17	23257.19761346114	c(960573.895898359, 947243.97872962, 5044099.45778691, 5031477.25383784)
5874	2020-10-17	18174.728144102613	c(937256.341446192, 938935.600172526, 5170671.60589728, 5147472.52199796)
5896	2020-10-17	0	c(938935.600172526, 953715.005348702, 5147472.52199796, 5136894.71855157)
5895	2020-10-17	18299.82170646002	c(958868.290702399, 960573.895898359, 5067298.33946632, 5044099.45778691)
5917	2020-10-17	0	c(972087.973494001, 958868.290702399, 5079952.32940537, 5067298.33946632)
5896	2020-10-17	0	c(953715.005348702, 955438.822630544, 5136894.71855157, 5113695.96976157)
5917	2020-10-17	0	c(955438.822630544, 970320.164654931, 5113695.96976157, 5103150.89610056)
5917	2020-10-17	0	c(970320.164654931, 972087.973494001, 5103150.89610056, 5079952.32940537)
1511	2020-10-18	0	c(-983897.499984621, -977563.472413218, 5574816.91174421, 5597802.19762874)
1511	2020-10-18	0	c(-973802.692473719, -983897.499984621, 5559697.44206214, 5574816.91174421)
1538	2020-10-18	18179.755282983897	c(-980049.893140128, -973802.692473719, 5536693.06013482, 5559697.44206214)
1511	2020-10-18	0	c(-977563.472413218, -961255.453141132, 5597802.19762874, 5605677.93673546)
1539	2020-10-18	18110.183849311397	c(-961255.453141132, -954955.604451985, 5605677.93673546, 5628654.08443758)
1538	2020-10-18	18249.268497789544	c(-969818.793651695, -980049.893140128, 5521591.98083405, 5536693.06013482)
1566	2020-10-18	18309.8363076445	c(-975979.407159663, -969818.793651695, 5498569.09801602, 5521591.98083405)
1566	2020-10-18	18309.8363076445	c(-965612.742628434, -975979.407159663, 5483487.28545447, 5498569.09801602)
1593	2020-10-18	18370.094133651146	c(-971687.020791268, -965612.742628434, 5460446.49321379, 5483487.28545447)
1593	2020-10-18	18370.094133651146	c(-961185.531709396, -971687.020791268, 5445384.8084178, 5460446.49321379)
1621	2020-10-18	18430.03658262515	c(-967173.738325967, -961185.531709396, 5422326.69429773, 5445384.8084178)
1621	2020-10-18	18430.03658262515	c(-956538.17844327, -967173.738325967, 5407285.98270784, 5422326.69429773)
1648	2020-10-18	18489.658445411103	c(-962440.589211195, -956538.17844327, 5384211.13008982, 5407285.98270784)
1648	2020-10-18	18489.658445411103	c(-951671.725230597, -962440.589211195, 5369192.22131571, 5384211.13008982)
1676	2020-10-18	18548.954695974164	c(-957488.627653966, -951671.725230597, 5346101.20918618, 5369192.22131571)
1676	2020-10-18	18548.954695974164	c(-946587.238922412, -957488.627653966, 5331104.91677097, 5346101.20918618)
1704	2020-10-18	18607.920490452343	c(-952318.932214176, -946587.238922412, 5307998.3194922, 5331104.91677097)
1704	2020-10-18	18607.920490452343	c(-941285.810409384, -952318.932214176, 5293025.44068606, 5307998.3194922)
1732	2020-10-18	18666.551166073652	c(-946932.60538859, -941285.810409384, 5269903.82777118, 5293025.44068606)
1732	2020-10-18	18666.551166073652	c(-935768.554201945, -946932.60538859, 5254955.14331446, 5269903.82777118)
1760	2020-10-18	0	c(-941330.773185955, -935768.554201945, 5231819.07920682, 5254955.14331446)
1760	2020-10-18	0	c(-930036.608001871, -941330.773185955, 5216895.35312271, 5231819.07920682)
1760	2020-10-18	0	c(-913250.08041354, -930036.608001871, 5225150.57814556, 5216895.35312271)
1817	2020-10-18	18706.583029824033	c(-901896.210742222, -913250.08041354, 5210294.97240616, 5225150.57814556)
1845	2020-10-18	18764.431430715882	c(-907259.408997492, -901896.210742222, 5187141.77079294, 5210294.97240616)
1845	2020-10-18	18764.431430715882	c(-895776.929896387, -907259.408997492, 5172312.17587964, 5187141.77079294)
1873	2020-10-18	18821.93633052318	c(-901056.874511503, -895776.929896387, 5149146.23662682, 5172312.17587964)
1873	2020-10-18	18821.93633052318	c(-889446.62542247, -901056.874511503, 5134343.36515392, 5149146.23662682)
1873	2020-10-18	23753.643366705164	c(-872625.595489904, -889446.62542247, 5142748.00522261, 5134343.36515392)
1930	2020-10-18	23731.03350536299	c(-860957.291700755, -872625.595489904, 5128013.66955136, 5142748.00522261)
1958	2020-10-18	0	c(-866041.273045938, -860957.291700755, 5104833.61163697, 5128013.66955136)
1958	2020-10-18	0	c(-854246.722344667, -866041.273045938, 5090126.95609459, 5104833.61163697)
1958	2020-10-18	0	c(-837436.785090853, -854246.722344667, 5098641.07143054, 5090126.95609459)
2015	2020-10-18	18843.145980193676	c(-825585.129912326, -837436.785090853, 5084003.02811028, 5098641.07143054)
2015	2020-10-18	23702.335340879912	c(-808830.371171193, -825585.129912326, 5092587.11408541, 5084003.02811028)
2072	2020-10-18	36857.37012822859	c(-796921.880569562, -808830.371171193, 5078017.50022656, 5092587.11408541)
2100	2020-10-18	18882.328222692704	c(-801700.379448122, -796921.880569562, 5054823.97491284, 5078017.50022656)
2100	2020-10-18	18882.328222692704	c(-789667.827284306, -801700.379448122, 5040283.16355659, 5054823.97491284)
2100	2020-10-18	23673.96474506363	c(-772924.376285888, -789667.827284306, 5048975.3504708, 5040283.16355659)
2157	2020-10-18	36891.81451370185	c(-760835.900533924, -772924.376285888, 5034503.00608136, 5048975.3504708)
2185	2020-10-18	18921.432277073938	c(-765423.720648303, -760835.900533924, 5011299.44220519, 5034503.00608136)
2185	2020-10-18	18921.432277073938	c(-753212.704156238, -765423.720648303, 4996856.71047369, 5011299.44220519)
2185	2020-10-18	23645.96063244224	c(-736480.840139748, -753212.704156238, 5005656.2319128, 4996856.71047369)
2242	2020-10-18	36925.48639439567	c(-724214.78809217, -736480.840139748, 4991281.97361702, 5005656.2319128)
2270	2020-10-18	18960.48741378692	c(-728614.082772105, -724214.78809217, 4968069.92558515, 4991281.97361702)
2270	2020-10-18	18960.48741378692	c(-716227.010122242, -728614.082772105, 4953726.03080019, 4968069.92558515)
2270	2020-10-18	29677.061241011026	c(-699506.964549522, -716227.010122242, 4962632.11863079, 4953726.03080019)
2326	2020-10-18	46007.67234864905	c(-687065.719729153, -699506.964549522, 4948356.67376685, 4962632.11863079)
2354	2020-10-18	38421.989130565744	c(-691278.663789258, -687065.719729153, 4925137.60797582, 4948356.67376685)
2354	2020-10-18	37021.9929739035	c(-678717.916039537, -691278.663789258, 4910893.2187956, 4925137.60797582)
2381	2020-10-18	19054.628037305003	c(-682854.109917454, -678717.916039537, 4887667.43741106, 4910893.2187956)
2381	2020-10-18	19054.628037305003	c(-670174.750346613, -682854.109917454, 4873454.60993383, 4887667.43741106)
2381	2020-10-18	29944.294703005435	c(-653424.577794604, -670174.750346613, 4882504.40802824, 4873454.60993383)
2437	2020-10-18	46391.625011874734	c(-640692.506378398, -653424.577794604, 4868360.10617744, 4882504.40802824)
2465	2020-10-18	38426.46728676053	c(-644645.708083326, -640692.506378398, 4845129.53552196, 4868360.10617744)
2465	2020-10-18	37113.99452109612	c(-631796.543125541, -644645.708083326, 4831017.39555731, 4845129.53552196)
2465	2020-10-18	37113.99452109612	c(-615058.847585684, -631796.543125541, 4840171.98536068, 4831017.39555731)
2521	2020-10-18	55647.9126637883	c(-602157.771913422, -615058.847585684, 4826128.26740799, 4840171.98536068)
2549	2020-10-18	38413.1134865357	c(-605930.210377667, -602157.771913422, 4802894.15422494, 4826128.26740799)
2549	2020-10-18	37143.3837442157	c(-592913.55259375, -605930.210377667, 4788883.14127507, 4802894.15422494)
2577	2020-10-18	19186.144542620634	c(-596612.085493807, -592913.55259375, 4765644.35505703, 4788883.14127507)
2577	2020-10-18	19186.144542620634	c(-583480.750749895, -596612.085493807, 4751666.46762789, 4765644.35505703)
2577	2020-10-18	23524.07995824295	c(-566714.519096205, -583480.750749895, 4760962.52906006, 4751666.46762789)
2635	2020-10-18	37172.45246299014	c(-553532.645179297, -566714.519096205, 4747053.00007657, 4760962.52906006)
2635	2020-10-18	37172.45246299014	c(-536820.047076367, -553532.645179297, 4756414.84753678, 4747053.00007657)
2694	2020-10-18	55737.40718502621	c(-523587.781717513, -536820.047076367, 4742573.45558596, 4756414.84753678)
2723	2020-10-18	38374.309527331956	c(-527005.426798478, -523587.781717513, 4719335.64979505, 4742573.45558596)
2723	2020-10-18	23480.692961309633	c(-513660.575465716, -527005.426798478, 4705527.88106427, 4719335.64979505)
2723	2020-10-18	23480.692961309633	c(-496960.503837764, -513660.575465716, 4714992.20537636, 4705527.88106427)
2784	2020-10-18	37173.60828028091	c(-483565.978023811, -496960.503837764, 4701252.39443512, 4714992.20537636)
2815	2020-10-18	19248.93648916731	c(-486809.610094222, -483565.978023811, 4678014.26610559, 4701252.39443512)
2815	2020-10-18	19248.93648916731	c(-473303.980089435, -486809.610094222, 4664308.45515668, 4678014.26610559)
2815	2020-10-18	23456.368962856046	c(-456616.358024, -473303.980089435, 4673874.49772902, 4664308.45515668)
2878	2020-10-18	37203.22684955814	c(-443061.741336533, -456616.358024, 4660236.44222533, 4673874.49772902)
2909	2020-10-18	19288.20729957561	c(-446133.623761087, -443061.741336533, 4636998.89331778, 4660236.44222533)
2909	2020-10-18	19288.20729957561	c(-432469.371966692, -446133.623761087, 4623395.16084766, 4636998.89331778)
2909	2020-10-18	23432.734628979568	c(-415794.076436699, -432469.371966692, 4633062.17165757, 4623395.16084766)
2973	2020-10-18	37232.80495926152	c(-402081.496115908, -415794.076436699, 4619525.97022477, 4633062.17165757)
3005	2020-10-18	19327.68699798635	c(-404983.895187984, -402081.496115908, 4596289.81819466, 4619525.97022477)
3005	2020-10-18	19327.68699798635	c(-391163.134844034, -404983.895187984, 4582788.21000342, 4596289.81819466)
3037	2020-10-18	19380.296341805883	c(-393997.847153644, -391163.134844034, 4559550.64610355, 4582788.21000342)
3037	2020-10-18	19380.296341805883	c(-380069.814289181, -393997.847153644, 4546083.88770004, 4559550.64610355)
3037	2020-10-18	23402.917551869814	c(-363366.71913758, -380069.814289181, 4555887.10474867, 4546083.88770004)
3102	2020-10-18	37315.91350601354	c(-349391.518165633, -363366.71913758, 4542487.59367992, 4555887.10474867)
3134	2020-10-18	19419.767671119396	c(-352060.295053928, -349391.518165633, 4519252.67995319, 4542487.59367992)
3134	2020-10-18	19419.767671119396	c(-337979.259384536, -352060.295053928, 4505888.20525852, 4519252.67995319)
3134	2020-10-18	23380.888384751932	c(-321288.252820739, -337979.259384536, 4515790.60006333, 4505888.20525852)
3197	2020-10-18	37344.80591315486	c(-307160.632249966, -321288.252820739, 4502493.08794399, 4515790.60006333)
3227	2020-10-18	19459.526256444402	c(-309665.749244355, -307160.632249966, 4479261.43152848, 4502493.08794399)
3227	2020-10-18	19459.526256444402	c(-295433.714640669, -309665.749244355, 4465999.09178666, 4479261.43152848)
3258	2020-10-18	19511.349522171866	c(-297874.294954977, -295433.714640669, 4442767.25797231, 4465999.09178666)
3258	2020-10-18	19511.349522171866	c(-283538.750758242, -297874.294954977, 4429540.26713811, 4442767.25797231)
3288	2020-10-18	19562.867784919566	c(-285915.378950366, -283538.750758242, 4406308.48650269, 4429540.26713811)
3288	2020-10-18	19562.867784919566	c(-271477.231093906, -285915.378950366, 4393117.00414339, 4406308.48650269)
3319	2020-10-18	19614.080471666177	c(-273790.497258283, -271477.231093906, 4369885.49872914, 4393117.00414339)
3319	2020-10-18	19614.080471666177	c(-259250.652935396, -273790.497258283, 4356729.66750475, 4369885.49872914)
3319	2020-10-18	31540.673170793405	c(-242454.263683529, -259250.652935396, 4366836.11546224, 4356729.66750475)
3381	2020-10-18	48688.33638741181	c(-227869.864079993, -242454.263683529, 4353746.63195684, 4366836.11546224)
3412	2020-10-18	38413.00295650343	c(-230025.686720784, -227869.864079993, 4330520.08649109, 4353746.63195684)
3412	2020-10-18	37571.91894556602	c(-215340.980176165, -230025.686720784, 4317466.24889266, 4330520.08649109)
3444	2020-10-18	19704.24382053962	c(-217435.366476062, -215340.980176165, 4294240.54453365, 4317466.24889266)
3444	2020-10-18	19704.24382053962	c(-202651.256126302, -217435.366476062, 4281222.44849511, 4294240.54453365)
3444	2020-10-18	23313.537727728988	c(-185828.143612949, -202651.256126302, 4291460.24255778, 4281222.44849511)
3509	2020-10-18	23301.06653729392	c(-171000.41691352, -185828.143612949, 4278507.97216536, 4291460.24255778)
3509	2020-10-18	23301.06653729392	c(-154226.92871852, -171000.41691352, 4288807.067914, 4278507.97216536)
3576	2020-10-18	23289.17427859633	c(-139355.561506444, -154226.92871852, 4275920.38247942, 4288807.067914)
3576	2020-10-18	19668.375658039324	c(-122631.462637053, -139355.561506444, 4286280.73479581, 4275920.38247942)
3576	2020-10-18	19668.375658039324	c(-120817.610832031, -122631.462637053, 4309493.69500991, 4286280.73479581)
3610	2020-10-18	37496.00085176508	c(-104181.883186132, -120817.610832031, 4319881.40119761, 4309493.69500991)
3679	2020-10-18	23272.790473657493	c(-89320.740938313, -104181.883186132, 4307090.06029452, 4319881.40119761)
3679	2020-10-18	19599.150336523402	c(-72734.2272774288, -89320.740938313, 4317539.20796546, 4307090.06029452)
3679	2020-10-18	19599.150336523402	c(-71048.5627804942, -72734.2272774288, 4340746.02680265, 4317539.20796546)
3715	2020-10-18	37413.35911325531	c(-54551.0857759881, -71048.5627804942, 4351223.11368868, 4340746.02680265)
3787	2020-10-18	23257.97677548673	c(-39699.1843624051, -54551.0857759881, 4338526.9000737, 4351223.11368868)
3787	2020-10-18	19531.0151644835	c(-23250.7779315177, -39699.1843624051, 4349065.61150916, 4338526.9000737)
3787	2020-10-18	19531.0151644835	c(-21694.8045548096, -23250.7779315177, 4372267.24487219, 4349065.61150916)
3824	2020-10-18	19471.13069340609	c(-5336.12966275302, -21694.8045548096, 4382834.44904332, 4372267.24487219)
3824	2020-10-18	19471.13069340609	c(-3817.01387097657, -5336.12966275302, 4406034.51401799, 4382834.44904332)
3861	2020-10-18	37266.25272903542	c(12451.3054185281, -3817.01387097657, 4416630.538725, 4406034.51401799)
3861	2020-10-18	38184.0590586164	c(13932.9431743085, 12451.3054185281, 4439829.23923465, 4416630.538725)
3898	2020-10-18	47845.71238546059	c(30110.2797064768, 13932.9431743085, 4450454.39925664, 4439829.23923465)
3972	2020-10-18	30963.570980112112	c(44847.9438142325, 30110.2797064768, 4437913.76108296, 4450454.39925664)
3972	2020-10-18	19344.563220748692	c(60976.1138086166, 44847.9438142325, 4448601.10348999, 4437913.76108296)
3972	2020-10-18	19344.563220748692	c(62324.2129981366, 60976.1138086166, 4471796.3753027, 4448601.10348999)
4010	2020-10-18	37120.155395220754	c(78360.6543368744, 62324.2129981366, 4482513.32873764, 4471796.3753027)
4084	2020-10-18	23226.968517355588	c(93091.7660924677, 78360.6543368744, 4470067.60248769, 4482513.32873764)
4084	2020-10-18	19278.938861236285	c(109079.086091688, 93091.7660924677, 4480846.8956455, 4470067.60248769)
4084	2020-10-18	19278.938861236285	c(110292.081457331, 109079.086091688, 4504039.49964566, 4480846.8956455)
4122	2020-10-18	37042.102076689895	c(126186.898743092, 110292.081457331, 4514848.84621933, 4504039.49964566)
4122	2020-10-18	38057.8438397528	c(127359.482724911, 126186.898743092, 4538041.05985259, 4514848.84621933)
4160	2020-10-18	47171.51203581303	c(143161.145738071, 127359.482724911, 4548880.7153823, 4538041.05985259)
4233	2020-10-18	30502.94512317546	c(157834.303337992, 143161.145738071, 4536560.37372049, 4548880.7153823)
4233	2020-10-18	19154.857712882247	c(173586.70923989, 157834.303337992, 4547462.67517701, 4536560.37372049)
4233	2020-10-18	19154.857712882247	c(174621.435809863, 173586.70923989, 4570653.25348161, 4547462.67517701)
4267	2020-10-18	19095.359548394263	c(190279.87542872, 174621.435809863, 4581586.24892631, 4570653.25348161)
4267	2020-10-18	19095.359548394263	c(191272.417669678, 190279.87542872, 4604776.91104298, 4581586.24892631)
4302	2020-10-18	36829.56253744886	c(206836.226598139, 191272.417669678, 4615740.81897924, 4604776.91104298)
4369	2020-10-18	23206.815414382367	c(221452.859403113, 206836.226598139, 4603545.96365734, 4615740.81897924)
4369	2020-10-18	19031.943491668728	c(236967.203696963, 221452.859403113, 4614572.78684501, 4603545.96365734)
4369	2020-10-18	19031.943491668728	c(237819.106338579, 236967.203696963, 4637762.69294313, 4614572.78684501)
4402	2020-10-18	18972.517347554094	c(253237.971247654, 237819.106338579, 4648820.7550218, 4637762.69294313)
4402	2020-10-18	18972.517347554094	c(254045.920644772, 253237.971247654, 4672011.14132333, 4648820.7550218)
4436	2020-10-18	18912.99239856996	c(269368.629635267, 254045.920644772, 4683100.62313137, 4672011.14132333)
4436	2020-10-18	18912.99239856996	c(270132.023696317, 269368.629635267, 4706291.59719856, 4683100.62313137)
4469	2020-10-18	36613.30927643601	c(285357.898006427, 270132.023696317, 4717412.66573267, 4706291.59719856)
4469	2020-10-18	37851.637121077816	c(286076.137306506, 285357.898006427, 4740604.32765118, 4717412.66573267)
4503	2020-10-18	29546.4333009335	c(301204.496045699, 286076.137306506, 4751757.13599862, 4740604.32765118)
4503	2020-10-18	29446.52919330536	c(301876.983879371, 301204.496045699, 4774949.57834296, 4751757.13599862)
4536	2020-10-18	18733.829026972006	c(316907.144132298, 301876.983879371, 4786134.26561535, 4774949.57834296)
4536	2020-10-18	18733.829026972006	c(317533.286568904, 316907.144132298, 4809327.57341641, 4786134.26561535)
4569	2020-10-18	18673.913544621446	c(332464.563503884, 317533.286568904, 4820544.26468515, 4809327.57341641)
4537	2020-10-18	45188.787963950155	c(319426.298680928, 318792.872052615, 4878911.81307455, 4855716.34684673)
4569	2020-10-18	29140.78122923385	c(318792.872052615, 333043.769445311, 4855716.34684673, 4843738.51540003)
4570	2020-10-18	44965.39988662798	c(334208.863069617, 319426.298680928, 4890129.23662741, 4878911.81307455)
4569	2020-10-18	18673.913544621446	c(333043.769445311, 332464.563503884, 4843738.51540003, 4820544.26468515)
4570	2020-10-18	44743.301420123775	c(334794.73556767, 334208.863069617, 4913325.70763595, 4890129.23662741)
4604	2020-10-18	28782.32053803862	c(349476.588557754, 334794.73556767, 4924575.3885719, 4913325.70763595)
4604	2020-10-18	28679.556258321383	c(350014.324269485, 349476.588557754, 4947772.92892857, 4924575.3885719)
4637	2020-10-18	18434.780634791994	c(364594.780918109, 350014.324269485, 4959054.94643318, 4947772.92892857)
4637	2020-10-18	18434.780634791994	c(365083.800204109, 364594.780918109, 4982253.61305404, 4959054.94643318)
4670	2020-10-18	18374.189210254342	c(379562.174140088, 365083.800204109, 4993568.03204745, 4982253.61305404)
4638	2020-10-18	44066.07517875869	c(366561.652123904, 366067.242220225, 5051854.27049271, 5028653.27507235)
4670	2020-10-18	28366.390444180484	c(366067.242220225, 380001.900444399, 5028653.27507235, 5016767.87417723)
4671	2020-10-18	43837.79956037966	c(380886.160184142, 366561.652123904, 5063169.93271594, 5051854.27049271)
4640	2020-10-18	42921.42573840525	c(369565.348104128, 369060.331812595, 5191076.53899426, 5167870.88845101)
4672	2020-10-18	43151.070205588534	c(369060.331812595, 382673.746249254, 5167870.88845101, 5155983.54457557)
4673	2020-10-18	27521.169465407598	c(383576.979234604, 369565.348104128, 5202395.09504789, 5191076.53899426)
4641	2020-10-18	42455.81708379836	c(371090.839108578, 370580.608389026, 5260698.1395339, 5237490.16489562)
4673	2020-10-18	27413.926134009664	c(370580.608389026, 384030.935122602, 5237490.16489562, 5225602.05546524)
4674	2020-10-18	27198.12487118033	c(384943.496022834, 371090.839108578, 5272018.34482566, 5260698.1395339)
4642	2020-10-18	41985.902026250515	c(372631.853419384, 372116.46833389, 5330326.70501437, 5307116.41007685)
4674	2020-10-18	27089.786105606934	c(372116.46833389, 385402.089102772, 5307116.41007685, 5295227.67290797)
4675	2020-10-18	26871.80484175375	c(386323.870528019, 372631.853419384, 5341648.69340977, 5330326.70501437)
4643	2020-10-18	26598.390725927755	c(374188.209537043, 373667.730803631, 5399962.22182346, 5376749.61149475)
4675	2020-10-18	17704.431821144255	c(373667.730803631, 386787.046810495, 5376749.61149475, 5364860.3847165)
4676	2020-10-18	17642.606118658707	c(387717.94019609, 374188.209537043, 5411286.12634505, 5399962.22182346)
4670	2020-10-18	18374.189210254342	c(380001.900444399, 379562.174140088, 5016767.87417723, 4993568.03204745)
4671	2020-10-18	43610.01662526764	c(381330.68208609, 380886.160184142, 5086372.14902124, 5063169.93271594)
4703	2020-10-18	27998.572313842906	c(395551.300364857, 381330.68208609, 5097720.33726081, 5086372.14902124)
4672	2020-10-18	43151.070205588534	c(382673.746249254, 382224.480952445, 5155983.54457557, 5132778.95512909)
4703	2020-10-18	27893.006556903332	c(382224.480952445, 395945.366665672, 5132778.95512909, 5120923.81063662)
4673	2020-10-18	27413.926134009664	c(384030.935122602, 383576.979234604, 5225602.05546524, 5202395.09504789)
4674	2020-10-18	27089.786105606934	c(385402.089102772, 384943.496022834, 5295227.67290797, 5272018.34482566)
4675	2020-10-18	17704.431821144255	c(386787.046810495, 386323.870528019, 5364860.3847165, 5341648.69340977)
4703	2020-10-18	27893.006556903332	c(395945.366665672, 395551.300364857, 5120923.81063662, 5097720.33726081)
5500	2020-10-18	28222.570507192046	c(734100.692165736, 733235.99317742, 5031581.70718542, 5054782.34411059)
5501	2020-10-18	18141.430425029794	c(731497.263730636, 730623.256048242, 5101185.47974202, 5124387.97828129)
5500	2020-10-18	28327.166097894482	c(748712.92058627, 734100.692165736, 5020524.21271743, 5031581.70718542)
5529	2020-10-18	37638.607384904884	c(749625.030894301, 748712.92058627, 4997324.53211196, 5020524.21271743)
5500	2020-10-18	28222.570507192046	c(733235.99317742, 746878.752532795, 5054782.34411059, 5066925.34937803)
5501	2020-10-18	28012.04605993668	c(745956.71882187, 731497.263730636, 5090126.80537219, 5101185.47974202)
5530	2020-10-18	43631.998412158544	c(746878.752532795, 745956.71882187, 5066925.34937803, 5090126.80537219)
5501	2020-10-18	18141.430425029794	c(730623.256048242, 744102.812460698, 5124387.97828129, 5136531.49229981)
5531	2020-10-18	18081.973271448736	c(744102.812460698, 743170.964118583, 5136531.49229981, 5159734.72298348)
5529	2020-10-18	36045.33374383499	c(764338.974699681, 749625.030894301, 4986299.44672475, 4997324.53211196)
5529	2020-10-18	36045.33374383499	c(778091.317199379, 764338.974699681, 4998505.5189393, 4986299.44672475)
5588	2020-10-18	54059.061474180664	c(792857.253747871, 778091.317199379, 4987544.30309268, 4998505.5189393)
5618	2020-10-18	37677.1854418959	c(793919.935491375, 792857.253747871, 4964345.45508382, 4987544.30309268)
5618	2020-10-18	23224.642204765	c(808786.726067955, 793919.935491375, 4953416.52418227, 4964345.45508382)
5618	2020-10-18	23224.642204765	c(822542.038236476, 808786.726067955, 4965718.07985082, 4953416.52418227)
5676	2020-10-18	23229.95153035061	c(837460.665804531, 822542.038236476, 4954853.04615476, 4965718.07985082)
5676	2020-10-18	23229.95153035061	c(851164.232288768, 837460.665804531, 4967218.62132588, 4954853.04615476)
5734	2020-10-18	23235.73247730706	c(866134.747226271, 851164.232288768, 4956417.54299623, 4967218.62132588)
5734	2020-10-18	23235.73247730706	c(879786.519101994, 866134.747226271, 4968847.2013039, 4956417.54299623)
5734	2020-10-18	37703.55357921599	c(878412.082810066, 879786.519101994, 4992046.15282458, 4968847.2013039)
5764	2020-10-18	59839.76645418039	c(891956.007218128, 878412.082810066, 5004508.0744167, 4992046.15282458)
5820	2020-10-18	59856.080999613994	c(906930.333291481, 891956.007218128, 4993802.93117687, 5004508.0744167)
5820	2020-10-18	59856.080999613994	c(920422.010201112, 906930.333291481, 5006328.96435182, 4993802.93117687)
5872	2020-10-18	59873.604099009666	c(935448.554914875, 920422.010201112, 4995688.01681373, 5006328.96435182)
5872	2020-10-18	59873.604099009666	c(948887.916968637, 935448.554914875, 5008278.22998127, 4995688.01681373)
5916	2020-10-18	72354.94933316766	c(963966.73522896, 948887.916968637, 4997701.56094636, 5008278.22998127)
5896	2020-10-18	18177.541963935295	c(953715.005348702, 955438.822630544, 5136894.71855157, 5113695.96976157)
5917	2020-10-18	18241.718918726252	c(955438.822630544, 970320.164654931, 5113695.96976157, 5103150.89610056)
5918	2020-10-18	0	c(966765.84296564, 953715.005348702, 5149547.72883952, 5136894.71855157)
5917	2020-10-18	18241.718918726252	c(970320.164654931, 972087.973494001, 5103150.89610056, 5079952.32940537)
5938	2020-10-18	18305.89313580923	c(972087.973494001, 987070.648954915, 5079952.32940537, 5069439.83540088)
5918	2020-10-18	0	c(964979.377424604, 966765.84296564, 5172745.99510893, 5149547.72883952)
5938	2020-10-18	18305.89313580923	c(987070.648954915, 988881.879881126, 5069439.83540088, 5046241.29023426)
1482	2020-10-19	0	c(-1006678.02594854, -1000310.2886526, 5543983.71602907, 5566978.66401566)
1483	2020-10-19	18127.22542400694	c(-987521.274863856, -981100.19278311, 5612939.16626581, 5635904.75751572)
1482	2020-10-19	0	c(-996512.316647073, -1006678.02594854, 5528817.50218745, 5543983.71602907)
1510	2020-10-19	18258.03077803303	c(-1002792.91350792, -996512.316647073, 5505803.34397174, 5528817.50218745)
1482	2020-10-19	0	c(-1000310.2886526, -983897.499984621, 5566978.66401566, 5574816.91174421)
1483	2020-10-19	18127.22542400694	c(-977563.472413218, -987521.274863856, 5597802.19762874, 5612939.16626581)
1511	2020-10-19	18188.396282075715	c(-983897.499984621, -977563.472413218, 5574816.91174421, 5597802.19762874)
1510	2020-10-19	18327.60180990199	c(-992490.981473065, -1002792.91350792, 5490655.94318967, 5505803.34397174)
1537	2020-10-19	18387.99374057685	c(-998684.679125726, -992490.981473065, 5467623.17600972, 5490655.94318967)
1537	2020-10-19	18387.99374057685	c(-988247.260266984, -998684.679125726, 5452495.46642562, 5467623.17600972)
1565	2020-10-19	18448.066410286177	c(-994354.312101566, -988247.260266984, 5429444.68781057, 5452495.46642562)
1565	2020-10-19	18448.066410286177	c(-983782.155925571, -994354.312101566, 5414337.53205917, 5429444.68781057)
1592	2020-10-19	18507.814514178826	c(-989802.82741237, -983782.155925571, 5391269.33555968, 5414337.53205917)
1592	2020-10-19	18507.814514178826	c(-979096.696718675, -989802.82741237, 5376183.58051805, 5391269.33555968)
1620	2020-10-19	18567.232932064726	c(-985031.26531951, -979096.696718675, 5353098.55546739, 5376183.58051805)
1620	2020-10-19	18567.232932064726	c(-974191.935891557, -985031.26531951, 5338035.03201026, 5353098.55546739)
1647	2020-10-19	18626.31672753743	c(-980040.690965571, -974191.935891557, 5314933.76328929, 5338035.03201026)
1647	2020-10-19	18626.31672753743	c(-969068.9512572, -980040.690965571, 5299893.28605381, 5314933.76328929)
1675	2020-10-19	18685.061146943735	c(-974832.193961291, -969068.9512572, 5276776.3538601, 5299893.28605381)
1675	2020-10-19	18685.061146943735	c(-963728.844779085, -974832.193961291, 5261759.72102011, 5276776.3538601)
1703	2020-10-19	0	c(-969406.887963122, -963728.844779085, 5238627.70064124, 5261759.72102011)
1703	2020-10-19	0	c(-958172.742144949, -969406.887963122, 5223635.69369117, 5238627.70064124)
1703	2020-10-19	0	c(-941330.773185955, -958172.742144949, 5231819.07920682, 5223635.69369117)
1760	2020-10-19	18724.842240013255	c(-930036.608001871, -941330.773185955, 5216895.35312271, 5231819.07920682)
1788	2020-10-19	18782.78940816004	c(-935514.584693738, -930036.608001871, 5193745.39697964, 5216895.35312271)
1788	2020-10-19	18782.78940816004	c(-924091.132265835, -935514.584693738, 5178847.37637647, 5193745.39697964)
1816	2020-10-19	18840.38854379285	c(-929485.211637001, -924091.132265835, 5155684.08185773, 5178847.37637647)
1816	2020-10-19	18840.38854379285	c(-917933.309761406, -929485.211637001, 5140812.49674091, 5155684.08185773)
1844	2020-10-19	18897.63569616907	c(-923243.847929893, -917933.309761406, 5117636.41180176, 5140812.49674091)
1844	2020-10-19	18897.63569616907	c(-911564.345116006, -923243.847929893, 5102791.97489542, 5117636.41180176)
1844	2020-10-19	23770.236372649993	c(-894643.681148249, -911564.345116006, 5111165.22491412, 5102791.97489542)
1901	2020-10-19	23747.123197109664	c(-882906.511897096, -894643.681148249, 5096389.77220756, 5111165.22491412)
1901	2020-10-19	23747.123197109664	c(-866041.273045938, -882906.511897096, 5104833.61163697, 5096389.77220756)
1958	2020-10-19	36926.15118921449	c(-854246.722344667, -866041.273045938, 5090126.95609459, 5104833.61163697)
1986	2020-10-19	18917.6583882487	c(-859248.852296058, -854246.722344667, 5066935.79177654, 5090126.95609459)
1986	2020-10-19	18917.6583882487	c(-847328.915338458, -859248.852296058, 5052257.47698214, 5066935.79177654)
1986	2020-10-19	23717.811660767187	c(-830475.248182901, -847328.915338458, 5060810.62754649, 5052257.47698214)
2043	2020-10-19	36959.259050118686	c(-818498.872998847, -830475.248182901, 5046201.1602021, 5060810.62754649)
2071	2020-10-19	18956.111164181304	c(-823308.20484956, -818498.872998847, 5022998.70454811, 5046201.1602021)
2071	2020-10-19	18956.111164181304	c(-811207.979970648, -823308.20484956, 5008418.43911112, 5022998.70454811)
2071	2020-10-19	23688.83135849659	c(-794366.211117486, -811207.979970648, 5017080.10780726, 5008418.43911112)
2128	2020-10-19	36991.53111018939	c(-782210.46775336, -794366.211117486, 5002568.7079264, 5017080.10780726)
2156	2020-10-19	18994.481546111572	c(-786829.1560519, -782210.46775336, 4979356.60473905, 5002568.7079264)
2156	2020-10-19	18994.481546111572	c(-774551.100304364, -786829.1560519, 4964875.20764108, 4979356.60473905)
2156	2020-10-19	29730.06662290872	c(-757721.507745623, -774551.100304364, 4973644.59845382, 4964875.20764108)
2213	2020-10-19	46089.23443754902	c(-745388.828883846, -757721.507745623, 4959232.05390386, 4973644.59845382)
2241	2020-10-19	38489.525071887874	c(-749819.052190163, -745388.828883846, 4936011.85811568, 4959232.05390386)
2241	2020-10-19	37086.62557306145	c(-737365.597161274, -749819.052190163, 4921630.05753603, 4936011.85811568)
2269	2020-10-19	19087.96774625323	c(-741717.685877391, -737365.597161274, 4898402.23522032, 4921630.05753603)
2269	2020-10-19	19087.96774625323	c(-729144.348395625, -741717.685877391, 4884051.7175721, 4898402.23522032)
2269	2020-10-19	29996.47085259254	c(-712285.16051249, -729144.348395625, 4892966.55974661, 4884051.7175721)
2325	2020-10-19	46471.838210369206	c(-699658.70970722, -712285.16051249, 4878684.99478415, 4892966.55974661)
2353	2020-10-19	46681.46238389438	c(-703825.686936931, -699658.70970722, 4855451.44639431, 4878684.99478415)
2353	2020-10-19	46681.46238389438	c(-691080.892705269, -703825.686936931, 4841201.81210976, 4855451.44639431)
2380	2020-10-19	38493.569580428724	c(-695171.359350777, -691080.892705269, 4817961.96809324, 4841201.81210976)
2380	2020-10-19	23589.80780238326	c(-682309.127685198, -695171.359350777, 4803744.75112188, 4817961.96809324)
2380	2020-10-19	23589.80780238326	c(-665421.692458574, -682309.127685198, 4812803.82034998, 4803744.75112188)
2436	2020-10-19	37204.767463008735	c(-652507.808755001, -665421.692458574, 4798655.56308689, 4812803.82034998)
2464	2020-10-19	19217.913401299502	c(-656416.591671122, -652507.808755001, 4775412.16219448, 4798655.56308689)
2464	2020-10-19	19217.913401299502	c(-643386.807971427, -656416.591671122, 4761296.87767066, 4775412.16219448)
2464	2020-10-19	23562.469521089493	c(-626512.770188414, -643386.807971427, 4770460.75293296, 4761296.87767066)
2520	2020-10-19	37232.1054082018	c(-613432.129700483, -626512.770188414, 4756414.28163935, 4770460.75293296)
2548	2020-10-19	19255.559031936493	c(-617161.500594732, -613432.129700483, 4733168.52391862, 4756414.28163935)
2548	2020-10-19	19255.559031936493	c(-603966.489284514, -617161.500594732, 4719155.52369102, 4733168.52391862)
2548	2020-10-19	23535.69834596321	c(-587105.881871737, -603966.489284514, 4728423.38774954, 4719155.52369102)
2605	2020-10-19	37259.14682894992	c(-573860.780492615, -587105.881871737, 4714479.02856052, 4728423.38774954)
2634	2020-10-19	19293.30188611194	c(-577413.021538128, -573860.780492615, 4691232.02640811, 4714479.02856052)
2634	2020-10-19	19293.30188611194	c(-564055.068724531, -577413.021538128, 4677321.58035394, 4691232.02640811)
2634	2020-10-19	23509.531915721593	c(-547207.876755794, -564055.068724531, 4686692.62188622, 4677321.58035394)
2693	2020-10-19	23491.277833016036	c(-533800.571494635, -547207.876755794, 4672850.62004831, 4686692.62188622)
2693	2020-10-19	23491.277833016036	c(-517006.760498217, -533800.571494635, 4682286.84004473, 4672850.62004831)
2753	2020-10-19	37257.54708776234	c(-503550.231920327, -517006.760498217, 4668513.04845524, 4682286.84004473)
2783	2020-10-19	19316.410715172813	c(-506825.485434019, -503550.231920327, 4645269.11170526, 4668513.04845524)
2783	2020-10-19	19316.410715172813	c(-493258.192439031, -506825.485434019, 4631529.63352186, 4645269.11170526)
2783	2020-10-19	23466.378749199102	c(-476477.39714329, -493258.192439031, 4641067.7436976, 4631529.63352186)
2846	2020-10-19	37285.197596023936	c(-462861.572111062, -476477.39714329, 4627396.25384564, 4641067.7436976)
2877	2020-10-19	19354.91959149686	c(-465965.314026478, -462861.572111062, 4604153.278697, 4627396.25384564)
2877	2020-10-19	19354.91959149686	c(-452240.20671876, -465965.314026478, 4590516.41348846, 4604153.278697)
2877	2020-10-19	23442.17446855145	c(-435472.297546377, -452240.20671876, 4600155.63653766, 4590516.41348846)
2941	2020-10-19	37312.83154029026	c(-421699.319387771, -435472.297546377, 4586586.51574069, 4600155.63653766)
2972	2020-10-19	19393.6362503077	c(-424633.838690449, -421699.319387771, 4563345.31537018, 4586586.51574069)
2972	2020-10-19	19393.6362503077	c(-410753.046006397, -424633.838690449, 4549811.07744263, 4563345.31537018)
3004	2020-10-19	0	c(-413619.716193723, -410753.046006397, 4526568.49196839, 4549811.07744263)
3004	2020-10-19	0	c(-399632.023653496, -413619.716193723, 4513069.39068458, 4526568.49196839)
3004	2020-10-19	0	c(-382837.400454292, -399632.023653496, 4522845.19116262, 4513069.39068458)
3069	2020-10-19	19432.592297213992	c(-368803.005194082, -382837.400454292, 4509413.5217797, 4522845.19116262)
3101	2020-10-19	19484.573904027606	c(-371504.032112628, -368803.005194082, 4486173.9633962, 4509413.5217797)
3101	2020-10-19	19484.573904027606	c(-357364.186946942, -371504.032112628, 4472777.60498501, 4486173.9633962)
3101	2020-10-19	23389.06539366288	c(-340582.200366967, -357364.186946942, 4482652.65835507, 4472777.60498501)
3165	2020-10-19	37419.83812837669	c(-326396.237646477, -340582.200366967, 4469323.4277072, 4482652.65835507)
3196	2020-10-19	19523.561470862554	c(-328933.91874585, -326396.237646477, 4446087.49828408, 4469323.4277072)
3196	2020-10-19	19523.561470862554	c(-314643.938540356, -328933.91874585, 4432793.70222746, 4446087.49828408)
3226	2020-10-19	19574.99303243528	c(-317116.941609684, -314643.938540356, 4409557.6324219, 4432793.70222746)
3226	2020-10-19	19574.99303243528	c(-302723.855161822, -317116.941609684, 4396299.4444197, 4409557.6324219)
3257	2020-10-19	19626.113534278637	c(-305132.767741092, -302723.855161822, 4373063.46781428, 4396299.4444197)
3257	2020-10-19	19626.113534278637	c(-290637.487731174, -305132.767741092, 4359841.04430118, 4373063.46781428)
3287	2020-10-19	19676.922482064594	c(-292982.902905063, -290637.487731174, 4336605.38589346, 4359841.04430118)
3287	2020-10-19	19676.922482064594	c(-278386.343216661, -292982.902905063, 4323418.86633402, 4336605.38589346)
3318	2020-10-19	19727.419483424666	c(-280668.859473331, -278386.343216661, 4300183.74251076, 4323418.86633402)
3318	2020-10-19	19727.419483424666	c(-265971.934963471, -280668.859473331, 4287033.24946326, 4300183.74251076)
3318	2020-10-19	31821.418127129917	c(-249048.853838932, -265971.934963471, 4297148.27340083, 4287033.24946326)
3380	2020-10-19	49097.612682162835	c(-234308.342062685, -249048.853838932, 4284064.10510758, 4297148.27340083)
3411	2020-10-19	38470.88404374138	c(-236435.115986536, -234308.342062685, 4260834.67188415, 4284064.10510758)
3411	2020-10-19	37686.682650693445	c(-221595.634617092, -236435.115986536, 4247786.48189849, 4260834.67188415)
3411	2020-10-19	37686.682650693445	c(-204684.813962105, -221595.634617092, 4257997.77015696, 4247786.48189849)
3475	2020-10-19	56517.56338131558	c(-189802.203373393, -204684.813962105, 4245015.4947502, 4257997.77015696)
3475	2020-10-19	56455.43910944181	c(-172940.97956341, -189802.203373393, 4255287.85333756, 4245015.4947502)
3542	2020-10-19	37632.76764163386	c(-158015.211742896, -172940.97956341, 4242371.24225996, 4255287.85333756)
3542	2020-10-19	37627.179407299394	c(-141203.339725492, -158015.211742896, 4252704.62588541, 4242371.24225996)
3609	2020-10-19	23283.17175593211	c(-126234.380305034, -141203.339725492, 4239853.43491482, 4252704.62588541)
3609	2020-10-19	23283.17175593211	c(-109471.618868137, -126234.380305034, 4250247.80613856, 4239853.43491482)
3609	2020-10-19	38379.798243750825	c(-107716.424443207, -109471.618868137, 4273459.39958056, 4250247.80613856)
3644	2020-10-19	56302.794911886725	c(-91041.4837210343, -107716.424443207, 4283880.97111148, 4273459.39958056)
3714	2020-10-19	37531.98594668755	c(-76082.7378493191, -91041.4837210343, 4271124.75735656, 4283880.97111148)
3714	2020-10-19	37527.522067984835	c(-59456.7279622556, -76082.7378493191, 4281607.51844789, 4271124.75735656)
3714	2020-10-19	38325.977386039165	c(-57828.9096807225, -59456.7279622556, 4304812.92801981, 4281607.51844789)
3750	2020-10-19	48699.30785040777	c(-41291.3926416239, -57828.9096807225, 4315323.48746941, 4304812.92801981)
3823	2020-10-19	31547.572992356156	c(-26341.8608126948, -41291.3926416239, 4302662.05502005, 4315323.48746941)
3823	2020-10-19	19582.975960882373	c(-9853.12692837842, -26341.8608126948, 4313234.00409238, 4302662.05502005)
3823	2020-10-19	19582.975960882373	c(-8354.20626469882, -9853.12692837842, 4336434.19409343, 4313234.00409238)
3860	2020-10-19	37383.39946975027	c(8045.33319273073, -8354.20626469882, 4347034.50773007, 4336434.19409343)
3860	2020-10-19	38239.65502597961	c(9507.48088340217, 8045.33319273073, 4370233.17305897, 4347034.50773007)
3897	2020-10-19	48256.79423798906	c(25817.1969287397, 9507.48088340217, 4380862.182454, 4370233.17305897)
3971	2020-10-19	31245.742565705717	c(40705.9630750309, 25817.1969287397, 4368325.46207601, 4380862.182454)
3971	2020-10-19	19457.20341578889	c(56966.9101567087, 40705.9630750309, 4379016.26140678, 4368325.46207601)
3971	2020-10-19	19457.20341578889	c(58297.4446907901, 56966.9101567087, 4402211.04681384, 4379016.26140678)
4009	2020-10-19	37240.471083533404	c(74467.8266966335, 58297.4446907901, 4412931.05310528, 4402211.04681384)
4009	2020-10-19	38157.81748079073	c(75759.7996654838, 74467.8266966335, 4436124.93586178, 4412931.05310528)
4046	2020-10-19	47815.47108882285	c(91838.9736174172, 75759.7996654838, 4446874.4444983, 4436124.93586178)
4121	2020-10-19	30944.331797190203	c(106668.716106553, 91838.9736174172, 4434462.58205079, 4446874.4444983)
4121	2020-10-19	19332.788657670655	c(122699.060575464, 106668.716106553, 4445274.24783151, 4434462.58205079)
4121	2020-10-19	19332.788657670655	c(123856.6723571, 122699.060575464, 4468465.44065089, 4445274.24783151)
4159	2020-10-19	37098.393707376315	c(139795.027992974, 123856.6723571, 4479307.06382101, 4468465.44065089)
4232	2020-10-19	23213.70794491739	c(154619.125318882, 139795.027992974, 4466989.72933236, 4479307.06382101)
4232	2020-10-19	19268.654638504668	c(170508.669587108, 154619.125318882, 4477893.67972419, 4466989.72933236)
4232	2020-10-19	19268.654638504668	c(171530.312662912, 170508.669587108, 4501082.88883435, 4477893.67972419)
4266	2020-10-19	19209.62623409331	c(187327.059579488, 171530.312662912, 4512017.21775016, 4501082.88883435)
4266	2020-10-19	19209.62623409331	c(188307.183477096, 187327.059579488, 4535206.40281416, 4512017.21775016)
4301	2020-10-19	36956.82061527332	c(204010.466319514, 188307.183477096, 4546171.34575431, 4535206.40281416)
4301	2020-10-19	38006.81341741401	c(204948.458757527, 204010.466319514, 4569360.64385301, 4546171.34575431)
4335	2020-10-19	46935.09839306302	c(220557.608224965, 204948.458757527, 4580356.42276052, 4569360.64385301)
4401	2020-10-19	30341.880547752313	c(235273.930003749, 220557.608224965, 4568194.74183256, 4580356.42276052)
4401	2020-10-19	19087.6132386433	c(250833.90999515, 235273.930003749, 4579253.30539914, 4568194.74183256)
4401	2020-10-19	19087.6132386433	c(251631.95544877, 250833.90999515, 4602441.83761884, 4579253.30539914)
4435	2020-10-19	36814.84528204854	c(267096.946492988, 251631.95544877, 4613531.57613946, 4602441.83761884)
4435	2020-10-19	37937.2589583078	c(267851.081141088, 267096.946492988, 4636720.61313232, 4613531.57613946)
4468	2020-10-19	46495.41704433717	c(283220.401791275, 267851.081141088, 4647841.71087827, 4636720.61313232)
4468	2020-10-19	46495.41704433717	c(283930.020944444, 283220.401791275, 4671031.35784266, 4647841.71087827)
4502	2020-10-19	46278.476808709325	c(299202.987521068, 283930.020944444, 4682183.98524251, 4671031.35784266)
4567	2020-10-19	29891.313775546856	c(313813.260331951, 299202.987521068, 4670178.50034648, 4682183.98524251)
4567	2020-10-19	18907.61513293569	c(329036.573475437, 313813.260331951, 4681394.27717174, 4670178.50034648)
4567	2020-10-19	18907.61513293569	c(329602.243406531, 329036.573475437, 4704584.09664486, 4681394.27717174)
4601	2020-10-19	18848.471396776033	c(344728.302394338, 329602.243406531, 4715831.6576199, 4704584.09664486)
4568	2020-10-19	45841.91979920635	c(331312.871092082, 330740.399620218, 4774157.98151835, 4750965.94833487)
4601	2020-10-19	29591.09501723107	c(330740.399620218, 345247.688455624, 4750965.94833487, 4739022.37529243)
4602	2020-10-19	45622.296894187	c(346292.652548566, 331312.871092082, 4785406.08098967, 4774157.98151835)
4601	2020-10-19	18848.471396776033	c(345247.688455624, 344728.302394338, 4739022.37529243, 4715831.6576199)
4602	2020-10-19	45622.296894187	c(346818.216983894, 346292.652548566, 4808599.06988357, 4785406.08098967)
4635	2020-10-19	45401.77391678445	c(361698.889360362, 346818.216983894, 4819879.24092783, 4808599.06988357)
4635	2020-10-19	45182.11143717583	c(362176.955962499, 361698.889360362, 4843073.25304216, 4819879.24092783)
4668	2020-10-19	29085.945013358472	c(376957.825985247, 362176.955962499, 4854385.5958629, 4843073.25304216)
4668	2020-10-19	28984.364763218964	c(377387.806915476, 376957.825985247, 4877580.69108139, 4854385.5958629)
4700	2020-10-19	18552.271751230786	c(392068.1797379, 377387.806915476, 4888925.29164715, 4877580.69108139)
4669	2020-10-19	44737.49995561998	c(378687.55732755, 378252.678217548, 4947170.72201059, 4923973.2539548)
4700	2020-10-19	28830.141012845408	c(378252.678217548, 392449.490180815, 4923973.2539548, 4912121.52220306)
4701	2020-10-19	44512.86017504221	c(393216.418398443, 378687.55732755, 4958516.39701643, 4947170.72201059)
4700	2020-10-19	18552.271751230786	c(392449.490180815, 392068.1797379, 4912121.52220306, 4888925.29164715)
4701	2020-10-19	44512.86017504221	c(393602.02618588, 393216.418398443, 4981715.04155279, 4958516.39701643)
4733	2020-10-19	44287.32354814438	c(408028.555149149, 393602.02618588, 4993093.1331785, 4981715.04155279)
4707	2020-10-19	53191.91940759084	c(400781.237706602, 400370.813965049, 5399428.14132187, 5376215.03909259)
4738	2020-10-19	41745.80071948602	c(400370.813965049, 413545.274920141, 5376215.03909259, 5364388.80055314)
4733	2020-10-19	44287.32354814438	c(408364.315628761, 408028.555149149, 5016292.9934116, 4993093.1331785)
4764	2020-10-19	44060.88831425538	c(422687.818685135, 408364.315628761, 5027703.54123787, 5016292.9934116)
4736	2020-10-19	42685.34962101034	c(411440.770319773, 411094.141188357, 5225128.47279576, 5201921.26731657)
4766	2020-10-19	42916.65083115875	c(411094.141188357, 424706.705364548, 5201921.26731657, 5190128.64877212)
4767	2020-10-19	27357.807370402854	c(425292.655485851, 411440.770319773, 5236543.25513142, 5225128.47279576)
4737	2020-10-19	42217.70872767958	c(412487.750794367, 412137.579676071, 5294754.97641339, 5271545.32778883)
4767	2020-10-19	27250.042070463336	c(412137.579676071, 425587.132414016, 5271545.32778883, 5259751.79551466)
4768	2020-10-19	27033.199789522656	c(426179.070766771, 412487.750794367, 5306171.3484367, 5294754.97641339)
4738	2020-10-19	41745.80071948602	c(413545.274920141, 413191.603019646, 5364388.80055314, 5341176.71337022)
4768	2020-10-19	26924.345014268965	c(413191.603019646, 426476.524453556, 5341176.71337022, 5329382.35994321)
4764	2020-10-19	43834.29666754811	c(422973.159100345, 422687.818685135, 5050904.64867832, 5027703.54123787)
4796	2020-10-19	28154.281721430863	c(437192.941418721, 422973.159100345, 5062347.67784928, 5050904.64867832)
4765	2020-10-19	43377.707764153834	c(423835.346810011, 423546.926903175, 5120512.93068846, 5097309.3435244)
4796	2020-10-19	28049.301421110886	c(423546.926903175, 437427.29231547, 5097309.3435244, 5085550.05628878)
4797	2020-10-19	27838.001989855034	c(437898.502306762, 423835.346810011, 5131957.31773198, 5120512.93068846)
4766	2020-10-19	42916.65083115875	c(424706.705364548, 424415.239824307, 5190128.64877212, 5166922.58356496)
4797	2020-10-19	27731.900809985513	c(424415.239824307, 438135.355256151, 5166922.58356496, 5155162.20035816)
4767	2020-10-19	27250.042070463336	c(425587.132414016, 425292.655485851, 5259751.79551466, 5236543.25513142)
4768	2020-10-19	26924.345014268965	c(426476.524453556, 426179.070766771, 5329382.35994321, 5306171.3484367)
4796	2020-10-19	28049.301421110886	c(437427.29231547, 437192.941418721, 5085550.05628878, 5062347.67784928)
4797	2020-10-19	27731.900809985513	c(438135.355256151, 437898.502306762, 5155162.20035816, 5131957.31773198)
5410	2020-10-19	44074.952944710574	c(692692.378821946, 691988.585968321, 4995345.4448662, 5018545.21462507)
5411	2020-10-19	28059.154354817485	c(690573.315033162, 689861.855451826, 5064946.84507664, 5088148.70568419)
5410	2020-10-19	54034.06928602654	c(707302.438460659, 692692.378821946, 4984192.75903222, 4995345.4448662)
5440	2020-10-19	37657.68917089895	c(708054.137985217, 707302.438460659, 4960994.01843522, 4984192.75903222)
5410	2020-10-19	44074.952944710574	c(691988.585968321, 705790.743614267, 5018545.21462507, 5030592.25986527)
5411	2020-10-19	28164.248467609243	c(705030.768057026, 690573.315033162, 5053793.02012863, 5064946.84507664)
5441	2020-10-19	43850.814834508696	c(705790.743614267, 705030.768057026, 5030592.25986527, 5053793.02012863)
5411	2020-10-19	28059.154354817485	c(689861.855451826, 703502.61037316, 5088148.70568419, 5100196.56014894)
5442	2020-10-19	43393.68685602748	c(703502.61037316, 702734.448240437, 5100196.56014894, 5123399.33971847)
5440	2020-10-19	36112.6436909985	c(722765.685086587, 708054.137985217, 4949873.68706738, 4960994.01843522)
5442	2020-10-19	43393.68685602748	c(702734.448240437, 716267.273625193, 5123399.33971847, 5135479.29319591)
5472	2020-10-19	43166.20189457664	c(716267.273625193, 715441.858777089, 5135479.29319591, 5158682.90814443)
5472	2020-10-19	43166.20189457664	c(715441.858777089, 728866.012028104, 5158682.90814443, 5170794.83614197)
5440	2020-10-19	36112.6436909985	c(736675.99044182, 722765.685086587, 4961983.52028102, 4949873.68706738)
5499	2020-10-19	54160.12372830276	c(751439.244331076, 736675.99044182, 4950926.94626718, 4961983.52028102)
5528	2020-10-19	37694.523936103826	c(752341.323701422, 751439.244331076, 4927729.04090012, 4950926.94626718)
5528	2020-10-19	23216.50263465876	c(767205.181955867, 752341.323701422, 4916704.69679553, 4927729.04090012)
5528	2020-10-19	23216.50263465876	c(781118.125801451, 767205.181955867, 4928909.82370118, 4916704.69679553)
5587	2020-10-19	23221.154351747762	c(796033.526208636, 781118.125801451, 4917949.24410614, 4928909.82370118)
5587	2020-10-19	23221.154351747762	c(809895.137695003, 796033.526208636, 4930218.34690033, 4917949.24410614)
5646	2020-10-19	36211.40213034913	c(824862.13223129, 809895.137695003, 4919321.57702676, 4930218.34690033)
5646	2020-10-19	36211.40213034913	c(838672.375783783, 824862.13223129, 4931654.71847735, 4919321.57702676)
5705	2020-10-19	54309.884769129276	c(853691.019949843, 838672.375783783, 4920821.8093991, 4931654.71847735)
5705	2020-10-19	55666.27926404978	c(867449.854981849, 853691.019949843, 4933219.05693898, 4920821.8093991)
5763	2020-10-19	59872.89406197329	c(882520.207733733, 867449.854981849, 4922450.06564998, 4933219.05693898)
5763	2020-10-19	59872.89406197329	c(896227.588574925, 882520.207733733, 4934911.49132213, 4922450.06564998)
5819	2020-10-19	59889.573736351485	c(911349.712254901, 896227.588574925, 4924206.48079502, 4934911.49132213)
5819	2020-10-19	59889.573736351485	c(925005.588079024, 911349.712254901, 4936732.16119726, 4924206.48079502)
5871	2020-10-19	59907.48934135104	c(940179.548346145, 925005.588079024, 4926091.20044239, 4936732.16119726)
5918	2020-10-19	27809.334468183235	c(964979.377424604, 966765.84296564, 5172745.99510893, 5149547.72883952)
5939	2020-10-19	18183.436698302412	c(966765.84296564, 981598.281966391, 5149547.72883952, 5139034.52253634)
5939	2020-10-19	18183.436698302412	c(981598.281966391, 983428.825728612, 5139034.52253634, 5115836.45142798)
5960	2020-10-19	0	c(983428.825728612, 998363.046389076, 5115836.45142798, 5105355.98119037)
5960	2020-10-19	0	c(998363.046389076, 1000237.10170703, 5105355.98119037, 5082157.94239155)
5983	2020-10-19	0	c(1000237.10170703, 1015272.50777158, 5082157.94239155, 5071710.04819669)
1428	2020-10-20	0	c(-1013775.05847454, -1007232.36566046, 5620339.07539682, 5643293.78542241)
1454	2020-10-20	0	c(-1029596.30976904, -1023195.33320812, 5513177.41646977, 5536182.5587857)
1428	2020-10-20	0	c(-1003883.94648984, -1013775.05847454, 5605137.93054106, 5620339.07539682)
1455	2020-10-20	18135.84575419288	c(-1010339.0532074, -1003883.94648984, 5582162.79753793, 5605137.93054106)
1454	2020-10-20	0	c(-1019359.4751673, -1029596.30976904, 5497964.33747293, 5513177.41646977)
1481	2020-10-20	18336.59061078461	c(-1025672.9925706, -1019359.4751673, 5474939.87281154, 5497964.33747293)
1454	2020-10-20	0	c(-1023195.33320812, -1006678.02594854, 5536182.5587857, 5543983.71602907)
1455	2020-10-20	18205.882313318994	c(-1000310.2886526, -1010339.0532074, 5566978.66401566, 5582162.79753793)
1482	2020-10-20	18266.896108621055	c(-1006678.02594854, -1000310.2886526, 5543983.71602907, 5566978.66401566)
1481	2020-10-20	18406.216444744317	c(-1015300.00363712, -1025672.9925706, 5459746.03787557, 5474939.87281154)
1509	2020-10-20	18466.425459710197	c(-1021526.30462381, -1015300.00363712, 5436702.85831589, 5459746.03787557)
1509	2020-10-20	18466.425459710197	c(-1011017.90636107, -1021526.30462381, 5421529.14735948, 5436702.85831589)
1536	2020-10-20	18526.305953479976	c(-1017157.24593332, -1011017.90636107, 5398467.85655976, 5421529.14735948)
1536	2020-10-20	18526.305953479976	c(-1006514.19698003, -1017157.24593332, 5383315.13382321, 5398467.85655976)
1564	2020-10-20	18585.852709781382	c(-1012566.84231629, -1006514.19698003, 5360236.33140812, 5383315.13382321)
1564	2020-10-20	18585.852709781382	c(-1001789.9146386, -1012566.84231629, 5345105.44519957, 5360236.33140812)
1591	2020-10-20	28517.7855240926	c(-1007756.14500305, -1001789.9146386, 5322009.72651927, 5345105.44519957)
1591	2020-10-20	28633.205873402414	c(-996846.123580999, -1007756.14500305, 5306901.50897043, 5322009.72651927)
1619	2020-10-20	38590.91797175117	c(-1002726.23022736, -996846.123580999, 5283789.46486376, 5306901.50897043)
1619	2020-10-20	36783.61200464549	c(-991683.912736878, -1002726.23022736, 5268704.73169516, 5283789.46486376)
1646	2020-10-20	18762.4411660208	c(-997478.19880682, -991683.912736878, 5245576.94825695, 5268704.73169516)
1646	2020-10-20	18762.4411660208	c(-986304.395297616, -997478.19880682, 5230516.49855292, 5245576.94825695)
1646	2020-10-20	28990.179854159775	c(-969406.887963122, -986304.395297616, 5238627.70064124, 5230516.49855292)
1703	2020-10-20	45037.63124328773	c(-958172.742144949, -969406.887963122, 5223635.69369117, 5238627.70064124)
1731	2020-10-20	45261.520852027905	c(-963765.910241937, -958172.742144949, 5200489.1552825, 5223635.69369117)
1731	2020-10-20	45261.520852027905	c(-952401.792331998, -963765.910241937, 5185522.53883095, 5200489.1552825)
1759	2020-10-20	38614.01426491784	c(-957910.421243358, -952401.792331998, 5162362.04719788, 5185522.53883095)
1759	2020-10-20	36965.11590372161	c(-946417.167164093, -957910.421243358, 5147421.56877093, 5162362.04719788)
1787	2020-10-20	18916.55632390941	c(-951841.604140211, -946417.167164093, 5124247.68315582, 5147421.56877093)
1787	2020-10-20	18916.55632390941	c(-940220.060861384, -951841.604140211, 5109334.0730102, 5124247.68315582)
1815	2020-10-20	18973.538873491216	c(-945560.664377634, -940220.060861384, 5086147.34688414, 5109334.0730102)
1815	2020-10-20	18973.538873491216	c(-933811.68958293, -945560.664377634, 5071261.31783018, 5086147.34688414)
1815	2020-10-20	23787.223590784837	c(-916791.709220263, -933811.68958293, 5079603.64158461, 5071261.31783018)
1872	2020-10-20	23763.60037595346	c(-904985.464359312, -916791.709220263, 5064787.04816307, 5079603.64158461)
1872	2020-10-20	23763.60037595346	c(-888021.054301446, -904985.464359312, 5073199.96159745, 5064787.04816307)
1929	2020-10-20	37029.73190907318	c(-876157.824768571, -888021.054301446, 5058452.60553443, 5073199.96159745)
1957	2020-10-20	18992.352195086463	c(-881190.240104423, -876157.824768571, 5035251.64894381, 5058452.60553443)
1957	2020-10-20	18992.352195086463	c(-869201.81989384, -881190.240104423, 5020533.04980208, 5035251.64894381)
1957	2020-10-20	29665.37976597446	c(-852249.588144988, -869201.81989384, 5029055.71909385, 5020533.04980208)
2014	2020-10-20	46003.71493077849	c(-840205.134990565, -852249.588144988, 5014406.38808055, 5029055.71909385)
2042	2020-10-20	38578.13373794941	c(-845044.755245342, -840205.134990565, 4991194.5429313, 5014406.38808055)
2042	2020-10-20	37125.763214055296	c(-832876.665027767, -845044.755245342, 4976574.82101299, 4991194.5429313)
2042	2020-10-20	37125.763214055296	c(-815936.93756285, -832876.665027767, 4985206.42301552, 4976574.82101299)
2099	2020-10-20	55661.612958692436	c(-803713.742061823, -815936.93756285, 4970655.96772335, 4985206.42301552)
2127	2020-10-20	38560.32662762433	c(-808362.747556148, -803713.742061823, 4947434.87903601, 4970655.96772335)
2127	2020-10-20	37154.41295868598	c(-796017.46894058, -808362.747556148, 4932914.82431573, 4947434.87903601)
2155	2020-10-20	19122.93992042363	c(-800586.954352289, -796017.46894058, 4909685.14392468, 4932914.82431573)
2155	2020-10-20	19122.93992042363	c(-788120.488237141, -800586.954352289, 4895196.06228603, 4909685.14392468)
2155	2020-10-20	30051.2174520262	c(-771151.635997088, -788120.488237141, 4903974.93553595, 4895196.06228603)
2212	2020-10-20	46556.02577111494	c(-758631.624133234, -771151.635997088, 4889555.24672934, 4903974.93553595)
2240	2020-10-20	38561.35633276935	c(-763013.840133055, -758631.624133234, 4866318.82949749, 4889555.24672934)
2240	2020-10-20	37243.33943051072	c(-750374.199826357, -763013.840133055, 4851930.8103606, 4866318.82949749)
2268	2020-10-20	19214.610434025795	c(-754678.494838252, -750374.199826357, 4828687.20720046, 4851930.8103606)
2268	2020-10-20	19214.610434025795	c(-741920.1354866, -754678.494838252, 4814331.37738143, 4828687.20720046)
2296	2020-10-20	19268.7569887344	c(-746146.976527558, -741920.1354866, 4791081.03530436, 4814331.37738143)
2296	2020-10-20	23623.986601090633	c(-716233.69073889, -733270.814366489, 4785721.83352916, 4776757.89633238)
2352	2020-10-20	37327.80163880582	c(-703306.138504089, -716233.69073889, 4771468.21896094, 4785721.83352916)
2352	2020-10-20	37327.80163880582	c(-686323.562824391, -703306.138504089, 4780499.03446984, 4771468.21896094)
2408	2020-10-20	55968.28046615216	c(-673344.805993111, -686323.562824391, 4766314.70346313, 4780499.03446984)
2435	2020-10-20	38529.24204099153	c(-677283.69735053, -673344.805993111, 4743063.52942413, 4766314.70346313)
2435	2020-10-20	23575.013157662313	c(-664189.333584907, -677283.69735053, 4728912.53499842, 4743063.52942413)
2435	2020-10-20	23575.013157662313	c(-647220.762444133, -664189.333584907, 4738048.42045231, 4728912.53499842)
2491	2020-10-20	37320.36063265939	c(-634075.99449061, -647220.762444133, 4723966.54316018, 4738048.42045231)
2519	2020-10-20	19325.05788475349	c(-637835.622081207, -634075.99449061, 4700713.42495329, 4723966.54316018)
2519	2020-10-20	19325.05788475349	c(-624576.791004348, -637835.622081207, 4686665.37139006, 4700713.42495329)
2519	2020-10-20	23547.642666302185	c(-607622.252495295, -624576.791004348, 4695905.4808528, 4686665.37139006)
2576	2020-10-20	37345.375947309534	c(-594313.788597833, -607622.252495295, 4681926.35230774, 4695905.4808528)
2604	2020-10-20	19362.02267234361	c(-597896.458796289, -594313.788597833, 4658672.39963624, 4681926.35230774)
2604	2020-10-20	19362.02267234361	c(-584475.465376607, -597896.458796289, 4644727.52545607, 4658672.39963624)
2604	2020-10-20	23520.88200844943	c(-567534.939157009, -584475.465376607, 4654071.01922803, 4644727.52545607)
2663	2020-10-20	37370.202795047924	c(-554065.054690888, -567534.939157009, 4640194.8533606, 4654071.01922803)
2663	2020-10-20	37370.202795047924	c(-537177.972920276, -554065.054690888, 4649603.39884151, 4640194.8533606)
2722	2020-10-20	56035.025284857125	c(-523659.324371011, -537177.972920276, 4635795.69682146, 4649603.39884151)
2752	2020-10-20	38456.79823269074	c(-526965.607218376, -523659.324371011, 4612545.59780837, 4635795.69682146)
2752	2020-10-20	23476.693359064095	c(-513336.535800089, -526965.607218376, 4598772.52943015, 4612545.59780837)
2752	2020-10-20	23476.693359064095	c(-496463.050206646, -513336.535800089, 4608283.13231651, 4598772.52943015)
2814	2020-10-20	37366.69444792217	c(-482785.909439589, -496463.050206646, 4594578.28614652, 4608283.13231651)
2845	2020-10-20	19421.66991675022	c(-485920.914323965, -482785.909439589, 4571329.54346091, 4594578.28614652)
2845	2020-10-20	19421.66991675022	c(-472134.845967756, -485920.914323965, 4557659.6302603, 4571329.54346091)
2845	2020-10-20	23451.9117054146	c(-455274.820288935, -472134.845967756, 4567271.48577737, 4557659.6302603)
2908	2020-10-20	37392.38535820659	c(-441441.346772146, -455274.820288935, 4553669.53121111, 4567271.48577737)
2940	2020-10-20	19459.610735250844	c(-444407.385553934, -441441.346772146, 4530422.95368476, 4553669.53121111)
2940	2020-10-20	19459.610735250844	c(-430466.464938298, -444407.385553934, 4516856.17822942, 4530422.95368476)
2940	2020-10-20	31087.901691402447	c(-413619.716193723, -430466.464938298, 4526568.49196839, 4516856.17822942)
3004	2020-10-20	48037.48610500327	c(-399632.023653496, -413619.716193723, 4513069.39068458, 4526568.49196839)
3036	2020-10-20	38439.35680899189	c(-402431.40833152, -399632.023653496, 4489825.70262064, 4513069.39068458)
3036	2020-10-20	37469.28637876686	c(-388337.733173079, -402431.40833152, 4476361.9743609, 4489825.70262064)
3068	2020-10-20	19549.38668206161	c(-391070.402243196, -388337.733173079, 4453117.45772584, 4476361.9743609)
3068	2020-10-20	19549.38668206161	c(-376871.664015242, -391070.402243196, 4439689.32151086, 4453117.45772584)
3068	2020-10-20	31335.381384869168	c(-359999.22764988, -376871.664015242, 4449537.44705777, 4439689.32151086)
3133	2020-10-20	48394.81437799518	c(-345754.847181835, -359999.22764988, 4436176.60432551, 4449537.44705777)
3164	2020-10-20	48588.002857538784	c(-348324.480686808, -345754.847181835, 4412936.10062415, 4436176.60432551)
3164	2020-10-20	48588.002857538784	c(-333976.481383828, -348324.480686808, 4399610.96107798, 4412936.10062415)
3195	2020-10-20	48779.75603072834	c(-336481.292549553, -333976.481383828, 4376370.35680043, 4399610.96107798)
3195	2020-10-20	48779.75603072834	c(-322030.592499091, -336481.292549553, 4363081.09079734, 4376370.35680043)
3225	2020-10-20	48970.075743215224	c(-324471.171880608, -322030.592499091, 4339840.62253557, 4363081.09079734)
3225	2020-10-20	48970.075743215224	c(-309918.690550265, -324471.171880608, 4326587.38333797, 4339840.62253557)
3256	2020-10-20	49158.9640975798	c(-312295.634255165, -309918.690550265, 4303347.27904831, 4326587.38333797)
3256	2020-10-20	49158.9640975798	c(-297642.292257372, -312295.634255165, 4290130.2028853, 4303347.27904831)
3286	2020-10-20	49346.42344643695	c(-299956.201803114, -297642.292257372, 4266890.68186328, 4290130.2028853)
3286	2020-10-20	49346.42344643695	c(-285202.920664465, -299956.201803114, 4253709.88799735, 4266890.68186328)
3317	2020-10-20	38534.70153076944	c(-287454.402836904, -285202.920664465, 4230471.16085707, 4253709.88799735)
3317	2020-10-20	37776.55900799122	c(-272602.104772313, -287454.402836904, 4217326.75165611, 4230471.16085707)
3317	2020-10-20	37776.55900799122	c(-255554.317130444, -272602.104772313, 4227451.06712484, 4217326.75165611)
3379	2020-10-20	56651.90510844214	c(-240659.410321904, -255554.317130444, 4214372.92750159, 4227451.06712484)
3410	2020-10-20	49686.45717012249	c(-242756.87269827, -240659.410321904, 4191140.61935005, 4214372.92750159)
3410	2020-10-20	49686.45717012249	c(-227764.349253395, -242756.87269827, 4178098.77319245, 4191140.61935005)
3410	2020-10-20	59741.47720419705	c(-210729.410013054, -227764.349253395, 4188318.89123501, 4178098.77319245)
3474	2020-10-20	59657.381445371866	c(-195694.719591042, -210729.410013054, 4175342.86839186, 4188318.89123501)
3474	2020-10-20	56621.88035924161	c(-178709.082232409, -195694.719591042, 4185623.52068366, 4175342.86839186)
3541	2020-10-20	37743.12584829807	c(-163632.1825444, -178709.082232409, 4172713.05782811, 4185623.52068366)
3541	2020-10-20	37737.01268237639	c(-146695.585607182, -163632.1825444, 4183054.20661598, 4172713.05782811)
3541	2020-10-20	38454.486298021	c(-144873.376610484, -146695.585607182, 4206271.53714197, 4183054.20661598)
3575	2020-10-20	60389.69097878406	c(-128023.397532652, -144873.376610484, 4216639.09657888, 4206271.53714197)
3643	2020-10-20	59419.06590968929	c(-112957.737110513, -128023.397532652, 4203823.43680804, 4216639.09657888)
3643	2020-10-20	56470.41352449558	c(-96156.5819690225, -112957.737110513, 4214251.71321716, 4203823.43680804)
3713	2020-10-20	37643.13858725479	c(-81048.1216658669, -96156.5819690225, 4201501.05439224, 4214251.71321716)
3713	2020-10-20	37638.186659256186	c(-64295.5470364731, -81048.1216658669, 4211990.02586967, 4201501.05439224)
3713	2020-10-20	38381.46692915647	c(-62690.0682753299, -64295.5470364731, 4235196.06710096, 4211990.02586967)
3749	2020-10-20	49100.85838522855	c(-46024.8199767225, -62690.0682753299, 4245712.33227393, 4235196.06710096)
3822	2020-10-20	31822.86731664884	c(-30926.0171767061, -46024.8199767225, 4233055.99698496, 4245712.33227393)
3822	2020-10-20	19693.660115141083	c(-14309.1793681903, -30926.0171767061, 4243633.18388346, 4233055.99698496)
3822	2020-10-20	19693.660115141083	c(-12830.6332848411, -14309.1793681903, 4266833.49899265, 4243633.18388346)
3859	2020-10-20	37496.94280834238	c(3698.18114454224, -12830.6332848411, 4277438.58071788, 4266833.49899265)
3859	2020-10-20	38294.91651313192	c(5140.66403874598, 3698.18114454224, 4300637.21164674, 4277438.58071788)
3896	2020-10-20	48662.66379188545	c(21580.8242860204, 5140.66403874598, 4311270.53567201, 4300637.21164674)
3970	2020-10-20	31524.181920878334	c(36618.9252452767, 21580.8242860204, 4298738.18173849, 4311270.53567201)
3970	2020-10-20	19568.715343990858	c(53010.7173710185, 36618.9252452767, 4309432.873472, 4298738.18173849)
3970	2020-10-20	19568.715343990858	c(54323.5290354891, 53010.7173710185, 4332627.17503275, 4309432.873472)
4008	2020-10-20	37357.07353133483	c(70625.9295723121, 54323.5290354891, 4343350.65556328, 4332627.17503275)
4008	2020-10-20	38212.896528880505	c(71900.8747186147, 70625.9295723121, 4366543.91330279, 4343350.65556328)
4045	2020-10-20	48225.72952304961	c(88113.2387523993, 71900.8747186147, 4377296.49453181, 4366543.91330279)
4120	2020-10-20	31225.970071621705	c(103092.450314466, 88113.2387523993, 4364888.34127049, 4377296.49453181)
4120	2020-10-20	19445.14153962912	c(119256.413193246, 103092.450314466, 4375702.703552, 4364888.34127049)
4120	2020-10-20	19445.14153962912	c(120398.915885109, 119256.413193246, 4398892.87977776, 4375702.703552)
4158	2020-10-20	37218.240547689486	c(136472.065376297, 120398.915885109, 4409736.83348163, 4398892.87977776)
4158	2020-10-20	38135.211036213266	c(137574.90023618, 136472.065376297, 4432926.53097085, 4409736.83348163)
4196	2020-10-20	47789.727261489206	c(153556.577787597, 137574.90023618, 4443800.35182249, 4432926.53097085)
4265	2020-10-20	30928.007515758927	c(168478.560743779, 153556.577787597, 4431516.62676541, 4443800.35182249)
4265	2020-10-20	19322.832233891346	c(184411.729891314, 168478.560743779, 4442452.60756953, 4431516.62676541)
4265	2020-10-20	19322.832233891346	c(185379.320049789, 184411.729891314, 4465640.32074002, 4442452.60756953)
4300	2020-10-20	37080.10206222229	c(201220.201906466, 185379.320049789, 4476606.60242591, 4465640.32074002)
4300	2020-10-20	38061.665548018675	c(202146.325713581, 201220.201906466, 4499794.32564966, 4476606.60242591)
4334	2020-10-20	55509.484442038076	c(217894.248653576, 202146.325713581, 4510791.14713635, 4499794.32564966)
4400	2020-10-20	37007.68519048634	c(232760.513814362, 217894.248653576, 4498632.08330994, 4510791.14713635)
4400	2020-10-20	37007.625875156475	c(248459.74815245, 232760.513814362, 4509691.40727112, 4498632.08330994)
4400	2020-10-20	38022.770496626996	c(249247.796009375, 248459.74815245, 4532878.09088243, 4509691.40727112)
4434	2020-10-20	47132.88216060375	c(264853.21876076, 249247.796009375, 4543968.33010416, 4532878.09088243)
4434	2020-10-20	47132.88216060375	c(265598.005538195, 264853.21876076, 4567155.43525833, 4543968.33010416)
4467	2020-10-20	55301.29329480184	c(281108.932661121, 265598.005538195, 4578276.79120332, 4567155.43525833)
4533	2020-10-20	36869.99081353791	c(295920.842481558, 281108.932661121, 4566242.62414527, 4578276.79120332)
4533	2020-10-20	36869.99081353791	c(311382.829213528, 295920.842481558, 4577426.78665623, 4566242.62414527)
4533	2020-10-20	37956.007569994195	c(311986.682183823, 311382.829213528, 4600613.64254094, 4577426.78665623)
4566	2020-10-20	46698.96999315483	c(327353.284588086, 311986.682183823, 4611829.23761943, 4600613.64254094)
4566	2020-10-20	46698.96999315483	c(327912.086755458, 327353.284588086, 4635016.84825955, 4611829.23761943)
4600	2020-10-20	46484.126441883964	c(343182.609127036, 327912.086755458, 4646264.03924901, 4635016.84825955)
4600	2020-10-20	46484.126441883964	c(343695.756018009, 343182.609127036, 4669452.4901531, 4646264.03924901)
4633	2020-10-20	46268.36456516836	c(358869.50060513, 343695.756018009, 4680731.42640881, 4669452.4901531)
4633	2020-10-20	46268.36456516836	c(359336.390523014, 358869.50060513, 4703920.79555119, 4680731.42640881)
4666	2020-10-20	54887.54600367793	c(374412.657633315, 359336.390523014, 4715231.61237013, 4703920.79555119)
4666	2020-10-20	54887.54600367793	c(374832.691717299, 374412.657633315, 4738421.97015797, 4715231.61237013)
4698	2020-10-20	73129.74261144911	c(389810.779828676, 374832.691717299, 4749764.78871042, 4738421.97015797)
4698	2020-10-20	74806.8435392693	c(390183.362115363, 389810.779828676, 4772956.1979531, 4749764.78871042)
4730	2020-10-20	74435.22671972991	c(405062.567991452, 390183.362115363, 4784331.12521614, 4772956.1979531)
4730	2020-10-20	74435.22671972991	c(405387.105478803, 405062.567991452, 4807523.64109702, 4784331.12521614)
4761	2020-10-20	74061.91778939433	c(420166.724289035, 405387.105478803, 4818930.76978997, 4807523.64109702)
4731	2020-10-20	99081.36930004688	c(406368.285607835, 406039.9685312, 4877106.08019967, 4853911.11825259)
4761	2020-10-20	80886.47551051206	c(406039.9685312, 420442.627002671, 4853911.11825259, 4842124.43984054)
4762	2020-10-20	98678.37564515175	c(420997.618356491, 406368.285607835, 4888514.25704021, 4877106.08019967)
4761	2020-10-20	74061.91778939433	c(420442.627002671, 420166.724289035, 4842124.43984054, 4818930.76978997)
4762	2020-10-20	98678.37564515175	c(421276.699779571, 420997.618356491, 4911710.40473817, 4888514.25704021)
4794	2020-10-20	108769.1105813215	c(435804.585131999, 421276.699779571, 4923150.94406072, 4911710.40473817)
4794	2020-10-20	108769.1105813215	c(436033.849762979, 435804.585131999, 4946348.31202716, 4923150.94406072)
4825	2020-10-20	126575.26196089739	c(450459.583910078, 436033.849762979, 4957821.26008507, 4946348.31202716)
4825	2020-10-20	126880.10361799486	c(450638.453847378, 450459.583910078, 4981019.87512673, 4957821.26008507)
4856	2020-10-20	144352.30092664837	c(464961.331924286, 450638.453847378, 4992525.2636983, 4981019.87512673)
4829	2020-10-20	95980.19992672598	c(452835.705949686, 452649.071085488, 5259468.89427174, 5236260.18516494)
4859	2020-10-20	94145.9276944331	c(452649.071085488, 466261.14879957, 5236260.18516494, 5224562.17038716)
4860	2020-10-20	81582.22225661461	c(466526.586815961, 452835.705949686, 5270979.70040021, 5259468.89427174)
4830	2020-10-20	94848.0495759177	c(453399.389427519, 453210.867572027, 5329100.05507051, 5305888.82975033)
4860	2020-10-20	81259.10643984612	c(453210.867572027, 466659.978980981, 5305888.82975033, 5294189.73164894)
4861	2020-10-20	80603.59311776474	c(466928.100909638, 453399.389427519, 5340612.32398581, 5329100.05507051)
4831	2020-10-20	94277.82156527137	c(453968.68956822, 453778.302903636, 5398738.75410727, 5375525.0179087)
4861	2020-10-20	80277.2411056053	c(453778.302903636, 467062.82716822, 5375525.0179087, 5363824.88388119)
4856	2020-10-20	144352.30092664837	c(465089.23257808, 464961.331924286, 5015725.1448961, 4992525.2636983)
4887	2020-10-20	162269.11506374853	c(479308.548806858, 465089.23257808, 5027262.9912336, 5015725.1448961)
4857	2020-10-20	178012.86713921546	c(465475.729490289, 465346.433036254, 5085329.86940781, 5062127.44780737)
4887	2020-10-20	183619.1566942171	c(465346.433036254, 479384.908975985, 5062127.44780737, 5050464.14993049)
4888	2020-10-20	160285.48189445963	c(479538.455655335, 465475.729490289, 5096869.01751793, 5085329.86940781)
4858	2020-10-20	126059.55764846457	c(465866.383512774, 465735.706423315, 5154942.21316485, 5131737.25227812)
4888	2020-10-20	142104.66890047368	c(465735.706423315, 479615.64016469, 5131737.25227812, 5120072.72615935)
4889	2020-10-20	107990.80790729325	c(479770.826491555, 465866.383512774, 5166482.69217576, 5154942.21316485)
4859	2020-10-20	94145.9276944331	c(466261.14879957, 466129.106415094, 5224562.17038716, 5201354.67254598)
4889	2020-10-20	94566.50148395111	c(466129.106415094, 479848.82628502, 5201354.67254598, 5189688.94903045)
4860	2020-10-20	81259.10643984612	c(466659.978980981, 466526.586815961, 5294189.73164894, 5270979.70040021)
4861	2020-10-20	80277.2411056053	c(467062.82716822, 466928.100909638, 5363824.88388119, 5340612.32398581)
4887	2020-10-20	163541.44168516988	c(479384.908975985, 479308.548806858, 5050464.14993049, 5027262.9912336)
4888	2020-10-20	142188.57586957703	c(479615.64016469, 479538.455655335, 5120072.72615935, 5096869.01751793)
4889	2020-10-20	94566.50148395111	c(479848.82628502, 479770.826491555, 5189688.94903045, 5166482.69217576)
5224	2020-10-20	112926.60467946848	c(607293.279962975, 606901.564435442, 4993332.92032322, 5016532.77148055)
5224	2020-10-20	109145.05228850296	c(621747.71209671, 607293.279962975, 4981989.09749719, 4993332.92032322)
5254	2020-10-20	90307.9269839344	c(622188.976008304, 621747.71209671, 4958790.44163939, 4981989.09749719)
5224	2020-10-20	134642.28167481144	c(606901.564435442, 620860.307692474, 5016532.77148055, 5028388.78015854)
5254	2020-10-20	90307.9269839344	c(636745.604970602, 622188.976008304, 4947479.0275412, 4958790.44163939)
5224	2020-10-20	146331.41816566917	c(620860.307692474, 635263.95784021, 5028388.78015854, 5017076.1927655)
5285	2020-10-20	146331.41816566917	c(635263.95784021, 649170.534782733, 5017076.1927655, 5028995.85909069)
5317	2020-10-20	163563.5537332118	c(649170.534782733, 648619.836087352, 5028995.85909069, 5052196.81359335)
5318	2020-10-20	105363.41618550684	c(647512.485880491, 646955.848829288, 5098600.99655932, 5121804.22480427)
5254	2020-10-20	90382.28034070056	c(650810.639059774, 636745.604970602, 4959397.5439679, 4947479.0275412)
5316	2020-10-20	97201.79301623559	c(665418.877450083, 650810.639059774, 4948149.79810959, 4959397.5439679)
5347	2020-10-20	75382.05806173441	c(666011.992768338, 665418.877450083, 4924952.21293152, 4948149.79810959)
5317	2020-10-20	162486.28065025964	c(648619.836087352, 662420.305781961, 5052196.81359335, 5064148.81398307)
5318	2020-10-20	128410.98086170331	c(661814.047233366, 647512.485880491, 5087350.83523857, 5098600.99655932)
5349	2020-10-20	139276.34113813148	c(662420.305781961, 661814.047233366, 5064148.81398307, 5087350.83523857)
5318	2020-10-20	92854.074779976	c(646955.848829288, 660595.049099642, 5121804.22480427, 5133757.09521914)
5350	2020-10-20	69641.74839102596	c(660595.049099642, 659982.325445678, 5133757.09521914, 5156961.33361452)
5347	2020-10-20	72472.5787508521	c(680721.500149867, 666011.992768338, 4913736.78881626, 4924952.21293152)
5350	2020-10-20	59649.632892600755	c(659982.325445678, 673513.544354529, 5156961.33361452, 5168946.31087872)
5382	2020-10-20	37439.08572657429	c(673513.544354529, 672844.184651899, 5168946.31087872, 5192151.48866766)
5382	2020-10-20	35463.20495334029	c(672844.184651899, 686266.68960728, 5192151.48866766, 5204168.45750117)
5347	2020-10-20	72472.5787508521	c(694788.27667675, 680721.500149867, 4925750.31719037, 4913736.78881626)
5409	2020-10-20	90515.06965325556	c(709549.192114153, 694788.27667675, 4914598.55654369, 4925750.31719037)
5439	2020-10-20	69621.3133839622	c(710292.527185262, 709549.192114153, 4891401.83500725, 4914598.55654369)
5439	2020-10-20	59819.02044144218	c(725153.806596162, 710292.527185262, 4880282.27142218, 4891401.83500725)
5439	2020-10-20	59819.02044144218	c(739222.855179629, 725153.806596162, 4892390.91816542, 4880282.27142218)
5498	2020-10-20	59829.01674240718	c(754135.368697556, 739222.855179629, 4881335.00472156, 4892390.91816542)
5498	2020-10-20	59829.01674240718	c(768153.471546511, 754135.368697556, 4893507.56892509, 4881335.00472156)
5556	2020-10-20	59840.260669478754	c(783117.272509539, 768153.471546511, 4882515.33776888, 4893507.56892509)
5556	2020-10-20	59840.260669478754	c(797084.407445811, 783117.272509539, 4894751.88093587, 4882515.33776888)
5617	2020-10-20	59852.75251727732	c(812099.552865605, 797084.407445811, 4883823.37006871, 4894751.88093587)
5645	2020-10-20	37765.35417605845	c(813195.527462164, 812099.552865605, 4860626.57025122, 4883823.37006871)
5645	2020-10-20	23224.37337884164	c(828309.765086697, 813195.527462164, 4849729.98676913, 4860626.57025122)
5645	2020-10-20	23224.37337884164	c(842280.369045372, 828309.765086697, 4862062.03270511, 4849729.98676913)
5704	2020-10-20	23230.098042956193	c(857445.829667063, 842280.369045372, 4851229.15758564, 4862062.03270511)
5704	2020-10-20	23230.098042956193	c(871365.754165695, 857445.829667063, 4863625.39727901, 4851229.15758564)
5762	2020-10-20	23236.309810902418	c(886582.510678871, 871365.754165695, 4852856.27930279, 4863625.39727901)
5762	2020-10-20	23236.309810902418	c(900451.721851056, 886582.510678871, 4865316.79708489, 4852856.27930279)
5818	2020-10-20	23243.00884929238	c(915719.85063174, 900451.721851056, 4854611.49116917, 4865316.79708489)
5818	2020-10-20	23243.00884929238	c(929538.309370326, 915719.85063174, 4867136.37610847, 4854611.49116917)
5960	2020-10-20	18247.877763790424	c(998363.046389076, 1000237.10170703, 5105355.98119037, 5082157.94239155)
5983	2020-10-20	18312.321832070476	c(1000237.10170703, 1015272.50777158, 5082157.94239155, 5071710.04819669)
5984	2020-10-20	0	c(1011418.05048626, 998363.046389076, 5118105.56592498, 5105355.98119037)
5961	2020-10-20	0	c(992701.331912186, 994595.136352972, 5174948.79399938, 5151751.40683302)
5984	2020-10-20	0	c(994595.136352972, 1009480.64249403, 5151751.40683302, 5141302.90710346)
5984	2020-10-20	0	c(1009480.64249403, 1011418.05048626, 5141302.90710346, 5118105.56592498)
1400	2020-10-21	0	c(-1036768.96328473, -1030192.38961903, 5589648.06146561, 5612612.72283877)
1426	2020-10-21	0	c(-1052651.63561812, -1046217.89161167, 5482397.05927676, 5505412.93645565)
1400	2020-10-21	0	c(-1026806.61629611, -1036768.96328473, 5574399.19549213, 5589648.06146561)
1427	2020-10-21	18214.726761569887	c(-1033295.28241554, -1026806.61629611, 5551413.98650938, 5574399.19549213)
1400	2020-10-21	0	c(-1030192.38961903, -1013775.05847454, 5612612.72283877, 5620339.07539682)
1428	2020-10-21	18144.566287436926	c(-1013775.05847454, -1007232.36566046, 5620339.07539682, 5643293.78542241)
1426	2020-10-21	0	c(-1042343.44403968, -1052651.63561812, 5467136.9982369, 5482397.05927676)
1453	2020-10-21	18415.43582318537	c(-1048689.40490355, -1042343.44403968, 5444101.68871963, 5467136.9982369)
1426	2020-10-21	0	c(-1046217.89161167, -1029596.30976904, 5505412.93645565, 5513177.41646977)
1427	2020-10-21	18284.834648099924	c(-1023195.33320812, -1033295.28241554, 5536182.5587857, 5551413.98650938)
1454	2020-10-21	18345.68431105848	c(-1029596.30976904, -1023195.33320812, 5513177.41646977, 5536182.5587857)
1453	2020-10-21	18485.113502058142	c(-1038245.12657125, -1048689.40490355, 5428861.31115039, 5444101.68871963)
1480	2020-10-21	18545.132576801443	c(-1044503.54858296, -1038245.12657125, 5405807.18299462, 5428861.31115039)
1507	2020-10-21	18673.81532624967	c(-1058496.63636311, -1052381.52297736, 5298239.48815969, 5321341.10535515)
1480	2020-10-21	18545.132576801443	c(-1033923.93771256, -1044503.54858296, 5390587.37059367, 5405807.18299462)
1508	2020-10-21	18604.813885663985	c(-1040095.07752318, -1033923.93771256, 5367515.03365578, 5390587.37059367)
1507	2020-10-21	18742.714512970837	c(-1047577.40379131, -1058496.63636311, 5283018.09426691, 5298239.48815969)
1534	2020-10-21	18801.48071602797	c(-1053605.46263253, -1047577.40379131, 5259899.39262555, 5283018.09426691)
1507	2020-10-21	18673.81532624967	c(-1052381.52297736, -1035465.02853957, 5321341.10535515, 5329226.712311)
1508	2020-10-21	18604.813885663985	c(-1029380.9020051, -1040095.07752318, 5352316.65226494, 5367515.03365578)
1535	2020-10-21	28546.81458518649	c(-1035465.02853957, -1029380.9020051, 5329226.712311, 5352316.65226494)
1534	2020-10-21	18801.48071602797	c(-1042553.34528453, -1053605.46263253, 5244701.56678555, 5259899.39262555)
1534	2020-10-21	29050.356096085725	c(-1025544.47135886, -1042553.34528453, 5252667.33734061, 5244701.56678555)
1590	2020-10-21	45130.525385097746	c(-1014431.34125728, -1025544.47135886, 5237538.28172806, 5252667.33734061)
1618	2020-10-21	45355.15386060705	c(-1020256.16282999, -1014431.34125728, 5214399.12280219, 5237538.28172806)
1618	2020-10-21	45355.15386060705	c(-1009011.67005123, -1020256.16282999, 5199294.79808366, 5214399.12280219)
1645	2020-10-21	38693.69874791228	c(-1014750.67485189, -1009011.67005123, 5176140.41350915, 5199294.79808366)
1645	2020-10-21	37041.05532932041	c(-1003375.65086832, -1014750.67485189, 5161061.60263873, 5176140.41350915)
1673	2020-10-21	18955.53449203898	c(-1009029.16769279, -1003375.65086832, 5137892.57417196, 5161061.60263873)
1673	2020-10-21	18955.53449203898	c(-997524.455706353, -1009029.16769279, 5122840.0428731, 5137892.57417196)
1673	2020-10-21	23842.45542231757	c(-980436.772539975, -997524.455706353, 5130999.56013271, 5122840.0428731)
1730	2020-10-21	37072.67252637515	c(-968873.490101757, -980436.772539975, 5116016.5857959, 5130999.56013271)
1758	2020-10-21	18992.93585921891	c(-974327.759196361, -968873.490101757, 5092831.60320133, 5116016.5857959)
1758	2020-10-21	18992.93585921891	c(-962636.348108408, -974327.759196361, 5077875.93814618, 5092831.60320133)
1786	2020-10-21	19049.646953636344	c(-968006.486739768, -962636.348108408, 5054678.06770033, 5077875.93814618)
1786	2020-10-21	19049.646953636344	c(-956187.813968435, -968006.486739768, 5039750.42479807, 5054678.06770033)
1786	2020-10-21	23804.60976274027	c(-939068.829211317, -956187.813968435, 5048062.29868958, 5039750.42479807)
1843	2020-10-21	37170.084752870076	c(-927193.290962793, -939068.829211317, 5033204.54592405, 5048062.29868958)
1843	2020-10-21	37170.084752870076	c(-910130.032427918, -927193.290962793, 5041587.00242571, 5033204.54592405)
1900	2020-10-21	55726.36017010427	c(-898197.91445962, -910130.032427918, 5026798.93015458, 5041587.00242571)
1928	2020-10-21	38653.75789860959	c(-903260.075276998, -898197.91445962, 5003587.70164012, 5026798.93015458)
1928	2020-10-21	37198.13335632237	c(-891202.962854673, -903260.075276998, 4988828.81042723, 5003587.70164012)
1956	2020-10-21	19123.031532268007	c(-896183.115823006, -891202.962854673, 4965606.92230259, 4988828.81042723)
1956	2020-10-21	19123.031532268007	c(-884001.896977444, -896183.115823006, 4950877.8541587, 4965606.92230259)
1956	2020-10-21	23742.85400357083	c(-866909.135085278, -884001.896977444, 4959410.56431128, 4950877.8541587)
2013	2020-10-21	37225.36062603127	c(-854672.979563364, -866909.135085278, 4944751.38875194, 4959410.56431128)
2041	2020-10-21	19159.547532713015	c(-859461.436002481, -854672.979563364, 4921520.07553377, 4944751.38875194)
2041	2020-10-21	19159.547532713015	c(-847102.753629103, -859461.436002481, 4906891.53076981, 4921520.07553377)
2041	2020-10-21	30108.53925548579	c(-830023.577725219, -847102.753629103, 4915533.35515367, 4906891.53076981)
2098	2020-10-21	46644.194925697644	c(-817610.885427006, -830023.577725219, 4900974.65588075, 4915533.35515367)
2126	2020-10-21	38633.823124826056	c(-822209.876898514, -817610.885427006, 4877735.51897665, 4900974.65588075)
2126	2020-10-21	37312.87470829459	c(-809676.236078137, -822209.876898514, 4863208.19723472, 4877735.51897665)
2154	2020-10-21	19250.56945619228	c(-814195.893952578, -809676.236078137, 4839960.92965431, 4863208.19723472)
2154	2020-10-21	19250.56945619228	c(-801542.216734365, -814195.893952578, 4825465.53873721, 4839960.92965431)
2154	2020-10-21	30369.021110989772	c(-784435.925039549, -801542.216734365, 4834255.26013159, 4825465.53873721)
2211	2020-10-21	47018.26378824419	c(-771729.801563198, -784435.925039549, 4819829.77003708, 4834255.26013159)
2239	2020-10-21	38614.98377452117	c(-776063.415136832, -771729.801563198, 4796577.12790895, 4819829.77003708)
2239	2020-10-21	23645.54348704437	c(-763238.836378577, -776063.415136832, 4782184.21999077, 4796577.12790895)
2323	2020-10-21	19322.54464728799	c(-724427.635280765, -737420.677499261, 4739211.28994547, 4753501.25472385)
2351	2020-10-21	30597.034095501916	c(-728501.005457117, -724427.635280765, 4715948.78043482, 4739211.28994547)
2351	2020-10-21	23608.82550763669	c(-698274.959905168, -715392.01212987, 4710734.60366548, 4701692.45495904)
2407	2020-10-21	37440.84845779475	c(-685115.856425734, -698274.959905168, 4696547.95574983, 4710734.60366548)
2407	2020-10-21	37440.84845779475	c(-668053.177375919, -685115.856425734, 4705656.31095962, 4696547.95574983)
2463	2020-10-21	56138.76860673922	c(-654844.130559583, -668053.177375919, 4691539.08565337, 4705656.31095962)
2490	2020-10-21	38580.775499595984	c(-658633.431333144, -654844.130559583, 4668278.21102713, 4691539.08565337)
2490	2020-10-21	37462.933861853424	c(-645310.630693151, -658633.431333144, 4654195.16926645, 4668278.21102713)
2490	2020-10-21	37462.933861853424	c(-628262.601413881, -645310.630693151, 4663407.9795164, 4654195.16926645)
2547	2020-10-21	56172.796971161784	c(-614890.633428201, -628262.601413881, 4649394.14815525, 4663407.9795164)
2575	2020-10-21	38548.80327256114	c(-618503.144339944, -614890.633428201, 4626132.86181839, 4649394.14815525)
2575	2020-10-21	23532.554324869685	c(-605018.970442208, -618503.144339944, 4612153.63308766, 4626132.86181839)
2575	2020-10-21	23532.554324869685	c(-587985.565026443, -605018.970442208, 4621470.03008568, 4612153.63308766)
2633	2020-10-21	37453.98856951407	c(-574452.969682631, -587985.565026443, 4607559.77500299, 4621470.03008568)
2662	2020-10-21	19467.11401068238	c(-577891.028882922, -574452.969682631, 4584299.09582637, 4607559.77500299)
2662	2020-10-21	19467.11401068238	c(-564247.763451965, -577891.028882922, 4570423.80661616, 4584299.09582637)
2662	2020-10-21	23505.844199990464	c(-547228.907397217, -564247.763451965, 4579842.92993277, 4570423.80661616)
2721	2020-10-21	37476.73284784217	c(-533537.935839463, -547228.907397217, 4566036.35417769, 4579842.92993277)
2721	2020-10-21	37476.73284784217	c(-516572.238842144, -533537.935839463, 4575519.8874964, 4566036.35417769)
2782	2020-10-21	56195.7503332396	c(-502833.668740297, -516572.238842144, 4561781.76882972, 4575519.8874964)
2813	2020-10-21	38506.20090022741	c(-505999.337863736, -502833.668740297, 4538526.91050039, 4561781.76882972)
2813	2020-10-21	37499.47884402588	c(-492152.196749236, -505999.337863736, 4524824.0398696, 4538526.91050039)
2813	2020-10-21	37499.47884402588	c(-475200.5477687, -492152.196749236, 4534408.96069777, 4524824.0398696)
2876	2020-10-21	56230.778586269014	c(-461306.475268347, -475200.5477687, 4520774.26378448, 4534408.96069777)
2907	2020-10-21	48303.389510978195	c(-464303.430569471, -461306.475268347, 4497521.97350986, 4520774.26378448)
2907	2020-10-21	48303.389510978195	c(-450302.2803598, -464303.430569471, 4483922.75858395, 4497521.97350986)
2939	2020-10-21	38511.46329351258	c(-453231.052375475, -450302.2803598, 4460669.14526185, 4483922.75858395)
2939	2020-10-21	37572.10661154742	c(-439123.753612555, -453231.052375475, 4447105.66043252, 4460669.14526185)
2939	2020-10-21	37572.10661154742	c(-422147.619447238, -439123.753612555, 4456827.89707043, 4447105.66043252)
3003	2020-10-21	56341.09416067342	c(-407994.572808378, -422147.619447238, 4443332.21524927, 4456827.89707043)
3035	2020-10-21	48655.17901663324	c(-410758.273934472, -407994.572808378, 4420082.42005897, 4443332.21524927)
3035	2020-10-21	48655.17901663324	c(-396500.553138958, -410758.273934472, 4406622.61784764, 4420082.42005897)
3067	2020-10-21	48846.648409373694	c(-399197.958318666, -396500.553138958, 4383372.2988634, 4406622.61784764)
3067	2020-10-21	48846.648409373694	c(-384836.492020255, -399197.958318666, 4369948.57491641, 4383372.2988634)
3099	2020-10-21	49036.65443076779	c(-387468.186365761, -384836.492020255, 4346697.99215257, 4369948.57491641)
3099	2020-10-21	49036.65443076779	c(-373003.904966359, -387468.186365761, 4333310.52777948, 4346697.99215257)
3131	2020-10-21	49225.19899477628	c(-375570.4794519, -373003.904966359, 4310059.93257122, 4333310.52777948)
3131	2020-10-21	49225.19899477628	c(-361004.314855101, -375570.4794519, 4296708.89179231, 4310059.93257122)
3162	2020-10-21	49412.2842767698	c(-363506.366169101, -361004.314855101, 4273458.52676261, 4296708.89179231)
3162	2020-10-21	49412.2842767698	c(-348839.251538294, -363506.366169101, 4260144.05637027, 4273458.52676261)
3193	2020-10-21	38584.809562693285	c(-351277.381936517, -348839.251538294, 4236894.15540154, 4260144.05637027)
3216	2020-10-21	52270.0479084903	c(-386147.470012205, -384012.032527824, 3711803.26536339, 3735082.2950746)
3217	2020-10-21	20507.845272399147	c(-379706.053298045, -377535.572333499, 3781636.19422812, 3804911.05587312)
3193	2020-10-21	37824.975776093175	c(-336510.251457696, -351277.381936517, 4223616.38502743, 4236894.15540154)
3223	2020-10-21	19914.542718535908	c(-338885.068617544, -336510.251457696, 4200367.17323772, 4223616.38502743)
3216	2020-10-21	61908.37686747875	c(-370238.622992435, -386147.470012205, 3698630.01524556, 3711803.26536339)
3247	2020-10-21	78011.15350272262	c(-372314.901271612, -370238.622992435, 3675353.77262901, 3698630.01524556)
3216	2020-10-21	52270.0479084903	c(-384012.032527824, -366051.495039986, 3735082.2950746, 3745178.60639821)
3217	2020-10-21	33810.9136201241	c(-363940.704304095, -379706.053298045, 3768450.94737607, 3781636.19422812)
3248	2020-10-21	52067.83652371527	c(-366051.495039986, -363940.704304095, 3745178.60639821, 3768450.94737607)
3217	2020-10-21	20507.845272399147	c(-377535.572333499, -359684.817767559, 3804911.05587312, 3814991.70178079)
3223	2020-10-21	19914.542718535908	c(-324018.857266947, -338885.068617544, 4187126.21542534, 4200367.17323772)
3247	2020-10-21	60855.266190684444	c(-356317.903368986, -372314.901271612, 3662219.47021116, 3675353.77262901)
3217	2020-10-21	33672.47335075478	c(-359684.817767559, -343973.737865108, 3814991.70178079, 3801833.68282742)
3279	2020-10-21	51864.9776690789	c(-343973.737865108, -326171.869744008, 3801833.68282742, 3811971.43865125)
3311	2020-10-21	67152.19115050034	c(-326171.869744008, -324112.359936255, 3811971.43865125, 3835231.37035664)
3223	2020-10-21	32266.51425423495	c(-306834.404890986, -324018.857266947, 4197164.42366399, 4187126.21542534)
3285	2020-10-21	49748.94166763938	c(-291926.114409343, -306834.404890986, 4183990.1161736, 4197164.42366399)
3316	2020-10-21	49931.88984509412	c(-294146.281832797, -291926.114409343, 4160747.8025717, 4183990.1161736)
3247	2020-10-21	57876.12007251215	c(-338298.075099809, -356317.903368986, 3672387.75339547, 3662219.47021116)
3309	2020-10-21	38555.37812997849	c(-322266.769435824, -338298.075099809, 3659318.492316, 3672387.75339547)
3311	2020-10-21	67152.19115050034	c(-324112.359936255, -306390.67841114, 3835231.37035664, 3845390.66167986)
3316	2020-10-21	49931.88984509412	c(-279140.338306227, -294146.281832797, 4147610.22046551, 4160747.8025717)
3346	2020-10-21	50113.405370286826	c(-281299.178277805, -279140.338306227, 4124369.15581991, 4147610.22046551)
3346	2020-10-21	50113.405370286826	c(-266196.511158959, -281299.178277805, 4111268.36441107, 4124369.15581991)
3309	2020-10-21	38543.70147942376	c(-304294.899484449, -322266.769435824, 3669542.34347455, 3659318.492316)
3311	2020-10-21	84516.3019108759	c(-306390.67841114, -290696.767998319, 3845390.66167986, 3832325.65324688)
3309	2020-10-21	38944.97426298512	c(-302384.096583356, -304294.899484449, 3692800.06522718, 3669542.34347455)
3340	2020-10-21	33965.87887619219	c(-284489.963744523, -302384.096583356, 3703044.38875639, 3692800.06522718)
3311	2020-10-21	81926.38906968349	c(-290696.767998319, -292671.010713981, 3832325.65324688, 3809073.87189514)
3341	2020-10-21	61460.94718301491	c(-292671.010713981, -276886.96287441, 3809073.87189514, 3796046.72490218)
3346	2020-10-21	60107.10864878036	c(-248990.175074745, -266196.511158959, 4121437.97019417, 4111268.36441107)
3409	2020-10-21	80093.9111212157	c(-233846.363120947, -248990.175074745, 4108403.16143616, 4121437.97019417)
3340	2020-10-21	33883.92944138103	c(-282604.75420166, -284489.963744523, 3726296.34448237, 3703044.38875639)
3372	2020-10-21	20555.100482169637	c(-264788.943368599, -282604.75420166, 3736561.68695826, 3726296.34448237)
3341	2020-10-21	51926.84091332187	c(-276886.96287441, -278803.22747048, 3796046.72490218, 3772797.51514011)
3372	2020-10-21	33749.585102676436	c(-278803.22747048, -262929.993264706, 3772797.51514011, 3759808.18075832)
3372	2020-10-21	20555.100482169637	c(-262929.993264706, -264788.943368599, 3759808.18075832, 3736561.68695826)
3409	2020-10-21	88605.35669822214	c(-216689.312776136, -233846.363120947, 4118632.77395674, 4108403.16143616)
3473	2020-10-21	108178.4762448815	c(-201504.305602393, -216689.312776136, 4105663.66524338, 4118632.77395674)
3473	2020-10-21	107936.45861010143	c(-184396.259053296, -201504.305602393, 4115953.24626665, 4105663.66524338)
3540	2020-10-21	88382.3450997843	c(-169169.999823475, -184396.259053296, 4103049.56136123, 4115953.24626665)
3540	2020-10-21	79870.27701706135	c(-152110.679129581, -169169.999823475, 4113399.08076233, 4103049.56136123)
3540	2020-10-21	79870.27701706135	c(-150314.261367785, -152110.679129581, 4136617.97752868, 4113399.08076233)
3574	2020-10-21	79634.44520514504	c(-133340.393246581, -150314.261367785, 4146993.33650091, 4136617.97752868)
3642	2020-10-21	59745.93192311539	c(-118125.886523843, -133340.393246581, 4134183.93580371, 4146993.33650091)
3642	2020-10-21	56632.91315162341	c(-101200.504921495, -118125.886523843, 4144619.47994397, 4134183.93580371)
3712	2020-10-21	37750.8983407813	c(-85944.1148798438, -101200.504921495, 4131874.9282259, 4144619.47994397)
3712	2020-10-21	37745.45597158993	c(-69066.9601780054, -85944.1148798438, 4142370.64345159, 4131874.9282259)
3712	2020-10-21	38436.57064603094	c(-67484.0143279729, -69066.9601780054, 4165577.31373816, 4142370.64345159)
3748	2020-10-21	56514.862421562706	c(-50693.0095687022, -67484.0143279729, 4176099.80466567, 4165577.31373816)
3821	2020-10-21	37672.904307558856	c(-35446.7237441627, -50693.0095687022, 4163449.07305551, 4176099.80466567)
3821	2020-10-21	37668.25215518973	c(-18703.7534757678, -35446.7237441627, 4174031.98830985, 4163449.07305551)
3821	2020-10-21	38384.74689135196	c(-17245.7589974509, -18703.7534757678, 4197232.42853955, 4174031.98830985)
3858	2020-10-21	49270.61486887053	c(-589.631224111421, -17245.7589974509, 4207842.7553301, 4197232.42853955)
3858	2020-10-21	49270.61486887053	c(833.014490631584, -589.631224111421, 4231041.35264759, 4207842.7553301)
3895	2020-10-21	56306.59708885167	c(17401.6671567351, 833.014490631584, 4241679.45458396, 4231041.35264759)
3969	2020-10-21	37535.18212419064	c(32587.3170561007, 17401.6671567351, 4229151.91373879, 4241679.45458396)
3969	2020-10-21	37531.69145522419	c(49108.0058361565, 32587.3170561007, 4239850.93155783, 4229151.91373879)
3969	2020-10-21	38301.40697161353	c(50402.9385477761, 49108.0058361565, 4263044.75205629, 4239850.93155783)
4007	2020-10-21	48838.94320719095	c(66835.4190807676, 50402.9385477761, 4273772.12660328, 4263044.75205629)
4007	2020-10-21	48838.94320719095	c(68093.1850509338, 66835.4190807676, 4296964.76259271, 4273772.12660328)
4044	2020-10-21	48630.7717638874	c(84436.8105155001, 68093.1850509338, 4307720.82215502, 4296964.76259271)
4119	2020-10-21	31503.873528165008	c(99563.7074470526, 84436.8105155001, 4295316.76493884, 4307720.82215502)
4119	2020-10-21	19556.36522386951	c(115859.36360271, 99563.7074470526, 4306134.1997573, 4295316.76493884)
4119	2020-10-21	19556.36522386951	c(116986.622148078, 115859.36360271, 4329323.36409077, 4306134.1997573)
4157	2020-10-21	37334.37539030338	c(133192.650299403, 116986.622148078, 4340170.01013259, 4329323.36409077)
4157	2020-10-21	38189.845576195934	c(134280.926037221, 133192.650299403, 4363358.57363947, 4340170.01013259)
4195	2020-10-21	55895.94018725629	c(150396.66557542, 134280.926037221, 4374234.72326166, 4363358.57363947)
4264	2020-10-21	37263.63058866765	c(165466.539609499, 150396.66557542, 4361954.45117839, 4374234.72326166)
4264	2020-10-21	37262.26913208557	c(181534.229487423, 165466.539609499, 4372892.40150676, 4361954.45117839)
4264	2020-10-21	38147.8530843069	c(182489.172044348, 181534.229487423, 4396078.64864265, 4372892.40150676)
4299	2020-10-21	55787.86452188347	c(198465.761498406, 182489.172044348, 4407046.57218035, 4396078.64864265)
4299	2020-10-21	55787.86452188347	c(199379.907780817, 198465.761498406, 4430232.72638323, 4407046.57218035)
4333	2020-10-21	74328.29789991686	c(215264.722928122, 199379.907780817, 4441230.87892008, 4430232.72638323)
4399	2020-10-21	58056.272595079914	c(230279.152833115, 215264.722928122, 4429074.6995625, 4441230.87892008)
4399	2020-10-21	47759.53332677998	c(246115.764215735, 230279.152833115, 4440135.04245583, 4429074.6995625)
4399	2020-10-21	47759.53332677998	c(246893.722055494, 246115.764215735, 4463319.8838126, 4440135.04245583)
4433	2020-10-21	55586.26574449851	c(262637.709503038, 246893.722055494, 4474410.86747678, 4463319.8838126)
4499	2020-10-21	37058.955956330916	c(277648.326037249, 262637.709503038, 4462348.62309886, 4474410.86747678)
4499	2020-10-21	37058.955956330916	c(293344.073111778, 277648.326037249, 4473501.9908971, 4462348.62309886)
4499	2020-10-21	38040.425369130084	c(293984.152842564, 293344.073111778, 4496686.11417217, 4473501.9908971)
4532	2020-10-21	55481.793457385655	c(309586.39944695, 293984.152842564, 4507870.49937468, 4496686.11417217)
4532	2020-10-21	55481.793457385655	c(310182.68004659, 309586.39944695, 4531055.21582829, 4507870.49937468)
4565	2020-10-21	73921.04742436227	c(325690.729919146, 310182.68004659, 4542270.81293836, 4531055.21582829)
4631	2020-10-21	57519.346195277685	c(340648.403522939, 325690.729919146, 4530333.08722574, 4542270.81293836)
4631	2020-10-21	55379.0025091369	c(356107.939120899, 340648.403522939, 4541611.40262509, 4530333.08722574)
4631	2020-10-21	55379.0025091369	c(356563.433947065, 356107.939120899, 4564796.14919405, 4541611.40262509)
4664	2020-10-21	73784.26851181325	c(371927.86049764, 356563.433947065, 4576105.99300287, 4564796.14919405)
4664	2020-10-21	75920.305681569	c(372337.751250886, 371927.86049764, 4599291.63188768, 4576105.99300287)
4696	2020-10-21	76187.33844790955	c(387606.361036518, 372337.751250886, 4610633.16024806, 4599291.63188768)
4696	2020-10-21	76187.33844790955	c(387970.040872244, 387606.361036518, 4633819.76471277, 4610633.16024806)
4728	2020-10-21	91875.42961770289	c(403142.124213492, 387970.040872244, 4645193.11969906, 4633819.76471277)
4728	2020-10-21	91875.42961770289	c(403458.989122105, 403142.124213492, 4668380.75544202, 4645193.11969906)
4759	2020-10-21	101058.77988424801	c(418533.83448709, 403458.989122105, 4679786.0649886, 4668380.75544202)
4821	2020-10-21	82568.7518258307	c(433339.964555981, 418533.83448709, 4668034.9320413, 4679786.0649886)
4821	2020-10-21	75721.3927922084	c(448365.470722933, 433339.964555981, 4679503.46752188, 4668034.9320413)
4821	2020-10-21	75721.3927922084	c(448536.240515314, 448365.470722933, 4702691.99972476, 4679503.46752188)
4852	2020-10-21	91539.70304278698	c(463463.545001153, 448536.240515314, 4714192.69459314, 4702691.99972476)
4852	2020-10-21	91539.70304278698	c(463585.714369186, 463463.545001153, 4737382.42730993, 4714192.69459314)
4883	2020-10-21	110014.19800317982	c(478414.095716983, 463585.714369186, 4748915.37001078, 4737382.42730993)
4883	2020-10-21	110014.19800317982	c(478487.070071763, 478414.095716983, 4772106.33601239, 4748915.37001078)
4914	2020-10-21	127816.32301648728	c(493215.805441028, 478487.070071763, 4783671.60056763, 4772106.33601239)
4914	2020-10-21	127942.13305848329	c(493238.993366121, 493215.805441028, 4806863.82491693, 4783671.60056763)
4945	2020-10-21	147407.8414155835	c(507867.358664753, 493238.993366121, 4818461.470862, 4806863.82491693)
4945	2020-10-21	151163.27792245967	c(507840.171990883, 507867.358664753, 4841654.97089303, 4818461.470862)
4977	2020-10-21	172716.66996568217	c(522367.442011625, 507840.171990883, 4853285.0432157, 4841654.97089303)
5039	2020-10-21	164997.65740247848	c(536972.644363786, 522367.442011625, 4841752.75028141, 4853285.0432157)
5039	2020-10-21	164997.65740247848	c(551449.28197975, 536972.644363786, 4853446.41660267, 4841752.75028141)
5039	2020-10-21	174563.82407990802	c(551269.525036257, 551449.28197975, 4876641.24752055, 4853446.41660267)
5070	2020-10-21	197684.67102397612	c(565644.050478537, 551269.525036257, 4888367.40347228, 4876641.24752055)
5131	2020-10-21	197689.35250513945	c(580249.826090162, 565644.050478537, 4876929.87043584, 4888367.40347228)
5161	2020-10-21	174567.98218308075	c(580531.20910195, 580249.826090162, 4853734.95810094, 4876929.87043584)
5045	2020-10-21	149304.2143746132	c(547919.021053912, 548110.747004112, 5294292.00966203, 5271082.0475925)
5075	2020-10-21	143450.87517755575	c(548110.747004112, 561830.677666441, 5271082.0475925, 5259605.40337487)
5076	2020-10-21	135178.0265088441	c(561338.841624077, 547919.021053912, 5306025.15430335, 5294292.00966203)
5046	2020-10-21	148407.98359019944	c(547340.003425246, 547533.646745292, 5363926.92174607, 5340714.44733128)
5076	2020-10-21	134642.4575974986	c(547533.646745292, 561091.690012281, 5340714.44733128, 5329236.27647433)
5161	2020-10-21	162355.20504262013	c(595237.846735069, 580531.20910195, 4842329.74654192, 4853734.95810094)
5075	2020-10-21	143450.87517755575	c(561830.677666441, 562075.355668725, 5259605.40337487, 5236396.77565967)
5105	2020-10-21	144224.5801789844	c(562075.355668725, 575902.456406487, 5236396.77565967, 5224952.6427999)
5166	2020-10-21	127617.32327133566	c(575902.456406487, 589431.656615643, 5224952.6427999, 5236748.15294833)
5076	2020-10-21	134642.4575974986	c(561091.690012281, 561338.841624077, 5329236.27647433, 5306025.15430335)
5161	2020-10-21	162355.20504262013	c(609613.272357127, 595237.846735069, 4854150.69230467, 4842329.74654192)
5222	2020-10-21	162368.29726888196	c(624370.683316269, 609613.272357127, 4842809.01284865, 4854150.69230467)
5166	2020-10-21	118701.19410975413	c(589431.656615643, 603312.423363641, 5236748.15294833, 5225367.59600903)
5227	2020-10-21	101648.02862172789	c(603312.423363641, 616787.678671558, 5225367.59600903, 5237226.4583397)
5222	2020-10-21	162368.29726888196	c(638695.520347062, 624370.683316269, 4854693.65464799, 4842809.01284865)
5283	2020-10-21	162384.86378675335	c(653503.747232648, 638695.520347062, 4843415.50905352, 4854693.65464799)
5314	2020-10-21	139184.6179132702	c(654036.245720163, 653503.747232648, 4820221.37405943, 4843415.50905352)
5227	2020-10-21	94179.6915485227	c(616787.678671558, 630722.0828494, 5237226.4583397, 5225909.52876325)
5288	2020-10-21	76591.72352609133	c(630722.0828494, 644143.335789693, 5225909.52876325, 5237831.72565427)
5314	2020-10-21	128442.09264820945	c(668944.148784604, 654036.245720163, 4808975.36988247, 4820221.37405943)
5288	2020-10-21	71698.11264497304	c(644143.335789693, 658131.352355125, 5237831.72565427, 5226578.47961733)
5351	2020-10-21	53744.74247315669	c(658131.352355125, 671498.541337053, 5226578.47961733, 5238563.99768377)
5314	2020-10-21	128442.09264820945	c(683270.754182437, 668944.148784604, 4820954.88958135, 4808975.36988247)
5377	2020-10-21	127704.78449203084	c(698229.292104326, 683270.754182437, 4809772.3689568, 4820954.88958135)
5377	2020-10-21	127672.28359402588	c(712505.648040958, 698229.292104326, 4821815.7058335, 4809772.3689568)
5438	2020-10-21	110009.9757404129	c(727514.880154736, 712505.648040958, 4810696.6802785, 4821815.7058335)
5438	2020-10-21	109623.65974905538	c(741740.986543545, 727514.880154736, 4822803.89730522, 4810696.6802785)
5497	2020-10-21	91230.09983461561	c(756800.976082321, 741740.986543545, 4811748.3842352, 4822803.89730522)
5497	2020-10-21	91125.4455368783	c(770976.827948887, 756800.976082321, 4823919.54949992, 4811748.3842352)
5555	2020-10-21	72938.95667355922	c(786087.641977419, 770976.827948887, 4812927.57228494, 4823919.54949992)
5555	2020-10-21	72938.95667355922	c(800213.229389136, 786087.641977419, 4825162.75893904, 4812927.57228494)
5616	2020-10-21	59891.920003623876	c(815374.938736748, 800213.229389136, 4814234.34696061, 4825162.75893904)
5616	2020-10-21	59891.920003623876	c(829450.246731986, 815374.938736748, 4826533.63316653, 4814234.34696061)
5674	2020-10-21	59899.05802707681	c(844662.925925418, 829450.246731986, 4815668.82187487, 4826533.63316653)
5674	2020-10-21	59899.05802707681	c(858687.934442194, 844662.925925418, 4828032.29075382, 4815668.82187487)
5732	2020-10-21	59914.37117560088	c(873951.661638301, 858687.934442194, 4817231.12172557, 4828032.29075382)
5732	2020-10-21	59914.37117560088	c(887926.345442434, 873951.661638301, 4829658.86130517, 4817231.12172557)
5789	2020-10-21	59930.960623445324	c(903241.202360749, 887926.345442434, 4818921.3823017, 4829658.86130517)
5789	2020-10-21	59930.960623445324	c(917165.530973472, 903241.202360749, 4831413.48546355, 4818921.3823017)
5844	2020-10-21	59948.82686427979	c(932531.60282856, 917165.530973472, 4820739.75048973, 4831413.48546355)
5961	2020-10-21	18124.977332991963	c(992701.331912186, 994595.136352972, 5174948.79399938, 5151751.40683302)
5984	2020-10-21	18189.67815808365	c(994595.136352972, 1009480.64249403, 5151751.40683302, 5141302.90710346)
5984	2020-10-21	18189.67815808365	c(1009480.64249403, 1011418.05048626, 5141302.90710346, 5118105.56592498)
6008	2020-10-21	0	c(1011418.05048626, 1026405.1913219, 5118105.56592498, 5107689.80783971)
6008	2020-10-21	0	c(1026405.1913219, 1028385.63660953, 5107689.80783971, 5084492.33996931)
1372	2020-10-22	18232.66973321006	c(-1059901.30886367, -1053291.31554149, 5558984.33201196, 5581959.48929616)
1373	2020-10-22	18162.206030884172	c(-1040016.43209495, -1033351.74537515, 5627878.10172332, 5650821.59817695)
1398	2020-10-22	18434.142406776285	c(-1075843.29308027, -1069377.25486936, 5451641.6699749, 5474668.83085584)
1372	2020-10-22	18303.083765157407	c(-1049867.49720548, -1059901.30886367, 5543687.61122311, 5558984.33201196)
1399	2020-10-22	18364.083499962908	c(-1056389.25620345, -1049867.49720548, 5520691.78367556, 5543687.61122311)
1372	2020-10-22	18232.66973321006	c(-1053291.31554149, -1036768.96328473, 5581959.48929616, 5589648.06146561)
1373	2020-10-22	18162.206030884172	c(-1030192.38961903, -1040016.43209495, 5612612.72283877, 5627878.10172332)
1400	2020-10-22	27376.2519715565	c(-1036768.96328473, -1030192.38961903, 5589648.06146561, 5612612.72283877)
1398	2020-10-22	18504.130291656234	c(-1065463.50458467, -1075843.29308027, 5436334.51413219, 5451641.6699749)
1425	2020-10-22	28254.657190090606	c(-1071841.43033469, -1065463.50458467, 5413287.81309844, 5436334.51413219)
1398	2020-10-22	18434.142406776285	c(-1069377.25486936, -1052651.63561812, 5474668.83085584, 5482397.05927676)
1399	2020-10-22	18364.083499962908	c(-1046217.89161167, -1056389.25620345, 5505412.93645565, 5520691.78367556)
1426	2020-10-22	27900.038923758428	c(-1052651.63561812, -1046217.89161167, 5482397.05927676, 5505412.93645565)
1451	2020-10-22	18762.63987970725	c(-1086372.47956063, -1080139.20835756, 5305677.44661048, 5328773.51022902)
1425	2020-10-22	28372.118435700337	c(-1061325.62185994, -1071841.43033469, 5398000.78863136, 5413287.81309844)
1452	2020-10-22	44238.94454043813	c(-1067615.68102579, -1061325.62185994, 5374935.16746883, 5398000.78863136)
1451	2020-10-22	18762.63987970725	c(-1075515.31667587, -1086372.47956063, 5290387.49046951, 5305677.44661048)
1478	2020-10-22	28924.160562472436	c(-1081660.92080144, -1075515.31667587, 5267273.6482578, 5290387.49046951)
1451	2020-10-22	28765.881073263336	c(-1080139.20835756, -1063167.0670435, 5328773.51022902, 5336585.23268459)
1452	2020-10-22	44493.57626276961	c(-1056964.6161234, -1067615.68102579, 5359669.15785153, 5374935.16746883)
1479	2020-10-22	44723.40168149809	c(-1063167.0670435, -1056964.6161234, 5336585.23268459, 5359669.15785153)
1478	2020-10-22	29039.31956134462	c(-1070670.16389242, -1081660.92080144, 5252006.88681143, 5267273.6482578)
1506	2020-10-22	45202.36987261716	c(-1076728.38585695, -1070670.16389242, 5228875.87980642, 5252006.88681143)
1506	2020-10-22	45452.31394817989	c(-1065604.84820998, -1076728.38585695, 5213633.14889547, 5228875.87980642)
1533	2020-10-22	45676.11859624356	c(-1071575.9852045, -1065604.84820998, 5190485.58619926, 5213633.14889547)
1533	2020-10-22	45676.11859624356	c(-1060320.49287261, -1071575.9852045, 5175267.7047167, 5190485.58619926)
1561	2020-10-22	38797.08262531794	c(-1066204.85425476, -1060320.49287261, 5152104.19049547, 5175267.7047167)
1561	2020-10-22	37190.412896051756	c(-1054818.24572165, -1066204.85425476, 5136911.96016358, 5152104.19049547)
1561	2020-10-22	37190.412896051756	c(-1037618.59575369, -1054818.24572165, 5144927.26697723, 5136911.96016358)
1617	2020-10-22	55754.240581454935	c(-1026172.77223442, -1037618.59575369, 5129804.98422198, 5144927.26697723)
1644	2020-10-22	46068.61230636298	c(-1031855.68473997, -1026172.77223442, 5106623.92442575, 5129804.98422198)
1644	2020-10-22	46068.61230636298	c(-1020280.31547201, -1031855.68473997, 5091528.37833971, 5106623.92442575)
1644	2020-10-22	57233.14792189943	c(-1003092.82498783, -1020280.31547201, 5099656.94678758, 5091528.37833971)
1701	2020-10-22	74518.85030000856	c(-991459.279593192, -1003092.82498783, 5084631.44335866, 5099656.94678758)
1729	2020-10-22	55899.62836123642	c(-996942.853278285, -991459.279593192, 5061434.85022896, 5084631.44335866)
1729	2020-10-22	55899.62836123642	c(-985181.340123296, -996942.853278285, 5046437.10535892, 5061434.85022896)
1757	2020-10-22	38773.264587558355	c(-990580.48154357, -985181.340123296, 5023227.57984957, 5046437.10535892)
1757	2020-10-22	37312.54680574718	c(-978691.876987286, -990580.48154357, 5008258.30644364, 5023227.57984957)
1757	2020-10-22	37312.54680574718	c(-961474.194189691, -978691.876987286, 5016540.21949711, 5008258.30644364)
1814	2020-10-22	55939.646624978355	c(-949529.137074861, -961474.194189691, 5001641.29383943, 5016540.21949711)
1842	2020-10-22	38751.653995332446	c(-954732.141978139, -949529.137074861, 4978419.30043548, 5001641.29383943)
1842	2020-10-22	37337.719636949725	c(-942661.587891742, -954732.141978139, 4963549.76917883, 4978419.30043548)
1842	2020-10-22	37337.719636949725	c(-925457.487928597, -942661.587891742, 4971942.98847569, 4963549.76917883)
1899	2020-10-22	55978.28819869017	c(-913331.46678371, -925457.487928597, 4957143.80264653, 4971942.98847569)
1927	2020-10-22	38730.42709590385	c(-918340.541134856, -913331.46678371, 4933911.12675039, 4957143.80264653)
1927	2020-10-22	37362.06163133782	c(-906090.619611635, -918340.541134856, 4919142.19559518, 4933911.12675039)
1927	2020-10-22	37362.06163133782	c(-888900.451974984, -906090.619611635, 4927645.82292656, 4919142.19559518)
1984	2020-10-22	56015.685853708754	c(-876596.023777394, -888900.451974984, 4912947.20183576, 4927645.82292656)
2012	2020-10-22	38709.64727558336	c(-881413.401013336, -876596.023777394, 4889705.53715834, 4912947.20183576)
2012	2020-10-22	37385.6609078496	c(-868986.669237693, -881413.401013336, 4875037.96895817, 4889705.53715834)
2040	2020-10-22	19288.214602892538	c(-873723.299103808, -868986.669237693, 4851787.17348626, 4875037.96895817)
2040	2020-10-22	23720.928816473195	c(-843958.366092308, -861175.177888916, 4845804.72651815, 4837151.24575756)
2097	2020-10-22	37408.6051296543	c(-831357.35357326, -843958.366092308, 4831239.19083252, 4845804.72651815)
2125	2020-10-22	19323.440672698565	c(-835905.698617168, -831357.35357326, 4807981.99908503, 4831239.19083252)
2125	2020-10-22	19323.440672698565	c(-823184.898580596, -835905.698617168, 4793448.80517153, 4807981.99908503)
2210	2020-10-22	19358.631704383875	c(-784681.579364714, -797572.563650275, 4750055.62128432, 4764485.5637225)
2210	2020-10-22	23660.013113839686	c(-767494.75348845, -784681.579364714, 4758924.83701633, 4750055.62128432)
2295	2020-10-22	19393.819297670336	c(-758731.343896168, -754552.64422429, 4721299.33122861, 4744565.01123013)
2378	2020-10-22	19429.035216254255	c(-706165.37342335, -719389.383032097, 4664202.26194689, 4678424.50129483)
2406	2020-10-22	19481.734461219843	c(-710087.247304221, -706165.37342335, 4640929.27987766, 4664202.26194689)
2406	2020-10-22	19481.734461219843	c(-696749.161803621, -710087.247304221, 4626741.55516149, 4640929.27987766)
2406	2020-10-22	31015.422441293	c(-679553.911874113, -696749.161803621, 4635862.01550568, 4626741.55516149)
2462	2020-10-22	47949.05867616799	c(-666166.985235286, -679553.911874113, 4621744.05638241, 4635862.01550568)
2489	2020-10-22	38648.482772093696	c(-669911.126377623, -666166.985235286, 4598470.78065955, 4621744.05638241)
2489	2020-10-22	37601.50386275314	c(-656411.699240883, -669911.126377623, 4584387.76614649, 4598470.78065955)
2489	2020-10-22	37601.50386275314	c(-639232.041900023, -656411.699240883, 4593612.56345706, 4584387.76614649)
2546	2020-10-22	56381.10516047141	c(-625684.541137034, -639232.041900023, 4579599.05949363, 4593612.56345706)
2546	2020-10-22	58619.96402432584	c(-608558.707363254, -625684.541137034, 4588888.82327578, 4579599.05949363)
2603	2020-10-22	75167.42114368945	c(-594963.263033329, -608558.707363254, 4574944.55954612, 4588888.82327578)
2632	2020-10-22	56410.242570994924	c(-598430.759135424, -594963.263033329, 4551676.5889402, 4574944.55954612)
2632	2020-10-22	56410.242570994924	c(-584724.984039985, -598430.759135424, 4537767.63451952, 4551676.5889402)
2632	2020-10-22	58725.288860212204	c(-567614.319779367, -584724.984039985, 4547160.2941976, 4537767.63451952)
2691	2020-10-22	75206.43204684892	c(-553861.320045981, -567614.319779367, 4533320.29967709, 4547160.2941976)
2720	2020-10-22	56439.33205915531	c(-557156.918396508, -553861.320045981, 4510054.2961711, 4533320.29967709)
2720	2020-10-22	56439.33205915531	c(-543295.123805141, -557156.918396508, 4496249.90720705, 4510054.2961711)
2720	2020-10-22	58831.098600194375	c(-526199.499606632, -543295.123805141, 4505744.583351, 4496249.90720705)
2781	2020-10-22	78386.1989962558	c(-512291.167814967, -526199.499606632, 4492008.85168039, 4505744.583351)
2812	2020-10-22	77186.59501004234	c(-515417.237882496, -512291.167814967, 4468745.65604616, 4492008.85168039)
2831	2020-10-22	53440.40057918216	c(-605413.551396753, -602856.903059475, 3592511.55751191, 3615869.1492618)
2812	2020-10-22	75343.08232948242	c(-501401.63195035, -515417.237882496, 4455045.77207142, 4468745.65604616)
2843	2020-10-22	56541.48178656334	c(-504458.602445351, -501401.63195035, 4431781.02267891, 4455045.77207142)
2831	2020-10-22	62891.55791584522	c(-602856.903059475, -584385.611109219, 3615869.1492618, 3625669.87241634)
2843	2020-10-22	56541.48178656334	c(-490336.663617453, -504458.602445351, 4418117.2464334, 4431781.02267891)
2893	2020-10-22	88231.40041803394	c(-562082.146639881, -578254.998633909, 3505297.79449435, 3518758.64099902)
2925	2020-10-22	104968.86742413745	c(-564451.595707882, -562082.146639881, 3481949.42232029, 3505297.79449435)
2831	2020-10-22	83801.79051584512	c(-584385.611109219, -568444.941793131, 3625669.87241634, 3612151.77063443)
2894	2020-10-22	93633.48615479308	c(-568444.941793131, -550024.352285614, 3612151.77063443, 3622007.44846447)
2927	2020-10-22	113457.56781818275	c(-550024.352285614, -547570.931689727, 3622007.44846447, 3645342.88748834)
2843	2020-10-22	59089.84248356172	c(-473218.294109755, -490336.663617453, 4427750.41240558, 4418117.2464334)
2906	2020-10-22	78732.38088933351	c(-459051.036696428, -473218.294109755, 4414154.89865808, 4427750.41240558)
2938	2020-10-22	78934.4398788516	c(-461942.165865135, -459051.036696428, 4390894.2703911, 4414154.89865808)
2925	2020-10-22	105204.42980642634	c(-548192.646783874, -564451.595707882, 3468530.12463142, 3481949.42232029)
2956	2020-10-22	123340.95268356553	c(-550501.075531471, -548192.646783874, 3445185.24007776, 3468530.12463142)
2927	2020-10-22	113457.56781818275	c(-547570.931689727, -529227.501405617, 3645342.88748834, 3655215.48606658)
2959	2020-10-22	96756.86528684397	c(-529227.501405617, -526795.164185283, 3655215.48606658, 3678541.8384983)
2938	2020-10-22	78934.4398788516	c(-447670.077482263, -461942.165865135, 4377335.02094873, 4390894.2703911)
2969	2020-10-22	79135.11815216861	c(-450494.003451827, -447670.077482263, 4354073.68117898, 4377335.02094873)
2956	2020-10-22	127870.22054025039	c(-534157.06110929, -550501.075531471, 3431807.42421879, 3445185.24007776)
2959	2020-10-22	96733.8251135918	c(-526795.164185283, -508529.421571838, 3678541.8384983, 3688431.98092503)
2969	2020-10-22	79135.11815216861	c(-436118.025109716, -450494.003451827, 4340550.90601768, 4354073.68117898)
3001	2020-10-22	77257.80724712668	c(-438875.33320031, -436118.025109716, 4317289.12978292, 4340550.90601768)
3001	2020-10-22	75656.58717895359	c(-424396.407787271, -438875.33320031, 4303803.02133128, 4317289.12978292)
3033	2020-10-22	56775.92393576005	c(-427087.689353058, -424396.407787271, 4280541.07491414, 4303803.02133128)
2956	2020-10-22	147866.19041757242	c(-515559.557607424, -534157.06110929, 3441799.00740275, 3431807.42421879)
3021	2020-10-22	126764.43205600107	c(-499185.833387798, -515559.557607424, 3428486.88678447, 3441799.00740275)
2959	2020-10-22	98102.99582819796	c(-508529.421571838, -492668.37112315, 3688431.98092503, 3675033.62433392)
3024	2020-10-22	118503.3786339746	c(-492668.37112315, -474452.643066326, 3675033.62433392, 3684979.46457001)
3057	2020-10-22	112577.57048698456	c(-474452.643066326, -472126.083503579, 3684979.46457001, 3708286.21003769)
3033	2020-10-22	56775.92393576005	c(-412506.761382134, -427087.689353058, 4267091.80810895, 4280541.07491414)
3065	2020-10-22	49668.39269360134	c(-415132.613659224, -412506.761382134, 4243829.94900035, 4267091.80810895)
3057	2020-10-22	112577.57048698456	c(-472126.083503579, -453988.466881954, 3708286.21003769, 3718250.59085968)
3090	2020-10-22	112187.59121169144	c(-453988.466881954, -451684.843292636, 3718250.59085968, 3741549.4347498)
3065	2020-10-22	49668.39269360134	c(-400450.6290195, -415132.613659224, 4230417.68134826, 4243829.94900035)
3097	2020-10-22	49852.19415283589	c(-403011.654974856, -400450.6290195, 4207156.15821566, 4230417.68134826)
3021	2020-10-22	115206.49830580375	c(-480637.371199738, -499185.833387798, 3438531.09039713, 3428486.88678447)
3086	2020-10-22	94515.33386535008	c(-464233.766173034, -480637.371199738, 3425284.21529995, 3438531.09039713)
3090	2020-10-22	112187.59121169144	c(-451684.843292636, -433625.880896142, 3741549.4347498, 3751532.94729393)
3123	2020-10-22	111796.85737621819	c(-433625.880896142, -431345.858899104, 3751532.94729393, 3774824.23739924)
3097	2020-10-22	49852.19415283589	c(-388229.560687514, -403011.654974856, 4193781.02986062, 4207156.15821566)
3123	2020-10-22	111796.85737621819	c(-431345.858899104, -413366.096517904, 3774824.23739924, 3784827.46119225)
3155	2020-10-22	111405.36162328967	c(-413366.096517904, -411110.339169672, 3784827.46119225, 3808111.53974781)
3156	2020-10-22	81611.13343635623	c(-406562.67735517, -404270.837436784, 3854674.98425375, 3877954.34199621)
3086	2020-10-22	84315.02858592811	c(-445733.866894901, -464233.766173034, 3435381.02935723, 3425284.21529995)
3155	2020-10-22	111405.36162328967	c(-411110.339169672, -393210.325649376, 3808111.53974781, 3818135.04264727)
3156	2020-10-22	90902.41788095901	c(-390979.493488524, -406562.67735517, 3841412.24625059, 3854674.98425375)
3187	2020-10-22	111013.09662148524	c(-393210.325649376, -390979.493488524, 3818135.04264727, 3841412.24625059)
3156	2020-10-22	81611.13343635623	c(-404270.837436784, -386482.482679193, 3877954.34199621, 3887962.18488647)
3188	2020-10-22	81367.07694469245	c(-386482.482679193, -384216.367587062, 3887962.18488647, 3911234.91239801)
3097	2020-10-22	59938.124558000134	c(-370944.055421195, -388229.560687514, 4203697.62722409, 4193781.02986062)
3161	2020-10-22	79866.01737124879	c(-356119.907206169, -370944.055421195, 4190389.73115508, 4203697.62722409)
3192	2020-10-22	80060.15119522788	c(-358524.2341718, -356119.907206169, 4167135.21289919, 4190389.73115508)
3086	2020-10-22	84315.02858592811	c(-443662.763495435, -445733.866894901, 3458688.09381199, 3435381.02935723)
3119	2020-10-22	84090.65878499056	c(-425236.588456713, -443662.763495435, 3468801.23340519, 3458688.09381199)
3188	2020-10-22	81367.07694469245	c(-384216.367587062, -366509.483078881, 3911234.91239801, 3921264.33578076)
3219	2020-10-22	83844.56759614681	c(-366509.483078881, -364269.745761629, 3921264.33578076, 3944530.76124404)
3192	2020-10-22	80060.15119522788	c(-343601.437742125, -358524.2341718, 4153864.40388452, 4167135.21289919)
3222	2020-10-22	82196.55273403268	c(-345942.923718377, -343601.437742125, 4130610.8513057, 4153864.40388452)
3119	2020-10-22	84090.65878499056	c(-423186.347725301, -425236.588456713, 3492100.24908517, 3468801.23340519)
3151	2020-10-22	83865.95830326332	c(-404834.461892711, -423186.347725301, 3502230.34050064, 3492100.24908517)
3219	2020-10-22	83844.56759614681	c(-364269.745761629, -346644.884437327, 3944530.76124404, 3954582.29465488)
3251	2020-10-22	99283.96851487516	c(-346644.884437327, -344432.175436547, 3954582.29465488, 3977842.74034064)
3252	2020-10-22	98489.28982177789	c(-339973.275017722, -337727.146018182, 4024359.61552751, 4047616.03922026)
3222	2020-10-22	82196.55273403268	c(-330922.421327708, -345942.923718377, 4117377.22139395, 4130610.8513057)
3253	2020-10-22	97682.95340056998	c(-333201.687542314, -330922.421327708, 4094124.84483632, 4117377.22139395)
3151	2020-10-22	83865.95830326332	c(-402805.767221963, -404834.461892711, 3525521.64941858, 3502230.34050064)
3183	2020-10-22	83640.92390977716	c(-384528.738217767, -402805.767221963, 3535669.30776381, 3525521.64941858)
3251	2020-10-22	99283.96851487516	c(-344432.175436547, -326889.893497795, 3977842.74034064, 3987916.90135423)
3252	2020-10-22	98753.73775955754	c(-324704.860981536, -339973.275017722, 4011171.68354744, 4024359.61552751)
3282	2020-10-22	115863.18203824476	c(-326889.893497795, -324704.860981536, 3987916.90135423, 4011171.68354744)
3252	2020-10-22	98489.28982177789	c(-337727.146018182, -320302.094392728, 4047616.03922026, 4057677.47004159)
3253	2020-10-22	97951.24211316103	c(-318084.421718641, -333201.687542314, 4080928.46909374, 4094124.84483632)
3283	2020-10-22	114933.34081694842	c(-320302.094392728, -318084.421718641, 4057677.47004159, 4080928.46909374)
3183	2020-10-22	83640.92390977716	c(-382522.270400102, -384528.738217767, 3558953.2467762, 3535669.30776381)
3214	2020-10-22	83415.55235974195	c(-364320.668573676, -382522.270400102, 3569119.07591159, 3558953.2467762)
3214	2020-10-22	83415.55235974195	c(-362337.105848197, -364320.668573676, 3592395.97662998, 3569119.07591159)
3246	2020-10-22	96649.75768566373	c(-344211.504342864, -362337.105848197, 3602580.56909989, 3592395.97662998)
3308	2020-10-22	77307.51280495881	c(-328041.131196991, -344211.504342864, 3589523.95044445, 3602580.56909989)
3308	2020-10-22	77291.47556169122	c(-309963.20054249, -328041.131196991, 3599763.31013846, 3589523.95044445)
3308	2020-10-22	78009.60286571576	c(-308084.477802944, -309963.20054249, 3623023.96289038, 3599763.31013846)
3339	2020-10-22	82909.85847602643	c(-290083.064366827, -308084.477802944, 3633283.072068, 3623023.96289038)
3402	2020-10-22	62197.35337500654	c(-273931.045499164, -290083.064366827, 3620316.65212313, 3633283.072068)
3402	2020-10-22	52609.89218891364	c(-255976.840359892, -273931.045499164, 3630630.94229113, 3620316.65212313)
3402	2020-10-22	52609.89218891364	c(-254204.484106078, -255976.840359892, 3653876.87658649, 3630630.94229113)
3435	2020-10-22	52417.65650112842	c(-236327.343224357, -254204.484106078, 3664211.87332774, 3653876.87658649)
3403	2020-10-22	82460.08748714584	c(-248827.472400484, -250629.775532944, 3723610.10016875, 3700366.45782893)
3435	2020-10-22	61860.9606079433	c(-250629.775532944, -234581.015776976, 3700366.45782893, 3687452.53755366)
3436	2020-10-22	82234.63788027957	c(-231059.145666971, -248827.472400484, 3733931.77644755, 3723610.10016875)
3435	2020-10-22	52417.65650112842	c(-234581.015776976, -236327.343224357, 3687452.53755366, 3664211.87332774)
3436	2020-10-22	82234.63788027957	c(-229283.65129565, -231059.145666971, 3757170.34704405, 3733931.77644755)
3468	2020-10-22	82008.80799520433	c(-211594.208564452, -229283.65129565, 3767513.94650781, 3757170.34704405)
3468	2020-10-22	82008.80799520433	c(-209846.186892145, -211594.208564452, 3790747.73496806, 3767513.94650781)
3502	2020-10-22	81782.59473797414	c(-192236.227520479, -209846.186892145, 3801113.77180509, 3790747.73496806)
3469	2020-10-22	110742.27778024241	c(-204545.720172602, -206321.918631682, 3860445.27622899, 3837213.40150634)
3502	2020-10-22	90758.3033221639	c(-206321.918631682, -190516.3402184, 3837213.40150634, 3824343.06186175)
3503	2020-10-22	99821.06797875435	c(-187049.107989182, -204545.720172602, 3870799.92572083, 3860445.27622899)
3502	2020-10-22	81782.59473797414	c(-190516.3402184, -192236.227520479, 3824343.06186175, 3801113.77180509)
3503	2020-10-22	99567.99947908097	c(-185301.810262762, -187049.107989182, 3894027.49662215, 3870799.92572083)
3537	2020-10-22	83721.83797874111	c(-167886.491108243, -185301.810262762, 3904405.72139683, 3894027.49662215)
3537	2020-10-22	83721.83797874111	c(-166168.748798043, -167886.491108243, 3927629.26303854, 3904405.72139683)
3571	2020-10-22	80913.29647652383	c(-148835.326390739, -166168.748798043, 3938031.53853483, 3927629.26303854)
3571	2020-10-22	80913.29647652383	c(-147147.791961523, -148835.326390739, 3961251.31934142, 3938031.53853483)
3605	2020-10-22	80683.63245584648	c(-129896.873236096, -147147.791961523, 3971678.10887972, 3961251.31934142)
3605	2020-10-22	80683.63245584648	c(-128240.196947467, -129896.873236096, 3994894.39106498, 3971678.10887972)
3640	2020-10-22	80453.59168916146	c(-111072.392064669, -128240.196947467, 4005346.14577113, 3994894.39106498)
3640	2020-10-22	80453.59168916146	c(-109447.221981874, -111072.392064669, 4028559.18526602, 4005346.14577113)
3675	2020-10-22	80223.17162937972	c(-92363.1443335036, -109447.221981874, 4039036.34399482, 4028559.18526602)
3675	2020-10-22	80223.17162937972	c(-90770.1263354056, -92363.1443335036, 4062246.39037671, 4039036.34399482)
3711	2020-10-22	79992.36984370911	c(-73770.3925444288, -90770.1263354056, 4072749.37963513, 4062246.39037671)
3711	2020-10-22	79992.36984370911	c(-72210.1703286386, -73770.3925444288, 4095956.67605831, 4072749.37963513)
3747	2020-10-22	79761.18402239407	c(-55295.4002445163, -72210.1703286386, 4106485.90992846, 4095956.67605831)
3820	2020-10-22	59841.588148780684	c(-39903.4381560852, -55295.4002445163, 4093841.28596772, 4106485.90992846)
3820	2020-10-22	49867.49792427199	c(-23036.3230701276, -39903.4381560852, 4104430.41747485, 4093841.28596772)
3820	2020-10-22	49867.49792427199	c(-21599.0547726224, -23036.3230701276, 4127630.98276713, 4104430.41747485)
3857	2020-10-22	56560.56583652719	c(-4817.59149742156, -21599.0547726224, 4138247.029187, 4127630.98276713)
3931	2020-10-22	37703.52375994455	c(10564.9017687391, -4817.59149742156, 4125695.56400474, 4138247.029187)
3931	2020-10-22	37699.188292042374	c(27298.8921643967, 10564.9017687391, 4136371.78601419, 4125695.56400474)
3931	2020-10-22	38389.694097243846	c(28611.6185904423, 27298.8921643967, 4159566.65128428, 4136371.78601419)
3968	2020-10-22	49441.114221684795	c(45259.2395085162, 28611.6185904423, 4170270.42686644, 4159566.65128428)
3968	2020-10-22	49441.114221684795	c(46536.1393326586, 45259.2395085162, 4193463.76930927, 4170270.42686644)
4006	2020-10-22	56359.33445335624	c(63096.7451480799, 46536.1393326586, 4204195.45584276, 4193463.76930927)
4080	2020-10-22	37570.478842917306	c(78420.181235509, 63096.7451480799, 4191766.39722099, 4204195.45584276)
4080	2020-10-22	37567.2944292278	c(94933.3624795711, 78420.181235509, 4202558.78413559, 4191766.39722099)
4080	2020-10-22	38309.57952166444	c(96082.9051210197, 94933.3624795711, 4225747.83943302, 4202558.78413559)
4118	2020-10-22	49016.00088216343	c(112508.31328256, 96082.9051210197, 4236568.7213863, 4225747.83943302)
4118	2020-10-22	49016.00088216343	c(113620.194472036, 112508.31328256, 4259756.87900704, 4236568.7213863)
4156	2020-10-22	56160.18123849325	c(129957.169882087, 113620.194472036, 4270606.57792813, 4259756.87900704)
4156	2020-10-22	56160.18123849325	c(131030.758048398, 129957.169882087, 4293794.01291339, 4270606.57792813)
4194	2020-10-22	74824.01712938996	c(147278.638086331, 131030.758048398, 4304672.83766491, 4293794.01291339)
4263	2020-10-22	58747.89749742352	c(162494.603970424, 147278.638086331, 4292396.34403666, 4304672.83766491)
4263	2020-10-22	48591.82807362812	c(178694.896867633, 162494.603970424, 4303336.58059166, 4292396.34403666)
4263	2020-10-22	48591.82807362812	c(179637.079505586, 178694.896867633, 4326521.36824819, 4303336.58059166)
4298	2020-10-22	55962.609007386796	c(195747.468846089, 179637.079505586, 4337491.23596274, 4326521.36824819)
4365	2020-10-22	37308.19169127661	c(210958.203296805, 195747.468846089, 4325308.17360283, 4337491.23596274)
4365	2020-10-22	37307.119337668846	c(227021.037784072, 210958.203296805, 4336339.69095186, 4325308.17360283)
4365	2020-10-22	38162.20969722592	c(227830.138181764, 227021.037784072, 4359522.57026711, 4336339.69095186)
4398	2020-10-22	55858.929477068086	c(243802.232964761, 227830.138181764, 4370584.19013715, 4359522.57026711)
4464	2020-10-22	37239.749634614884	c(259008.605243244, 243802.232964761, 4358494.55872873, 4370584.19013715)
4464	2020-10-22	37239.319711815	c(274933.146044038, 259008.605243244, 4369618.06131564, 4358494.55872873)
4464	2020-10-22	38124.60260180379	c(275607.463402758, 274933.146044038, 4392799.70750825, 4369618.06131564)
4498	2020-10-22	55757.23144027033	c(291440.400817502, 275607.463402758, 4403953.74942256, 4392799.70750825)
4498	2020-10-22	55757.23144027033	c(292072.188837996, 291440.400817502, 4427135.8094196, 4403953.74942256)
4531	2020-10-22	74288.95068006765	c(307812.826433846, 292072.188837996, 4438320.61600115, 4427135.8094196)
4597	2020-10-22	60003.67863403953	c(322966.408295691, 307812.826433846, 4426354.74939728, 4438320.61600115)
4597	2020-10-22	60003.67863403953	c(338659.26724109, 322966.408295691, 4437601.8427304, 4426354.74939728)
4597	2020-10-22	69556.10595993629	c(339153.339652652, 338659.26724109, 4460783.53084354, 4437601.8427304)
4630	2020-10-22	92667.76404973035	c(354752.998259188, 339153.339652652, 4472061.76642373, 4460783.53084354)
4694	2020-10-22	74149.1305425969	c(369904.151802379, 354752.998259188, 4460189.54257488, 4472061.76642373)
4694	2020-10-22	74149.1305425969	c(385455.953580431, 369904.151802379, 4471530.27493597, 4460189.54257488)
4694	2020-10-22	76079.73841632478	c(385810.561122173, 385455.953580431, 4494712.10032596, 4471530.27493597)
4726	2020-10-22	92506.15242322581	c(401268.235759026, 385810.561122173, 4506084.31639981, 4494712.10032596)
4788	2020-10-22	74021.26857513456	c(416417.700795174, 401268.235759026, 4494305.80710394, 4506084.31639981)
4788	2020-10-22	74021.26857513456	c(431827.409840621, 416417.700795174, 4505740.72304671, 4494305.80710394)
4788	2020-10-22	76019.16899463977	c(432040.781805558, 431827.409840621, 4528923.12893158, 4505740.72304671)
4819	2020-10-22	92347.17053135528	c(447355.411166099, 432040.781805558, 4540389.83327884, 4528923.12893158)
4819	2020-10-22	92347.17053135528	c(447522.010257648, 447355.411166099, 4563573.35236291, 4540389.83327884)
4850	2020-10-22	111005.18585418141	c(462740.833272312, 447522.010257648, 4575071.983159, 4563573.35236291)
4911	2020-10-22	97618.69186037281	c(477840.762075938, 462740.833272312, 4563418.09524243, 4575071.983159)
4911	2020-10-22	97618.69186037281	c(493011.229329602, 477840.762075938, 4574979.75058301, 4563418.09524243)
4911	2020-10-22	105427.9987631666	c(493033.59066777, 493011.229329602, 4598164.34854354, 4574979.75058301)
4942	2020-10-22	128409.88232038336	c(508107.265311674, 493033.59066777, 4609758.1723835, 4598164.34854354)
4942	2020-10-22	128991.31178646382	c(508081.037479269, 508107.265311674, 4632944.03868774, 4609758.1723835)
4974	2020-10-22	148310.40384469565	c(523057.182737499, 508081.037479269, 4644570.12949186, 4632944.03868774)
5036	2020-10-22	135372.65146346448	c(538108.542203765, 523057.182737499, 4633041.31229066, 4644570.12949186)
5036	2020-10-22	135372.65146346448	c(553035.872806598, 538108.542203765, 4644730.70697803, 4633041.31229066)
5036	2020-10-22	142368.50111850872	c(552862.38771327, 553035.872806598, 4667917.98992279, 4644730.70697803)
5067	2020-10-22	165091.42432222856	c(567691.170583308, 552862.38771327, 4679639.8294663, 4667917.98992279)
5128	2020-10-22	162306.16832106636	c(582743.224528609, 567691.170583308, 4668205.32877671, 4679639.8294663)
5128	2020-10-22	162306.16832106636	c(597522.962306227, 582743.224528609, 4679990.62355779, 4668205.32877671)
5189	2020-10-22	162318.1001035098	c(612624.393759556, 597522.962306227, 4668619.33288234, 4679990.62355779)
5189	2020-10-22	162318.1001035098	c(627355.131448326, 612624.393759556, 4680468.14606723, 4668619.33288234)
5250	2020-10-22	148187.64167098643	c(642506.014907308, 627355.131448326, 4669160.04043851, 4680468.14606723)
5250	2020-10-22	148187.64167098643	c(657187.792748998, 642506.014907308, 4681072.44084402, 4669160.04043851)
5312	2020-10-22	135364.44687413622	c(672388.206974876, 657187.792748998, 4669827.50133338, 4681072.44084402)
5312	2020-10-22	135364.44687413622	c(687021.060381759, 672388.206974876, 4681803.56337703, 4669827.50133338)
5375	2020-10-22	128477.48229578602	c(702271.08833443, 687021.060381759, 4670621.77714808, 4681803.56337703)
5375	2020-10-22	128477.48229578602	c(716855.047821152, 702271.08833443, 4682661.58079854, 4670621.77714808)
5436	2020-10-22	110568.60653384925	c(732154.77659436, 716855.047821152, 4671542.94116119, 4682661.58079854)
5465	2020-10-22	91947.68084485809	c(732917.312572212, 732154.77659436, 4648352.9078837, 4671542.94116119)
5465	2020-10-22	73582.82539751453	c(748313.28762746, 732917.312572212, 4637265.73889908, 4648352.9078837)
5383	2020-10-22	374056.475702556	c(695700.311882852, 696492.486772841, 5332254.60481957, 5309045.77915619)
5414	2020-10-22	357792.76491016813	c(696492.486772841, 710429.306964943, 5309045.77915619, 5297918.17898593)
5414	2020-10-22	350000.96413901105	c(710429.306964943, 711271.827926436, 5297918.17898593, 5274710.68518602)
5465	2020-10-22	73582.82539751453	c(762900.293863319, 748313.28762746, 4649400.25547968, 4637265.73889908)
5465	2020-10-22	75872.37263008485	c(762039.388465898, 762900.293863319, 4672591.07835408, 4649400.25547968)
5495	2020-10-22	75809.10293079537	c(776525.631721837, 762039.388465898, 4684758.62708259, 4672591.07835408)
5495	2020-10-22	75809.10293079537	c(775609.97772825, 776525.631721837, 4707950.71658746, 4684758.62708259)
5525	2020-10-22	91654.71119630137	c(789994.669724668, 775609.97772825, 4720151.27367108, 4707950.71658746)
5584	2020-10-22	73350.8184243205	c(805347.709320268, 789994.669724668, 4709190.76752723, 4720151.27367108)
5584	2020-10-22	73350.8184243205	c(819683.210345373, 805347.709320268, 4721455.39945172, 4709190.76752723)
5584	2020-10-22	75287.55590379535	c(818612.49674407, 819683.210345373, 4744649.44959898, 4721455.39945172)
5615	2020-10-22	75379.58392517404	c(832845.293978573, 818612.49674407, 4756947.09908253, 4744649.44959898)
5673	2020-10-22	56567.839011785516	c(848202.289966566, 832845.293978573, 4746081.87151266, 4756947.09908253)
5673	2020-10-22	54874.48396011299	c(862385.524438212, 848202.289966566, 4758443.73920486, 4746081.87151266)
5731	2020-10-22	36591.65851118424	c(877793.144053957, 862385.524438212, 4747641.95159785, 4758443.73920486)
5731	2020-10-22	36591.65851118424	c(891926.802832696, 877793.144053957, 4760068.13766244, 4747641.95159785)
5788	2020-10-22	23237.216583842503	c(907385.142105531, 891926.802832696, 4749329.82959368, 4760068.13766244)
5788	2020-10-22	23237.216583842503	c(921469.206940727, 907385.142105531, 4761820.43922743, 4749329.82959368)
6009	2020-10-22	27828.506357474245	c(1005585.59723741, 1020422.12618268, 5187696.75502656, 5177280.16441691)
6008	2020-10-22	28149.28892131675	c(1026405.1913219, 1028385.63660953, 5107689.80783971, 5084492.33996931)
6034	2020-10-22	18257.78043078901	c(1039406.43674081, 1026405.1913219, 5120503.48497246, 5107689.80783971)
6009	2020-10-22	27828.506357474245	c(1020422.12618268, 1022423.40947307, 5177280.16441691, 5154083.71984839)
6034	2020-10-22	18196.266400300818	c(1022423.40947307, 1037362.01879953, 5154083.71984839, 5143700.04190005)
6034	2020-10-22	18196.266400300818	c(1037362.01879953, 1039406.43674081, 5143700.04190005, 5120503.48497246)
1317	2020-10-23	18250.916999689765	c(-1086495.74267531, -1079764.0176425, 5566695.22016911, 5589660.00526131)
1318	2020-10-23	18180.14422607415	c(-1066245.01508129, -1059457.94551391, 5635556.68953878, 5658488.63233417)
1342	2020-10-23	44332.658546962535	c(-1122632.78805397, -1116103.5871742, 5390201.79359802, 5413253.20161986)
1343	2020-10-23	28121.277378559604	c(-1102987.64021971, -1096401.10049543, 5459323.3010273, 5482342.0268991)
1317	2020-10-23	18321.64308971019	c(-1076528.45363931, -1086495.74267531, 5551333.12740586, 5566695.22016911)
1344	2020-10-23	27763.619958599666	c(-1083171.4041478, -1076528.45363931, 5528346.9212347, 5551333.12740586)
1317	2020-10-23	18250.916999689765	c(-1079764.0176425, -1063186.8629022, 5589660.00526131, 5597273.15600378)
1318	2020-10-23	18180.14422607415	c(-1056488.42850788, -1066245.01508129, 5620227.01931096, 5635556.68953878)
1345	2020-10-23	27403.244097569674	c(-1063186.8629022, -1056488.42850788, 5597273.15600378, 5620227.01931096)
1342	2020-10-23	55880.785663619725	c(-1112109.0523589, -1122632.78805397, 5374800.12649574, 5390201.79359802)
1369	2020-10-23	55318.93584444598	c(-1118549.4658527, -1112109.0523589, 5351728.96945645, 5374800.12649574)
1342	2020-10-23	44332.658546962535	c(-1116103.5871742, -1099170.57712198, 5413253.20161986, 5420910.2533843)
1343	2020-10-23	28239.762548905834	c(-1092672.71943462, -1102987.64021971, 5443949.25511129, 5459323.3010273)
1370	2020-10-23	44052.19856031324	c(-1099170.57712198, -1092672.71943462, 5420910.2533843, 5443949.25511129)
1343	2020-10-23	28121.277378559604	c(-1096401.10049543, -1079620.27385972, 5482342.0268991, 5489995.2188268)
1344	2020-10-23	27883.023464451027	c(-1073065.88985565, -1083171.4041478, 5513002.21588382, 5528346.9212347)
1371	2020-10-23	43536.042897167914	c(-1079620.27385972, -1073065.88985565, 5489995.2188268, 5513002.21588382)
1395	2020-10-23	18921.55523884437	c(-1133180.6580182, -1126887.2258817, 5243923.78780251, 5267045.81149179)
1369	2020-10-23	55318.93584444598	c(-1107889.84141079, -1118549.4658527, 5336348.35538033, 5351728.96945645)
1396	2020-10-23	45048.857316434944	c(-1114241.71668518, -1107889.84141079, 5313258.08221422, 5336348.35538033)
1395	2020-10-23	18921.55523884437	c(-1122179.47307822, -1133180.6580182, 5228541.94321253, 5243923.78780251)
1422	2020-10-23	18979.99046024143	c(-1128384.56292449, -1122179.47307822, 5205401.9753918, 5228541.94321253)
1395	2020-10-23	29144.804124448743	c(-1126887.2258817, -1109710.58498574, 5267045.81149179, 5274790.64775991)
1396	2020-10-23	45048.857316434944	c(-1103446.98609557, -1114241.71668518, 5297899.40817886, 5313258.08221422)
1423	2020-10-23	45276.35276249465	c(-1109710.58498574, -1103446.98609557, 5274790.64775991, 5297899.40817886)
1422	2020-10-23	18979.99046024143	c(-1117249.97182275, -1128384.56292449, 5190044.27404845, 5205401.9753918)
1449	2020-10-23	19038.04172013685	c(-1123367.00828488, -1117249.97182275, 5166886.98853713, 5190044.27404845)
1449	2020-10-23	19038.04172013685	c(-1112099.84379623, -1123367.00828488, 5151554.2686883, 5166886.98853713)
1476	2020-10-23	19095.704628070092	c(-1118129.12825204, -1112099.84379623, 5128380.28709678, 5151554.2686883)
1476	2020-10-23	19095.704628070092	c(-1106730.23596004, -1118129.12825204, 5113073.36967088, 5128380.28709678)
1476	2020-10-23	29763.79976961683	c(-1089374.03516782, -1106730.23596004, 5120985.02154683, 5113073.36967088)
1532	2020-10-23	46169.92515528614	c(-1077915.98374892, -1089374.03516782, 5105748.77013103, 5120985.02154683)
1560	2020-10-23	38880.30725844504	c(-1083742.56481992, -1077915.98374892, 5082556.84849729, 5105748.77013103)
1560	2020-10-23	37367.891563038116	c(-1072154.38071264, -1083742.56481992, 5067347.5062202, 5082556.84849729)
1587	2020-10-23	19188.278513318146	c(-1077894.51684516, -1072154.38071264, 5044140.77235574, 5067347.5062202)
1587	2020-10-23	30032.465842288748	c(-1048790.79822892, -1066177.07211099, 5037027.28365642, 5028959.10644976)
1643	2020-10-23	46554.86374437069	c(-1037015.99118673, -1048790.79822892, 5021916.64227604, 5037027.28365642)
1671	2020-10-23	46770.39322521095	c(-1042556.58295087, -1037015.99118673, 4998695.25681817, 5021916.64227604)
1671	2020-10-23	46770.39322521095	c(-1030654.13110835, -1042556.58295087, 4983613.29767282, 4998695.25681817)
1671	2020-10-23	57803.169704199274	c(-1013281.81889369, -1030654.13110835, 4991794.86871463, 4983613.29767282)
1728	2020-10-23	74961.84593573988	c(-1001323.04085946, -1013281.81889369, 4976783.95322912, 4991794.86871463)
1756	2020-10-23	56251.22379966979	c(-1006666.28882678, -1001323.04085946, 4953549.84444462, 4976783.95322912)
1756	2020-10-23	56251.22379966979	c(-994581.486387683, -1006666.28882678, 4938568.55284722, 4953549.84444462)
1756	2020-10-23	57906.52407005054	c(-977223.563251208, -994581.486387683, 4946862.57917849, 4938568.55284722)
1813	2020-10-23	74999.96746843864	c(-965083.44609288, -977223.563251208, 4931952.31547092, 4946862.57917849)
1841	2020-10-23	56283.226212339934	c(-970231.582538141, -965083.44609288, 4908707.31865028, 4931952.31547092)
1841	2020-10-23	56283.226212339934	c(-957967.063875241, -970231.582538141, 4893827.55682931, 4908707.31865028)
1841	2020-10-23	58009.39706240972	c(-940623.904473833, -957967.063875241, 4902233.09490915, 4893827.55682931)
1898	2020-10-23	75038.35158491656	c(-928305.056972629, -940623.904473833, 4887424.31146467, 4902233.09490915)
1926	2020-10-23	56314.05336548153	c(-933260.342758651, -928305.056972629, 4864170.16894031, 4887424.31146467)
1926	2020-10-23	56314.05336548153	c(-920818.71715969, -933260.342758651, 4849392.70234813, 4864170.16894031)
1926	2020-10-23	58111.88286500401	c(-903490.643560404, -920818.71715969, 4857908.80534958, 4849392.70234813)
1983	2020-10-23	75077.11877683955	c(-890995.648525713, -903490.643560404, 4843202.23504648, 4857908.80534958)
2068	2020-10-23	77556.39960357886	c(-853162.912319703, -865831.500808133, 4799288.09693143, 4813891.81496513)
2096	2020-10-23	71156.47537546112	c(-857739.378591821, -853162.912319703, 4776020.5189557, 4799288.09693143)
2096	2020-10-23	61256.12431186659	c(-844951.252684874, -857739.378591821, 4761449.56139228, 4776020.5189557)
2096	2020-10-23	61256.12431186659	c(-827654.107666617, -844951.252684874, 4770183.94887231, 4761449.56139228)
2181	2020-10-23	56400.80759091588	c(-819204.988136362, -814814.448444153, 4732411.57787795, 4755683.63039961)
2181	2020-10-23	56400.80759091588	c(-806247.405114551, -819204.988136362, 4717944.65005425, 4732411.57787795)
2181	2020-10-23	58417.96882154962	c(-788965.998973807, -806247.405114551, 4726786.75863141, 4717944.65005425)
2238	2020-10-23	75190.59873025543	c(-775957.757873622, -788965.998973807, 4712390.29713798, 4726786.75863141)
2350	2020-10-23	77456.92932780033	c(-740625.972657123, -736600.23521038, 4646132.319182, 4669409.29321449)
2350	2020-10-23	75332.16349250029	c(-727336.883691083, -740625.972657123, 4631874.55613043, 4646132.319182)
2377	2020-10-23	56534.012648759235	c(-731286.893734227, -727336.883691083, 4608592.56907003, 4631874.55613043)
2377	2020-10-23	56534.012648759235	c(-717884.034920088, -731286.893734227, 4594369.70435117, 4608592.56907003)
2405	2020-10-23	38735.05271236549	c(-721758.831349524, -717884.034920088, 4571083.11604522, 4594369.70435117)
2405	2020-10-23	37720.3330051706	c(-708243.156641228, -721758.831349524, 4556895.55760747, 4571083.11604522)
2405	2020-10-23	37720.3330051706	c(-690917.253640431, -708243.156641228, 4566029.3281951, 4556895.55760747)
2461	2020-10-23	56558.87206230773	c(-677353.858207162, -690917.253640431, 4551911.84483199, 4566029.3281951)
2488	2020-10-23	48584.44260338023	c(-681052.337816432, -677353.858207162, 4528626.19036778, 4551911.84483199)
2488	2020-10-23	48584.44260338023	c(-667377.717907168, -681052.337816432, 4514544.39697129, 4528626.19036778)
2488	2020-10-23	59033.210418435716	c(-650068.363081095, -667377.717907168, 4523782.3351425, 4514544.39697129)
2545	2020-10-23	75497.55988453145	c(-636346.78052135, -650068.363081095, 4509770.31893834, 4523782.3351425)
2573	2020-10-23	56657.46182363843	c(-639871.354968696, -636346.78052135, 4486486.60683888, 4509770.31893834)
2573	2020-10-23	56657.46182363843	c(-626040.125938447, -639871.354968696, 4472510.60778061, 4486486.60683888)
2573	2020-10-23	59133.53793542026	c(-608747.225479196, -626040.125938447, 4481851.76713269, 4472510.60778061)
2631	2020-10-23	75528.67775421243	c(-594869.759829903, -608747.225479196, 4467945.22417722, 4481851.76713269)
2660	2020-10-23	56680.61544604163	c(-598222.844620506, -594869.759829903, 4444664.37417445, 4467945.22417722)
2660	2020-10-23	56680.61544604163	c(-584237.295738785, -598222.844620506, 4430794.12005653, 4444664.37417445)
2689	2020-10-23	49076.02572861368	c(-587519.589270523, -584237.295738785, 4407511.1836707, 4430794.12005653)
2705	2020-10-23	183225.75317700082	c(-690473.398794288, -687843.940587776, 3459923.12585915, 3483324.43662601)
2706	2020-10-23	147304.11654135844	c(-682537.821314297, -679861.2408937, 3530118.53233363, 3553511.29739588)
2678	2020-10-23	93574.68487068322	c(-671737.904581581, -687581.935496093, 3623672.34556459, 3637394.6625243)
2707	2020-10-23	114183.32107382186	c(-674461.241604917, -671737.904581581, 3600288.21346158, 3623672.34556459)
2678	2020-10-23	87327.72925814166	c(-684793.121310572, -666244.761867185, 3660781.15465876, 3670431.91188884)
2708	2020-10-23	103495.30608484548	c(-666244.761867185, -663475.039198519, 3670431.91188884, 3693807.32819427)
2689	2020-10-23	49076.02572861368	c(-573426.915357603, -587519.589270523, 4393677.50574239, 4407511.1836707)
2705	2020-10-23	183225.75317700082	c(-687843.940587776, -669068.613486731, 3483324.43662601, 3493065.63527496)
2706	2020-10-23	156763.1480987951	c(-666456.331887239, -682537.821314297, 3516455.41889457, 3530118.53233363)
2736	2020-10-23	177743.6663492393	c(-669068.613486731, -666456.331887239, 3493065.63527496, 3516455.41889457)
2706	2020-10-23	147304.11654135844	c(-679861.2408937, -661185.433664914, 3553511.29739588, 3563226.73866625)
2707	2020-10-23	125868.20410659644	c(-658526.896674974, -674461.241604917, 3586608.25611185, 3600288.21346158)
2737	2020-10-23	146868.51078365516	c(-661185.433664914, -658526.896674974, 3563226.73866625, 3586608.25611185)
2708	2020-10-23	103495.30608484548	c(-663475.039198519, -645004.943203097, 3693807.32819427, 3703474.05895108)
2739	2020-10-23	117657.65958647175	c(-645004.943203097, -642254.983646814, 3703474.05895108, 3726838.8021294)
2739	2020-10-23	116220.3787016562	c(-642254.983646814, -623863.647664632, 3726838.8021294, 3736522.15379126)
2770	2020-10-23	96784.11494131907	c(-623863.647664632, -621134.11981935, 3736522.15379126, 3759876.62129187)
2689	2020-10-23	59385.22379925671	c(-556113.626455912, -573426.915357603, 4403159.26716611, 4393677.50574239)
2749	2020-10-23	79124.69619806258	c(-541975.998508849, -556113.626455912, 4389394.63205541, 4403159.26716611)
2779	2020-10-23	79324.7141158347	c(-545090.545154589, -541975.998508849, 4366116.00118499, 4389394.63205541)
2770	2020-10-23	96756.41158705277	c(-621134.11981935, -602822.043273036, 3759876.62129187, 3769577.22964244)
2779	2020-10-23	79324.7141158347	c(-530847.337433807, -545090.545154589, 4352388.12633486, 4366116.00118499)
2810	2020-10-23	79523.281340945	c(-533892.99428288, -530847.337433807, 4329108.33183309, 4352388.12633486)
2810	2020-10-23	79523.281340945	c(-519545.165540088, -533892.99428288, 4315417.45348902, 4329108.33183309)
2841	2020-10-23	79720.39605032334	c(-522522.514931532, -519545.165540088, 4292136.79776141, 4315417.45348902)
2770	2020-10-23	98009.90774963482	c(-602822.043273036, -587211.727138842, 3769577.22964244, 3755962.54819532)
2833	2020-10-23	118360.01993438284	c(-587211.727138842, -568951.097008202, 3755962.54819532, 3765719.87731205)
2865	2020-10-23	112182.8325253195	c(-568951.097008202, -566329.002492388, 3765719.87731205, 3789053.13269374)
2841	2020-10-23	79720.39605032334	c(-508071.026128517, -522522.514931532, 4278483.13427761, 4292136.79776141)
2872	2020-10-23	79916.05687343115	c(-510980.656785001, -508071.026128517, 4255201.91087826, 4278483.13427761)
2865	2020-10-23	112182.8325253195	c(-566329.002492388, -548147.999725239, 3789053.13269374, 3798828.70737909)
2897	2020-10-23	111780.92887640449	c(-548147.999725239, -545548.153543256, 3798828.70737909, 3822152.9421514)
2872	2020-10-23	79916.05687343115	c(-496426.470827416, -510980.656785001, 4241585.66276987, 4255201.91087826)
2897	2020-10-23	111780.92887640449	c(-545548.153543256, -527447.292314734, 3822152.9421514, 3831947.36594328)
2930	2020-10-23	111378.4053697679	c(-527447.292314734, -524870.354541994, 3831947.36594328, 3855262.95232856)
2930	2020-10-23	111378.4053697679	c(-524870.354541994, -506850.152105996, 3855262.95232856, 3865076.81704313)
2962	2020-10-23	110975.25436840054	c(-506850.152105996, -504296.78013192, 3865076.81704313, 3888384.12166702)
2872	2020-10-23	88201.86977388318	c(-479022.26351029, -496426.470827416, 4251281.60924685, 4241585.66276987)
2936	2020-10-23	107718.44600116661	c(-464425.457955645, -479022.26351029, 4237733.66046267, 4251281.60924685)
2967	2020-10-23	113935.2795876106	c(-467173.834775942, -464425.457955645, 4214459.01393103, 4237733.66046267)
2962	2020-10-23	110975.25436840054	c(-504296.78013192, -486357.756879773, 3888384.12166702, 3898218.00734892)
2995	2020-10-23	110571.46827148183	c(-486357.756879773, -483828.605460057, 3898218.00734892, 3921517.39116336)
2967	2020-10-23	113935.2795876106	c(-452475.848319228, -467173.834775942, 4200948.51464965, 4214459.01393103)
2999	2020-10-23	108381.81555015169	c(-455158.474472214, -452475.848319228, 4177674.06713308, 4200948.51464965)
2995	2020-10-23	110571.46827148183	c(-483828.605460057, -465971.284974422, 3921517.39116336, 3931371.86603488)
3028	2020-10-23	110167.03952758893	c(-465971.284974422, -463467.006280407, 3931371.86603488, 3954663.68424224)
3029	2020-10-23	99151.7938792966	c(-458420.311813155, -455877.968433073, 4001241.4247272, 4024527.3382779)
3030	2020-10-23	109443.51883303864	c(-450755.471542521, -448175.391365553, 4071093.2309947, 4094373.20208743)
2999	2020-10-23	108381.81555015169	c(-440360.26715807, -455158.474472214, 4164201.1681569, 4177674.06713308)
3031	2020-10-23	114803.53819034492	c(-442977.752043612, -440360.26715807, 4140927.17437732, 4164201.1681569)
3028	2020-10-23	110167.03952758893	c(-463467.006280407, -445691.915384464, 3954663.68424224, 3964539.30465167)
3029	2020-10-23	99416.40442298971	c(-443213.159049614, -458420.311813155, 3987823.90663009, 4001241.4247272)
3061	2020-10-23	116632.62748900693	c(-445691.915384464, -443213.159049614, 3964539.30465167, 3987823.90663009)
3029	2020-10-23	99151.7938792966	c(-455877.968433073, -438218.312385676, 4024527.3382779, 4034387.48209815)
3030	2020-10-23	109443.51883303864	c(-435702.29338525, -450755.471542521, 4057666.44757015, 4071093.2309947)
3062	2020-10-23	116169.34425662937	c(-438218.312385676, -435702.29338525, 4034387.48209815, 4057666.44757015)
3030	2020-10-23	115277.45748396203	c(-448175.391365553, -430633.243524344, 4094373.20208743, 4104218.71472347)
3031	2020-10-23	114803.53819034492	c(-428080.284913457, -442977.752043612, 4127492.00900966, 4140927.17437732)
3063	2020-10-23	130583.15702001128	c(-430633.243524344, -428080.284913457, 4104218.71472347, 4127492.00900966)
3180	2020-10-23	70457.93283444752	c(-400155.667501666, -402055.517376109, 3349352.52333189, 3326057.33570555)
3211	2020-10-23	54080.693712939494	c(-381653.480568395, -400155.667501666, 3359573.69483978, 3349352.52333189)
3211	2020-10-23	54080.693712939494	c(-379774.094930052, -381653.480568395, 3382861.19950421, 3359573.69483978)
3243	2020-10-23	53895.4887692832	c(-361344.194130832, -379774.094930052, 3393098.81165007, 3382861.19950421)
3243	2020-10-23	53895.4887692832	c(-359485.963119369, -361344.194130832, 3416378.96559234, 3393098.81165007)
3274	2020-10-23	53709.557590500044	c(-341128.932418883, -359485.963119369, 3426633.64037877, 3416378.96559234)
3274	2020-10-23	53709.557590500044	c(-339292.543873527, -341128.932418883, 3449906.7708165, 3426633.64037877)
3306	2020-10-23	58259.29237599128	c(-321008.969853984, -339292.543873527, 3460179.11919472, 3449906.7708165)
3306	2020-10-23	58259.29237599128	c(-319195.109107296, -321008.969853984, 3483445.54823104, 3460179.11919472)
3337	2020-10-23	77509.62123719101	c(-300985.581039103, -319195.109107296, 3493736.17002573, 3483445.54823104)
3337	2020-10-23	78139.83073588587	c(-299194.930959239, -300985.581039103, 3516996.21455828, 3493736.17002573)
3369	2020-10-23	83470.83833281293	c(-281060.040866989, -299194.930959239, 3527305.69839173, 3516996.21455828)
3433	2020-10-23	62617.44383054646	c(-264687.669373354, -281060.040866989, 3514389.93001371, 3527305.69839173)
3433	2020-10-23	53114.137768785025	c(-246599.300368878, -264687.669373354, 3524753.39537936, 3514389.93001371)
3433	2020-10-23	53114.137768785025	c(-244911.950061917, -246599.300368878, 3547998.18930314, 3524753.39537936)
3465	2020-10-23	52926.363168162046	c(-226898.770554792, -244911.950061917, 3558381.51712658, 3547998.18930314)
3465	2020-10-23	52926.363168162046	c(-225236.555340094, -226898.770554792, 3581620.94958391, 3558381.51712658)
3499	2020-10-23	52737.82070252146	c(-207299.171170118, -225236.555340094, 3592024.69700604, 3581620.94958391)
3499	2020-10-23	52737.82070252146	c(-205662.766795167, -207299.171170118, 3615259.0602511, 3592024.69700604)
3533	2020-10-23	52548.50519310311	c(-187801.7867471, -205662.766795167, 3625683.77295577, 3615259.0602511)
3533	2020-10-23	52548.50519310311	c(-186191.866680094, -187801.7867471, 3648913.35363629, 3625683.77295577)
3567	2020-10-23	52358.411433246096	c(-168407.902527254, -186191.866680094, 3659359.56576933, 3648913.35363629)
3567	2020-10-23	52358.411433246096	c(-166825.137982641, -168407.902527254, 3682584.64484207, 3659359.56576933)
3601	2020-10-23	52167.53419412423	c(-149118.804525745, -166825.137982641, 3693052.8789298, 3682584.64484207)
3601	2020-10-23	52167.53419412423	c(-147563.864487027, -149118.804525745, 3716273.73157734, 3693052.8789298)
3636	2020-10-23	57525.65462207404	c(-129935.779588247, -147563.864487027, 3726764.49844451, 3716273.73157734)
3636	2020-10-23	57525.65462207404	c(-128409.330828036, -129935.779588247, 3749981.3939933, 3726764.49844451)
3671	2020-10-23	76614.86689363752	c(-110860.115440289, -128409.330828036, 3760495.1926806, 3749981.3939933)
3671	2020-10-23	77498.7731941348	c(-109362.8225376, -110860.115440289, 3783708.39452031, 3760495.1926806)
3707	2020-10-23	81659.33320209477	c(-91893.1007290158, -109362.8225376, 3794245.71220142, 3783708.39452031)
3707	2020-10-23	81659.33320209477	c(-90425.626083784, -91893.1007290158, 3817455.47770563, 3794245.71220142)
3743	2020-10-23	66703.79605012249	c(-73036.0250573854, -90425.626083784, 3828016.78960381, 3817455.47770563)
3708	2020-10-23	83935.93045088468	c(-85976.2437617893, -87467.1777753617, 3887083.552532, 3863874.39835186)
3743	2020-10-23	66536.612586436	c(-87467.1777753617, -71599.0289022104, 3863874.39835186, 3851223.37005205)
3744	2020-10-23	81026.31725854971	c(-68702.2845803902, -85976.2437617893, 3897636.08616887, 3887083.552532)
3743	2020-10-23	66536.612586436	c(-71599.0289022104, -73036.0250573854, 3851223.37005205, 3828016.78960381)
3744	2020-10-23	81026.31725854971	c(-67242.5751400632, -68702.2845803902, 3920842.22119825, 3897636.08616887)
3781	2020-10-23	80801.4940176688	c(-50050.5906150029, -67242.5751400632, 3931419.77810402, 3920842.22119825)
3781	2020-10-23	80801.4940176688	c(-48622.7591954636, -50050.5906150029, 3954623.13550766, 3931419.77810402)
3818	2020-10-23	80576.22594151282	c(-31513.3810033395, -48622.7591954636, 3965226.15149966, 3954623.13550766)
3818	2020-10-23	80576.22594151282	c(-30118.0788938097, -31513.3810033395, 3988426.9664578, 3965226.15149966)
3855	2020-10-23	80350.51045946861	c(-13091.9418899199, -30118.0788938097, 3999055.86503044, 3988426.9664578)
3855	2020-10-23	80350.51045946861	c(-11729.8182222951, -13091.9418899199, 4022254.36630715, 3999055.86503044)
3892	2020-10-23	80124.34511621423	c(5212.43956511875, -11729.8182222951, 4032909.55854916, 4022254.36630715)
3892	2020-10-23	80124.34511621423	c(6540.7378180942, 5212.43956511875, 4056105.96842238, 4032909.55854916)
3930	2020-10-23	79897.72758047123	c(23398.4751984634, 6540.7378180942, 4066787.85293385, 4056105.96842238)
3930	2020-10-23	79897.72758047123	c(24692.3032278378, 23398.4751984634, 4089982.38712686, 4066787.85293385)
3967	2020-10-23	79670.65565378961	c(41464.8758637521, 24692.3032278378, 4100691.34993629, 4089982.38712686)
4041	2020-10-23	59774.720779721305	c(56982.0165046316, 41464.8758637521, 4088238.43629651, 4100691.34993629)
4041	2020-10-23	49813.987632039556	c(73707.6931155644, 56982.0165046316, 4099007.34816418, 4088238.43629651)
4041	2020-10-23	49813.987632039556	c(74877.3513989376, 73707.6931155644, 4122196.73828808, 4099007.34816418)
4079	2020-10-23	56501.261931354435	c(91517.1204797289, 74877.3513989376, 4132993.36971638, 4122196.73828808)
4079	2020-10-23	56501.261931354435	c(92650.4551585561, 91517.1204797289, 4156181.54988163, 4132993.36971638)
4117	2020-10-23	75278.28734955126	c(109203.658141029, 92650.4551585561, 4167006.25194924, 4156181.54988163)
4192	2020-10-23	59416.58173719512	c(124663.369619248, 109203.658141029, 4154675.01201193, 4167006.25194924)
4192	2020-10-23	49396.39896202879	c(141169.702202633, 124663.369619248, 4165560.2208883, 4154675.01201193)
4192	2020-10-23	49396.39896202879	c(142175.998632271, 141169.702202633, 4188744.62919751, 4165560.2208883)
4228	2020-10-23	56309.71230420504	c(158594.982264771, 142175.998632271, 4199658.49508705, 4188744.62919751)
4228	2020-10-23	56309.71230420504	c(159563.103653699, 158594.982264771, 4222842.28537369, 4199658.49508705)
4262	2020-10-23	75024.18728370033	c(175894.065873906, 159563.103653699, 4233785.12377224, 4222842.28537369)
4330	2020-10-23	59062.23073168509	c(191298.174737916, 175894.065873906, 4221576.04795665, 4233785.12377224)
4330	2020-10-23	56208.355939901674	c(207582.21622963, 191298.174737916, 4232579.91741934, 4221576.04795665)
4330	2020-10-23	56208.355939901674	c(208420.399643654, 207582.21622963, 4255761.15941657, 4232579.91741934)
4364	2020-10-23	74889.92603753861	c(224615.597563329, 208420.399643654, 4266794.53166142, 4255761.15941657)
4364	2020-10-23	76454.66919651713	c(225413.757012344, 224615.597563329, 4289975.67260171, 4266794.53166142)
4397	2020-10-23	93436.37521301825	c(241519.425435952, 225413.757012344, 4301038.82687645, 4289975.67260171)
4463	2020-10-23	74759.05990205305	c(256869.60477571, 241519.425435952, 4288952.41181749, 4301038.82687645)
4463	2020-10-23	74758.55082933993	c(272928.227171027, 256869.60477571, 4300077.08612635, 4288952.41181749)
4463	2020-10-23	76380.11193317607	c(273593.519229309, 272928.227171027, 4323256.75165027, 4300077.08612635)
4497	2020-10-23	93273.219128728	c(289561.751559018, 273593.519229309, 4334411.68086788, 4323256.75165027)
4562	2020-10-23	74629.98388035016	c(304908.225837395, 289561.751559018, 4322418.30819799, 4334411.68086788)
4562	2020-10-23	74629.90644382843	c(320829.402075375, 304908.225837395, 4333635.01349457, 4322418.30819799)
4562	2020-10-23	76309.95188979169	c(321360.08814407, 320829.402075375, 4356813.85858968, 4333635.01349457)
4596	2020-10-23	93113.3834906452	c(337189.986320173, 321360.08814407, 4368061.25681193, 4356813.85858968)
4661	2020-10-23	74503.55643996198	c(352533.591990635, 337189.986320173, 4356160.99510455, 4368061.25681193)
4661	2020-10-23	74503.55643996198	c(368316.392638024, 352533.591990635, 4367470.41981574, 4356160.99510455)
4724	2020-10-23	60021.223428059304	c(383705.930665373, 368316.392638024, 4355633.02776821, 4367470.41981574)
4724	2020-10-23	60021.223428059304	c(399441.776953825, 383705.930665373, 4367004.54037994, 4355633.02776821)
4724	2020-10-23	69534.83497759786	c(399742.85663084, 399441.776953825, 4390182.49635647, 4367004.54037994)
4755	2020-10-23	92714.74625629997	c(415386.294096131, 399742.85663084, 4401585.28716622, 4390182.49635647)
4817	2020-10-23	74376.03008511543	c(430774.252318034, 415386.294096131, 4389841.0436043, 4401585.28716622)
4817	2020-10-23	74376.03008511543	c(446370.64860714, 430774.252318034, 4401306.17166853, 4389841.0436043)
4817	2020-10-23	76179.22161830774	c(446532.999348573, 446370.64860714, 4424484.7092658, 4401306.17166853)
4848	2020-10-23	97779.83513943749	c(462036.028560337, 446532.999348573, 4435981.46982764, 4424484.7092658)
4909	2020-10-23	92708.72579888246	c(477423.160572162, 462036.028560337, 4424330.51209972, 4435981.46982764)
4909	2020-10-23	92708.72579888246	c(492879.030810577, 477423.160572162, 4435889.85206415, 4424330.51209972)
4909	2020-10-23	92801.4168556071	c(492900.828003294, 492879.030810577, 4459069.40073457, 4435889.85206415)
4940	2020-10-23	111463.6631245117	c(508262.347127963, 492900.828003294, 4470660.69034421, 4459069.40073457)
5002	2020-10-23	97740.23104042801	c(523649.370549583, 508262.347127963, 4459103.177877, 4470660.69034421)
5002	2020-10-23	97740.23104042801	c(538963.582127863, 523649.370549583, 4470757.28116519, 4459103.177877)
5064	2020-10-23	92716.57378166672	c(554398.069756113, 538963.582127863, 4459262.46797246, 4470757.28116519)
5064	2020-10-23	92662.72675930904	c(569665.069599204, 554398.069756113, 4470979.46725231, 4459262.46797246)
5064	2020-10-23	92662.72675930904	c(569449.428457525, 569665.069599204, 4494160.64910987, 4470979.46725231)
5095	2020-10-23	111324.54799765452	c(584620.79297801, 569449.428457525, 4505910.02073676, 4494160.64910987)
5156	2020-10-23	97714.79073746543	c(600056.305829218, 584620.79297801, 4494508.85905058, 4505910.02073676)
5156	2020-10-23	97714.79073746543	c(615180.265217462, 600056.305829218, 4506321.35648614, 4494508.85905058)
5217	2020-10-23	92737.91718595687	c(630663.802080507, 615180.265217462, 4494982.8674697, 4506321.35648614)
5217	2020-10-23	92737.91718595687	c(645740.432992913, 630663.802080507, 4506858.58318522, 4494982.8674697)
5278	2020-10-23	97724.45429057578	c(661272.105846064, 645740.432992913, 4495582.72121304, 4506858.58318522)
5278	2020-10-23	97724.45429057578	c(676301.479980896, 661272.105846064, 4507521.75369337, 4495582.72121304)
5341	2020-10-23	92760.74484776134	c(691881.405221959, 676301.479980896, 4496308.47956387, 4507521.75369337)
5341	2020-10-23	92760.74484776134	c(706863.589253748, 691881.405221959, 4508310.93326206, 4496308.47956387)
5341	2020-10-23	105489.72259531346	c(706215.726051406, 706863.589253748, 4531496.12622738, 4508310.93326206)
5373	2020-10-23	128476.52789029527	c(721100.295482346, 706215.726051406, 4543531.55559172, 4531496.12622738)
5434	2020-10-23	111256.91451250862	c(736683.194895548, 721100.295482346, 4532412.38131067, 4543531.55559172)
5434	2020-10-23	111256.91451250862	c(751520.307280477, 736683.194895548, 4544511.46252684, 4532412.38131067)
5493	2020-10-23	97755.83506730352	c(767152.016991903, 751520.307280477, 4533454.94711766, 4544511.46252684)
5493	2020-10-23	97755.83506730352	c(781941.719370831, 767152.016991903, 4545617.7937438, 4533454.94711766)
5493	2020-10-23	102741.27418663626	c(781048.36342395, 781941.719370831, 4568806.54187732, 4545617.7937438)
5523	2020-10-23	102368.44232015753	c(795738.986255165, 781048.36342395, 4581002.61509266, 4568806.54187732)
5582	2020-10-23	83683.2942237927	c(811374.650555574, 795738.986255165, 4570040.62868403, 4581002.61509266)
5582	2020-10-23	76529.76622920476	c(826017.55176797, 811374.650555574, 4582300.6893835, 4570040.62868403)
5582	2020-10-23	76529.76622920476	c(824972.604705119, 826017.55176797, 4605492.00124161, 4582300.6893835)
5613	2020-10-23	76310.07398407033	c(839515.267920476, 824972.604705119, 4617785.37712265, 4605492.00124161)
5613	2020-10-23	76310.07398407033	c(838414.825551586, 839515.267920476, 4640977.94898967, 4617785.37712265)
5642	2020-10-23	76040.94323880624	c(852856.445502026, 838414.825551586, 4653304.61047623, 4640977.94898967)
5701	2020-10-23	57100.253421928544	c(868451.457206869, 852856.445502026, 4642469.63636067, 4653304.61047623)
5701	2020-10-23	46567.976228704545	c(882844.639639089, 868451.457206869, 4654860.57017724, 4642469.63636067)
5701	2020-10-23	46567.976228704545	c(881589.3673837, 882844.639639089, 4678055.46851547, 4654860.57017724)
5730	2020-10-23	55096.07894813967	c(895880.321167624, 881589.3673837, 4690479.70583049, 4678055.46851547)
5730	2020-10-23	55096.07894813967	c(894567.726260047, 895880.321167624, 4713675.59545727, 4690479.70583049)
5760	2020-10-23	73411.2671541137	c(908755.640696005, 894567.726260047, 4726133.06326348, 4713675.59545727)
5816	2020-10-23	59999.18737159762	c(924310.330495105, 908755.640696005, 4715425.88278223, 4726133.06326348)
5816	2020-10-23	59999.18737159762	c(938449.027108701, 924310.330495105, 4727947.85015709, 4715425.88278223)
6061	2020-10-23	18322.639412809196	c(1054446.54203463, 1056533.52885611, 5110152.55366124, 5086955.70187412)
6088	2020-10-23	28112.18948071062	c(1067393.92175963, 1054446.54203463, 5123030.38994721, 5110152.55366124)
6062	2020-10-23	43550.521269739445	c(1048141.67901798, 1050250.58897014, 5179740.27756451, 5156544.84123161)
6088	2020-10-23	28005.345884313218	c(1050250.58897014, 1065242.34018253, 5156544.84123161, 5146226.10610869)
6089	2020-10-23	43326.10948062019	c(1060916.78510684, 1048141.67901798, 5192615.91999185, 5179740.27756451)
6088	2020-10-23	28005.345884313218	c(1065242.34018253, 1067393.92175963, 5146226.10610869, 5123030.38994721)
6089	2020-10-23	43326.10948062019	c(1058742.86970383, 1060916.78510684, 5215810.01841298, 5192615.91999185)
1234	2020-10-24	18633.980195538687	c(-1170845.53356472, -1153801.36309492, 5429076.52208688, 5436582.63162731)
1261	2020-10-24	18553.0947267834	c(-1153801.36309492, -1147062.32957167, 5436582.63162731, 5459605.38648455)
1262	2020-10-24	18411.450917251626	c(-1133526.15258431, -1126729.2224957, 5505616.42933246, 5528604.75666911)
1263	2020-10-24	18340.51223194767	c(-1113078.21209747, -1106224.34477663, 5574547.12574315, 5597501.2101825)
1264	2020-10-24	27262.567828971245	c(-1092460.41783624, -1085550.57077342, 5643375.28976491, 5666295.33091272)
1261	2020-10-24	18553.0947267834	c(-1147062.32957167, -1130122.10810942, 5459605.38648455, 5467147.08875758)
1262	2020-10-24	18482.332557442158	c(-1123414.63605954, -1133526.15258431, 5490157.08529481, 5505616.42933246)
1289	2020-10-24	28150.944995347254	c(-1130122.10810942, -1123414.63605954, 5467147.08875758, 5490157.08529481)
1262	2020-10-24	18411.450917251626	c(-1126729.2224957, -1109942.39581734, 5528604.75666911, 5536143.31221051)
1263	2020-10-24	18340.51223194767	c(-1103177.83844384, -1113078.21209747, 5559119.58248795, 5574547.12574315)
1290	2020-10-24	27792.164803415966	c(-1109942.39581734, -1103177.83844384, 5536143.31221051, 5559119.58248795)
1263	2020-10-24	27625.927862394816	c(-1106224.34477663, -1089592.37579525, 5597501.2101825, 5605038.54054106)
1264	2020-10-24	27383.85877575009	c(-1082771.68097346, -1092460.41783624, 5627981.27149292, 5643375.28976491)
1291	2020-10-24	42819.37739638424	c(-1089592.37579525, -1082771.68097346, 5605038.54054106, 5627981.27149292)
1287	2020-10-24	18824.53734038196	c(-1159290.47401051, -1169959.2182752, 5313352.99775647, 5328849.57702005)
1313	2020-10-24	18883.88052100138	c(-1165791.44131195, -1159290.47401051, 5290255.09911352, 5313352.99775647)
1313	2020-10-24	18883.88052100138	c(-1154986.93661765, -1165791.44131195, 5274780.52958677, 5290255.09911352)
1340	2020-10-24	29177.40213215581	c(-1161398.67202422, -1154986.93661765, 5251663.32853496, 5274780.52958677)
1340	2020-10-24	29293.024766009523	c(-1150459.20906358, -1161398.67202422, 5236211.65927475, 5251663.32853496)
1367	2020-10-24	45578.62190832598	c(-1156781.97808148, -1150459.20906358, 5213075.79772905, 5236211.65927475)
1367	2020-10-24	45829.77812690037	c(-1145708.3728731, -1156781.97808148, 5197647.90247913, 5213075.79772905)
1394	2020-10-24	46053.21671964127	c(-1151942.4537934, -1145708.3728731, 5174494.01795682, 5197647.90247913)
1394	2020-10-24	46053.21671964127	c(-1140735.53587324, -1151942.4537934, 5159090.75342332, 5174494.01795682)
1421	2020-10-24	46274.973642981655	c(-1146881.21966862, -1140735.53587324, 5135919.47879082, 5159090.75342332)
1421	2020-10-24	46274.973642981655	c(-1135541.83174747, -1146881.21966862, 5120541.68440098, 5135919.47879082)
1448	2020-10-24	46495.04010636704	c(-1141599.42196313, -1135541.83174747, 5097353.64762517, 5120541.68440098)
1448	2020-10-24	46495.04010636704	c(-1130128.41957979, -1141599.42196313, 5082002.14529656, 5097353.64762517)
1475	2020-10-24	46713.407799041684	c(-1136098.23221856, -1130128.41957979, 5058797.96920073, 5082002.14529656)
1475	2020-10-24	46713.407799041684	c(-1124496.4833892, -1136098.23221856, 5043473.56312105, 5058797.96920073)
1475	2020-10-24	57831.14943762896	c(-1106997.0539933, -1124496.4833892, 5051397.46747333, 5043473.56312105)
1531	2020-10-24	76152.04128967713	c(-1095337.29234815, -1106997.0539933, 5036144.54730532, 5051397.46747333)
1586	2020-10-24	56440.5605434988	c(-1094997.90831967, -1089316.37272875, 4974464.73940147, 4997699.39419231)
1586	2020-10-24	56440.5605434988	c(-1083080.80465271, -1094997.90831967, 4959268.88704276, 4974464.73940147)
1614	2020-10-24	47303.27784283044	c(-1088676.27807533, -1083080.80465271, 4936020.56346193, 4959268.88704276)
1614	2020-10-24	47303.27784283044	c(-1076631.85443722, -1088676.27807533, 4920854.35100496, 4936020.56346193)
1614	2020-10-24	58267.101651092045	c(-1059063.21909512, -1076631.85443722, 4928978.61708964, 4920854.35100496)
1670	2020-10-24	75366.67223225889	c(-1046963.33712943, -1059063.21909512, 4913884.40322151, 4928978.61708964)
1698	2020-10-24	56560.6732021713	c(-1052361.2864531, -1046963.33712943, 4890624.2993534, 4913884.40322151)
1698	2020-10-24	56560.6732021713	c(-1040135.7426128, -1052361.2864531, 4875560.64945673, 4890624.2993534)
1698	2020-10-24	58365.50568753145	c(-1022582.88821943, -1040135.7426128, 4883798.2992791, 4875560.64945673)
1755	2020-10-24	77755.031788244	c(-1010302.91591053, -1022582.88821943, 4868806.59083508, 4883798.2992791)
1783	2020-10-24	77791.59012668746	c(-1015505.62951011, -1010302.91591053, 4845536.54720474, 4868806.59083508)
1783	2020-10-24	75515.63024747714	c(-1003101.65500936, -1015505.62951011, 4830576.26219634, 4845536.54720474)
1783	2020-10-24	75515.63024747714	c(-985564.954931722, -1003101.65500936, 4838926.2878524, 4830576.26219634)
1840	2020-10-24	94331.26454119722	c(-973107.554954977, -985564.954931722, 4824037.85326291, 4838926.2878524)
1868	2020-10-24	77910.55402771266	c(-978117.349218144, -973107.554954977, 4800759.61575209, 4824037.85326291)
1868	2020-10-24	75545.5093546793	c(-965537.606308165, -978117.349218144, 4785903.40014093, 4800759.61575209)
1868	2020-10-24	75545.5093546793	c(-948017.379730348, -965537.606308165, 4794364.79106896, 4785903.40014093)
1925	2020-10-24	94370.24356120339	c(-935385.186610167, -948017.379730348, 4779580.30216225, 4794364.79106896)
1953	2020-10-24	77860.26836090643	c(-940204.402847986, -935385.186610167, 4756295.52222166, 4779580.30216225)
1953	2020-10-24	75574.18733796306	c(-927451.523689908, -940204.402847986, 4741543.98465841, 4756295.52222166)
1981	2020-10-24	56716.20845631773	c(-932189.60737652, -927451.523689908, 4718250.55328406, 4741543.98465841)
1981	2020-10-24	56716.20845631773	c(-919316.991746469, -932189.60737652, 4703532.53263977, 4718250.55328406)
1981	2020-10-24	58817.23895287581	c(-901774.654704933, -919316.991746469, 4712145.99827065, 4703532.53263977)
2038	2020-10-24	78359.9584336048	c(-888851.238704362, -901774.654704933, 4697499.65356528, 4712145.99827065)
2038	2020-10-24	85670.80835883853	c(-871364.701396978, -888851.238704362, 4706180.74113308, 4697499.65356528)
2095	2020-10-24	104775.08112949037	c(-858390.699402121, -871364.701396978, 4691605.7825373, 4706180.74113308)
2123	2020-10-24	94576.40981871299	c(-862835.868266331, -858390.699402121, 4668312.49609064, 4691605.7825373)
2123	2020-10-24	94576.40981871299	c(-849744.479541576, -862835.868266331, 4653771.76727879, 4668312.49609064)
2123	2020-10-24	94849.12644879612	c(-832275.051232584, -849744.479541576, 4662561.18915061, 4653771.76727879)
2180	2020-10-24	113693.73632853427	c(-819133.964044647, -832275.051232584, 4648091.63200084, 4662561.18915061)
2208	2020-10-24	94608.49352095606	c(-823395.698719183, -819133.964044647, 4624796.19464883, 4648091.63200084)
2208	2020-10-24	94608.49352095606	c(-810138.863702137, -823395.698719183, 4610361.41509855, 4624796.19464883)
2236	2020-10-24	77748.78849369542	c(-814323.135804865, -810138.863702137, 4587060.15599716, 4610361.41509855)
2236	2020-10-24	75755.32588924664	c(-800951.516228514, -814323.135804865, 4572660.61154497, 4587060.15599716)
2236	2020-10-24	75755.32588924664	c(-783461.685894392, -800951.516228514, 4581598.00604282, 4572660.61154497)
2293	2020-10-24	94639.87380626902	c(-770041.891062669, -783461.685894392, 4567269.42159413, 4581598.00604282)
2320	2020-10-24	78950.50400532366	c(-774046.403754314, -770041.891062669, 4543968.13848668, 4567269.42159413)
2320	2020-10-24	78950.50400532366	c(-760513.456326921, -774046.403754314, 4529675.24185402, 4543968.13848668)
2320	2020-10-24	86629.43111241676	c(-743041.247593069, -760513.456326921, 4538718.5819459, 4529675.24185402)
2376	2020-10-24	105889.23351114405	c(-729460.937331595, -743041.247593069, 4524496.35307539, 4538718.5819459)
2404	2020-10-24	94791.65598005349	c(-733288.130500482, -729460.937331595, 4501196.18504306, 4524496.35307539)
2404	2020-10-24	94791.65598005349	c(-719596.287657765, -733288.130500482, 4487010.03833504, 4501196.18504306)
2431	2020-10-24	77690.62325809372	c(-723349.094927235, -719596.287657765, 4463706.09843739, 4487010.03833504)
2431	2020-10-24	75895.89492534118	c(-709546.691192252, -723349.094927235, 4449556.40236309, 4463706.09843739)
2475	2020-10-24	53775.488043132056	c(-812805.102394047, -809743.848070136, 3617325.87194409, 3640767.65268508)
2475	2020-10-24	63284.982879125666	c(-809743.848070136, -790958.689488633, 3640767.65268508, 3650236.99028937)
2504	2020-10-24	83901.75716312819	c(-790958.689488633, -787914.424415993, 3650236.99028937, 3673665.66528415)
2431	2020-10-24	75895.89492534118	c(-692055.568208538, -709546.691192252, 4458744.51933216, 4449556.40236309)
2487	2020-10-24	94819.69571863186	c(-678207.216827946, -692055.568208538, 4444665.14249653, 4458744.51933216)
2515	2020-10-24	79405.70983522314	c(-681786.459852431, -678207.216827946, 4421364.09965542, 4444665.14249653)
2504	2020-10-24	83901.75716312819	c(-787914.424415993, -769207.612958064, 3673665.66528415, 3683149.12053139)
2533	2020-10-24	83644.39267796554	c(-769207.612958064, -766181.012800991, 3683149.12053139, 3706565.12455431)
2515	2020-10-24	79405.70983522314	c(-667829.154135659, -681786.459852431, 4407321.47594762, 4421364.09965542)
2563	2020-10-24	68374.82770945829	c(-735421.61772218, -716979.918747086, 3809657.30583803, 3819146.48280602)
2592	2020-10-24	85883.16542383599	c(-716979.918747086, -713942.403053445, 3819146.48280602, 3842528.17260335)
2515	2020-10-24	87353.37955037232	c(-650355.830529922, -667829.154135659, 4416613.12076345, 4407321.47594762)
2572	2020-10-24	106732.75691592073	c(-636353.310119032, -650355.830529922, 4402640.45380698, 4416613.12076345)
2600	2020-10-24	107075.74508289904	c(-639761.453672529, -636353.310119032, 4379343.21939487, 4402640.45380698)
2592	2020-10-24	85883.16542383599	c(-713942.403053445, -695581.585324275, 3842528.17260335, 3852034.42846298)
2600	2020-10-24	107075.74508289904	c(-625651.569805635, -639761.453672529, 4365407.55219677, 4379343.21939487)
2629	2020-10-24	107415.97176462665	c(-628988.523310534, -625651.569805635, 4342108.31489485, 4365407.55219677)
2629	2020-10-24	107415.97176462665	c(-614772.249806621, -628988.523310534, 4328209.92902833, 4342108.31489485)
2658	2020-10-24	107753.43540112025	c(-618038.585274487, -614772.249806621, 4304909.0281356, 4328209.92902833)
2592	2020-10-24	101989.04921138554	c(-695581.585324275, -680230.269692386, 3852034.42846298, 3838199.48868046)
2651	2020-10-24	119618.10468016888	c(-680230.269692386, -661922.25653814, 3838199.48868046, 3847763.58912484)
2681	2020-10-24	135571.54331819218	c(-661922.25653814, -658994.002694444, 3847763.58912484, 3871122.57810604)
2658	2020-10-24	107753.43540112025	c(-603716.898795927, -618038.585274487, 4291048.18688087, 4304909.0281356)
2687	2020-10-24	108088.13513938819	c(-606913.195159879, -603716.898795927, 4267745.9528085, 4291048.18688087)
2681	2020-10-24	135571.54331819218	c(-658994.002694444, -640767.181956345, 3871122.57810604, 3880704.73707299)
2711	2020-10-24	143587.81388709717	c(-640767.181956345, -637860.580142567, 3880704.73707299, 3904053.55352542)
2715	2020-10-24	97938.5562654512	c(-604908.064733757, -601824.458624308, 4160691.47479975, 4184003.93727323)
2687	2020-10-24	108088.13513938819	c(-592487.074928416, -606913.195159879, 4253922.90119402, 4267745.9528085)
2716	2020-10-24	108420.07081688682	c(-595613.917877051, -592487.074928416, 4230619.65540658, 4253922.90119402)
2711	2020-10-24	143587.81388709717	c(-637860.580142567, -619715.436513049, 3904053.55352542, 3913654.38670567)
2742	2020-10-24	142071.96569455508	c(-619715.436513049, -616831.140788999, 3913654.38670567, 3936993.42793031)
2715	2020-10-24	98214.2931312288	c(-590215.554632291, -604908.064733757, 4146913.92556224, 4160691.47479975)
2715	2020-10-24	97938.5562654512	c(-601824.458624308, -584142.327205821, 4184003.93727323, 4193530.6752193)
2716	2020-10-24	108420.07081688682	c(-581084.345394101, -595613.917877051, 4216834.62025727, 4230619.65540658)
2746	2020-10-24	114760.19692273534	c(-584142.327205821, -581084.345394101, 4193530.6752193, 4216834.62025727)
2742	2020-10-24	142071.96569455508	c(-616831.140788999, -598768.16214691, 3936993.42793031, 3946613.53916634)
2773	2020-10-24	150911.57543237938	c(-598768.16214691, -595906.823762402, 3946613.53916634, 3969943.19680147)
2775	2020-10-24	131630.34469416898	c(-581384.441164322, -578437.126579454, 4086549.51505188, 4109862.34416955)
2773	2020-10-24	150911.57543237938	c(-595906.823762402, -577926.501234626, 3969943.19680147, 3979583.1780478)
2805	2020-10-24	166572.49509135608	c(-577926.501234626, -575088.76868971, 3979583.1780478, 4002903.83799527)
2775	2020-10-24	131990.61645218826	c(-566490.777036259, -581384.441164322, 4072849.65972216, 4086549.51505188)
2806	2020-10-24	149027.96167292865	c(-569370.864556521, -566490.777036259, 4049537.08442081, 4072849.65972216)
2715	2020-10-24	115242.94795670181	c(-572500.005355232, -590215.554632291, 4156479.52433958, 4146913.92556224)
2775	2020-10-24	131630.34469416898	c(-578437.126579454, -560688.54252866, 4109862.34416955, 4119466.68768259)
2776	2020-10-24	130891.68243436674	c(-557766.480621158, -572500.005355232, 4142771.13006347, 4156479.52433958)
2807	2020-10-24	147797.7471547789	c(-560688.54252866, -557766.480621158, 4119466.68768259, 4142771.13006347)
2805	2020-10-24	166572.49509135608	c(-575088.76868971, -557191.59670804, 4002903.83799527, 4012564.26927767)
2806	2020-10-24	152897.46970079406	c(-554378.115810266, -569370.864556521, 4035876.31163031, 4049537.08442081)
2837	2020-10-24	171936.69963663648	c(-557191.59670804, -554378.115810266, 4012564.26927767, 4035876.31163031)
3304	2020-10-24	54186.39090048481	c(-329914.278467972, -331662.367241288, 3343832.78004793, 3320560.6986301)
3335	2020-10-24	54004.308275843265	c(-311505.333928823, -329914.278467972, 3354157.45382626, 3343832.78004793)
3335	2020-10-24	54004.308275843265	c(-309778.848192146, -311505.333928823, 3377422.75321998, 3354157.45382626)
3367	2020-10-24	53821.471736271356	c(-291442.03353077, -309778.848192146, 3387764.80172867, 3377422.75321998)
3367	2020-10-24	53821.471736271356	c(-289737.840705101, -291442.03353077, 3411023.63496452, 3387764.80172867)
3399	2020-10-24	58269.43341195676	c(-271473.755802742, -289737.840705101, 3421383.66268388, 3411023.63496452)
3463	2020-10-24	38779.737406979366	c(-254886.921734563, -271473.755802742, 3408519.26791682, 3421383.66268388)
3463	2020-10-24	38767.520264095954	c(-236668.634800462, -254886.921734563, 3418932.03184193, 3408519.26791682)
3463	2020-10-24	39063.96886393761	c(-235064.653457673, -236668.634800462, 3442175.13658056, 3418932.03184193)
3497	2020-10-24	53421.2315394945	c(-216919.652735815, -235064.653457673, 3452606.92263371, 3442175.13658056)
3497	2020-10-24	53421.2315394945	c(-215339.91375067, -216919.652735815, 3475844.58935007, 3452606.92263371)
3531	2020-10-24	53237.21198515949	c(-197268.812569491, -215339.91375067, 3486295.97100648, 3475844.58935007)
3531	2020-10-24	53237.21198515949	c(-195713.998606514, -197268.812569491, 3509528.49158739, 3486295.97100648)
3565	2020-10-24	57976.44644031046	c(-177717.413140979, -195713.998606514, 3520000.03106281, 3509528.49158739)
3565	2020-10-24	57976.44644031046	c(-176188.204589027, -177717.413140979, 3543227.6919448, 3520000.03106281)
3599	2020-10-24	77160.92616579818	c(-158266.753911427, -176188.204589027, 3553719.94011117, 3543227.6919448)
3599	2020-10-24	77848.19933969656	c(-156763.828910802, -158266.753911427, 3576943.02219238, 3553719.94011117)
3634	2020-10-24	82892.34564740885	c(-138918.135036808, -156763.828910802, 3587456.51849287, 3576943.02219238)
3634	2020-10-24	82892.34564740885	c(-137442.169503671, -138918.135036808, 3610675.29704631, 3587456.51849287)
3669	2020-10-24	82676.27076085375	c(-119672.857433646, -137442.169503671, 3621210.56940987, 3610675.29704631)
3669	2020-10-24	82676.27076085375	c(-118224.525081726, -119672.857433646, 3644425.3139979, 3621210.56940987)
3705	2020-10-24	82459.70825149697	c(-100532.222837243, -118224.525081726, 3654982.87875331, 3644425.3139979)
3705	2020-10-24	82459.70825149697	c(-99112.1951968243, -100532.222837243, 3678193.85314344, 3654982.87875331)
3741	2020-10-24	82242.65487141626	c(-81497.533852423, -99112.1951968243, 3688774.21493286, 3678193.85314344)
3814	2020-10-24	61699.815320669055	c(-65270.4844040165, -81497.533852423, 3676176.64705129, 3688774.21493286)
3814	2020-10-24	52092.93118528602	c(-47701.1185857438, -65270.4844040165, 3686813.14485317, 3676176.64705129)
3814	2020-10-24	52092.93118528602	c(-46391.7336995725, -47701.1185857438, 3710014.45526551, 3686813.14485317)
3851	2020-10-24	51904.25009111277	c(-28900.6718732789, -46391.7336995725, 3720674.62141013, 3710014.45526551)
3851	2020-10-24	51904.25009111277	c(-27621.511644082, -28900.6718732789, 3743873.00594586, 3720674.62141013)
3888	2020-10-24	51714.726314551066	c(-10209.3991750323, -27621.511644082, 3754557.31239216, 3743873.00594586)
3888	2020-10-24	51714.726314551066	c(-8961.12892816099, -10209.3991750323, 3777753.00817813, 3754557.31239216)
3926	2020-10-24	51524.35461049618	c(8371.38569860841, -8961.12892816099, 3788461.91489114, 3777753.00817813)
3889	2020-10-24	81369.46953474217	c(-5175.81219906843, -6444.31876521942, 3847340.44624583, 3824144.57487788)
3926	2020-10-24	61046.66506947741	c(-6444.31876521942, 9588.10275509086, 3824144.57487788, 3811655.1528826)
3927	2020-10-24	81149.91505125722	c(12041.0700571763, -5175.81219906843, 3858041.94770616, 3847340.44624583)
3926	2020-10-24	51524.35461049618	c(9588.10275509086, 8371.38569860841, 3811655.1528826, 3788461.91489114)
3927	2020-10-24	81149.91505125722	c(13277.2878656487, 12041.0700571763, 3881235.50524263, 3858041.94770616)
3964	2020-10-24	80929.85151095212	c(30412.6774913803, 13277.2878656487, 3891962.58128235, 3881235.50524263)
3964	2020-10-24	80929.85151095212	c(31615.9499957602, 30412.6774913803, 3915154.04594593, 3891962.58128235)
4002	2020-10-24	80709.27618001157	c(48669.1940618858, 31615.9499957602, 3925907.11695011, 3915154.04594593)
4002	2020-10-24	80709.27618001157	c(49838.8668467548, 48669.1940618858, 3949096.70327961, 3925907.11695011)
4039	2020-10-24	80488.18643268086	c(66809.3092912406, 49838.8668467548, 3959876.1772434, 3949096.70327961)
4039	2020-10-24	80488.18643268086	c(67944.7300781681, 66809.3092912406, 3983064.09328613, 3959876.1772434)
4077	2020-10-24	80266.57976002803	c(84831.7117179646, 67944.7300781681, 3993870.36572609, 3983064.09328613)
4077	2020-10-24	80266.57976002803	c(85932.2303743018, 84831.7117179646, 4017056.81296753, 3993870.36572609)
4115	2020-10-24	80044.45377872998	c(102735.088922185, 85932.2303743018, 4027890.26683303, 4017056.81296753)
4115	2020-10-24	80044.45377872998	c(103800.057472663, 102735.088922185, 4051075.44012815, 4027890.26683303)
4153	2020-10-24	79821.80623990952	c(120518.127558988, 103800.057472663, 4061936.4457128, 4051075.44012815)
4153	2020-10-24	79821.80623990952	c(121546.900200115, 120518.127558988, 4085120.53321882, 4061936.4457128)
4191	2020-10-24	94300.36900230359	c(138179.513399483, 121546.900200115, 4096009.44807211, 4085120.53321882)
4260	2020-10-24	75445.03946877536	c(153822.783665433, 138179.513399483, 4083746.2240362, 4096009.44807211)
4260	2020-10-24	75442.43437446555	c(170409.220641066, 153822.783665433, 4094695.20787445, 4083746.2240362)
4260	2020-10-24	76746.28182103706	c(171312.465237399, 170409.220641066, 4117875.66333099, 4094695.20787445)
4295	2020-10-24	79356.26668589163	c(187812.648420046, 171312.465237399, 4128853.16754433, 4117875.66333099)
4295	2020-10-24	79356.26668589163	c(188677.825157418, 187812.648420046, 4152033.11906533, 4128853.16754433)
4329	2020-10-24	93996.30907159817	c(205091.072241848, 188677.825157418, 4163039.46572344, 4152033.11906533)
4395	2020-10-24	75204.1240578057	c(220680.023710228, 205091.072241848, 4150897.46845421, 4163039.46572344)
4395	2020-10-24	75202.63384608163	c(237047.046816197, 220680.023710228, 4161964.46073978, 4150897.46845421)
4395	2020-10-24	76606.49516484432	c(237783.745351659, 237047.046816197, 4185142.01409108, 4161964.46073978)
4429	2020-10-24	93837.01518581882	c(254062.996073358, 237783.745351659, 4196238.40391237, 4185142.01409108)
4495	2020-10-24	75078.14915865508	c(269647.324616413, 254062.996073358, 4184188.60743938, 4196238.40391237)
4495	2020-10-24	75077.27671258918	c(285880.39687127, 269647.324616413, 4195345.94898001, 4184188.60743938)
4495	2020-10-24	76533.41970549618	c(286486.870857853, 285880.39687127, 4218521.87444361, 4195345.94898001)
4528	2020-10-24	93681.45143586263	c(302631.306257572, 286486.870857853, 4229709.13467327, 4218521.87444361)
4594	2020-10-24	74955.15003181026	c(318211.93530286, 302631.306257572, 4217751.62543894, 4229709.13467327)
4594	2020-10-24	74954.82450286813	c(334310.205716177, 318211.93530286, 4229000.1387668, 4217751.62543894)
4594	2020-10-24	76464.8143574708	c(334784.684829074, 334310.205716177, 4252175.14287177, 4229000.1387668)
4627	2020-10-24	98002.28375038231	c(350793.426098427, 334784.684829074, 4263454.06150781, 4252175.14287177)
4691	2020-10-24	92703.85551835687	c(366371.242988699, 350793.426098427, 4251588.95049433, 4263454.06150781)
4691	2020-10-24	92703.85551835687	c(382333.800880922, 366371.242988699, 4262929.4183213, 4251588.95049433)
4691	2020-10-24	93521.64751196379	c(382674.491419754, 382333.800880922, 4286104.14319789, 4262929.4183213)
4723	2020-10-24	112226.44474473606	c(398546.600457, 382674.491419754, 4297475.46779586, 4286104.14319789)
4785	2020-10-24	97941.88751051821	c(414122.456376736, 398546.600457, 4285702.88997955, 4297475.46779586)
4785	2020-10-24	97941.88751051821	c(429948.331937601, 414122.456376736, 4297136.05398038, 4285702.88997955)
4846	2020-10-24	92691.60796183563	c(445569.668414695, 429948.331937601, 4285425.85687805, 4297136.05398038)
4846	2020-10-24	92691.60796183563	c(461349.459120172, 445569.668414695, 4296920.94456554, 4285425.85687805)
4846	2020-10-24	105467.0163637768	c(461462.607362752, 461349.459120172, 4320095.62690494, 4296920.94456554)
4877	2020-10-24	128424.32888429741	c(477150.772244468, 461462.607362752, 4331622.18645498, 4320095.62690494)
4938	2020-10-24	112067.48413380315	c(492771.475705646, 477150.772244468, 4320004.65529783, 4331622.18645498)
4938	2020-10-24	112067.48413380315	c(508413.459611049, 492771.475705646, 4331593.42738853, 4320004.65529783)
5000	2020-10-24	93751.41362195877	c(524080.283731047, 508413.459611049, 4320038.15228202, 4331593.42738853)
5000	2020-10-24	93239.62651998957	c(539676.215981459, 524080.283731047, 4331689.23290158, 4320038.15228202)
5000	2020-10-24	93239.62651998957	c(539558.75772102, 539676.215981459, 4354865.16524247, 4331689.23290158)
5032	2020-10-24	111923.57185908432	c(555061.817194521, 539558.75772102, 4366548.27006755, 4354865.16524247)
5093	2020-10-24	97866.32850439893	c(570729.275688019, 555061.817194521, 4355085.87572593, 4366548.27006755)
5093	2020-10-24	97866.32850439893	c(586186.1414569, 570729.275688019, 4366831.57519729, 4355085.87572593)
5154	2020-10-24	92710.13457569481	c(601900.353298073, 586186.1414569, 4355431.37049899, 4366831.57519729)
5154	2020-10-24	92710.13457569481	c(617311.135189884, 601900.353298073, 4367239.77169662, 4355431.37049899)
5154	2020-10-24	105472.16486845641	c(616959.874860144, 617311.135189884, 4390418.06046091, 4367239.77169662)
5185	2020-10-24	128438.74982262102	c(632276.468247408, 616959.874860144, 4402258.97307444, 4390418.06046091)
5246	2020-10-24	128451.18842010606	c(647992.519864781, 632276.468247408, 4390951.94438137, 4402258.97307444)
5276	2020-10-24	105482.41106929227	c(648437.039662808, 647992.519864781, 4367772.90185862, 4390951.94438137)
5276	2020-10-24	92729.30779595877	c(664245.172150466, 648437.039662808, 4356496.86968463, 4367772.90185862)
5276	2020-10-24	92729.30779595877	c(679564.095691757, 664245.172150466, 4368431.02092194, 4356496.86968463)
5276	2020-10-24	93141.82225456496	c(679026.270560166, 679564.095691757, 4391610.99300895, 4368431.02092194)
5308	2020-10-24	111827.49033999225	c(694250.41052909, 679026.270560166, 4403577.99051865, 4391610.99300895)
5371	2020-10-24	97879.82376737571	c(710061.357559526, 694250.41052909, 4392395.27405912, 4403577.99051865)
5371	2020-10-24	97879.82376737571	c(725239.400867032, 710061.357559526, 4404425.4965052, 4392395.27405912)
5432	2020-10-24	92770.3097908523	c(741098.010774272, 725239.400867032, 4393304.86811702, 4404425.4965052)
5432	2020-10-24	92770.3097908523	c(756230.037204686, 741098.010774272, 4405398.44534471, 4393304.86811702)
5491	2020-10-24	92788.72306420513	c(772136.459291234, 756230.037204686, 4394339.86864696, 4405398.44534471)
5491	2020-10-24	92788.72306420513	c(787222.543361417, 772136.459291234, 4406496.93659005, 4394339.86864696)
5491	2020-10-24	105554.4733671613	c(786351.905460735, 787222.543361417, 4429682.36481705, 4406496.93659005)
5521	2020-10-24	128542.77589541787	c(801341.433115108, 786351.905460735, 4441872.8139537, 4429682.36481705)
5580	2020-10-24	116383.59469455453	c(817252.255534766, 801341.433115108, 4430908.126805, 4441872.8139537)
5580	2020-10-24	112395.84223046301	c(832195.562570109, 817252.255534766, 4443162.35348905, 4430908.126805)
5639	2020-10-24	93366.70955708713	c(848154.821582443, 832195.562570109, 4432259.83087852, 4443162.35348905)
5639	2020-10-24	92977.0813079531	c(863051.962159163, 848154.821582443, 4444577.98032769, 4432259.83087852)
5639	2020-10-24	92977.0813079531	c(861938.260838111, 863051.962159163, 4467768.31622303, 4444577.98032769)
5669	2020-10-24	92304.72239220109	c(876737.31902648, 861938.260838111, 4480120.14474773, 4467768.31622303)
5669	2020-10-24	92019.57642649303	c(875568.542773092, 876737.31902648, 4503311.91517952, 4480120.14474773)
5699	2020-10-24	77504.68100390235	c(890268.696584865, 875568.542773092, 4515697.41832891, 4503311.91517952)
5699	2020-10-24	77504.68100390235	c(889044.242121982, 890268.696584865, 4538890.53593853, 4515697.41832891)
5728	2020-10-24	76816.00816210239	c(903644.669218014, 889044.242121982, 4551309.6937823, 4538890.53593853)
5728	2020-10-24	76816.00816210239	c(902363.937338882, 903644.669218014, 4574504.06309696, 4551309.6937823)
5758	2020-10-24	76598.94274158451	c(916863.815203251, 902363.937338882, 4586956.84015498, 4574504.06309696)
5758	2020-10-24	76598.94274158451	c(915526.21087886, 916863.815203251, 4610152.35758337, 4586956.84015498)
5786	2020-10-24	76465.11627271502	c(929924.716997658, 915526.21087886, 4622638.70275903, 4610152.35758337)
5786	2020-10-24	76100.95872475067	c(928529.649485852, 929924.716997658, 4645835.25659054, 4622638.70275903)
5815	2020-10-24	60122.271031002165	c(942825.96153051, 928529.649485852, 4658355.10310811, 4645835.25659054)
5870	2020-10-24	46606.03293003119	c(958571.4545587, 942825.96153051, 4647709.50427811, 4658355.10310811)
5870	2020-10-24	30066.441183530173	c(972819.322740991, 958571.4545587, 4660294.00166776, 4647709.50427811)
6115	2020-10-24	18329.96188010952	c(1084680.7264567, 1071674.54846433, 5089548.21767942, 5076637.33764934)
6143	2020-10-24	37696.72848020052	c(1093121.5332279, 1095380.44009344, 5148881.28844496, 5125686.47188105)
6172	2020-10-24	43586.197021987195	c(1105901.3603238, 1093121.5332279, 5161854.24984893, 5148881.28844496)
6172	2020-10-24	43586.197021987195	c(1103576.72217642, 1105901.3603238, 5185047.46361383, 5161854.24984893)
6200	2020-10-24	43361.99959945516	c(1116242.17998093, 1103576.72217642, 5198051.01410613, 5185047.46361383)
1183	2020-10-25	18297.877693890816	c(-1142364.69044306, -1135298.25231164, 5620992.05130644, 5643911.48242861)
1207	2020-10-25	28375.602543113397	c(-1181102.32707635, -1174242.03609756, 5444633.62351315, 5467647.81451323)
1208	2020-10-25	28016.45221167647	c(-1160462.67793522, -1153543.82894484, 5513640.48540984, 5536619.00693532)
1183	2020-10-25	18297.877693890816	c(-1132671.90985067, -1142364.69044306, 5605483.57774561, 5620992.05130644)
1209	2020-10-25	27654.608920762028	c(-1139648.33604496, -1132671.90985067, 5582540.5305575, 5605483.57774561)
1183	2020-10-25	27486.921510712866	c(-1135298.25231164, -1118662.2416193, 5643911.48242861, 5651334.35987842)
1210	2020-10-25	42885.14820571802	c(-1118662.2416193, -1111629.21677326, 5651334.35987842, 5674242.1433205)
1207	2020-10-25	28375.602543113397	c(-1174242.03609756, -1157246.34905213, 5467647.81451323, 5475113.54792176)
1208	2020-10-25	28136.347570077352	c(-1150417.50727143, -1160462.67793522, 5498114.51267084, 5513640.48540984)
1235	2020-10-25	43910.807123855106	c(-1157246.34905213, -1150417.50727143, 5475113.54792176, 5498114.51267084)
1208	2020-10-25	28016.45221167647	c(-1153543.82894484, -1136701.86410628, 5536619.00693532, 5544081.44701897)
1209	2020-10-25	27775.39628620296	c(-1129815.27829021, -1139648.33604496, 5567047.45880455, 5582540.5305575)
1236	2020-10-25	43388.57997351685	c(-1136701.86410628, -1129815.27829021, 5544081.44701897, 5567047.45880455)
1258	2020-10-25	19045.413678959896	c(-1213561.77998074, -1207002.20738188, 5228857.62726579, 5251984.61905687)
1259	2020-10-25	29052.223581445374	c(-1193822.06446477, -1187201.70838714, 5298203.68453479, 5321295.78718851)
1258	2020-10-25	19045.413678959896	c(-1202611.26135615, -1213561.77998074, 5213288.7711802, 5228857.62726579)
1285	2020-10-25	29558.003487099708	c(-1209080.88575748, -1202611.26135615, 5190142.30092768, 5213288.7711802)
1258	2020-10-25	29401.738553249797	c(-1207002.20738188, -1189610.91067954, 5251984.61905687, 5259547.36229903)
1259	2020-10-25	29168.928198335674	c(-1183080.39620291, -1193822.06446477, 5282659.50945175, 5298203.68453479)
1286	2020-10-25	45403.71456961305	c(-1189610.91067954, -1183080.39620291, 5259547.36229903, 5282659.50945175)
1285	2020-10-25	29673.03880345579	c(-1197995.55460706, -1209080.88575748, 5174597.34110732, 5190142.30092768)
1311	2020-10-25	46133.67134460699	c(-1204375.50017696, -1197995.55460706, 5151432.04764887, 5174597.34110732)
1311	2020-10-25	46383.759976019064	c(-1193156.19268457, -1204375.50017696, 5135911.86092283, 5151432.04764887)
1338	2020-10-25	46604.71784702365	c(-1199446.74178951, -1193156.19268457, 5112728.39498111, 5135911.86092283)
1338	2020-10-25	46604.71784702365	c(-1188094.30771205, -1199446.74178951, 5097233.84074865, 5112728.39498111)
1365	2020-10-25	46823.95332502301	c(-1194295.75561096, -1188094.30771205, 5074032.84825596, 5097233.84074865)
1365	2020-10-25	46823.95332502301	c(-1182811.05792536, -1194295.75561096, 5058564.76824652, 5074032.84825596)
1392	2020-10-25	60377.87869589183	c(-1188923.71265567, -1182811.05792536, 5035346.89009188, 5058564.76824652)
1392	2020-10-25	60602.09948564942	c(-1177307.62720188, -1188923.71265567, 5019906.10813597, 5035346.89009188)
1419	2020-10-25	76747.43144630725	c(-1183331.80945974, -1177307.62720188, 4996671.97991702, 5019906.10813597)
1419	2020-10-25	77162.777370714	c(-1171585.22457976, -1183331.80945974, 4981259.30172799, 4996671.97991702)
1502	2020-10-25	103851.31594462253	c(-1135972.8553507, -1147905.43913199, 4935224.40222804, 4950535.3988959)
1529	2020-10-25	108344.0267634073	c(-1141707.78089617, -1135972.8553507, 4911960.67046394, 4935224.40222804)
1529	2020-10-25	108344.0267634073	c(-1129647.27977411, -1141707.78089617, 4896679.57466334, 4911960.67046394)
1557	2020-10-25	94879.59326029744	c(-1135295.47935339, -1129647.27977411, 4873402.10650794, 4896679.57466334)
1557	2020-10-25	94879.59326029744	c(-1123107.98534522, -1135295.47935339, 4858151.64287451, 4873402.10650794)
1557	2020-10-25	95037.10507542868	c(-1105344.11677592, -1123107.98534522, 4866220.7918263, 4858151.64287451)
1613	2020-10-25	114243.0242902774	c(-1093102.06770816, -1105344.11677592, 4851043.29519381, 4866220.7918263)
1640	2020-10-25	104862.84314130872	c(-1098552.53273463, -1093102.06770816, 4827755.04491746, 4851043.29519381)
1640	2020-10-25	104862.84314130872	c(-1086185.18730885, -1098552.53273463, 4812609.0863499, 4827755.04491746)
1668	2020-10-25	96036.02638105894	c(-1091550.42482093, -1086185.18730885, 4789308.89304197, 4812609.0863499)
1668	2020-10-25	95069.79319975877	c(-1079058.72832742, -1091550.42482093, 4774195.14735273, 4789308.89304197)
1668	2020-10-25	95260.14770679393	c(-1061272.78353083, -1079058.72832742, 4782422.26156037, 4774195.14735273)
1725	2020-10-25	114317.37019195057	c(-1048728.33210223, -1061272.78353083, 4767381.54890557, 4782422.26156037)
1753	2020-10-25	95073.74535492869	c(-1053899.3288315, -1048728.33210223, 4744073.56561423, 4767381.54890557)
1753	2020-10-25	95073.74535492869	c(-1041232.23238531, -1053899.3288315, 4729065.86867926, 4744073.56561423)
1753	2020-10-25	95313.84764596327	c(-1023464.4390476, -1041232.23238531, 4737405.87969095, 4729065.86867926)
1810	2020-10-25	114310.54442137144	c(-1010745.59745928, -1023464.4390476, 4722471.05496354, 4737405.87969095)
1838	2020-10-25	95096.3883810161	c(-1015724.75351355, -1010745.59745928, 4699156.98338603, 4722471.05496354)
1838	2020-10-25	95096.3883810161	c(-1002884.97032531, -1015724.75351355, 4684255.91259048, 4699156.98338603)
1838	2020-10-25	95367.79392358163	c(-985135.615066208, -1002884.97032531, 4692707.72812694, 4684255.91259048)
1895	2020-10-25	114719.96358083612	c(-972245.066811396, -985135.615066208, 4677879.33658234, 4692707.72812694)
1951	2020-10-25	106320.74788315319	c(-968733.512527141, -964025.01384475, 4616440.13129186, 4639766.81894708)
1951	2020-10-25	106320.74788315319	c(-955605.454646014, -968733.512527141, 4601681.14018813, 4616440.13129186)
1951	2020-10-25	114549.48786179457	c(-937837.483348942, -955605.454646014, 4610286.31204595, 4601681.14018813)
2008	2020-10-25	133365.10914075247	c(-924660.326709057, -937837.483348942, 4595599.84422928, 4610286.31204595)
2036	2020-10-25	115228.37566371153	c(-929183.089360394, -924660.326709057, 4572271.16599582, 4595599.84422928)
2036	2020-10-25	115228.37566371153	c(-915889.362968476, -929183.089360394, 4557620.24501297, 4572271.16599582)
2036	2020-10-25	119296.46376579517	c(-898140.676760123, -915889.362968476, 4566334.64437142, 4557620.24501297)
2093	2020-10-25	139068.4601423322	c(-884798.757347852, -898140.676760123, 4551755.96814754, 4566334.64437142)
2121	2020-10-25	133553.67376573407	c(-889138.263670818, -884798.757347852, 4528426.66555835, 4551755.96814754)
2121	2020-10-25	133553.67376573407	c(-875681.462425736, -889138.263670818, 4513884.04932696, 4528426.66555835)
2121	2020-10-25	133561.9550024743	c(-857952.152688585, -875681.462425736, 4522706.57802361, 4513884.04932696)
2178	2020-10-25	152683.33526368736	c(-844448.031866147, -857952.152688585, 4508235.90035502, 4522706.57802361)
2206	2020-10-25	133571.3693433839	c(-848606.77374547, -844448.031866147, 4484907.24511335, 4508235.90035502)
2206	2020-10-25	133571.3693433839	c(-834989.448144296, -848606.77374547, 4470473.08001615, 4484907.24511335)
2234	2020-10-25	115598.10473644786	c(-839071.253158483, -834989.448144296, 4447139.53673925, 4470473.08001615)
2234	2020-10-25	115598.10473644786	c(-825341.714528734, -839071.253158483, 4432742.29946622, 4447139.53673925)
2234	2020-10-25	119943.99858682299	c(-807596.226290955, -825341.714528734, 4441713.25735083, 4432742.29946622)
2291	2020-10-25	139827.57314020416	c(-793820.881601282, -807596.226290955, 4427387.60382564, 4441713.25735083)
2318	2020-10-25	133743.3950086801	c(-797725.735268943, -793820.881601282, 4404056.70291238, 4427387.60382564)
2336	2020-10-25	69707.70196019449	c(-894530.619760577, -891227.198052303, 3664212.5126238, 3687686.65076083)
2318	2020-10-25	133743.3950086801	c(-783839.843056735, -797725.735268943, 4389768.3346604, 4404056.70291238)
2336	2020-10-25	69875.76511272373	c(-878877.624842216, -894530.619760577, 3650069.05624948, 3664212.5126238)
2363	2020-10-25	84775.20081212404	c(-882110.299688702, -878877.624842216, 3626596.19611138, 3650069.05624948)
2336	2020-10-25	69707.70196019449	c(-891227.198052303, -872357.722546158, 3687686.65076083, 3697001.72408636)
2364	2020-10-25	87544.69082329693	c(-872357.722546158, -869070.599383397, 3697001.72408636, 3720461.50593087)
2363	2020-10-25	84775.20081212404	c(-866363.358167917, -882110.299688702, 3612497.17100721, 3626596.19611138)
2364	2020-10-25	87544.69082329693	c(-869070.599383397, -850280.593263724, 3720461.50593087, 3729790.22174848)
2393	2020-10-25	103734.33110369738	c(-850280.593263724, -847010.442001506, 3729790.22174848, 3753236.10444884)
2396	2020-10-25	101364.71591148019	c(-820214.788277737, -816786.817822893, 3940648.476709, 3964055.52588419)
2318	2020-10-25	133770.73843364746	c(-766114.090360228, -783839.843056735, 4398844.79943831, 4389768.3346604)
2374	2020-10-25	152999.2750304756	c(-752183.184684177, -766114.090360228, 4384627.63429198, 4398844.79943831)
2402	2020-10-25	140374.00338280085	c(-755913.610877936, -752183.184684177, 4361300.413028, 4384627.63429198)
2393	2020-10-25	103734.33110369738	c(-847010.442001506, -828300.3477504, 3753236.10444884, 3762579.16432926)
2421	2020-10-25	113402.95569513105	c(-828300.3477504, -825047.838248322, 3762579.16432926, 3786011.59987373)
2422	2020-10-25	102505.21076337263	c(-818490.524656174, -815185.823623099, 3832863.98922345, 3856283.92138743)
2396	2020-10-25	101631.46266691438	c(-805168.166212928, -820214.788277737, 3926518.54298816, 3940648.476709)
2423	2020-10-25	112685.26724452905	c(-808524.592261863, -805168.166212928, 3903111.20837575, 3926518.54298816)
2396	2020-10-25	101364.71591148019	c(-816786.817822893, -798403.955575934, 3964055.52588419, 3973320.54571061)
2424	2020-10-25	111216.20056798148	c(-798403.955575934, -794996.276459782, 3973320.54571061, 3996715.19504242)
2402	2020-10-25	140374.00338280085	c(-741873.808332144, -755913.610877936, 4347120.83259738, 4361300.413028)
2429	2020-10-25	138128.6604801441	c(-745530.492625527, -741873.808332144, 4323790.69909194, 4347120.83259738)
2421	2020-10-25	113402.95569513105	c(-825047.838248322, -806418.101105342, 3786011.59987373, 3795369.69361234)
2422	2020-10-25	102765.5956709552	c(-803183.899816445, -818490.524656174, 3818789.12874889, 3832863.98922345)
2422	2020-10-25	102505.21076337263	c(-815185.823623099, -796664.086364937, 3856283.92138743, 3865615.85792109)
2423	2020-10-25	112685.26724452905	c(-793378.576000084, -808524.592261863, 3889023.13159295, 3903111.20837575)
2451	2020-10-25	120065.13408810618	c(-796664.086364937, -793378.576000084, 3865615.85792109, 3889023.13159295)
2424	2020-10-25	111216.20056798148	c(-794996.276459782, -776697.041730984, 3996715.19504242, 4005998.20431142)
2429	2020-10-25	138128.6604801441	c(-731382.789516359, -745530.492625527, 4309649.02903841, 4323790.69909194)
2457	2020-10-25	138599.0269754136	c(-734966.295607683, -731382.789516359, 4286316.3640969, 4309649.02903841)
2481	2020-10-25	133377.54770787357	c(-755095.132414148, -751729.973828428, 4038682.52765248, 4062053.69735178)
2457	2020-10-25	138599.0269754136	c(-720711.691700644, -734966.295607683, 4272212.9112783, 4286316.3640969)
2484	2020-10-25	147316.7527145855	c(-724222.590809373, -720711.691700644, 4248878.08673237, 4272212.9112783)
2424	2020-10-25	122549.05007811141	c(-776697.041730984, -761776.03482101, 4005998.20431142, 3991928.19060393)
2480	2020-10-25	142210.20783068688	c(-761776.03482101, -743530.902759562, 3991928.19060393, 4001271.05819869)
2481	2020-10-25	133737.99604743294	c(-740236.626711253, -755095.132414148, 4024642.76878444, 4038682.52765248)
2509	2020-10-25	150986.58591988162	c(-743530.902759562, -740236.626711253, 4001271.05819869, 4024642.76878444)
2481	2020-10-25	133377.54770787357	c(-751729.973828428, -733599.313634996, 4062053.69735178, 4071374.57306858)
2510	2020-10-25	149755.49407349798	c(-733599.313634996, -730256.378180311, 4071374.57306858, 4094734.65141899)
2511	2020-10-25	149134.11437381722	c(-723522.204753423, -720131.069454278, 4141443.12379716, 4164791.50378198)
2484	2020-10-25	147316.7527145855	c(-709862.089024938, -724222.590809373, 4234813.13923493, 4248878.08673237)
2512	2020-10-25	163234.07001131575	c(-713300.959716754, -709862.089024938, 4211476.5178689, 4234813.13923493)
2510	2020-10-25	149755.49407349798	c(-730256.378180311, -712210.67188187, 4094734.65141899, 4104075.37999523)
2511	2020-10-25	149134.11437381722	c(-708890.597550894, -723522.204753423, 4127424.79148789, 4141443.12379716)
2539	2020-10-25	165256.38017053367	c(-712210.67188187, -708890.597550894, 4104075.37999523, 4127424.79148789)
2511	2020-10-25	152634.74413282867	c(-720131.069454278, -702202.993842297, 4164791.50378198, 4174112.28052971)
2512	2020-10-25	163697.33708585595	c(-698835.565830371, -713300.959716754, 4197450.34504686, 4211476.5178689)
2540	2020-10-25	171442.02079692224	c(-702202.993842297, -698835.565830371, 4174112.28052971, 4197450.34504686)
3397	2020-10-25	54293.271654850396	c(-281345.085924872, -299804.863635712, 3281852.23603416, 3271458.70131063)
3397	2020-10-25	54293.271654850396	c(-279725.685896392, -281345.085924872, 3305109.28802462, 3281852.23603416)
3430	2020-10-25	54114.2981556882	c(-261336.701345226, -279725.685896392, 3315519.92438484, 3305109.28802462)
3430	2020-10-25	54114.2981556882	c(-259739.372461942, -261336.701345226, 3338770.75353797, 3315519.92438484)
3462	2020-10-25	58367.099747572705	c(-241421.791438677, -259739.372461942, 3349199.10052584, 3338770.75353797)
3462	2020-10-25	58367.099747572705	c(-239847.225583504, -241421.791438677, 3372444.01151592, 3349199.10052584)
3496	2020-10-25	77616.17876642074	c(-221601.661095824, -239847.225583504, 3382890.66717872, 3372444.01151592)
3563	2020-10-25	60788.323878297335	c(-204903.576232841, -221601.661095824, 3370126.13973003, 3382890.66717872)
3563	2020-10-25	53722.714826144205	c(-186702.960989029, -204903.576232841, 3380625.18438104, 3370126.13973003)
3563	2020-10-25	53722.714826144205	c(-185228.055386835, -186702.960989029, 3403855.37524827, 3380625.18438104)
3597	2020-10-25	58164.171556792084	c(-167100.039578605, -185228.055386835, 3414373.77373306, 3403855.37524827)
3597	2020-10-25	58164.171556792084	c(-165649.861440809, -167100.039578605, 3437599.04204508, 3414373.77373306)
3632	2020-10-25	77375.36640805451	c(-147595.071473703, -165649.861440809, 3448137.36153024, 3437599.04204508)
3632	2020-10-25	77977.76669108015	c(-146170.305710066, -147595.071473703, 3471357.98798701, 3448137.36153024)
3667	2020-10-25	83448.20405322265	c(-128189.370845109, -146170.305710066, 3481916.7844123, 3471357.98798701)
3738	2020-10-25	62602.035031237996	c(-111603.763102739, -128189.370845109, 3469287.9493801, 3481916.7844123)
3738	2020-10-25	53153.14880502436	c(-93667.290685784, -111603.763102739, 3479900.55087898, 3469287.9493801)
3738	2020-10-25	53153.14880502436	c(-92346.3998887246, -93667.290685784, 3503109.30896845, 3479900.55087898)
3775	2020-10-25	52971.51133160545	c(-74484.4163148889, -92346.3998887246, 3513743.36376862, 3503109.30896845)
3775	2020-10-25	52971.51133160545	c(-73190.894265363, -74484.4163148889, 3536948.39253772, 3513743.36376862)
3812	2020-10-25	57804.81852413827	c(-55404.0426390794, -73190.894265363, 3547604.42502273, 3536948.39253772)
3812	2020-10-25	57804.81852413827	c(-54138.5678071082, -55404.0426390794, 3570805.98003483, 3547604.42502273)
3849	2020-10-25	76946.68840082367	c(-36427.4942394372, -54138.5678071082, 3581484.50305469, 3570805.98003483)
3849	2020-10-25	77663.93434589343	c(-35190.7429741424, -36427.4942394372, 3604682.83407915, 3581484.50305469)
3886	2020-10-25	82564.79588507027	c(-17556.0966132929, -35190.7429741424, 3615384.34885758, 3604682.83407915)
3886	2020-10-25	82564.79588507027	c(-16348.7431548103, -17556.0966132929, 3638579.69978492, 3615384.34885758)
3924	2020-10-25	82352.81633294217	c(1208.8237881625, -16348.7431548103, 3649304.69582621, 3638579.69978492)
3924	2020-10-25	82352.81633294217	c(2386.10729950148, 1208.8237881625, 3672497.30458459, 3649304.69582621)
3961	2020-10-25	82140.27733322476	c(19865.9395298375, 2386.10729950148, 3683246.25958016, 3672497.30458459)
3961	2020-10-25	82140.27733322476	c(21012.483047069, 19865.9395298375, 3706436.35805331, 3683246.25958016)
3999	2020-10-25	95667.07092140512	c(38413.9221702857, 21012.483047069, 3717209.73778796, 3706436.35805331)
3999	2020-10-25	95667.07092140512	c(39529.0577361301, 38413.9221702857, 3740397.55173439, 3717209.73778796)
4036	2020-10-25	111030.39141786742	c(56851.4422468938, 39529.0577361301, 3751195.80999226, 3740397.55173439)
4036	2020-10-25	111030.39141786742	c(57934.5039928395, 56851.4422468938, 3774381.55896594, 3751195.80999226)
4074	2020-10-25	110679.69402373719	c(75177.1692687048, 57934.5039928395, 3785205.13743639, 3774381.55896594)
4074	2020-10-25	110679.69402373719	c(76227.4934168633, 75177.1692687048, 3808389.03470886, 3785205.13743639)
4112	2020-10-25	116513.93096070399	c(93389.7717169268, 76227.4934168633, 3819238.36289204, 3808389.03470886)
4112	2020-10-25	116513.93096070399	c(94406.6965846688, 93389.7717169268, 3842420.61537593, 3819238.36289204)
4150	2020-10-25	133282.8751857138	c(111487.917053136, 94406.6965846688, 3853296.11048841, 3842420.61537593)
4150	2020-10-25	133282.8751857138	c(112470.783060512, 111487.917053136, 3876476.9186625, 3853296.11048841)
4188	2020-10-25	140302.34048249442	c(129470.27173519, 112470.783060512, 3887378.98554279, 3876476.9186625)
4188	2020-10-25	140302.34048249442	c(130418.421415141, 129470.27173519, 3910558.54337851, 3887378.98554279)
4224	2020-10-25	139809.6285813082	c(147335.501240868, 130418.421415141, 3921487.57439261, 3910558.54337851)
4224	2020-10-25	139809.6285813082	c(148248.279252228, 147335.501240868, 3944666.06928213, 3921487.57439261)
4258	2020-10-25	139314.7043277277	c(165082.270099261, 148248.279252228, 3955622.4442292, 3944666.06928213)
4258	2020-10-25	139314.7043277277	c(165959.023242548, 165082.270099261, 3978800.05691507, 3955622.4442292)
4293	2020-10-25	140511.71201342868	c(182709.241929919, 165959.023242548, 3989784.14293329, 3978800.05691507)
4293	2020-10-25	140511.71201342868	c(183549.319165917, 182709.241929919, 4012961.04743967, 3989784.14293329)
4327	2020-10-25	151866.38421725397	c(200215.079489728, 183549.319165917, 4023973.19891226, 4012961.04743967)
4393	2020-10-25	132572.37155431652	c(216080.169691468, 200215.079489728, 4011839.85506973, 4023973.19891226)
4393	2020-10-25	132349.44994898338	c(232700.720792974, 216080.169691468, 4022911.70460388, 4011839.85506973)
4393	2020-10-25	132349.44994898338	c(233416.267855566, 232700.720792974, 4046085.67466365, 4022911.70460388)
4427	2020-10-25	151359.16944287022	c(249951.531529103, 233416.267855566, 4057186.21502487, 4046085.67466365)
4427	2020-10-25	151579.10107144297	c(250628.504495424, 249951.531529103, 4080360.0207312, 4057186.21502487)
4460	2020-10-25	169792.13017250042	c(267077.780766778, 250628.504495424, 4091489.57074462, 4080360.0207312)
4526	2020-10-25	151153.21874880433	c(282890.969928188, 267077.780766778, 4079476.43059991, 4091489.57074462)
4526	2020-10-25	151153.21874880433	c(299294.966700415, 282890.969928188, 4090666.31358046, 4079476.43059991)
4526	2020-10-25	151300.17618592447	c(299844.382333328, 299294.966700415, 4113838.3822325, 4090666.31358046)
4559	2020-10-25	169536.02441592613	c(316161.523380398, 299844.382333328, 4125057.84394682, 4113838.3822325)
4625	2020-10-25	150955.93772023983	c(331971.053616422, 316161.523380398, 4113136.13871566, 4125057.84394682)
4625	2020-10-25	150955.93772023983	c(348242.952317436, 331971.053616422, 4124416.28007524, 4113136.13871566)
4625	2020-10-25	151029.3697656789	c(348663.008580203, 348242.952317436, 4147587.3691214, 4124416.28007524)
4658	2020-10-25	169286.58285971227	c(364847.155067975, 348663.008580203, 4158897.62412568, 4147587.3691214)
4721	2020-10-25	150767.09611217296	c(380653.964833215, 364847.155067975, 4147067.5074433, 4158897.62412568)
4721	2020-10-25	150767.09611217296	c(396792.873817439, 380653.964833215, 4158438.7838374, 4147067.5074433)
4783	2020-10-25	136286.02397713868	c(412643.672283387, 396792.873817439, 4146670.57416513, 4158438.7838374)
4783	2020-10-25	136286.02397713868	c(428737.526980032, 412643.672283387, 4158102.96833708, 4146670.57416513)
4783	2020-10-25	142688.3516692042	c(428936.968530561, 428737.526980032, 4181273.12672977, 4158102.96833708)
4814	2020-10-25	165334.8436509389	c(444941.936149823, 428936.968530561, 4192736.37452566, 4181273.12672977)
4875	2020-10-25	162172.93389936973	c(460791.478202089, 444941.936149823, 4181059.89004165, 4192736.37452566)
4875	2020-10-25	162172.93389936973	c(476751.349479002, 460791.478202089, 4192584.59752362, 4181059.89004165)
4936	2020-10-25	162169.9117422773	c(492645.593920611, 476751.349479002, 4180969.85308222, 4192584.59752362)
4936	2020-10-25	162169.9117422773	c(508560.532486636, 492645.593920611, 4192556.12915863, 4180969.85308222)
4998	2020-10-25	150592.56553095824	c(524499.635738396, 508560.532486636, 4181003.00590325, 4192556.12915863)
4998	2020-10-25	150525.81162045136	c(540369.800304768, 524499.635738396, 4192650.96629739, 4181003.00590325)
4998	2020-10-25	150525.81162045136	c(540255.539585861, 540369.800304768, 4215821.95499754, 4192650.96629739)
5030	2020-10-25	168828.55978732175	c(556035.36262352, 540255.539585861, 4227501.67365874, 4215821.95499754)
5091	2020-10-25	150436.90594836147	c(571975.162766247, 556035.36262352, 4216040.5083251, 4227501.67365874)
5091	2020-10-25	150436.90594836147	c(587710.108046597, 571975.162766247, 4227782.25724577, 4216040.5083251)
5091	2020-10-25	153019.03457687792	c(587459.017676463, 587710.108046597, 4250955.13237414, 4227782.25724577)
5122	2020-10-25	174313.70671667063	c(603102.591219441, 587459.017676463, 4262729.03138598, 4250955.13237414)
5183	2020-10-25	165331.7541078874	c(619043.878946568, 603102.591219441, 4251360.11660164, 4262729.03138598)
5183	2020-10-25	165331.7541078874	c(634642.439004338, 619043.878946568, 4263196.38423796, 4251360.11660164)
5244	2020-10-25	150309.43775215023	c(650629.834217292, 634642.439004338, 4251889.05420245, 4263196.38423796)
5244	2020-10-25	150309.43775215023	c(666183.50466626, 650629.834217292, 4263787.82270767, 4251889.05420245)
5306	2020-10-25	136159.22321411883	c(682217.172969505, 666183.50466626, 4252542.00226452, 4263787.82270767)
5306	2020-10-25	136159.22321411883	c(697726.072521405, 682217.172969505, 4264503.41037572, 4252542.00226452)
5369	2020-10-25	128505.09157523405	c(713806.184140366, 697726.072521405, 4253319.0312637, 4264503.41037572)
5369	2020-10-25	128505.09157523405	c(729270.426281333, 713806.184140366, 4265343.22417306, 4253319.0312637)
5369	2020-10-25	139113.9806160908	c(728606.174903755, 729270.426281333, 4288521.96001285, 4265343.22417306)
5400	2020-10-25	162302.23038603406	c(743977.085227446, 728606.174903755, 4300579.24431764, 4288521.96001285)
5460	2020-10-25	150237.23887107463	c(760061.008218542, 743977.085227446, 4289487.68852832, 4300579.24431764)
5460	2020-10-25	149950.2445719735	c(775387.048426989, 760061.008218542, 4301608.10063752, 4289487.68852832)
5519	2020-10-25	131076.05139560188	c(791518.111637911, 775387.048426989, 4290578.04079866, 4301608.10063752)
5519	2020-10-25	131009.39050899351	c(806799.374731935, 791518.111637911, 4302761.73636441, 4290578.04079866)
5578	2020-10-25	112392.17078881619	c(822977.756538095, 806799.374731935, 4291793.13312779, 4302761.73636441)
5578	2020-10-25	112392.17078881619	c(838214.330089714, 822977.756538095, 4304040.27405791, 4291793.13312779)
5637	2020-10-25	94102.86061377042	c(854440.213212147, 838214.330089714, 4293133.09513612, 4304040.27405791)
5637	2020-10-25	93557.49652752544	c(869632.179298592, 854440.213212147, 4305443.84955839, 4293133.09513612)
5696	2020-10-25	74867.94617594176	c(885905.750750413, 869632.179298592, 4294598.06977789, 4305443.84955839)
5696	2020-10-25	74867.94617594176	c(901053.185887083, 885905.750750413, 4306972.61200478, 4294598.06977789)
5696	2020-10-25	76502.66944407052	c(899876.041195922, 901053.185887083, 4330163.08444074, 4306972.61200478)
5725	2020-10-25	93461.39570779608	c(914927.603665431, 899876.041195922, 4342571.68708065, 4330163.08444074)
5725	2020-10-25	93461.39570779608	c(913695.800944293, 914927.603665431, 4365763.79732909, 4342571.68708065)
5755	2020-10-25	104785.25533825364	c(928650.65223479, 913695.800944293, 4378206.48133354, 4365763.79732909)
5811	2020-10-25	85734.31304121682	c(944889.142899555, 928650.65223479, 4367487.15322538, 4378206.48133354)
5811	2020-10-25	77990.48330168947	c(959798.77405273, 944889.142899555, 4379994.12683818, 4367487.15322538)
5811	2020-10-25	77990.48330168947	c(958417.545507124, 959798.77405273, 4403190.26759968, 4379994.12683818)
5839	2020-10-25	77780.53377084447	c(973229.236801457, 958417.545507124, 4415731.47038004, 4403190.26759968)
5839	2020-10-25	77780.53377084447	c(971791.439363552, 973229.236801457, 4438929.00297126, 4415731.47038004)
5867	2020-10-25	77569.56850849601	c(986504.345017765, 971791.439363552, 4451504.41243962, 4438929.00297126)
5840	2020-10-25	103706.20135462371	c(967440.507358054, 968897.055455261, 4508521.96018995, 4485324.24773602)
5867	2020-10-25	84816.9364213433	c(968897.055455261, 985009.372819628, 4485324.24773602, 4474703.22299376)
5868	2020-10-25	103342.46150275604	c(982000.11852635, 967440.507358054, 4521100.86814206, 4508521.96018995)
5867	2020-10-25	77569.56850849601	c(985009.372819628, 986504.345017765, 4474703.22299376, 4451504.41243962)
5868	2020-10-25	103342.46150275604	c(980485.876393255, 982000.11852635, 4544299.70289679, 4521100.86814206)
5892	2020-10-25	111876.86150202308	c(994944.577641364, 980485.876393255, 4556912.56302914, 4544299.70289679)
5936	2020-10-25	92983.56815383436	c(1010971.57287257, 994944.577641364, 4546357.4515501, 4556912.56302914)
5936	2020-10-25	92697.98641235854	c(1025383.04620993, 1010971.57287257, 4559035.18824451, 4546357.4515501)
5915	2020-10-25	129676.70457462358	c(1006097.58963607, 1007728.99863232, 4615959.81957305, 4592759.13154604)
5936	2020-10-25	111430.0950575386	c(1007728.99863232, 1023712.95801283, 4592759.13154604, 4582237.06712463)
5937	2020-10-25	120995.97255866481	c(1020351.9522969, 1006097.58963607, 4628640.34871837, 4615959.81957305)
5937	2020-10-25	120605.75488568441	c(1002814.63656315, 1018661.07963049, 4662360.89163891, 4651841.75132252)
5936	2020-10-25	92697.98641235854	c(1023712.95801283, 1025383.04620993, 4582237.06712463, 4559035.18824451)
5937	2020-10-25	120605.75488568441	c(1018661.07963049, 1020351.9522969, 4651841.75132252, 4628640.34871837)
6142	2020-10-25	145356.9925290655	c(1089044.89118981, 1073803.53606681, 5043154.0108146, 5053440.0009845)
6142	2020-10-25	144802.81724044014	c(1102109.86136031, 1089044.89118981, 5056097.9354204, 5043154.0108146)
6142	2020-10-25	144802.81724044014	c(1099874.63444832, 1102109.86136031, 5079294.79569119, 5056097.9354204)
6227	2020-10-25	132732.5220284243	c(1128074.02891716, 1112827.17462915, 5082081.73336376, 5092270.08679603)
6227	2020-10-25	122923.27504963744	c(1140972.81565067, 1128074.02891716, 5095121.51847121, 5082081.73336376)
6227	2020-10-25	122923.27504963744	c(1138565.21412217, 1140972.81565067, 5118316.22802753, 5095121.51847121)
6255	2020-10-25	128539.06259954571	c(1151350.30043849, 1138565.21412217, 5131386.97901633, 5118316.22802753)
6255	2020-10-25	128539.06259954571	c(1148876.22618595, 1151350.30043849, 5154579.81001001, 5131386.97901633)
6282	2020-10-25	144047.20076122638	c(1161546.80811272, 1148876.22618595, 5167681.20886102, 5154579.81001001)
6282	2020-10-25	144296.99818375206	c(1159005.75624808, 1161546.80811272, 5190871.90872269, 5167681.20886102)
1104	2020-10-26	42975.15820828959	c(-1171023.510444, -1163742.90695357, 5667675.77199013, 5690557.93873432)
1128	2020-10-26	28242.893370550766	c(-1211462.71062876, -1204389.79107788, 5491476.57857268, 5514458.5389837)
1129	2020-10-26	43481.41359659179	c(-1190184.71430327, -1183052.78228146, 5560384.94615047, 5583329.43996753)
1104	2020-10-26	42975.15820828959	c(-1161540.76065051, -1171023.510444, 5652088.37732951, 5667675.77199013)
1130	2020-10-26	43217.36145014242	c(-1168730.69317793, -1161540.76065051, 5629181.13023036, 5652088.37732951)
1128	2020-10-26	28362.931727259507	c(-1201411.20151768, -1211462.71062876, 5475833.8556846, 5491476.57857268)
1154	2020-10-26	38815.466881628985	c(-1208393.20526022, -1201411.20151768, 5452828.53331857, 5475833.8556846)
1128	2020-10-26	28242.893370550766	c(-1204389.79107788, -1187387.76780579, 5514458.5389837, 5521807.52468473)
1129	2020-10-26	43744.84615000351	c(-1180346.5608943, -1190184.71430327, 5544775.91533095, 5560384.94615047)
1155	2020-10-26	43982.944083994626	c(-1187387.76780579, -1180346.5608943, 5521807.52468473, 5544775.91533095)
1129	2020-10-26	43481.41359659179	c(-1183052.78228146, -1166205.72390166, 5583329.43996753, 5590675.92342498)
1130	2020-10-26	43217.36145014242	c(-1159106.31630451, -1168730.69317793, 5613607.58845422, 5629181.13023036)
1156	2020-10-26	55396.919004498806	c(-1166205.72390166, -1159106.31630451, 5590675.92342498, 5613607.58845422)
1178	2020-10-26	29278.540296956893	c(-1246016.92076709, -1239247.38993326, 5275751.27160763, 5298852.584234)
1203	2020-10-26	46244.2898081968	c(-1261854.98404374, -1255238.77059584, 5167527.64607176, 5190686.14849463)
1178	2020-10-26	29395.376749234892	c(-1235264.91193279, -1246016.92076709, 5260089.04756365, 5275751.27160763)
1204	2020-10-26	45737.580479575394	c(-1241943.62474346, -1235264.91193279, 5236966.83562552, 5260089.04756365)
1178	2020-10-26	29278.540296956893	c(-1239247.38993326, -1221845.7552081, 5298852.584234, 5306297.28087626)
1205	2020-10-26	45227.041140350135	c(-1221845.7552081, -1215105.53061936, 5306297.28087626, 5329383.33316112)
1203	2020-10-26	46496.28584084625	c(-1250757.24688038, -1261854.98404374, 5151864.20763313, 5167527.64607176)
1230	2020-10-26	46718.20735120049	c(-1257282.77259962, -1250757.24688038, 5128686.0614708, 5151864.20763313)
1203	2020-10-26	46244.2898081968	c(-1255238.77059584, -1237643.36443788, 5190686.14849463, 5198184.77011836)
1204	2020-10-26	45991.52922221002	c(-1231055.22480562, -1241943.62474346, 5221327.21091864, 5236966.83562552)
1231	2020-10-26	59221.225667679675	c(-1237643.36443788, -1231055.22480562, 5198184.77011836, 5221327.21091864)
1255	2020-10-26	60903.140026634086	c(-1271663.66945496, -1265292.23685752, 5020188.67080098, 5043420.99938934)
1230	2020-10-26	46718.20735120049	c(-1246050.36680415, -1257282.77259962, 5113047.55183224, 5128686.0614708)
1256	2020-10-26	60220.76713272608	c(-1252485.47822498, -1246050.36680415, 5089850.43083441, 5113047.55183224)
1255	2020-10-26	61128.40519645404	c(-1260090.67293613, -1271663.66945496, 5004556.84449256, 5020188.67080098)
1282	2020-10-26	77402.66034092022	c(-1266371.90566133, -1260090.67293613, 4981306.8067709, 5004556.84449256)
1255	2020-10-26	60903.140026634086	c(-1265292.23685752, -1247464.24447183, 5043420.99938934, 5051022.29824405)
1256	2020-10-26	60448.07879449583	c(-1241119.26069672, -1252485.47822498, 5074237.72984891, 5089850.43083441)
1283	2020-10-26	76562.7966724254	c(-1247464.24447183, -1241119.26069672, 5051022.29824405, 5074237.72984891)
1307	2020-10-26	48346.18341685066	c(-1279303.05757619, -1273176.45883837, 4872566.58664623, 4895867.72657375)
1282	2020-10-26	77820.08911024351	c(-1254666.95484974, -1266371.90566133, 4965703.02912564, 4981306.8067709)
1308	2020-10-26	92309.69588661408	c(-1260858.30290223, -1254666.95484974, 4942435.94307922, 4965703.02912564)
1307	2020-10-26	59101.029038467525	c(-1273176.45883837, -1255124.09664977, 4895867.72657375, 4903577.56151595)
1308	2020-10-26	92642.47434419567	c(-1249022.30509918, -1260858.30290223, 4926861.04060675, 4942435.94307922)
1335	2020-10-26	78730.63813102836	c(-1255124.09664977, -1249022.30509918, 4903577.56151595, 4926861.04060675)
1307	2020-10-26	59265.956713236345	c(-1249170.54774235, -1267263.10780135, 4864733.1193728, 4856977.17149402)
1362	2020-10-26	78904.95190496536	c(-1237075.22759427, -1249170.54774235, 4849218.37168746, 4864733.1193728)
1389	2020-10-26	79168.85726794791	c(-1242998.94186539, -1237075.22759427, 4825904.04899608, 4849218.37168746)
1389	2020-10-26	79168.85726794791	c(-1230775.37027759, -1242998.94186539, 4810420.54288436, 4825904.04899608)
1389	2020-10-26	86470.91721135528	c(-1212701.46072599, -1230775.37027759, 4818294.49981383, 4810420.54288436)
1444	2020-10-26	105760.87909125893	c(-1200423.65237036, -1212701.46072599, 4802885.56852888, 4818294.49981383)
1471	2020-10-26	106133.27362816833	c(-1206146.85437704, -1200423.65237036, 4779560.11454062, 4802885.56852888)
1471	2020-10-26	106133.27362816833	c(-1193742.5489375, -1206146.85437704, 4764183.37006516, 4779560.11454062)
1582	2020-10-26	124164.37309655578	c(-1161612.12847347, -1156173.25392375, 4694921.3913468, 4718268.00114293)
1582	2020-10-26	118100.48614183551	c(-1148906.18421029, -1161612.12847347, 4679685.8938404, 4694921.3913468)
1582	2020-10-26	118100.48614183551	c(-1130833.22878386, -1148906.18421029, 4687837.55435852, 4679685.8938404)
1638	2020-10-26	134149.83033035774	c(-1118076.0076217, -1130833.22878386, 4672676.4746366, 4687837.55435852)
1666	2020-10-26	115837.93089948077	c(-1123320.39138383, -1118076.0076217, 4649323.70851778, 4672676.4746366)
1666	2020-10-26	115837.93089948077	c(-1110441.16753664, -1123320.39138383, 4634197.13816249, 4649323.70851778)
1666	2020-10-26	119834.72266297536	c(-1092388.70227471, -1110441.16753664, 4642462.90536609, 4634197.13816249)
1723	2020-10-26	139688.92610249753	c(-1079459.23584591, -1092388.70227471, 4627410.52598937, 4642462.90536609)
1751	2020-10-26	136611.60045591008	c(-1084511.61679908, -1079459.23584591, 4604053.30827527, 4627410.52598937)
1751	2020-10-26	136611.60045591008	c(-1071461.90651472, -1084511.61679908, 4589036.14437087, 4604053.30827527)
1779	2020-10-26	134490.35239175276	c(-1076430.91474023, -1071461.90651472, 4565669.791243, 4589036.14437087)
1779	2020-10-26	134490.35239175276	c(-1063261.95996379, -1076430.91474023, 4550688.41957293, 4565669.791243)
1807	2020-10-26	116324.4273002655	c(-1068148.0640676, -1063261.95996379, 4527313.47241749, 4550688.41957293)
1807	2020-10-26	116324.4273002655	c(-1054860.87184783, -1068148.0640676, 4512368.44996221, 4527313.47241749)
1807	2020-10-26	120606.70847453062	c(-1036757.47115495, -1054860.87184783, 4520836.00807783, 4512368.44996221)
1864	2020-10-26	140591.9186336133	c(-1023422.54321638, -1036757.47115495, 4505965.0283084, 4520836.00807783)
1920	2020-10-26	121059.37390216334	c(-987605.354861225, -1005721.39915174, 4438198.21321755, 4429575.83553796)
1977	2020-10-26	141122.1020500922	c(-973992.436913552, -987605.354861225, 4423475.26590776, 4438198.21321755)
2005	2020-10-26	138727.11905327078	c(-978427.328332254, -973992.436913552, 4400094.10386115, 4423475.26590776)
2005	2020-10-26	138727.11905327078	c(-964700.70853641, -978427.328332254, 4385409.03517595, 4400094.10386115)
2005	2020-10-26	148893.89918874082	c(-946607.152112616, -964700.70853641, 4394140.55376755, 4385409.03517595)
2062	2020-10-26	168810.99214515428	c(-932835.368812598, -946607.152112616, 4379528.79473578, 4394140.55376755)
2090	2020-10-26	170186.98386249045	c(-937089.765054616, -932835.368812598, 4356150.4968747, 4379528.79473578)
2090	2020-10-26	170186.98386249045	c(-923206.021864367, -937089.765054616, 4341577.01947381, 4356150.4968747)
2118	2020-10-26	169774.3544978707	c(-927382.443122047, -923206.021864367, 4318193.99506129, 4341577.01947381)
2118	2020-10-26	169774.3544978707	c(-913387.76763009, -927382.443122047, 4303659.20459276, 4318193.99506129)
2194	2020-10-26	88815.7209960188	c(-986247.20104458, -982754.042197751, 3641455.26930154, 3664977.52173993)
2195	2020-10-26	115375.56990724668	c(-975709.14763076, -972157.528062566, 3712006.49401985, 3735513.18380703)
2196	2020-10-26	122082.48845317567	c(-964996.236451467, -961386.681923306, 3782510.89781062, 3806001.89379078)
2198	2020-10-26	136327.44044662232	c(-943052.192233636, -939328.369079182, 3923377.72610733, 3946836.97381063)
2199	2020-10-26	135235.10023249735	c(-931824.279304528, -928044.134056912, 3993739.45395575, 4017182.66364661)
2202	2020-10-26	171185.79172458165	c(-897136.653467483, -893190.856675314, 4204534.23157649, 4227928.77077321)
2118	2020-10-26	179251.5456034347	c(-895283.429901367, -913387.76763009, 4312541.60485443, 4303659.20459276)
2175	2020-10-26	198943.73715701592	c(-881245.150391415, -895283.429901367, 4298079.64089655, 4312541.60485443)
2203	2020-10-26	199555.62331207734	c(-885245.042142697, -881245.150391415, 4274701.48313633, 4298079.64089655)
2194	2020-10-26	88815.7209960188	c(-970593.073287095, -986247.20104458, 3627139.8855277, 3641455.26930154)
2222	2020-10-26	105645.44068597638	c(-974013.438691986, -970593.073287095, 3603618.57759458, 3627139.8855277)
2194	2020-10-26	94891.3007912604	c(-982754.042197751, -963694.180039993, 3664977.52173993, 3674167.4644747)
2195	2020-10-26	115375.56990724668	c(-960215.765619392, -975709.14763076, 3697673.70526215, 3712006.49401985)
2223	2020-10-26	115652.42335751558	c(-963694.180039993, -960215.765619392, 3674167.4644747, 3697673.70526215)
2195	2020-10-26	122535.29019250968	c(-972157.528062566, -953201.286464701, 3735513.18380703, 3744671.01609886)
2196	2020-10-26	122082.48845317567	c(-949665.33652472, -964996.236451467, 3768162.05768337, 3782510.89781062)
2224	2020-10-26	138900.5317653459	c(-953201.286464701, -949665.33652472, 3744671.01609886, 3768162.05768337)
2196	2020-10-26	126498.32212991436	c(-961386.681923306, -942536.304584445, 3806001.89379078, 3815128.84423131)
2225	2020-10-26	146508.54437538495	c(-942536.304584445, -938943.338713281, 3815128.84423131, 3838604.56249822)
2198	2020-10-26	136683.65964496156	c(-928051.342834252, -943052.192233636, 3909000.86329649, 3923377.72610733)
2226	2020-10-26	154287.60227364211	c(-931700.799124749, -928051.342834252, 3885540.58449225, 3909000.86329649)
2198	2020-10-26	136327.44044662232	c(-939328.369079182, -920696.352414605, 3946836.97381063, 3955905.8964337)
2199	2020-10-26	135596.49640436002	c(-916990.936973013, -931824.279304528, 3979350.6276218, 3993739.45395575)
2227	2020-10-26	153070.58207603428	c(-920696.352414605, -916990.936973013, 3955905.8964337, 3979350.6276218)
2199	2020-10-26	135235.10023249735	c(-928044.134056912, -909524.563885745, 4017182.66364661, 4026224.46360067)
2228	2020-10-26	152456.20511373386	c(-909524.563885745, -905763.726151519, 4026224.46360067, 4049653.54702788)
2229	2020-10-26	166959.8274593208	c(-898187.049575342, -894371.331832221, 4096495.99357779, 4119909.33712042)
2202	2020-10-26	171185.79172458165	c(-882815.39142587, -897136.653467483, 4190117.73758462, 4204534.23157649)
2230	2020-10-26	173155.24840505872	c(-886685.441632478, -882815.39142587, 4166720.21802154, 4190117.73758462)
2202	2020-10-26	180370.87876740124	c(-893190.856675314, -875021.387828769, 4227928.77077321, 4236896.89267846)
2203	2020-10-26	199555.62331207734	c(-871097.55780361, -885245.042142697, 4260278.51219864, 4274701.48313633)
2231	2020-10-26	200161.71602234157	c(-875021.387828769, -871097.55780361, 4236896.89267846, 4260278.51219864)
2222	2020-10-26	105894.85846988192	c(-958264.5046115, -974013.438691986, 3589348.75666499, 3603618.57759458)
2225	2020-10-26	155486.81589461918	c(-938943.338713281, -920174.693255551, 3838604.56249822, 3847745.80284766)
2226	2020-10-26	154890.1968474723	c(-916598.979772598, -931700.799124749, 3871206.72251325, 3885540.58449225)
2254	2020-10-26	171649.5748156543	c(-920174.693255551, -916598.979772598, 3847745.80284766, 3871206.72251325)
2228	2020-10-26	155924.29176451085	c(-905763.726151519, -887329.058111434, 4049653.54702788, 4058712.78129581)
2229	2020-10-26	167418.11634705655	c(-883588.170570639, -898187.049575342, 4082128.21314815, 4096495.99357779)
2257	2020-10-26	175072.2218506139	c(-887329.058111434, -883588.170570639, 4058712.78129581, 4082128.21314815)
2229	2020-10-26	166959.8274593208	c(-894371.331832221, -876052.282098378, 4119909.33712042, 4128943.7497104)
2230	2020-10-26	173155.24840505872	c(-872257.400792498, -886685.441632478, 4152343.83612622, 4166720.21802154)
2258	2020-10-26	183859.1541018465	c(-876052.282098378, -872257.400792498, 4128943.7497104, 4152343.83612622)
3494	2020-10-26	97363.4940573039	c(-230706.334032178, -249146.465365672, 3243443.69294028, 3232965.63226688)
3494	2020-10-26	97363.4940573039	c(-229213.041068301, -230706.334032178, 3266686.18031556, 3243443.69294028)
3528	2020-10-26	115799.16568189992	c(-210842.977465632, -229213.041068301, 3277181.70836335, 3266686.18031556)
3528	2020-10-26	115799.16568189992	c(-209372.243006686, -210842.977465632, 3300418.52264643, 3277181.70836335)
3562	2020-10-26	120040.29837354281	c(-191072.870448226, -209372.243006686, 3310932.12062816, 3300418.52264643)
3630	2020-10-26	99257.78257754714	c(-174217.633683631, -191072.870448226, 3298242.0614475, 3310932.12062816)
3630	2020-10-26	97071.69445355379	c(-155962.374738125, -174217.633683631, 3308807.25132811, 3298242.0614475)
3630	2020-10-26	97071.69445355379	c(-154589.500920505, -155962.374738125, 3332029.68683356, 3308807.25132811)
3665	2020-10-26	115073.8263818999	c(-136405.531590123, -154589.500920505, 3342614.01359006, 3332029.68683356)
3665	2020-10-26	115073.8263818999	c(-135057.200022246, -136405.531590123, 3365831.75805537, 3342614.01359006)
3701	2020-10-26	114741.41835220144	c(-116945.156829665, -135057.200022246, 3376435.79369214, 3365831.75805537)
3773	2020-10-26	94148.03935135466	c(-100153.110355764, -116945.156829665, 3363854.64264481, 3376435.79369214)
3773	2020-10-26	83949.0386146961	c(-82084.7000601961, -100153.110355764, 3374511.2969814, 3363854.64264481)
3773	2020-10-26	83949.0386146961	c(-80837.2195386749, -82084.7000601961, 3397716.86554473, 3374511.2969814)
3810	2020-10-26	96672.97381286754	c(-62841.3735042313, -80837.2195386749, 3408394.24741397, 3397716.86554473)
3810	2020-10-26	96672.97381286754	c(-61620.415184794, -62841.3735042313, 3431596.04413552, 3408394.24741397)
3847	2020-10-26	114022.93124997069	c(-43697.7835094191, -61620.415184794, 3442294.69450273, 3431596.04413552)
3847	2020-10-26	114022.93124997069	c(-42504.0324646324, -43697.7835094191, 3465492.97522987, 3442294.69450273)
3884	2020-10-26	118765.22144448153	c(-24655.2681913702, -42504.0324646324, 3476213.42372956, 3465492.97522987)
3884	2020-10-26	118765.22144448153	c(-23489.4073945746, -24655.2681913702, 3499408.43865645, 3476213.42372956)
3922	2020-10-26	134894.03316816717	c(-5715.16654919088, -23489.4073945746, 3510151.203496, 3499408.43865645)
3996	2020-10-26	115619.99284635753	c(10924.523449604, -5715.16654919088, 3497730.80063686, 3510151.203496)
3996	2020-10-26	115611.58053878757	c(28655.4757651797, 10924.523449604, 3508528.05507179, 3497730.80063686)
3996	2020-10-26	116573.39589873046	c(29714.8848178724, 28655.4757651797, 3531714.14870237, 3508528.05507179)
4033	2020-10-26	134680.62283617305	c(47370.6137658632, 29714.8848178724, 3542534.64852824, 3531714.14870237)
4033	2020-10-26	134680.62283617305	c(48400.1634997138, 47370.6137658632, 3565718.29131877, 3542534.64852824)
4071	2020-10-26	153848.74450020754	c(65979.9990298375, 48400.1634997138, 3576562.52267977, 3565718.29131877)
4071	2020-10-26	155085.4950637745	c(66979.0124712029, 65979.9990298375, 3599743.93878433, 3576562.52267977)
4109	2020-10-26	172809.65762254683	c(84482.2814534484, 66979.0124712029, 3610612.37605522, 3599743.93878433)
4109	2020-10-26	172809.65762254683	c(85450.0836706983, 84482.2814534484, 3633791.78356747, 3610612.37605522)
4147	2020-10-26	192029.44434558955	c(102876.109880765, 85450.0836706983, 3644684.88925369, 3633791.78356747)
4220	2020-10-26	172758.74357880547	c(119368.525820715, 102876.109880765, 3632429.84471134, 3644684.88925369)
4220	2020-10-26	172552.46871894793	c(136751.392564104, 119368.525820715, 3643379.17517316, 3632429.84471134)
4220	2020-10-26	172552.46871894793	c(137607.112748856, 136751.392564104, 3666552.53811249, 3643379.17517316)
4254	2020-10-26	191764.74116724276	c(154911.974232057, 137607.112748856, 3677527.37355768, 3666552.53811249)
4254	2020-10-26	191988.98744797564	c(155734.523717416, 154911.974232057, 3700699.43371337, 3677527.37355768)
4289	2020-10-26	210483.25890442778	c(172960.689525964, 155734.523717416, 3711700.20343905, 3700699.43371337)
4289	2020-10-26	210483.25890442778	c(173749.399229708, 172960.689525964, 3734871.15140604, 3711700.20343905)
4323	2020-10-26	229475.13221914697	c(190896.175844192, 173749.399229708, 3745898.27247642, 3734871.15140604)
4389	2020-10-26	210283.4005764321	c(207290.63943859, 190896.175844192, 3733785.27764882, 3745898.27247642)
4389	2020-10-26	201974.80178772885	c(224394.287896638, 207290.63943859, 3744869.86008509, 3733785.27764882)
4389	2020-10-26	201974.80178772885	c(225066.539906803, 224394.287896638, 3768036.81895664, 3744869.86008509)
4423	2020-10-26	203936.58001763938	c(242089.985208038, 225066.539906803, 3779148.51529477, 3768036.81895664)
4423	2020-10-26	203936.58001763938	c(242726.443498383, 242089.985208038, 3802314.97597653, 3779148.51529477)
4456	2020-10-26	213085.89073404128	c(259668.978010965, 242726.443498383, 3813454.16909931, 3802314.97597653)
4456	2020-10-26	213085.89073404128	c(260268.979433553, 259668.978010965, 3836620.29358463, 3813454.16909931)
4490	2020-10-26	228547.6572313314	c(277129.892479742, 260268.979433553, 3847787.35376367, 3836620.29358463)
4490	2020-10-26	228547.6572313314	c(277692.776007395, 277129.892479742, 3870953.29731766, 3847787.35376367)
4523	2020-10-26	236903.19334222918	c(294471.353891641, 277692.776007395, 3882148.58210984, 3870953.29731766)
4523	2020-10-26	236903.19334222918	c(294996.460644562, 294471.353891641, 3905314.49319876, 3882148.58210984)
4556	2020-10-26	248752.26812348302	c(311691.986686648, 294996.460644562, 3916538.34734304, 3905314.49319876)
4622	2020-10-26	229154.71741958804	c(327902.087856421, 311691.986686648, 3904626.74591119, 3916538.34734304)
4622	2020-10-26	227939.5839077764	c(344554.068619692, 327902.087856421, 3915909.86626631, 3904626.74591119)
4622	2020-10-26	227939.5839077764	c(344955.736759906, 344554.068619692, 3939074.29830987, 3915909.86626631)
4655	2020-10-26	246742.5051933262	c(361523.779095685, 344955.736759906, 3950386.62906412, 3939074.29830987)
4718	2020-10-26	228464.4701162055	c(377730.802268147, 361523.779095685, 3938564.77687548, 3950386.62906412)
4718	2020-10-26	227638.57164574388	c(394255.366134198, 377730.802268147, 3949936.80011951, 3938564.77687548)
4718	2020-10-26	227638.57164574388	c(394531.727044554, 394255.366134198, 3973100.57540371, 3949936.80011951)
4749	2020-10-26	246429.4132492738	c(410971.437313218, 394531.727044554, 3984502.4164312, 3973100.57540371)
4811	2020-10-26	228239.65477351713	c(427176.398340436, 410971.437313218, 3972770.55428164, 3984502.4164312)
4811	2020-10-26	227350.0521882581	c(443572.664029085, 427176.398340436, 3984232.50958682, 3972770.55428164)
4811	2020-10-26	227350.0521882581	c(443721.825088472, 443572.664029085, 4007396.38695364, 3984232.50958682)
4842	2020-10-26	246126.2852961111	c(460032.293677571, 443721.825088472, 4018888.7331475, 4007396.38695364)
4903	2020-10-26	228027.64211970498	c(476236.170979929, 460032.293677571, 4007247.12661271, 4018888.7331475)
4903	2020-10-26	227073.3304323262	c(492503.196034215, 476236.170979929, 4018800.0038582, 4007247.12661271)
4965	2020-10-26	208178.65586385105	c(508750.22810501, 492503.196034215, 4007219.13033675, 4018800.0038582)
4965	2020-10-26	208134.06761005725	c(524974.008334859, 508750.22810501, 4018832.67516254, 4007219.13033675)
5027	2020-10-26	189690.86544564326	c(541264.391560677, 524974.008334859, 4007312.39485428, 4018832.67516254)
5027	2020-10-26	189249.66135940808	c(557445.120630838, 541264.391560677, 4018986.75086453, 4007312.39485428)
5088	2020-10-26	170259.2092634456	c(573779.056417744, 557445.120630838, 4007526.93106371, 4018986.75086453)
5088	2020-10-26	170196.83545002947	c(589916.922898097, 573779.056417744, 4019262.248904, 4007526.93106371)
5088	2020-10-26	170196.83545002947	c(589676.470235841, 589916.922898097, 4042427.97003847, 4019262.248904)
5119	2020-10-26	189525.67838644667	c(605726.846519176, 589676.470235841, 4054195.03682413, 4042427.97003847)
5180	2020-10-26	174870.03912702348	c(622062.477348747, 605726.846519176, 4042825.82123155, 4054195.03682413)
5180	2020-10-26	174870.03912702348	c(638069.913768183, 622062.477348747, 4054654.27786986, 4042825.82123155)
5180	2020-10-26	180555.25371352182	c(637696.374704203, 638069.913768183, 4077822.5818288, 4054654.27786986)
5211	2020-10-26	202940.43811644797	c(653615.269005635, 637696.374704203, 4089683.25398433, 4077822.5818288)
5272	2020-10-26	189401.36347706968	c(669953.459422028, 653615.269005635, 4078405.0252841, 4089683.25398433)
5272	2020-10-26	188825.7138217333	c(685829.303771914, 669953.459422028, 4090327.50838819, 4078405.0252841)
5335	2020-10-26	169920.88424499103	c(702212.46446798, 685829.303771914, 4079109.73824929, 4090327.50838819)
5335	2020-10-26	169870.90102880177	c(718045.411624136, 702212.46446798, 4091094.20047667, 4079109.73824929)
5335	2020-10-26	169873.6637312054	c(717448.456737974, 718045.411624136, 4114267.16163403, 4091094.20047667)
5367	2020-10-26	189262.50103328814	c(733191.48724058, 717448.456737974, 4126284.51396831, 4114267.16163403)
5428	2020-10-26	174815.0774192546	c(749578.61924051, 733191.48724058, 4115158.23216831, 4126284.51396831)
5428	2020-10-26	173744.62449391928	c(765278.594307397, 749578.61924051, 4127237.98201004, 4115158.23216831)
5487	2020-10-26	154043.7907090613	c(781711.49207924, 765278.594307397, 4116172.18242224, 4127237.98201004)
5487	2020-10-26	151235.1265441051	c(797368.543645888, 781711.49207924, 4128314.50944915, 4116172.18242224)
5545	2020-10-26	132096.75817736768	c(813847.421568466, 797368.543645888, 4117309.12708244, 4128314.50944915)
5545	2020-10-26	131963.60817490754	c(829461.676100016, 813847.421568466, 4129514.21759845, 4117309.12708244)
5545	2020-10-26	131963.60817490754	c(828548.460174528, 829461.676100016, 4152695.48562497, 4129514.21759845)
5576	2020-10-26	138828.0451010907	c(844071.019372692, 828548.460174528, 4164934.30250657, 4152695.48562497)
5635	2020-10-26	119058.89288497143	c(860555.78370923, 844071.019372692, 4154021.14150178, 4164934.30250657)
5635	2020-10-26	114327.51789871311	c(876035.323733623, 860555.78370923, 4166323.14052082, 4154021.14150178)
5635	2020-10-26	114327.51789871311	c(874980.559004949, 876035.323733623, 4189508.99940137, 4166323.14052082)
5665	2020-10-26	131680.92461490066	c(890367.220729786, 874980.559004949, 4201845.03603519, 4189508.99940137)
5723	2020-10-26	112931.76792189854	c(906858.577391255, 890367.220729786, 4191024.61278339, 4201845.03603519)
5723	2020-10-26	106616.76176603144	c(922201.965046256, 906858.577391255, 4203424.24038359, 4191024.61278339)
5723	2020-10-26	106616.76176603144	c(921003.515179158, 922201.965046256, 4226614.86299678, 4203424.24038359)
5753	2020-10-26	113939.36910899456	c(936252.816394251, 921003.515179158, 4239048.79847648, 4226614.86299678)
5809	2020-10-26	94563.69816831448	c(952751.431047215, 936252.816394251, 4228321.6499738, 4239048.79847648)
5809	2020-10-26	93933.63216091787	c(967957.170638592, 952751.431047215, 4240819.57468296, 4228321.6499738)
5809	2020-10-26	93933.63216091787	c(966612.882181815, 967957.170638592, 4264015.06162799, 4240819.57468296)
5837	2020-10-26	105965.62875035094	c(981723.302603781, 966612.882181815, 4276547.52261677, 4264015.06162799)
5888	2020-10-26	86735.22492771335	c(998229.800300236, 981723.302603781, 4265914.20582524, 4276547.52261677)
5888	2020-10-26	78705.92173964348	c(1013296.33900251, 998229.800300236, 4278511.04296798, 4265914.20582524)
5888	2020-10-26	78705.92173964348	c(1011804.04249086, 1013296.33900251, 4301711.42156075, 4278511.04296798)
5911	2020-10-26	78500.85696538861	c(1026774.00533823, 1011804.04249086, 4314342.98062268, 4301711.42156075)
5911	2020-10-26	78500.85696538861	c(1025224.89360764, 1026774.00533823, 4337544.88225578, 4314342.98062268)
5933	2020-10-26	93608.1334081694	c(1040097.41711014, 1025224.89360764, 4350211.15075944, 4337544.88225578)
5933	2020-10-26	93608.1334081694	c(1038490.87597268, 1040097.41711014, 4373414.4538694, 4350211.15075944)
5954	2020-10-26	104959.06388534531	c(1053265.09633773, 1038490.87597268, 4386115.40346949, 4373414.4538694)
5954	2020-10-26	104959.06388534531	c(1051600.51589595, 1053265.09633773, 4409319.9781588, 4386115.40346949)
5977	2020-10-26	104604.2095369202	c(1066275.56921312, 1051600.51589595, 4422055.56456196, 4409319.9781588)
5977	2020-10-26	104604.2095369202	c(1064552.34397802, 1066275.56921312, 4445261.27259646, 4422055.56456196)
6000	2020-10-26	112737.36099693735	c(1079127.36640865, 1064552.34397802, 4458031.43548518, 4445261.27259646)
6000	2020-10-26	112737.36099693735	c(1077344.89541946, 1079127.36640865, 4481238.13029515, 4458031.43548518)
6026	2020-10-26	130458.42520721465	c(1091819.02339104, 1077344.89541946, 4494042.79325591, 4481238.13029515)
6079	2020-10-26	112031.06804865162	c(1108130.52807474, 1091819.02339104, 4483671.58870387, 4494042.79325591)
6079	2020-10-26	103939.60713299926	c(1122558.27923593, 1108130.52807474, 4496541.6473448, 4483671.58870387)
6079	2020-10-26	103939.60713299926	c(1120619.09165935, 1122558.27923593, 4519751.95445471, 4496541.6473448)
6107	2020-10-26	103578.83586777798	c(1134944.63940593, 1120619.09165935, 4532656.51071665, 4519751.95445471)
6107	2020-10-26	103578.83586777798	c(1132944.32451845, 1134944.63940593, 4555867.3450848, 4532656.51071665)
6135	2020-10-26	112134.79447280333	c(1147166.80099937, 1132944.32451845, 4568806.27696266, 4555867.3450848)
6135	2020-10-26	112134.79447280333	c(1145104.77438377, 1147166.80099937, 4592017.45594748, 4568806.27696266)
6164	2020-10-26	107330.7895369239	c(1159223.31279143, 1145104.77438377, 4604990.62504371, 4592017.45594748)
6136	2020-10-26	130265.90587081942	c(1138867.59734699, 1140955.14444908, 4661646.91373926, 4638437.77477704)
6164	2020-10-26	112123.30175760637	c(1140955.14444908, 1157098.99518728, 4638437.77477704, 4628201.95769263)
6165	2020-10-26	129745.56536048281	c(1152824.32294805, 1138867.59734699, 4674622.36302797, 4661646.91373926)
6137	2020-10-26	157647.13428463737	c(1132554.36707198, 1134667.18022656, 4731270.24428828, 4708063.14882648)
6165	2020-10-26	139669.6364752031	c(1134667.18022656, 1150674.02632112, 4708063.14882648, 4697831.43485268)
6166	2020-10-26	157956.50173891318	c(1146347.65789362, 1132554.36707198, 4744247.31496534, 4731270.24428828)
6138	2020-10-26	189889.191640152	c(1126165.85265406, 1128303.67453442, 4800887.43913431, 4777682.38966423)
6166	2020-10-26	171012.01616013036	c(1128303.67453442, 1144171.64475575, 4777682.38966423, 4767454.12263427)
6167	2020-10-26	202735.20204029224	c(1139794.10809891, 1126165.85265406, 4813865.47195289, 4800887.43913431)
6164	2020-10-26	107330.7895369239	c(1157098.99518728, 1159223.31279143, 4628201.95769263, 4604990.62504371)
6165	2020-10-26	129745.56536048281	c(1150674.02632112, 1152824.32294805, 4697831.43485268, 4674622.36302797)
6166	2020-10-26	157956.50173891318	c(1144171.64475575, 1146347.65789362, 4767454.12263427, 4744247.31496534)
6167	2020-10-26	202735.20204029224	c(1137592.64388897, 1139794.10809891, 4837070.01322599, 4813865.47195289)
6195	2020-10-26	220510.54323989432	c(1151112.3800254, 1137592.64388897, 4850080.9338696, 4837070.01322599)
6195	2020-10-26	220516.0204069507	c(1148846.72433645, 1151112.3800254, 4873284.75207174, 4850080.9338696)
6224	2020-10-26	239336.95588147093	c(1162257.10246614, 1148846.72433645, 4886328.33143285, 4873284.75207174)
6224	2020-10-26	241409.77195552827	c(1159926.71192203, 1162257.10246614, 4909531.20366699, 4886328.33143285)
6252	2020-10-26	261884.11223123502	c(1173226.89587706, 1159926.71192203, 4922607.1962248, 4909531.20366699)
6306	2020-10-26	249903.61340524437	c(1188916.25367052, 1173226.89587706, 4912513.27787368, 4922607.1962248)
6306	2020-10-26	249903.61340524437	c(1202164.60661737, 1188916.25367052, 4925654.59339061, 4912513.27787368)
6306	2020-10-26	256173.80705819037	c(1199664.34603229, 1202164.60661737, 4948856.65407834, 4925654.59339061)
6333	2020-10-26	278573.5413854361	c(1212801.18931056, 1199664.34603229, 4962030.05679291, 4948856.65407834)
6386	2020-10-26	272279.4356228432	c(1228497.80601375, 1212801.18931056, 4952034.7606913, 4962030.05679291)
6386	2020-10-26	272279.4356228432	c(1241582.22373398, 1228497.80601375, 4965273.545291, 4952034.7606913)
6386	2020-10-26	281905.14295645134	c(1238910.04444517, 1241582.22373398, 4988474.03372026, 4965273.545291)
6413	2020-10-26	305141.1412297663	c(1251881.62505979, 1238910.04444517, 5001744.52956752, 4988474.03372026)
6413	2020-10-26	315775.3913461358	c(1249141.81463347, 1251881.62505979, 5024942.81890537, 5001744.52956752)
6441	2020-10-26	339113.1726742888	c(1261999.72483009, 1249141.81463347, 5038244.70283664, 5024942.81890537)
6441	2020-10-26	350521.36300966743	c(1259191.77208683, 1261999.72483009, 5061440.51658478, 5038244.70283664)
1023	2020-10-27	43577.15905184816	c(-1243616.82376825, -1236237.78611136, 5577261.48635548, 5600183.07048375)
998	2020-10-27	18294.01425846901	c(-1213982.12417769, -1223325.441468, 5668868.13481527, 5684584.71382279)
1024	2020-10-27	27574.63489459172	c(-1221420.31924104, -1213982.12417769, 5645986.36663427, 5668868.13481527)
1048	2020-10-27	44606.89344621557	c(-1262943.24427465, -1255716.42256876, 5469652.30282955, 5492638.93901747)
1023	2020-10-27	43842.446964379706	c(-1233914.83837639, -1243616.82376825, 5561519.76474268, 5577261.48635548)
1049	2020-10-27	56249.16601885067	c(-1241202.10315694, -1233914.83837639, 5538572.64542839, 5561519.76474268)
1023	2020-10-27	43577.15905184816	c(-1236237.78611136, -1219280.68001908, 5600183.07048375, 5607374.66306631)
1024	2020-10-27	27697.224164755713	c(-1211934.01858773, -1221420.31924104, 5630282.49495068, 5645986.36663427)
1050	2020-10-27	43287.426394009126	c(-1219280.68001908, -1211934.01858773, 5607374.66306631, 5630282.49495068)
1048	2020-10-27	44606.89344621557	c(-1252884.93991741, -1262943.24427465, 5453891.35443556, 5469652.30282955)
1074	2020-10-27	57303.87063712096	c(-1260019.92200475, -1252884.93991741, 5430880.41532163, 5453891.35443556)
1048	2020-10-27	56083.802456587306	c(-1255716.42256876, -1238554.08655459, 5492638.93901747, 5499874.21836845)
1049	2020-10-27	56491.15638154805	c(-1231358.44606495, -1241202.10315694, 5522846.18907946, 5538572.64542839)
1075	2020-10-27	71690.5439672101	c(-1238554.08655459, -1231358.44606495, 5499874.21836845, 5522846.18907946)
1098	2020-10-27	59050.66565206956	c(-1298689.77021402, -1291771.26089658, 5253624.91546838, 5276736.83538278)
1099	2020-10-27	73868.70859550417	c(-1277871.09127534, -1270889.66064937, 5322921.87454549, 5345995.02888891)
1074	2020-10-27	57542.77443961978	c(-1249821.36180982, -1260019.92200475, 5415137.25509301, 5430880.41532163)
1121	2020-10-27	61441.316244060465	c(-1355223.5872715, -1348592.295754, 5005930.52614422, 5029179.50569329)
1122	2020-10-27	60755.41504620057	c(-1335263.32319975, -1328565.87038174, 5075638.91040503, 5098849.355813)
1123	2020-10-27	75997.6129879111	c(-1315105.60191821, -1308343.01424192, 5145231.78836644, 5168403.79976043)
1098	2020-10-27	59284.48506970116	c(-1287926.80418644, -1298689.77021402, 5237843.17375202, 5253624.91546838)
1124	2020-10-27	75133.51843476547	c(-1294753.5015487, -1287926.80418644, 5214709.47835516, 5237843.17375202)
1098	2020-10-27	59050.66565206956	c(-1291771.26089658, -1274210.09611401, 5276736.83538278, 5284072.35211529)
1099	2020-10-27	74307.86198208548	c(-1267320.31268166, -1277871.09127534, 5307167.86716862, 5322921.87454549)
1125	2020-10-27	74699.17627550894	c(-1274210.09611401, -1267320.31268166, 5284072.35211529, 5307167.86716862)
1099	2020-10-27	73868.70859550417	c(-1270889.66064937, -1253478.45469072, 5345995.02888891, 5353320.83404413)
1126	2020-10-27	86980.13085161393	c(-1253478.45469072, -1246526.60697355, 5353320.83404413, 5376378.3217861)
1146	2020-10-27	79373.91994066573	c(-1369716.10507094, -1363244.06152971, 4896955.46075907, 4920261.65855842)
1121	2020-10-27	61667.74779500136	c(-1343693.122744, -1355223.5872715, 4990104.28697727, 5005930.52614422)
1147	2020-10-27	78074.4184826209	c(-1350232.45754569, -1343693.122744, 4966836.06496609, 4990104.28697727)
1121	2020-10-27	61441.316244060465	c(-1348592.295754, -1330547.95151544, 5029179.50569329, 5036602.80715636)
1122	2020-10-27	60983.882289538	c(-1323942.34062661, -1335263.32319975, 5059833.12274312, 5075638.91040503)
1148	2020-10-27	77229.98505772064	c(-1330547.95151544, -1323942.34062661, 5036602.80715636, 5059833.12274312)
1122	2020-10-27	60755.41504620057	c(-1328565.87038174, -1310665.63195037, 5098849.355813, 5106255.91342875)
1123	2020-10-27	76427.33524130785	c(-1303994.75952981, -1315105.60191821, 5129448.40991067, 5145231.78836644)
1149	2020-10-27	76805.3251639626	c(-1310665.63195037, -1303994.75952981, 5106255.91342875, 5129448.40991067)
1074	2020-10-27	72986.04904056802	c(-1232561.64059895, -1249821.36180982, 5422455.40041272, 5415137.25509301)
1126	2020-10-27	86980.13085161393	c(-1246526.60697355, -1229219.0238227, 5376378.3217861, 5383738.36334956)
1146	2020-10-27	79373.91994066573	c(-1357844.37528596, -1369716.10507094, 4881140.17832324, 4896955.46075907)
1146	2020-10-27	86611.53679573032	c(-1339575.98411024, -1357844.37528596, 4888677.02261064, 4881140.17832324)
1199	2020-10-27	105945.86243652782	c(-1327647.81935168, -1339575.98411024, 4872937.34242444, 4888677.02261064)
1226	2020-10-27	106324.95148935862	c(-1333913.11367459, -1327647.81935168, 4849615.5247781, 4872937.34242444)
1226	2020-10-27	106324.95148935862	c(-1321854.24485501, -1333913.11367459, 4833906.38086335, 4849615.5247781)
1252	2020-10-27	106700.72765201026	c(-1328028.84701331, -1321854.24485501, 4810568.05684955, 4833906.38086335)
1252	2020-10-27	106700.72765201026	c(-1315840.22670257, -1328028.84701331, 4794890.25876685, 4810568.05684955)
1279	2020-10-27	107073.17336097675	c(-1321924.48606969, -1315840.22670257, 4771536.09795498, 4794890.25876685)
1279	2020-10-27	101744.00725524093	c(-1309607.07898143, -1321924.48606969, 4755890.43571219, 4771536.09795498)
1305	2020-10-27	79207.02133484352	c(-1315601.35793787, -1309607.07898143, 4732521.10138202, 4755890.43571219)
1524	2020-10-27	80750.67867691348	c(-1225243.25060112, -1219822.65547375, 4561838.12978023, 4585247.66572024)
1524	2020-10-27	80750.67867691348	c(-1212198.1590739, -1225243.25060112, 4546517.30755065, 4561838.12978023)
1552	2020-10-27	82097.91452521637	c(-1217532.36631242, -1212198.1590739, 4523097.00317325, 4546517.30755065)
1579	2020-10-27	96901.44795262939	c(-1196328.10834596, -1209614.42004831, 4469135.35580609, 4484382.32345718)
1579	2020-10-27	97437.6287569087	c(-1177865.67174519, -1196328.10834596, 4477357.61068739, 4469135.35580609)
1635	2020-10-27	117333.12880543436	c(-1164532.05494227, -1177865.67174519, 4462186.68307694, 4477357.61068739)
1663	2020-10-27	109482.78271451165	c(-1169589.28925536, -1164532.05494227, 4438755.26401616, 4462186.68307694)
1663	2020-10-27	109482.78271451165	c(-1156137.42005949, -1169589.28925536, 4423622.19009476, 4438755.26401616)
1691	2020-10-27	109823.04065526296	c(-1161110.47668785, -1156137.42005949, 4400182.28804311, 4423622.19009476)
1691	2020-10-27	109823.04065526296	c(-1147541.40256763, -1161110.47668785, 4385087.61790882, 4400182.28804311)
1691	2020-10-27	120768.13513277606	c(-1129070.34526212, -1147541.40256763, 4393470.08488521, 4385087.61790882)
1748	2020-10-27	140078.57530787657	c(-1115455.76766378, -1129070.34526212, 4378451.08246424, 4393470.08488521)
1776	2020-10-27	140552.63615935898	c(-1120241.75505172, -1115455.76766378, 4355012.85108882, 4378451.08246424)
1776	2020-10-27	140552.63615935898	c(-1106511.80706132, -1120241.75505172, 4340032.76879379, 4355012.85108882)
1804	2020-10-27	141021.97843776387	c(-1111215.44259542, -1106511.80706132, 4316587.64224235, 4340032.76879379)
1832	2020-10-27	141486.59975274664	c(-1088035.47558823, -1101992.98582681, 4263294.68172688, 4278195.47205576)
1860	2020-10-27	141946.4988726412	c(-1092575.97852585, -1088035.47558823, 4239837.32479369, 4263294.68172688)
1860	2020-10-27	141946.4988726412	c(-1078506.28808331, -1092575.97852585, 4224976.86536048, 4239837.32479369)
1888	2020-10-27	142401.67570312755	c(-1082966.02974722, -1078506.28808331, 4201514.15512414, 4224976.86536048)
1915	2020-10-27	112424.61150122569	c(-1086180.9502095, -1081862.69450772, 4092782.19218008, 4116270.74472561)
1888	2020-10-27	142401.67570312755	c(-1068785.23352927, -1082966.02974722, 4186694.4558814, 4201514.15512414)
1916	2020-10-27	142852.13126546386	c(-1073164.76325021, -1068785.23352927, 4163226.88798415, 4186694.4558814)
1940	2020-10-27	103995.43412575324	c(-1113171.67855451, -1109119.60872758, 3842784.65413226, 3866337.60137006)
1941	2020-10-27	114245.56621280553	c(-1100952.42874541, -1096837.45776336, 3913423.46306365, 3936956.34685218)
1942	2020-10-27	119971.51582491663	c(-1088545.10339199, -1084367.86047766, 3984001.94657464, 4007514.63418575)
1915	2020-10-27	112424.61150122569	c(-1071712.71608219, -1086180.9502095, 4078012.08629003, 4092782.19218008)
1943	2020-10-27	119486.1689396698	c(-1075951.59595905, -1071712.71608219, 4054519.71703222, 4078012.08629003)
1915	2020-10-27	123635.98027070882	c(-1081862.69450772, -1063173.81693062, 4116270.74472561, 4124976.41846215)
1916	2020-10-27	142852.13126546386	c(-1058873.94058697, -1073164.76325021, 4148448.35774358, 4163226.88798415)
1944	2020-10-27	143297.8676742892	c(-1063173.81693062, -1058873.94058697, 4124976.41846215, 4148448.35774358)
1967	2020-10-27	123190.03486359869	c(-1113847.97982407, -1109936.93574103, 3733836.84328259, 3757410.82799907)
1940	2020-10-27	104262.16964454463	c(-1098077.30671177, -1113171.67855451, 3828094.09705123, 3842784.65413226)
1968	2020-10-27	122265.25566788475	c(-1102051.53176535, -1098077.30671177, 3804539.47164216, 3828094.09705123)
1940	2020-10-27	103995.43412575324	c(-1109119.60872758, -1090066.14930086, 3866337.60137006, 3875183.87409862)
1941	2020-10-27	114245.56621280553	c(-1086029.35315526, -1100952.42874541, 3898718.9944988, 3913423.46306365)
1969	2020-10-27	121798.09625345166	c(-1090066.14930086, -1086029.35315526, 3875183.87409862, 3898718.9944988)
1941	2020-10-27	120932.99940075984	c(-1096837.45776336, -1077893.66818223, 3936956.34685218, 3945769.62380947)
1942	2020-10-27	120454.47628026485	c(-1073794.91689052, -1088545.10339199, 3969285.10376454, 3984001.94657464)
1970	2020-10-27	137027.10641230995	c(-1077893.66818223, -1073794.91689052, 3945769.62380947, 3969285.10376454)
1942	2020-10-27	119971.51582491663	c(-1084367.86047766, -1065535.94214474, 4007514.63418575, 4016296.32474103)
1943	2020-10-27	119486.1689396698	c(-1061375.85750216, -1075951.59595905, 4039792.03909165, 4054519.71703222)
1971	2020-10-27	135917.89599599698	c(-1065535.94214474, -1061375.85750216, 4016296.32474103, 4039792.03909165)
1967	2020-10-27	123647.61271912268	c(-1098483.59200519, -1113847.97982407, 3719207.68898339, 3733836.84328259)
1995	2020-10-27	140684.9285052441	c(-1102317.77455526, -1098483.59200519, 3695633.02444292, 3719207.68898339)
1967	2020-10-27	123190.03486359869	c(-1109936.93574103, -1090752.27000677, 3757410.82799907, 3766338.24707947)
1968	2020-10-27	122729.91244107393	c(-1086855.26243574, -1102051.53176535, 3789894.10667155, 3804539.47164216)
1996	2020-10-27	139634.11168581215	c(-1090752.27000677, -1086855.26243574, 3766338.24707947, 3789894.10667155)
2022	2020-10-27	160304.85638372926	c(-1101760.12587713, -1098065.191078, 3586714.14989051, 3610307.1652583)
1995	2020-10-27	141027.34778468125	c(-1086854.1917694, -1102317.77455526, 3681050.05212418, 3695633.02444292)
2023	2020-10-27	159153.10978821453	c(-1090612.16028334, -1086854.1917694, 3657475.13462369, 3681050.05212418)
2022	2020-10-27	160304.85638372926	c(-1098065.191078, -1078732.9447658, 3610307.1652583, 3619363.79462797)
2023	2020-10-27	159732.13016926113	c(-1075050.53531579, -1090612.16028334, 3642938.54889704, 3657475.13462369)
2051	2020-10-27	177025.6621030971	c(-1078732.9447658, -1075050.53531579, 3619363.79462797, 3642938.54889704)
3593	2020-10-27	136574.59500910976	c(-182462.968844334, -183805.558579827, 3158872.377073, 3135642.88352926)
3628	2020-10-27	155998.42311374875	c(-164015.978197007, -182462.968844334, 3169466.43397301, 3158872.377073)
3698	2020-10-27	138663.84257469143	c(-146886.337506846, -164015.978197007, 3156863.34636087, 3169466.43397301)
3698	2020-10-27	138663.84257469143	c(-128482.172679586, -146886.337506846, 3167507.29094005, 3156863.34636087)
3698	2020-10-27	143963.9752230802	c(-127233.45673406, -128482.172679586, 3190722.31968336, 3167507.29094005)
3734	2020-10-27	157787.63904302212	c(-108897.950710869, -127233.45673406, 3201384.53166353, 3190722.31968336)
3734	2020-10-27	157787.63904302212	c(-107672.82406679, -108897.950710869, 3224594.95888895, 3201384.53166353)
3771	2020-10-27	174954.11115002568	c(-89406.6255972281, -107672.82406679, 3235276.02816398, 3224594.95888895)
3844	2020-10-27	155504.00822731847	c(-72338.5272833793, -89406.6255972281, 3222778.44380655, 3235276.02816398)
3844	2020-10-27	155493.03915760378	c(-54114.6484538295, -72338.5272833793, 3233510.52073403, 3222778.44380655)
3844	2020-10-27	156354.05687167784	c(-52986.4613498747, -54114.6484538295, 3256708.73195132, 3233510.52073403)
3881	2020-10-27	174681.1643530245	c(-34832.5404860451, -52986.4613498747, 3267460.73695924, 3256708.73195132)
3881	2020-10-27	174681.1643530245	c(-33729.9550020067, -34832.5404860451, 3290655.26562141, 3267460.73695924)
3919	2020-10-27	194009.33850558123	c(-15646.6540723757, -33729.9550020067, 3301427.758285, 3290655.26562141)
3919	2020-10-27	195161.43915545114	c(-14570.3638573954, -15646.6540723757, 3324618.85776034, 3301427.758285)
3956	2020-10-27	216069.06190885048	c(3441.65229881235, -14570.3638573954, 3335412.38659776, 3324618.85776034)
4030	2020-10-27	204162.62620163264	c(20406.8124370369, 3441.65229881235, 3323045.99711658, 3335412.38659776)
4030	2020-10-27	204162.62620163264	c(38376.9128610275, 20406.8124370369, 3333892.1009112, 3323045.99711658)
4030	2020-10-27	210366.27991558122	c(39351.8553186819, 38376.9128610275, 3357073.70715065, 3333892.1009112)
4068	2020-10-27	218131.05005974814	c(57249.9705998352, 39351.8553186819, 3367941.85009043, 3357073.70715065)
4068	2020-10-27	218131.05005974814	c(58196.6125272015, 57249.9705998352, 3391120.86420669, 3367941.85009043)
4106	2020-10-27	232323.28517981255	c(76022.0641204581, 58196.6125272015, 3402011.56367753, 3391120.86420669)
4181	2020-10-27	212666.02752210552	c(92932.0323631158, 76022.0641204581, 3389753.97098741, 3402011.56367753)
4181	2020-10-27	212486.56346953943	c(110715.89335153, 92932.0323631158, 3400698.29344728, 3389753.97098741)
4181	2020-10-27	212486.56346953943	c(111558.064753189, 110715.89335153, 3423869.75798029, 3400698.29344728)
4217	2020-10-27	231825.76123165316	c(129268.521830819, 111558.064753189, 3434837.59079594, 3423869.75798029)
4285	2020-10-27	212361.98519063962	c(146169.044406296, 129268.521830819, 3422664.31513426, 3434837.59079594)
4285	2020-10-27	212202.64884542103	c(163838.235055039, 146169.044406296, 3433686.35202508, 3422664.31513426)
4285	2020-10-27	212202.64884542103	c(164574.102182281, 163838.235055039, 3456851.56410562, 3433686.35202508)
4319	2020-10-27	231538.11462711456	c(182169.11955502, 164574.102182281, 3467898.03566454, 3456851.56410562)
4385	2020-10-27	212071.9282483623	c(199061.58063509, 182169.11955502, 3455809.31338699, 3467898.03566454)
4385	2020-10-27	211931.03202336334	c(216615.622213397, 199061.58063509, 3466910.56855005, 3455809.31338699)
4385	2020-10-27	211931.03202336334	c(217243.326510579, 216615.622213397, 3490070.76747056, 3466910.56855005)
4419	2020-10-27	231265.87586787634	c(234722.396245866, 217243.326510579, 3501197.351722, 3490070.76747056)
4485	2020-10-27	211795.54622634265	c(251608.142135175, 234722.396245866, 3489193.44571595, 3501197.351722)
4485	2020-10-27	207767.51975574097	c(269046.493180514, 251608.142135175, 3500375.39129091, 3489193.44571595)
4485	2020-10-27	207767.51975574097	c(269564.151174322, 269046.493180514, 3523531.75795874, 3500375.39129091)
4518	2020-10-27	216043.61237825593	c(286926.702568399, 269564.151174322, 3534739.89673091, 3523531.75795874)
4584	2020-10-27	195704.1510422803	c(303807.041755881, 286926.702568399, 3522821.09630092, 3534739.89673091)
4584	2020-10-27	192813.20027439581	c(321129.09803526, 303807.041755881, 3534085.17202482, 3522821.09630092)
4584	2020-10-27	192813.20027439581	c(321534.801276261, 321129.09803526, 3557238.82836557, 3534085.17202482)
4617	2020-10-27	211201.6183480168	c(338780.200836929, 321534.801276261, 3568529.93062543, 3557238.82836557)
4681	2020-10-27	192090.16365039736	c(355656.404005424, 338780.200836929, 3556696.55135953, 3568529.93062543)
4681	2020-10-27	192090.16365039736	c(372861.498488622, 355656.404005424, 3568044.16379734, 3556696.55135953)
4681	2020-10-27	192546.1137307756	c(373153.313546673, 372861.498488622, 3591196.17210967, 3568044.16379734)
4713	2020-10-27	206297.19923713198	c(390280.864989433, 373153.313546673, 3602571.61315485, 3591196.17210967)
4713	2020-10-27	206297.19923713198	c(390535.742439668, 390280.864989433, 3625724.03594079, 3602571.61315485)
4744	2020-10-27	214896.32521339334	c(407585.00321226, 390535.742439668, 3637127.68539722, 3625724.03594079)
4744	2020-10-27	214896.32521339334	c(407802.267419938, 407585.00321226, 3660280.65507421, 3637127.68539722)
4776	2020-10-27	229852.00453664528	c(424772.486806809, 407802.267419938, 3671712.8801299, 3660280.65507421)
4837	2020-10-27	210595.49828316507	c(441564.173180594, 424772.486806809, 3660021.12517532, 3671712.8801299)
4837	2020-10-27	203102.3801753711	c(458493.900244479, 441564.173180594, 3671511.20233291, 3660021.12517532)
4837	2020-10-27	203102.3801753711	c(458592.643005266, 458493.900244479, 3694664.20424149, 3671511.20233291)
4868	2020-10-27	204854.1160725066	c(475442.391223657, 458592.643005266, 3706183.58284863, 3694664.20424149)
4868	2020-10-27	204854.1160725066	c(475501.512427988, 475442.391223657, 3729337.57230999, 3706183.58284863)
4899	2020-10-27	213786.41333583268	c(492270.517153348, 475501.512427988, 3740886.58430104, 3729337.57230999)
4961	2020-10-27	193746.76267832887	c(509020.739042288, 492270.517153348, 3729310.46177775, 3740886.58430104)
4961	2020-10-27	191307.70202969652	c(525749.136156294, 509020.739042288, 3740918.23338223, 3729310.46177775)
4961	2020-10-27	191307.70202969652	c(525686.407138078, 525749.136156294, 3764073.40737755, 3740918.23338223)
4992	2020-10-27	203900.34727739563	c(542333.08350007, 525686.407138078, 3775711.48223932, 3764073.40737755)
5054	2020-10-27	183589.71356766118	c(559083.853237496, 542333.08350007, 3764223.10850675, 3775711.48223932)
5054	2020-10-27	177308.66483826874	c(575689.956853225, 559083.853237496, 3775920.47479358, 3764223.10850675)
5054	2020-10-27	177308.66483826874	c(575503.359424427, 575689.956853225, 3799077.6072955, 3775920.47479358)
5085	2020-10-27	190835.67872742115	c(592026.736261952, 575503.359424427, 3810805.91260113, 3799077.6072955)
5146	2020-10-27	171552.95886239057	c(608779.0960568, 592026.736261952, 3799405.71084065, 3810805.91260113)
5146	2020-10-27	171459.05163141488	c(625261.901462506, 608779.0960568, 3811193.83459096, 3799405.71084065)
5146	2020-10-27	171459.05163141488	c(624949.393630224, 625261.901462506, 3834353.63545899, 3811193.83459096)
5177	2020-10-27	190619.9033071802	c(641348.437650478, 624949.393630224, 3846173.29918904, 3834353.63545899)
5238	2020-10-27	171382.67961021754	c(658103.391177217, 641348.437650478, 3834861.71728792, 3846173.29918904)
5238	2020-10-27	171302.69792192	c(674461.831515471, 658103.391177217, 3846741.721173, 3834861.71728792)
5238	2020-10-27	171302.69792192	c(674021.347901347, 674461.831515471, 3869904.83526098, 3846741.721173)
5269	2020-10-27	190413.59588728053	c(690294.963885519, 674021.347901347, 3881816.9445654, 3869904.83526098)
5332	2020-10-27	171221.05740967483	c(707053.476038065, 690294.963885519, 3870594.45477339, 3881816.9445654)
5332	2020-10-27	171153.0148250133	c(723286.422513356, 707053.476038065, 3882567.42008695, 3870594.45477339)
5394	2020-10-27	152243.32329758702	c(740088.459576784, 723286.422513356, 3871403.81668514, 3882567.42008695)
5394	2020-10-27	152243.32329758702	c(756280.929054039, 740088.459576784, 3883437.84393884, 3871403.81668514)
5394	2020-10-27	152891.89139031235	c(755625.902501913, 756280.929054039, 3906607.12477381, 3883437.84393884)
5425	2020-10-27	171009.68511259445	c(771732.164627174, 755625.902501913, 3918674.09010328, 3906607.12477381)
5484	2020-10-27	152135.1228724892	c(788539.34736102, 771732.164627174, 3907600.1889306, 3918674.09010328)
5484	2020-10-27	152135.1228724892	c(804605.0173209, 788539.34736102, 3919728.73107414, 3907600.1889306)
5484	2020-10-27	152712.78831226117	c(803817.037635759, 804605.0173209, 3942902.7992721, 3919728.73107414)
5514	2020-10-27	170872.38959878465	c(819795.363521306, 803817.037635759, 3955064.75911052, 3942902.7992721)
5573	2020-10-27	152034.2632088476	c(836608.564643244, 819795.363521306, 3944081.10314335, 3955064.75911052)
5573	2020-10-27	152034.2632088476	c(852546.149525151, 836608.564643244, 3956305.14737642, 3944081.10314335)
5632	2020-10-27	133139.30481945726	c(869404.44437028, 852546.149525151, 3945380.55292958, 3956305.14737642)
5632	2020-10-27	132893.74748252332	c(885301.443574557, 869404.44437028, 3957666.90505369, 3945380.55292958)
5632	2020-10-27	132893.74748252332	c(884292.193592331, 885301.443574557, 3980849.4750667, 3957666.90505369)
5662	2020-10-27	151940.52422721154	c(900100.34676809, 884292.193592331, 3993169.96239877, 3980849.4750667)
5662	2020-10-27	152374.4332477332	c(899039.983817814, 900100.34676809, 4016354.77671377, 3993169.96239877)
5692	2020-10-27	168193.52518317947	c(914758.437669055, 899039.983817814, 4028709.52538309, 4016354.77671377)
5750	2020-10-27	148365.5957066519	c(931586.133556871, 914758.437669055, 4017908.08035259, 4028709.52538309)
5750	2020-10-27	140473.50122524597	c(947263.447725033, 931586.133556871, 4030325.9040698, 4017908.08035259)
5750	2020-10-27	140473.50122524597	c(946063.613950768, 947263.447725033, 4053516.53728636, 4030325.9040698)
5778	2020-10-27	151996.35240906826	c(961650.011079679, 946063.613950768, 4065968.98463223, 4053516.53728636)
5778	2020-10-27	151996.35240906826	c(960397.060364285, 961650.011079679, 4089161.75936717, 4065968.98463223)
5807	2020-10-27	167303.74697008866	c(975891.67672227, 960397.060364285, 4101648.91472894, 4089161.75936717)
5862	2020-10-27	147568.71257905188	c(992689.593500623, 975891.67672227, 4090972.20832378, 4101648.91472894)
5862	2020-10-27	139848.71346536634	c(1008142.44027265, 992689.593500623, 4103523.15744042, 4090972.20832378)
5862	2020-10-27	139848.71346536634	c(1006746.45111201, 1008142.44027265, 4126721.85792705, 4103523.15744042)
5886	2020-10-27	151624.270855587	c(1022106.26496532, 1006746.45111201, 4139307.80924217, 4126721.85792705)
5886	2020-10-27	151624.270855587	c(1020655.16725631, 1022106.26496532, 4162508.46269257, 4139307.80924217)
5909	2020-10-27	166411.50774419642	c(1035921.07504358, 1020655.16725631, 4175129.45780511, 4162508.46269257)
5951	2020-10-27	146769.2641506565	c(1052689.86930042, 1035921.07504358, 4164579.06520876, 4175129.45780511)
5951	2020-10-27	136926.3371107318	c(1067913.3026447, 1052689.86930042, 4177264.52141517, 4164579.06520876)
5951	2020-10-27	136926.3371107318	c(1066315.58772111, 1067913.3026447, 4200471.03493977, 4177264.52141517)
5974	2020-10-27	136450.73131746627	c(1081443.83004351, 1066315.58772111, 4213191.75891066, 4200471.03493977)
5974	2020-10-27	136450.73131746627	c(1079789.02986022, 1081443.83004351, 4236399.94966245, 4213191.75891066)
5997	2020-10-27	135971.8043149703	c(1094821.19974628, 1079789.02986022, 4249155.9391796, 4236399.94966245)
5997	2020-10-27	135971.8043149703	c(1093108.69160652, 1094821.19974628, 4272365.67792243, 4249155.9391796)
6023	2020-10-27	135489.55040461099	c(1108043.90718619, 1093108.69160652, 4285156.91479217, 4272365.67792243)
6076	2020-10-27	116770.13548209192	c(1124745.27844848, 1108043.90718619, 4274768.28990931, 4285156.91479217)
6076	2020-10-27	106217.43897597009	c(1139636.80687078, 1124745.27844848, 4287624.77062247, 4274768.28990931)
6076	2020-10-27	106217.43897597009	c(1137772.75987873, 1139636.80687078, 4310839.8930444, 4287624.77062247)
6104	2020-10-27	113826.6246300803	c(1152566.0115421, 1137772.75987873, 4323731.7439003, 4310839.8930444)
6104	2020-10-27	113826.6246300803	c(1150642.30789373, 1152566.0115421, 4346948.02212651, 4323731.7439003)
6132	2020-10-27	131429.50634360238	c(1165336.39445733, 1150642.30789373, 4359875.17981687, 4346948.02212651)
6132	2020-10-27	131429.50634360238	c(1163352.42644894, 1165336.39445733, 4383092.44813038, 4359875.17981687)
6161	2020-10-27	134097.57020688328	c(1177946.45983519, 1163352.42644894, 4396054.83299732, 4383092.44813038)
6217	2020-10-27	115530.13728256212	c(1194579.89366921, 1177946.45983519, 4385830.53378589, 4396054.83299732)
6217	2020-10-27	105233.35944306586	c(1209128.90398771, 1194579.89366921, 4398858.81584054, 4385830.53378589)
6217	2020-10-27	105233.35944306586	c(1206988.50157743, 1209128.90398771, 4422080.66973279, 4398858.81584054)
6245	2020-10-27	104881.3017350313	c(1221436.10298309, 1206988.50157743, 4435144.19693447, 4422080.66973279)
6245	2020-10-27	104881.3017350313	c(1219233.52115892, 1221436.10298309, 4458366.53070981, 4435144.19693447)
6272	2020-10-27	104526.9408274776	c(1233578.82113596, 1219233.52115892, 4471465.1770837, 4458366.53070981)
6272	2020-10-27	104526.9408274776	c(1231313.46921511, 1233578.82113596, 4494687.78831342, 4471465.1770837)
6300	2020-10-27	104170.2780885624	c(1245555.57630989, 1231313.46921511, 4507821.41121172, 4494687.78831342)
6353	2020-10-27	85201.50177717202	c(1262120.17425338, 1245555.57630989, 4497763.80913039, 4507821.41121172)
6353	2020-10-27	77711.85295236133	c(1276315.80466887, 1262120.17425338, 4510963.84519003, 4497763.80913039)
6353	2020-10-27	77711.85295236133	c(1273889.16356508, 1276315.80466887, 4534189.91681756, 4510963.84519003)
6380	2020-10-27	77502.5882124498	c(1287980.21687653, 1273889.16356508, 4547424.8390658, 4534189.91681756)
6354	2020-10-27	103450.05567897033	c(1266548.15009406, 1269005.30255749, 4603860.27970573, 4580638.1351335)
6380	2020-10-27	84588.37344848092	c(1269005.30255749, 1285488.93041765, 4580638.1351335, 4570650.55888962)
6381	2020-10-27	103086.50188167697	c(1280475.34384123, 1266548.15009406, 4617097.80874366, 4603860.27970573)
6380	2020-10-27	77502.5882124498	c(1285488.93041765, 1287980.21687653, 4570650.55888962, 4547424.8390658)
6381	2020-10-27	103086.50188167697	c(1277953.11307728, 1280475.34384123, 4640319.33675469, 4617097.80874366)
6408	2020-10-27	102720.65803123813	c(1291773.56331209, 1277953.11307728, 4653591.10394459, 4640319.33675469)
6408	2020-10-27	102720.65803123813	c(1289185.69151488, 1291773.56331209, 4676811.77097847, 4653591.10394459)
6436	2020-10-27	102352.52872720633	c(1302898.51555377, 1289185.69151488, 4690117.54956718, 4676811.77097847)
6489	2020-10-27	83653.62299149141	c(1319258.28453185, 1302898.51555377, 4680235.27289619, 4690117.54956718)
6489	2020-10-27	76653.54381631888	c(1332922.1137435, 1319258.28453185, 4693607.66992155, 4680235.27289619)
916	2020-10-28	44209.19702936833	c(-1319756.30963036, -1312189.7020379, 5525938.20520776, 5548878.14995664)
917	2020-10-28	43675.806649464874	c(-1296994.89930155, -1289366.94914134, 5594715.24834578, 5617612.46008106)
940	2020-10-28	58557.84356581522	c(-1361849.02335795, -1354502.0005737, 5348961.38628567, 5372013.06791758)
941	2020-10-28	57836.56295415533	c(-1339743.90181438, -1332333.07066036, 5418073.74758272, 5441082.79200431)
916	2020-10-28	44474.78641364826	c(-1309974.91592259, -1319756.30963036, 5510025.03651348, 5525938.20520776)
942	2020-10-28	57109.92025437854	c(-1317448.45575228, -1309974.91592259, 5487058.41120193, 5510025.03651348)
916	2020-10-28	44209.19702936833	c(-1312189.7020379, -1294965.9801477, 5548878.14995664, 5555916.05001395)
917	2020-10-28	43943.01493413702	c(-1287430.82717397, -1296994.89930155, 5578840.49281147, 5594715.24834578)
943	2020-10-28	56378.03151756325	c(-1294965.9801477, -1287430.82717397, 5555916.05001395, 5578840.49281147)
917	2020-10-28	43675.806649464874	c(-1289366.94914134, -1272299.75724028, 5617612.46008106, 5624647.39204243)
944	2020-10-28	55641.01157472777	c(-1272299.75724028, -1264704.08224591, 5624647.39204243, 5647529.90708285)
964	2020-10-28	76293.37404459302	c(-1401810.49273715, -1394688.2552647, 5171164.65518807, 5194325.78404552)
965	2020-10-28	75419.06583607828	c(-1380377.30184443, -1373188.82990689, 5240605.60792315, 5263724.33749035)
940	2020-10-28	58796.18260659334	c(-1351492.89488475, -1361849.02335795, 5332996.0189581, 5348961.38628567)
966	2020-10-28	74538.01320533108	c(-1358746.50476472, -1351492.89488475, 5309919.52360144, 5332996.0189581)
940	2020-10-28	58557.84356581522	c(-1354502.0005737, -1336921.38790001, 5372013.06791758, 5379106.9165709)
941	2020-10-28	58076.714943954525	c(-1329603.73337046, -1339743.90181438, 5402141.36183567, 5418073.74758272)
967	2020-10-28	73650.3778369133	c(-1336921.38790001, -1329603.73337046, 5379106.9165709, 5402141.36183567)
941	2020-10-28	57836.56295415533	c(-1332333.07066036, -1314905.22767978, 5441082.79200431, 5448168.35798062)
942	2020-10-28	57351.84677854394	c(-1307524.61828387, -1317448.45575228, 5471160.95599451, 5487058.41120193)
968	2020-10-28	72756.3207589667	c(-1314905.22767978, -1307524.61828387, 5448168.35798062, 5471160.95599451)
944	2020-10-28	55641.01157472777	c(-1264704.08224591, -1247743.08457023, 5647529.90708285, 5654603.51625485)
971	2020-10-28	70037.2201670202	c(-1247743.08457023, -1240180.11028307, 5654603.51625485, 5677471.97195882)
989	2020-10-28	77538.92775197153	c(-1418864.62979757, -1411903.5544404, 5062342.46313063, 5085568.36939944)
964	2020-10-28	76728.27926404656	c(-1390885.04259259, -1401810.49273715, 5155162.24370174, 5171164.65518807)
990	2020-10-28	77109.09197343752	c(-1397913.63980633, -1390885.04259259, 5131978.24618906, 5155162.24370174)
964	2020-10-28	76293.37404459302	c(-1394688.2552647, -1376761.172887, 5194325.78404552, 5201488.42983963)
965	2020-10-28	75857.39913754431	c(-1369666.14192805, -1380377.30184443, 5224630.64975911, 5240605.60792315)
991	2020-10-28	89916.81855559564	c(-1376761.172887, -1369666.14192805, 5201488.42983963, 5224630.64975911)
965	2020-10-28	75419.06583607828	c(-1373188.82990689, -1355410.4909018, 5263724.33749035, 5270873.42684961)
966	2020-10-28	74979.69334932478	c(-1348250.11176926, -1358746.50476472, 5293974.01955116, 5309919.52360144)
992	2020-10-28	88853.56911630061	c(-1355410.4909018, -1348250.11176926, 5270873.42684961, 5293974.01955116)
989	2020-10-28	77967.63477737454	c(-1407588.47655886, -1418864.62979757, 5046340.09986258, 5062342.46313063)
1015	2020-10-28	78339.89894851806	c(-1414455.96824066, -1407588.47655886, 5023092.6867356, 5046340.09986258)
989	2020-10-28	77538.92775197153	c(-1411903.5544404, -1393785.56024193, 5085568.36939944, 5092793.63344581)
990	2020-10-28	77109.09197343752	c(-1386850.37505291, -1397913.63980633, 5115999.77775159, 5131978.24618906)
1016	2020-10-28	91433.91510312384	c(-1393785.56024193, -1386850.37505291, 5092793.63344581, 5115999.77775159)
1013	2020-10-28	63196.08911958584	c(-1443343.60098355, -1455177.83541692, 4867303.9681763, 4883318.52173894)
1039	2020-10-28	79966.09798752646	c(-1449978.87045659, -1443343.60098355, 4843954.28600293, 4867303.9681763)
1039	2020-10-28	80381.7709985944	c(-1438011.47742827, -1449978.87045659, 4827970.06398326, 4843954.28600293)
1065	2020-10-28	95396.72868388666	c(-1444553.45455502, -1438011.47742827, 4804601.64499916, 4827970.06398326)
1065	2020-10-28	95727.6354667497	c(-1432453.86236791, -1444553.45455502, 4788648.62597965, 4804601.64499916)
1091	2020-10-28	112400.86277608521	c(-1438902.86744037, -1432453.86236791, 4765262.18599468, 4788648.62597965)
1091	2020-10-28	117728.08947557597	c(-1426672.04889393, -1438902.86744037, 4749341.22160996, 4765262.18599468)
1117	2020-10-28	136912.63771144452	c(-1433028.41610631, -1426672.04889393, 4725937.47054474, 4749341.22160996)
1117	2020-10-28	138163.71962350936	c(-1420667.35694881, -1433028.41610631, 4710049.39238922, 4725937.47054474)
1143	2020-10-28	138679.55511303787	c(-1426931.43424879, -1420667.35694881, 4686629.03400481, 4710049.39238922)
1143	2020-10-28	138679.55511303787	c(-1414441.13275966, -1426931.43424879, 4670774.65342776, 4686629.03400481)
1143	2020-10-28	149240.77622488118	c(-1395762.92292799, -1414441.13275966, 4678384.75431722, 4670774.65342776)
1196	2020-10-28	169231.99007594987	c(-1383220.23547341, -1395762.92292799, 4662608.36847282, 4678384.75431722)
1196	2020-10-28	175472.4251918175	c(-1364602.18068279, -1383220.23547341, 4670290.30836876, 4662608.36847282)
1250	2020-10-28	194618.6634712846	c(-1352007.44466085, -1364602.18068279, 4654591.52976448, 4670290.30836876)
1277	2020-10-28	178275.31973285438	c(-1357955.62972325, -1352007.44466085, 4631167.86757975, 4654591.52976448)
1277	2020-10-28	178275.31973285438	c(-1345234.39188936, -1357955.62972325, 4615503.90211307, 4631167.86757975)
1358	2020-10-28	181466.84212150332	c(-1306718.99495889, -1319615.73809924, 4568737.95897881, 4584288.88499681)
1385	2020-10-28	159236.7875776479	c(-1312378.143881, -1306718.99495889, 4545294.84579455, 4568737.95897881)
1385	2020-10-28	156292.16816754028	c(-1299357.7988174, -1312378.143881, 4529780.27817599, 4545294.84579455)
1466	2020-10-28	110428.69565938094	c(-1276014.74077345, -1289399.61386666, 4413062.79468984, 4428464.36106111)
1494	2020-10-28	110767.69425336488	c(-1281323.19407504, -1276014.74077345, 4389575.63089372, 4413062.79468984)
1494	2020-10-28	110767.69425336488	c(-1267818.93375867, -1281323.19407504, 4374212.97060248, 4389575.63089372)
1521	2020-10-28	111103.20543856815	c(-1273040.87354456, -1267818.93375867, 4350716.32049512, 4374212.97060248)
1521	2020-10-28	111103.20543856815	c(-1259418.30080922, -1273040.87354456, 4335393.15072522, 4350716.32049512)
1549	2020-10-28	111435.22407616448	c(-1264554.21419143, -1259418.30080922, 4311887.60802815, 4335393.15072522)
1549	2020-10-28	111435.22407616448	c(-1250814.41147478, -1264554.21419143, 4296604.49208227, 4311887.60802815)
1576	2020-10-28	118033.16993756354	c(-1255864.79669731, -1250814.41147478, 4273090.64178873, 4296604.49208227)
1576	2020-10-28	118033.16993756354	c(-1242008.8536642, -1255864.79669731, 4257848.12177771, 4273090.64178873)
1604	2020-10-28	112088.7680868323	c(-1246974.21990027, -1242008.8536642, 4234326.53998078, 4257848.12177771)
1604	2020-10-28	112088.7680868323	c(-1233003.23303852, -1246974.21990027, 4219125.13678191, 4234326.53998078)
1631	2020-10-28	118891.00389787799	c(-1237884.10018508, -1233003.23303852, 4195596.39050979, 4219125.13678191)
1631	2020-10-28	118891.00389787799	c(-1223799.17240389, -1237884.10018508, 4180436.60373637, 4195596.39050979)
1659	2020-10-28	112728.30467325074	c(-1228596.07087366, -1223799.17240389, 4156901.25079477, 4180436.60373637)
1659	2020-10-28	112728.30467325074	c(-1214398.31110478, -1228596.07087366, 4141783.55877678, 4156901.25079477)
1687	2020-10-28	113042.81755114418	c(-1219111.78161608, -1214398.31110478, 4118242.14759868, 4141783.55877678)
1713	2020-10-28	103760.5185186124	c(-1236749.65211577, -1232252.83300444, 3938167.26425599, 3961763.04040911)
1714	2020-10-28	114128.71547997837	c(-1223191.78677672, -1218627.71949993, 4008930.27154432, 4032501.69425729)
1687	2020-10-28	113042.81755114418	c(-1204802.30441816, -1219111.78161608, 4103167.00737446, 4118242.14759868)
1715	2020-10-28	120142.73901443285	c(-1209432.89778268, -1204802.30441816, 4079620.076877, 4103167.00737446)
1737	2020-10-28	199943.21556045354	c(-1277590.10390934, -1273449.97785914, 3615753.88867696, 3639446.70288772)
1738	2020-10-28	149781.04204307316	c(-1265099.82089774, -1260889.9409731, 3686809.33486353, 3710479.10826991)
1739	2020-10-28	123904.71697138848	c(-1252400.95761429, -1248122.00668169, 3757795.4625067, 3781442.00176661)
1740	2020-10-28	122963.67123908427	c(-1239495.56939808, -1235148.23700145, 3828711.70413265, 3852334.82846058)
1713	2020-10-28	104035.8070293732	c(-1221970.71342376, -1236749.65211577, 3923157.07113508, 3938167.26425599)
1741	2020-10-28	122008.60568599674	c(-1226385.73134146, -1221970.71342376, 3899557.52995361, 3923157.07113508)
1713	2020-10-28	103760.5185186124	c(-1232252.83300444, -1213073.53745776, 3961763.04040911, 3970332.44790278)
1714	2020-10-28	114128.71547997837	c(-1208591.53608553, -1223191.78677672, 3993908.25030039, 4008930.27154432)
1742	2020-10-28	121526.42412931753	c(-1213073.53745776, -1208591.53608553, 3970332.44790278, 3993908.25030039)
1714	2020-10-28	120636.22434202506	c(-1218627.71949993, -1199561.09985806, 4032501.69425729, 4041036.00364431)
1715	2020-10-28	120142.73901443285	c(-1195012.82294917, -1209432.89778268, 4064587.92419567, 4079620.076877)
1743	2020-10-28	136662.14910947005	c(-1199561.09985806, -1195012.82294917, 4041036.00364431, 4064587.92419567)
1737	2020-10-28	199943.21556045354	c(-1273449.97785914, -1253821.88668192, 3639446.70288772, 3648221.52605676)
1738	2020-10-28	164678.41205463337	c(-1249692.28789827, -1265099.82089774, 3671892.70745775, 3686809.33486353)
1766	2020-10-28	185953.97528365548	c(-1253821.88668192, -1249692.28789827, 3648221.52605676, 3671892.70745775)
1738	2020-10-28	149781.04204307316	c(-1260889.9409731, -1241364.19181747, 3710479.10826991, 3719212.4975438)
1739	2020-10-28	128652.97023917016	c(-1237165.84378248, -1252400.95761429, 3742861.06401753, 3757795.4625067)
1767	2020-10-28	149140.3118179676	c(-1241364.19181747, -1237165.84378248, 3719212.4975438, 3742861.06401753)
1739	2020-10-28	123904.71697138848	c(-1248122.00668169, -1228700.92274743, 3781442.00176661, 3790135.43769937)
1740	2020-10-28	123436.511283441	c(-1224434.5004904, -1239495.56939808, 3813761.20541824, 3828711.70413265)
1768	2020-10-28	140435.07385780627	c(-1228700.92274743, -1224434.5004904, 3790135.43769937, 3813761.20541824)
1740	2020-10-28	122963.67123908427	c(-1235148.23700145, -1215834.11114824, 3852334.82846058, 3860989.80729503)
1741	2020-10-28	122488.43256638024	c(-1211500.29622682, -1226385.73134146, 3884592.60468937, 3899557.52995361)
1769	2020-10-28	139349.52439570642	c(-1215834.11114824, -1211500.29622682, 3860989.80729503, 3884592.60468937)
3731	2020-10-28	829868.4286832162	c(-119558.128451219, -138169.906373075, 2992484.65142841, 2981780.46849499)
3731	2020-10-28	821689.6579864509	c(-118406.385272386, -119558.128451219, 3015696.27856431, 2992484.65142841)
3768	2020-10-28	800832.9710270356	c(-99859.9306689372, -118406.385272386, 3026417.27207155, 3015696.27856431)
3841	2020-10-28	787899.785075829	c(-82440.8220825389, -99859.9306689372, 3013957.67945226, 3026417.27207155)
3841	2020-10-28	766994.1146939083	c(-63935.3172017571, -82440.8220825389, 3024726.93765642, 3013957.67945226)
3915	2020-10-28	754294.0514643799	c(-46488.9133102022, -63935.3172017571, 3012324.33363299, 3024726.93765642)
3915	2020-10-28	733336.5895379792	c(-28023.8568989717, -46488.9133102022, 3023142.00128434, 3012324.33363299)
3915	2020-10-28	725353.8235902031	c(-27030.6798063449, -28023.8568989717, 3046331.96741145, 3023142.00128434)
3952	2020-10-28	704625.7000820296	c(-8631.58434559108, -27030.6798063449, 3057168.14581198, 3046331.96741145)
3952	2020-10-28	697497.8374854928	c(-7662.32813577919, -8631.58434559108, 3080354.42071339, 3057168.14581198)
3990	2020-10-28	677047.8002310352	c(10670.1306815077, -7662.32813577919, 3091209.70031258, 3080354.42071339)
4064	2020-10-28	663372.824342605	c(28060.0505550134, 10670.1306815077, 3078908.8389213, 3091209.70031258)
4064	2020-10-28	642857.2973220843	c(46352.5393982198, 28060.0505550134, 3089813.75417992, 3078908.8389213)
4064	2020-10-28	636405.0043696932	c(47227.8001113369, 46352.5393982198, 3112989.7060447, 3089813.75417992)
4102	2020-10-28	616225.277527284	c(65452.9538952347, 47227.8001113369, 3123914.826585, 3112989.7060447)
4177	2020-10-28	602075.817875214	c(82830.7163970565, 65452.9538952347, 3111693.71555716, 3123914.826585)
4177	2020-10-28	581823.272367725	c(101016.340357571, 82830.7163970565, 3122669.15587352, 3111693.71555716)
4246	2020-10-28	567888.134198818	c(118424.304030462, 101016.340357571, 3110504.37373156, 3122669.15587352)
4348	2020-10-28	482309.1038359065	c(191408.326078954, 190797.000076757, 3177908.74140848, 3154753.64871602)
4381	2020-10-28	462844.1473681876	c(209379.199949651, 191408.326078954, 3189030.48115639, 3177908.74140848)
4381	2020-10-28	459483.3326257516	c(209961.189634571, 209379.199949651, 3212184.22240853, 3189030.48115639)
4415	2020-10-28	440699.94058381784	c(227862.463344424, 209961.189634571, 3223329.31208728, 3212184.22240853)
4481	2020-10-28	424492.8631164695	c(245213.044416512, 227862.463344424, 3211349.30178198, 3223329.31208728)
4481	2020-10-28	405655.93024623184	c(263075.909686676, 245213.044416512, 3222546.75732332, 3211349.30178198)
4481	2020-10-28	403922.83033017203	c(263556.301560532, 263075.909686676, 3245695.83033565, 3222546.75732332)
4514	2020-10-28	385942.34199022833	c(281348.754323979, 263556.301560532, 3256917.62716078, 3245695.83033565)
4580	2020-10-28	368818.1308467805	c(298693.245725873, 281348.754323979, 3245018.68715244, 3256917.62716078)
4580	2020-10-28	350856.6269611033	c(316447.597348704, 298693.245725873, 3256293.52937867, 3245018.68715244)
4580	2020-10-28	350178.7318826818	c(316824.430498771, 316447.597348704, 3279439.2083721, 3256293.52937867)
4613	2020-10-28	332696.1818105192	c(334507.528311149, 316824.430498771, 3290739.35419856, 3279439.2083721)
4677	2020-10-28	315155.8300331474	c(351847.352609275, 334507.528311149, 3278921.87976791, 3290739.35419856)
4677	2020-10-28	297717.03546108725	c(369492.623227879, 351847.352609275, 3290275.74900999, 3278921.87976791)
4677	2020-10-28	297717.03546108725	c(369763.912021853, 369492.623227879, 3313419.25123963, 3290275.74900999)
4709	2020-10-28	283361.2376432683	c(387337.058416966, 369763.912021853, 3324799.35693586, 3313419.25123963)
4771	2020-10-28	264507.85515131225	c(404673.600503848, 387337.058416966, 3313063.76957079, 3324799.35693586)
4771	2020-10-28	248952.19521570898	c(422209.160218532, 404673.600503848, 3324498.27495877, 3313063.76957079)
4771	2020-10-28	248952.19521570898	c(422372.894104231, 422209.160218532, 3347640.7600348, 3324498.27495877)
4802	2020-10-28	240814.56186180722	c(439835.429943282, 422372.894104231, 3359102.40480087, 3347640.7600348)
4802	2020-10-28	240814.56186180722	c(439963.660468348, 439835.429943282, 3382245.52973273, 3359102.40480087)
4833	2020-10-28	238903.00819677222	c(457352.407416562, 439963.660468348, 3393734.73417085, 3382245.52973273)
4894	2020-10-28	218157.82997922503	c(474649.336500757, 457352.407416562, 3382108.4401106, 3393734.73417085)
4894	2020-10-28	209113.49379414425	c(492000.539773571, 474649.336500757, 3393653.17072354, 3382108.4401106)
4894	2020-10-28	209113.49379414425	c(492017.802554627, 492000.539773571, 3416796.7469131, 3393653.17072354)
4925	2020-10-28	217089.1065155288	c(509294.276763058, 492017.802554627, 3428369.88838381, 3416796.7469131)
4987	2020-10-28	196622.39035925627	c(526591.010164758, 509294.276763058, 3416826.89873965, 3428369.88838381)
4987	2020-10-28	193527.68971599918	c(543830.095806039, 526591.010164758, 3428456.22872614, 3416826.89873965)
4987	2020-10-28	193527.68971599918	c(543734.325961846, 543830.095806039, 3451601.26498103, 3428456.22872614)
5019	2020-10-28	208235.0113148704	c(560897.712928912, 543734.325961846, 3463259.82565756, 3451601.26498103)
5019	2020-10-28	208235.0113148704	c(560762.992892358, 560897.712928912, 3486406.30646316, 3463259.82565756)
5050	2020-10-28	216420.55676884777	c(577849.890611746, 560762.992892358, 3498094.46251221, 3486406.30646316)
5111	2020-10-28	196044.8774164411	c(595110.723959745, 577849.890611746, 3486663.49591553, 3498094.46251221)
5111	2020-10-28	193093.78425859395	c(612160.145929833, 595110.723959745, 3498408.92321375, 3486663.49591553)
5111	2020-10-28	193093.78425859395	c(611908.919482959, 612160.145929833, 3521558.09636312, 3498408.92321375)
5142	2020-10-28	211478.84875887286	c(628880.842000262, 611908.919482959, 3533333.88462048, 3521558.09636312)
5142	2020-10-28	211478.84875887286	c(628588.59699262, 628880.842000262, 3556484.86664895, 3533333.88462048)
5173	2020-10-28	230788.90428473902	c(645482.215246773, 628588.59699262, 3568291.34524923, 3556484.86664895)
5173	2020-10-28	230788.90428473902	c(645148.269218689, 645482.215246773, 3591444.20928496, 3568291.34524923)
5204	2020-10-28	249613.38678787838	c(661962.775339126, 645148.269218689, 3603281.6944665, 3591444.20928496)
5265	2020-10-28	230691.64899881187	c(679152.684618749, 661962.775339126, 3591993.7281975, 3603281.6944665)
5265	2020-10-28	230592.310998	c(695929.306502178, 679152.684618749, 3603889.92727713, 3591993.7281975)
5265	2020-10-28	230592.310998	c(695473.965389447, 695929.306502178, 3627046.7846394, 3603889.92727713)
5297	2020-10-28	235033.26596116548	c(712170.413593504, 695473.965389447, 3638974.6767611, 3627046.7846394)
5297	2020-10-28	235033.26596116548	c(711671.309251087, 712170.413593504, 3662133.68106611, 3638974.6767611)
5329	2020-10-28	234450.29753858296	c(728286.762069592, 711671.309251087, 3674093.54577211, 3662133.68106611)
5391	2020-10-28	214073.69033071946	c(745444.409481892, 728286.762069592, 3662921.86197777, 3674093.54577211)
5391	2020-10-28	205640.83554740436	c(762021.707392064, 745444.409481892, 3674941.43339924, 3662921.86197777)
5391	2020-10-28	205640.83554740436	c(761397.672221026, 762021.707392064, 3698105.31204845, 3674941.43339924)
5422	2020-10-28	214487.21960581673	c(777892.873347549, 761397.672221026, 3710157.4840783, 3698105.31204845)
5481	2020-10-28	194380.14538541713	c(795056.261159654, 777892.873347549, 3699073.21840657, 3710157.4840783)
5481	2020-10-28	191872.8868367172	c(811513.253207471, 795056.261159654, 3711185.70122757, 3699073.21840657)
5481	2020-10-28	191872.8868367172	c(810762.109685433, 811513.253207471, 3734355.07057233, 3711185.70122757)
5511	2020-10-28	204786.3373774063	c(827135.874695737, 810762.109685433, 3746500.74622727, 3734355.07057233)
5570	2020-10-28	184397.99124475638	c(844305.990582279, 827135.874695737, 3735504.50894021, 3746500.74622727)
5570	2020-10-28	178032.70822797113	c(860641.458085927, 844305.990582279, 3747711.09367327, 3735504.50894021)
5570	2020-10-28	178032.70822797113	c(859761.005430723, 860641.458085927, 3770886.50344934, 3747711.09367327)
5601	2020-10-28	191489.85338341416	c(876012.086989995, 859761.005430723, 3783126.83662888, 3770886.50344934)
5659	2020-10-28	172129.72989586298	c(893189.878678746, 876012.086989995, 3772219.2624526, 3783126.83662888)
5659	2020-10-28	172040.20440458585	c(909402.539962178, 893189.878678746, 3784521.09662958, 3772219.2624526)
5659	2020-10-28	172040.20440458585	c(908390.554660271, 909402.539962178, 3807703.02887467, 3784521.09662958)
5689	2020-10-28	191304.5468237326	c(924517.642681881, 908390.554660271, 3820039.12965109, 3807703.02887467)
5747	2020-10-28	172018.74844347298	c(941704.017549201, 924517.642681881, 3809220.87743121, 3820039.12965109)
5747	2020-10-28	171269.48709874047	c(957792.528106464, 941704.017549201, 3821619.06414459, 3809220.87743121)
5747	2020-10-28	171269.48709874047	c(956646.76451706, 957792.528106464, 3844807.93208665, 3821619.06414459)
5775	2020-10-28	177173.04495564618	c(972648.486368536, 956646.76451706, 3857240.86521575, 3844807.93208665)
5831	2020-10-28	157018.53686581514	c(989844.311006117, 972648.486368536, 3846512.6175369, 3857240.86521575)
5831	2020-10-28	153541.7993499217	c(1005807.26371472, 989844.311006117, 3859008.21391723, 3846512.6175369)
5831	2020-10-28	153541.7993499217	c(1004525.45475179, 1005807.26371472, 3882204.36083612, 3859008.21391723)
5859	2020-10-28	171688.94787922912	c(1020400.37551183, 1004525.45475179, 3894735.14420546, 3882204.36083612)
5905	2020-10-28	152731.0161625714	c(1037606.47526641, 1020400.37551183, 3884097.6069734, 3894735.14420546)
5905	2020-10-28	152731.0161625714	c(1053442.40065358, 1037606.47526641, 3896691.62260424, 3884097.6069734)
5905	2020-10-28	153407.98759011808	c(1052022.25854801, 1053442.40065358, 3919895.32066986, 3896691.62260424)
5927	2020-10-28	170065.36683650056	c(1067768.88131848, 1052022.25854801, 3932524.92368609, 3919895.32066986)
5927	2020-10-28	170065.36683650056	c(1066294.57728586, 1067768.88131848, 3955731.03332153, 3932524.92368609)
5948	2020-10-28	169604.02230188498	c(1081951.00360708, 1066294.57728586, 3968396.31089753, 3955731.03332153)
5993	2020-10-28	149628.95885538435	c(1099132.62351611, 1081951.00360708, 3957883.67003293, 3968396.31089753)
5993	2020-10-28	141548.0785489784	c(1114749.38979293, 1099132.62351611, 3970613.01194981, 3957883.67003293)
5993	2020-10-28	141548.0785489784	c(1113133.05240282, 1114749.38979293, 3993826.74746458, 3970613.01194981)
6019	2020-10-28	152864.5265996096	c(1128658.31586111, 1113133.05240282, 4006592.09567693, 3993826.74746458)
6019	2020-10-28	152864.5265996096	c(1126985.77747727, 1128658.31586111, 4029808.00391018, 4006592.09567693)
6046	2020-10-28	168766.81507795525	c(1142418.63437935, 1126985.77747727, 4042609.40227033, 4029808.00391018)
6100	2020-10-28	148878.7301033665	c(1159576.40654346, 1142418.63437935, 4032223.510195, 4042609.40227033)
6100	2020-10-28	139163.7437062318	c(1174968.86132839, 1159576.40654346, 4045089.75377436, 4032223.510195)
6100	2020-10-28	139163.7437062318	c(1173150.57708252, 1174968.86132839, 4068313.18758717, 4045089.75377436)
6128	2020-10-28	138706.12589296108	c(1188449.28479375, 1173150.57708252, 4081215.7421149, 4068313.18758717)
6128	2020-10-28	138706.12589296108	c(1186572.77537065, 1188449.28479375, 4104441.02099782, 4081215.7421149)
6157	2020-10-28	138245.0064706049	c(1201776.82351372, 1186572.77537065, 4117379.8858778, 4104441.02099782)
6157	2020-10-28	138245.0064706049	c(1199841.45581897, 1201776.82351372, 4140606.8592613, 4117379.8858778)
6185	2020-10-28	139954.9515938202	c(1214949.93134303, 1199841.45581897, 4153582.01764101, 4140606.8592613)
6185	2020-10-28	139954.9515938202	c(1212955.07667825, 1214949.93134303, 4176810.52630854, 4153582.01764101)
6214	2020-10-28	151897.96811071015	c(1227967.06616792, 1212955.07667825, 4189821.94498104, 4176810.52630854)
6214	2020-10-28	151897.96811071015	c(1225912.10036005, 1227967.06616792, 4213051.82106354, 4189821.94498104)
6242	2020-10-28	166488.23748890823	c(1240826.69023274, 1225912.10036005, 4226099.45037373, 4213051.82106354)
6242	2020-10-28	166488.23748890823	c(1238710.9937651, 1240826.69023274, 4249330.51734808, 4226099.45037373)
6269	2020-10-28	166002.39941291095	c(1253527.27047346, 1238710.9937651, 4262414.29110329, 4249330.51734808)
6323	2020-10-28	146400.59745214338	c(1270514.87024044, 1253527.27047346, 4252297.05053207, 4262414.29110329)
6323	2020-10-28	136454.36277737765	c(1285288.04822472, 1270514.87024044, 4265447.13551513, 4252297.05053207)
6323	2020-10-28	136454.36277737765	c(1283017.43060194, 1285288.04822472, 4288684.25968833, 4265447.13551513)
6350	2020-10-28	135976.21716618474	c(1297690.89695385, 1283017.43060194, 4301870.55816239, 4288684.25968833)
6350	2020-10-28	135976.21716618474	c(1295357.58686934, 1297690.89695385, 4325108.34049306, 4301870.55816239)
6377	2020-10-28	135494.49393785963	c(1309930.42278812, 1295357.58686934, 4338330.73946668, 4325108.34049306)
6377	2020-10-28	135494.49393785963	c(1307533.81767819, 1309930.42278812, 4361568.96599849, 4338330.73946668)
6404	2020-10-28	135009.18985934777	c(1322005.10520011, 1307533.81767819, 4374827.33557354, 4361568.96599849)
6404	2020-10-28	135009.18985934777	c(1319544.60784287, 1322005.10520011, 4398065.78370234, 4374827.33557354)
6432	2020-10-28	134520.30244323635	c(1333913.43006931, 1319544.60784287, 4411359.97700609, 4398065.78370234)
6432	2020-10-28	134520.30244323635	c(1331388.44872613, 1333913.43006931, 4434598.41550333, 4411359.97700609)
6460	2020-10-28	134027.82996814675	c(1345653.89005636, 1331388.44872613, 4447928.26862602, 4434598.41550333)
6460	2020-10-28	134027.82996814675	c(1343063.83861444, 1345653.89005636, 4471166.4576666, 4447928.26862602)
6486	2020-10-28	124653.18510503175	c(1357224.984983, 1343063.83861444, 4484531.78960453, 4471166.4576666)
6486	2020-10-28	124268.15711308725	c(1354569.283099, 1357224.984983, 4507769.48079925, 4484531.78960453)
6515	2020-10-28	109297.32560319031	c(1368625.2222174, 1354569.283099, 4521170.09340356, 4507769.48079925)
6515	2020-10-28	109297.32560319031	c(1365903.29546197, 1368625.2222174, 4544407.02983617, 4521170.09340356)
6544	2020-10-28	104082.53425991362	c(1379853.11706486, 1365903.29546197, 4557842.70776749, 4544407.02983617)
6544	2020-10-28	103287.12868122946	c(1377064.3970679, 1379853.11706486, 4581078.62403638, 4557842.70776749)
6571	2020-10-28	84331.62444384582	c(1390907.19316322, 1377064.3970679, 4594549.13472546, 4581078.62403638)
6571	2020-10-28	76968.02052629698	c(1388051.11775989, 1390907.19316322, 4617783.75699009, 4594549.13472546)
6599	2020-10-28	57706.06603021733	c(1401785.9828831, 1388051.11775989, 4631288.85060466, 4617783.75699009)
6599	2020-10-28	47174.071958543485	c(1398861.99626027, 1401785.9828831, 4654521.8966367, 4631288.85060466)
805	2020-10-29	121249.6661555794	c(-1488473.17914659, -1480986.22422359, 5198451.27880627, 5221599.28750921)
806	2020-10-29	119814.68298571791	c(-1465943.84672951, -1458388.68512696, 5267848.57949308, 5290949.90468748)
807	2020-10-29	104145.32341347465	c(-1443211.06734855, -1435588.87109818, 5337106.02409739, 5360160.86487298)
808	2020-10-29	102878.58753607911	c(-1420278.35231973, -1412590.28860656, 5406224.23069404, 5429232.80686267)
809	2020-10-29	101602.92265907052	c(-1397149.19811976, -1389396.42898672, 5475203.87914729, 5498166.43086525)
810	2020-10-29	100318.54969760653	c(-1373827.08551689, -1366010.76758638, 5544045.70997457, 5566962.49736176)
811	2020-10-29	99673.78312220445	c(-1350315.47875248, -1342436.76296474, 5612750.52320117, 5635621.82595758)
812	2020-10-29	110982.64294881054	c(-1326617.8247726, -1318677.85614058, 5681319.1772074, 5704145.29422747)
829	2020-10-29	139157.30059183878	c(-1507163.71070803, -1499841.91982111, 5089441.74190319, 5112661.35341054)
805	2020-10-29	121719.02378327787	c(-1477737.01605186, -1488473.17914659, 5182227.74228718, 5198451.27880627)
830	2020-10-29	137567.73967673574	c(-1485128.44277446, -1477737.01605186, 5159054.33680924, 5182227.74228718)
805	2020-10-29	121249.6661555794	c(-1480986.22422359, -1462885.43373201, 5221599.28750921, 5228528.47066814)
806	2020-10-29	120287.73516212845	c(-1455425.53669941, -1465943.84672951, 5251655.83186046, 5267848.57949308)
831	2020-10-29	135965.57414272215	c(-1462885.43373201, -1455425.53669941, 5228528.47066814, 5251655.83186046)
806	2020-10-29	119814.68298571791	c(-1458388.68512696, -1440438.17613972, 5290949.90468748, 5297864.64977427)
807	2020-10-29	109883.21815883557	c(-1432910.97023221, -1443211.06734855, 5320946.14940812, 5337106.02409739)
832	2020-10-29	128128.34246994539	c(-1440438.17613972, -1432910.97023221, 5297864.64977427, 5320946.14940812)
807	2020-10-29	104145.32341347465	c(-1435588.87109818, -1417790.14996302, 5360160.86487298, 5367063.44301225)
808	2020-10-29	103513.73783536379	c(-1410196.79220704, -1420278.35231973, 5390099.2844373, 5406224.23069404)
833	2020-10-29	117564.8708573658	c(-1417790.14996302, -1410196.79220704, 5367063.44301225, 5390099.2844373)
808	2020-10-29	102878.58753607911	c(-1412590.28860656, -1394944.82163627, 5429232.80686267, 5436125.48077024)
809	2020-10-29	102242.4981438893	c(-1387286.46434822, -1397149.19811976, 5459115.88759375, 5475203.87914729)
834	2020-10-29	116105.72607042885	c(-1394944.82163627, -1387286.46434822, 5436125.48077024, 5459115.88759375)
809	2020-10-29	101602.92265907052	c(-1389396.42898672, -1371905.64317541, 5498166.43086525, 5505051.4538412)
810	2020-10-29	100962.43991196924	c(-1364183.43367697, -1373827.08551689, 5527996.66955933, 5544045.70997457)
835	2020-10-29	114636.15616795728	c(-1371905.64317541, -1364183.43367697, 5505051.4538412, 5527996.66955933)
810	2020-10-29	100318.54969760653	c(-1366010.76758638, -1348676.05134032, 5566962.49736176, 5573842.11231368)
811	2020-10-29	99673.78312220445	c(-1340891.13169019, -1350315.47875248, 5596742.39993973, 5612750.52320117)
836	2020-10-29	113156.39928437858	c(-1348676.05134032, -1340891.13169019, 5573842.11231368, 5596742.39993973)
811	2020-10-29	105201.6726267258	c(-1342436.76296474, -1325259.46684627, 5635621.82595758, 5642498.2644539)
812	2020-10-29	111476.2460450579	c(-1317412.97358812, -1326617.8247726, 5665353.90614408, 5681319.1772074)
837	2020-10-29	122644.57227680236	c(-1325259.46684627, -1317412.97358812, 5642498.2644539, 5665353.90614408)
812	2020-10-29	110982.64294881054	c(-1318677.85614058, -1301659.29362391, 5704145.29422747, 5711020.77558082)
838	2020-10-29	125264.88129741987	c(-1301659.29362391, -1293752.35755036, 5711020.77558082, 5733832.07225787)
851	2020-10-29	109258.38113351414	c(-1588137.83337327, -1581202.70658482, 4769857.53432129, 4793284.33854358)
829	2020-10-29	143633.76572699263	c(-1496070.62461193, -1507163.71070803, 5073213.82171654, 5089441.74190319)
855	2020-10-29	161942.30010417482	c(-1503296.8410538, -1496070.62461193, 5049970.22954968, 5073213.82171654)
829	2020-10-29	139157.30059183878	c(-1499841.91982111, -1481548.06316021, 5112661.35341054, 5119655.43031853)
830	2020-10-29	138365.25281036607	c(-1474251.975023, -1485128.44277446, 5142853.4768218, 5159054.33680924)
856	2020-10-29	153232.68247085175	c(-1481548.06316021, -1474251.975023, 5119655.43031853, 5142853.4768218)
851	2020-10-29	109258.38113351414	c(-1576048.66033129, -1588137.83337327, 4753574.66709486, 4769857.53432129)
877	2020-10-29	109629.63276564589	c(-1582887.68240086, -1576048.66033129, 4730127.45097542, 4753574.66709486)
851	2020-10-29	122083.76165814143	c(-1581202.70658482, -1562295.67373123, 4793284.33854358, 4800423.90370685)
878	2020-10-29	142293.25212157643	c(-1562295.67373123, -1555381.96534419, 4800423.90370685, 4823825.93155142)
879	2020-10-29	144395.78168155864	c(-1541480.75835169, -1534493.51554606, 4870584.83087064, 4893941.71462001)
855	2020-10-29	171164.5839623013	c(-1492065.15464614, -1503296.8410538, 5033767.60840947, 5049970.22954968)
881	2020-10-29	187043.33714892738	c(-1499196.01797565, -1492065.15464614, 5010500.79261822, 5033767.60840947)
877	2020-10-29	109629.63276564589	c(-1570664.75800981, -1582887.68240086, 4713877.17172475, 4730127.45097542)
878	2020-10-29	145157.37728597192	c(-1555381.96534419, -1536575.0893261, 4823825.93155142, 4830989.1981242)
879	2020-10-29	144395.78168155864	c(-1529683.33059312, -1541480.75835169, 4854367.16952363, 4870584.83087064)
906	2020-10-29	159943.03306880814	c(-1536575.0893261, -1529683.33059312, 4830989.1981242, 4854367.16952363)
879	2020-10-29	148235.5540154044	c(-1534493.51554606, -1515826.99912583, 4893941.71462001, 4901078.71941297)
930	2020-10-29	131105.66922369733	c(-1571700.05760276, -1565052.31202393, 4650707.76665966, 4674193.51515859)
930	2020-10-29	131539.46087094434	c(-1559212.6634278, -1571700.05760276, 4634525.33348646, 4650707.76665966)
956	2020-10-29	144385.2135572475	c(-1565765.26675826, -1559212.6634278, 4611021.45256756, 4634525.33348646)
956	2020-10-29	143372.98818630856	c(-1553147.1813295, -1565765.26675826, 4594874.23564477, 4611021.45256756)
1061	2020-10-29	119437.0740546951	c(-1521182.87629796, -1514931.83120012, 4523137.07868441, 4546666.02265464)
1061	2020-10-29	119437.0740546951	c(-1508256.9457696, -1521182.87629796, 4507143.65673191, 4523137.07868441)
1087	2020-10-29	111600.0750497845	c(-1514414.76755332, -1508256.9457696, 4483599.51287893, 4507143.65673191)
1087	2020-10-29	122717.16856689326	c(-1482229.41225996, -1501362.24629748, 4475275.00025854, 4467643.86028626)
1140	2020-10-29	142326.3851334894	c(-1469128.52596352, -1482229.41225996, 4459399.87607331, 4475275.00025854)
1274	2020-10-29	177235.07954587252	c(-1397120.00147375, -1410439.50108789, 4404157.67640833, 4419834.39489153)
1300	2020-10-29	157998.98990242512	c(-1402767.09445461, -1397120.00147375, 4380618.13407416, 4404157.67640833)
1300	2020-10-29	157998.98990242512	c(-1389325.8670013, -1402767.09445461, 4364980.81983546, 4380618.13407416)
1327	2020-10-29	145567.4350314819	c(-1394883.54301231, -1389325.8670013, 4341430.08648627, 4364980.81983546)
1327	2020-10-29	145567.4350314819	c(-1381321.68251673, -1394883.54301231, 4325832.81859012, 4341430.08648627)
1354	2020-10-29	143779.59182957065	c(-1386790.40967745, -1381321.68251673, 4302271.53767691, 4325832.81859012)
1354	2020-10-29	143779.59182957065	c(-1373109.01957947, -1386790.40967745, 4286714.93649594, 4302271.53767691)
1435	2020-10-29	145146.9189745352	c(-1361269.45398618, -1356064.64523939, 4184985.2825694, 4208574.43267763)
1489	2020-10-29	172824.5303928127	c(-1358188.91422126, -1353228.82230911, 4036091.92993347, 4059725.67621116)
1462	2020-10-29	154660.5290343839	c(-1338205.7101547, -1352354.02644269, 4130568.80595601, 4145956.9734293)
1490	2020-10-29	171372.78921931237	c(-1343237.12913671, -1338205.7101547, 4106964.13043635, 4130568.80595601)
1514	2020-10-29	149676.31312073264	c(-1377356.4482728, -1372626.73226207, 3855079.23099816, 3878775.49265369)
1515	2020-10-29	179732.42581388142	c(-1363094.3889815, -1358291.93812691, 3926139.9888474, 3949808.18289453)
1489	2020-10-29	173294.65800498115	c(-1343740.53178273, -1358188.91422126, 4020756.31768775, 4036091.92993347)
1516	2020-10-29	191075.55196588035	c(-1348614.92067107, -1343740.53178273, 3997116.36587539, 4020756.31768775)
1489	2020-10-29	172824.5303928127	c(-1353228.82230911, -1333920.43951869, 4059725.67621116, 4068007.85335925)
1490	2020-10-29	171849.21707770234	c(-1328974.91507969, -1343237.12913671, 4091619.40346029, 4106964.13043635)
1517	2020-10-29	189492.08630595604	c(-1333920.43951869, -1328974.91507969, 4068007.85335925, 4091619.40346029)
1514	2020-10-29	149676.31312073264	c(-1362431.73360839, -1377356.4482728, 3839814.48968776, 3855079.23099816)
1542	2020-10-29	160005.5856687282	c(-1367076.76879844, -1362431.73360839, 3816113.94225899, 3839814.48968776)
1514	2020-10-29	159028.0902143311	c(-1372626.73226207, -1353068.99256189, 3878775.49265369, 3887188.2336407)
1515	2020-10-29	179732.42581388142	c(-1348351.45969561, -1363094.3889815, 3910861.38856961, 3926139.9888474)
1543	2020-10-29	180148.38145369865	c(-1353068.99256189, -1348351.45969561, 3887188.2336407, 3910861.38856961)
1515	2020-10-29	190009.51236886313	c(-1358291.93812691, -1338844.50344957, 3949808.18289453, 3958180.16446568)
1516	2020-10-29	194381.6937686341	c(-1334055.25440062, -1348614.92067107, 3981825.74713393, 3997116.36587539)
1544	2020-10-29	210713.0830923646	c(-1338844.50344957, -1334055.25440062, 3958180.16446568, 3981825.74713393)
5199	2020-10-29	649615.991737927	c(667003.07135947, 667346.601784172, 3279186.72487446, 3256042.14887122)
5230	2020-10-29	631471.5124491507	c(684324.310717406, 667003.07135947, 3291034.29666857, 3279186.72487446)
5292	2020-10-29	614643.381543663	c(702027.927189412, 684324.310717406, 3279762.98468298, 3291034.29666857)
5292	2020-10-29	596528.9619767468	c(719314.892432837, 702027.927189412, 3291666.68719858, 3279762.98468298)
5292	2020-10-29	595497.5444570136	c(718858.763797497, 719314.892432837, 3314816.14187488, 3291666.68719858)
5324	2020-10-29	577557.3845566974	c(736071.763029573, 718858.763797497, 3326750.76477775, 3314816.14187488)
5324	2020-10-29	575999.5159957776	c(735574.472972428, 736071.763029573, 3349902.64927246, 3326750.76477775)
5356	2020-10-29	558014.0589566086	c(752712.672393092, 735574.472972428, 3361868.54291776, 3349902.64927246)
5417	2020-10-29	541222.5428715484	c(770388.752819671, 752712.672393092, 3350708.27520993, 3361868.54291776)
5417	2020-10-29	523267.13705369167	c(787492.514607197, 770388.752819671, 3362731.50441351, 3350708.27520993)
5417	2020-10-29	522297.6135009203	c(786878.974759395, 787492.514607197, 3385889.38599364, 3362731.50441351)
5447	2020-10-29	504803.0853055949	c(803906.842266031, 786878.974759395, 3397944.66979343, 3385889.38599364)
5506	2020-10-29	487582.35164380743	c(821589.982134688, 803906.842266031, 3386867.75497246, 3397944.66979343)
5506	2020-10-29	470111.02422663034	c(838583.444766527, 821589.982134688, 3398981.10993432, 3386867.75497246)
5506	2020-10-29	470111.02422663034	c(837851.403414267, 838583.444766527, 3422145.78762065, 3398981.10993432)
5535	2020-10-29	454261.4012073622	c(854767.84727441, 837851.403414267, 3434291.94777932, 3422145.78762065)
5596	2020-10-29	436178.8699072754	c(872459.202024583, 854767.84727441, 3423299.1028997, 3434291.94777932)
5596	2020-10-29	419796.3211666672	c(889341.239154536, 872459.202024583, 3435504.06617362, 3423299.1028997)
5596	2020-10-29	419796.3211666672	c(888488.419142947, 889341.239154536, 3458676.2753544, 3435504.06617362)
5625	2020-10-29	407431.07552843326	c(905292.282984675, 888488.419142947, 3470914.76038701, 3458676.2753544)
5625	2020-10-29	407431.07552843326	c(904393.307541502, 905292.282984675, 3494089.96979372, 3470914.76038701)
5655	2020-10-29	398612.35990311735	c(921118.127112585, 904393.307541502, 3506362.24417736, 3494089.96979372)
5655	2020-10-29	398612.35990311735	c(920172.306334118, 921118.127112585, 3529540.4557665, 3506362.24417736)
5685	2020-10-29	393575.0407252645	c(936817.207669207, 920172.306334118, 3541846.77313161, 3529540.4557665)
5685	2020-10-29	393575.0407252645	c(935823.854137146, 936817.207669207, 3565027.98094034, 3541846.77313161)
5714	2020-10-29	392461.1023705852	c(952387.960376811, 935823.854137146, 3577368.5808107, 3565027.98094034)
5771	2020-10-29	371950.8163732857	c(969991.098775608, 952387.960376811, 3566554.13989293, 3577368.5808107)
5771	2020-10-29	361055.5170699848	c(986519.796735478, 969991.098775608, 3578955.48207217, 3566554.13989293)
5771	2020-10-29	361055.5170699848	c(985399.050453435, 986519.796735478, 3602145.12890345, 3578955.48207217)
5800	2020-10-29	360146.5309394074	c(1001845.73592207, 985399.050453435, 3614581.36172453, 3602145.12890345)
5800	2020-10-29	360146.5309394074	c(1000675.33973514, 1001845.73592207, 3637774.03354686, 3614581.36172453)
5828	2020-10-29	359229.96773783874	c(1017039.12237466, 1000675.33973514, 3650245.35720052, 3637774.03354686)
5879	2020-10-29	339000.3423580757	c(1034620.62386449, 1017039.12237466, 3639550.44435563, 3650245.35720052)
5879	2020-10-29	328536.82433699036	c(1050948.51362376, 1034620.62386449, 3652083.56903868, 3639550.44435563)
5879	2020-10-29	328536.82433699036	c(1049646.95384071, 1050948.51362376, 3675285.17524233, 3652083.56903868)
5902	2020-10-29	331352.43988743075	c(1065890.68348578, 1049646.95384071, 3687853.93599558, 3675285.17524233)
5944	2020-10-29	310811.7085260503	c(1083484.3850095, 1065890.68348578, 3677247.6598322, 3687853.93599558)
5944	2020-10-29	303732.70261390007	c(1099692.03958763, 1083484.3850095, 3689878.89074007, 3677247.6598322)
5944	2020-10-29	303732.70261390007	c(1098256.95479235, 1099692.03958763, 3713089.81412239, 3689878.89074007)
5967	2020-10-29	313747.6014365058	c(1114379.16299581, 1098256.95479235, 3725757.18757023, 3713089.81412239)
5967	2020-10-29	313747.6014365058	c(1112890.883816, 1114379.16299581, 3748971.02723193, 3725757.18757023)
5990	2020-10-29	326313.4970386425	c(1128926.73244662, 1112890.883816, 3761674.67641465, 3748971.02723193)
6042	2020-10-29	306046.9662213885	c(1146500.87304381, 1128926.73244662, 3751191.43020222, 3761674.67641465)
6042	2020-10-29	295600.46179906675	c(1162500.02718861, 1146500.87304381, 3763958.54479746, 3751191.43020222)
6042	2020-10-29	295600.46179906675	c(1160874.40493076, 1162500.02718861, 3787181.91931983, 3763958.54479746)
6069	2020-10-29	294788.98359129386	c(1176785.87481185, 1160874.40493076, 3799985.74938476, 3787181.91931983)
6124	2020-10-29	274850.00346172525	c(1194374.04671261, 1176785.87481185, 3789593.36037618, 3799985.74938476)
6124	2020-10-29	264144.91701191344	c(1210248.55019867, 1194374.04671261, 3802461.29572038, 3789593.36037618)
6124	2020-10-29	264144.91701191344	c(1208483.17926811, 1210248.55019867, 3825694.40361118, 3802461.29572038)
6153	2020-10-29	251904.01064465806	c(1224268.64576413, 1208483.17926811, 3838599.4528343, 3825694.40361118)
6153	2020-10-29	251904.01064465806	c(1222446.54946931, 1224268.64576413, 3861835.12263492, 3838599.4528343)
6181	2020-10-29	239064.45109529313	c(1238142.04510192, 1222446.54946931, 3874777.34847337, 3861835.12263492)
6181	2020-10-29	239064.45109529313	c(1236262.56573933, 1238142.04510192, 3898015.44579001, 3874777.34847337)
6210	2020-10-29	232210.8513301417	c(1251867.15527376, 1236262.56573933, 3910994.89492246, 3898015.44579001)
6264	2020-10-29	212666.5649024791	c(1269404.34402559, 1251867.15527376, 3900764.12984101, 3910994.89492246)
6264	2020-10-29	201334.18026899095	c(1284970.75920754, 1269404.34402559, 3913808.88908178, 3900764.12984101)
6264	2020-10-29	201334.18026899095	c(1282946.2503113, 1284970.75920754, 3937056.43164709, 3913808.88908178)
6292	2020-10-29	200757.66292174222	c(1298420.36180232, 1282946.2503113, 3950138.71316357, 3937056.43164709)
6292	2020-10-29	200757.66292174222	c(1296336.39617383, 1298420.36180232, 3973388.30378342, 3950138.71316357)
6319	2020-10-29	200176.3524184028	c(1311717.25937297, 1296336.39617383, 3986508.10914183, 3973388.30378342)
6319	2020-10-29	200176.3524184028	c(1309573.19288688, 1311717.25937297, 4009759.57562556, 3986508.10914183)
6346	2020-10-29	199590.23840827876	c(1324859.86250028, 1309573.19288688, 4022916.8898299, 4009759.57562556)
6346	2020-10-29	199590.23840827876	c(1322655.05554008, 1324859.86250028, 4046170.05110132, 4022916.8898299)
6373	2020-10-29	198999.31142228554	c(1337846.58577998, 1322655.05554008, 4059364.84248469, 4046170.05110132)
6373	2020-10-29	198999.31142228554	c(1335580.40337579, 1337846.58577998, 4082619.50857614, 4059364.84248469)
6400	2020-10-29	198403.56290341285	c(1350675.84816521, 1335580.40337579, 4095851.72869644, 4082619.50857614)
6455	2020-10-29	178786.12795688107	c(1368093.47212187, 1350675.84816521, 4085858.53675502, 4095851.72869644)
6455	2020-10-29	169096.39380838262	c(1383148.40385804, 1368093.47212187, 4099157.59013092, 4085858.53675502)
6455	2020-10-29	169096.39380838262	c(1380729.11623879, 1383148.40385804, 4122420.42583161, 4099157.59013092)
6481	2020-10-29	168629.4438877987	c(1395686.5098435, 1380729.11623879, 4135757.04281059, 4122420.42583161)
6481	2020-10-29	168629.4438877987	c(1393203.82437067, 1395686.5098435, 4159020.82327034, 4135757.04281059)
6510	2020-10-29	168158.8111834564	c(1408062.72737677, 1393203.82437067, 4172394.90803245, 4159020.82327034)
6510	2020-10-29	168158.8111834564	c(1405516.02588969, 1408062.72737677, 4195659.40485613, 4172394.90803245)
6539	2020-10-29	167684.49305299492	c(1420275.48634579, 1405516.02588969, 4209070.84437622, 4195659.40485613)
6539	2020-10-29	167684.49305299492	c(1417664.15604964, 1420275.48634579, 4232335.82025729, 4209070.84437622)
6566	2020-10-29	161050.72902010477	c(1432323.22275228, 1417664.15604964, 4245784.4842222, 4232335.82025729)
6566	2020-10-29	160591.65678313843	c(1429646.6563672, 1432323.22275228, 4269049.69296246, 4245784.4842222)
6594	2020-10-29	144931.14540407987	c(1444204.3790981, 1429646.6563672, 4282535.43369362, 4269049.69296246)
6594	2020-10-29	144931.14540407987	c(1441461.97500953, 1444204.3790981, 4305800.6202277, 4282535.43369362)
6621	2020-10-29	136475.1010171351	c(1455917.40477785, 1441461.97500953, 4319323.2726094, 4305800.6202277)
6621	2020-10-29	136475.1010171351	c(1453108.56718804, 1455917.40477785, 4342588.17303392, 4319323.2726094)
6647	2020-10-29	135995.43908080994	c(1467460.75647748, 1453108.56718804, 4356147.55444729, 4342588.17303392)
6647	2020-10-29	135995.43908080994	c(1464584.89555798, 1467460.75647748, 4379411.89605492, 4356147.55444729)
6673	2020-10-29	135511.99056663105	c(1478832.89857859, 1464584.89555798, 4393007.8063179, 4379411.89605492)
6673	2020-10-29	135511.99056663105	c(1475889.43062367, 1478832.89857859, 4416271.30763618, 4393007.8063179)
6700	2020-10-29	135024.75425912585	c(1490032.30356819, 1475889.43062367, 4429903.52894964, 4416271.30763618)
6703	2020-10-29	130574.65341681299	c(1442675.71254468, 1459338.92485006, 4672007.64313203, 4662411.72328377)
6700	2020-10-29	135024.75425912585	c(1487020.65114902, 1490032.30356819, 4453165.89978476, 4429903.52894964)
6727	2020-10-29	125660.41401047731	c(1501057.4524537, 1487020.65114902, 4466834.19668489, 4453165.89978476)
6701	2020-10-29	141284.4196779924	c(1477908.25462484, 1480958.58315605, 4522937.63741863, 4499682.95651257)
6727	2020-10-29	125273.93540006511	c(1480958.58315605, 1497977.04457316, 4499682.95651257, 4490095.13817043)
6728	2020-10-29	133432.3713069982	c(1491777.07743163, 1477908.25462484, 4536608.99670451, 4522937.63741863)
6703	2020-10-29	130574.65341681299	c(1459338.92485006, 1462465.42066593, 4662411.72328377, 4639172.48016267)
6729	2020-10-29	122893.26275994707	c(1462465.42066593, 1479221.7892327, 4639172.48016267, 4629604.55300198)
6727	2020-10-29	125273.93540006511	c(1497977.04457316, 1501057.4524537, 4490095.13817043, 4466834.19668489)
6728	2020-10-29	132316.91239310423	c(1488657.60735114, 1491777.07743163, 4559861.90903374, 4536608.99670451)
6757	2020-10-29	113763.45062299706	c(1502418.12212274, 1488657.60735114, 4573568.50237873, 4559861.90903374)
6729	2020-10-29	122893.26275994707	c(1479221.7892327, 1482379.91822304, 4629604.55300198, 4606359.68910682)
6757	2020-10-29	108627.82920641132	c(1482379.91822304, 1499228.95590216, 4606359.68910682, 4596819.33355452)
6757	2020-10-29	108627.82920641132	c(1499228.95590216, 1502418.12212274, 4596819.33355452, 4573568.50237873)
574	2020-10-30	111099.45405114882	c(-1677926.82072855, -1670065.62857264, 5067964.05353871, 5091222.29711065)
575	2020-10-30	133135.10339297113	c(-1654268.84329919, -1646333.54152661, 5137684.71226279, 5160888.92541926)
576	2020-10-30	122761.36089239962	c(-1630389.84624996, -1622381.74261296, 5207243.47372354, 5230393.85593499)
577	2020-10-30	121303.9298631901	c(-1606293.74608086, -1598214.14149108, 5276640.9608938, 5299737.73608663)
578	2020-10-30	119835.85537819215	c(-1581984.43839879, -1573834.6265609, 5345877.86963817, 5368921.28571775)
583	2020-10-30	98912.40021925264	c(-1457374.54078537, -1448892.82312858, 5689683.01316416, 5712464.1577592)
584	2020-10-30	98250.67620218752	c(-1431866.49823073, -1423322.16641804, 5757974.96466144, 5780704.71408037)
575	2020-10-30	133135.10339297113	c(-1646333.54152661, -1627743.62460129, 5160888.92541926, 5167487.51707655)
576	2020-10-30	123238.03733287271	c(-1619833.97685826, -1630389.84624996, 5190667.02844531, 5207243.47372354)
601	2020-10-30	139275.91918976308	c(-1627743.62460129, -1619833.97685826, 5167487.51707655, 5190667.02844531)
576	2020-10-30	122761.36089239962	c(-1622381.74261296, -1603942.53306084, 5230393.85593499, 5236973.0660716)
577	2020-10-30	121784.19318628909	c(-1595961.02301692, -1606293.74608086, 5260099.64056308, 5276640.9608938)
602	2020-10-30	137648.3526114113	c(-1603942.53306084, -1595961.02301692, 5236973.0660716, 5260099.64056308)
577	2020-10-30	121303.9298631901	c(-1598214.14149108, -1579927.13978075, 5299737.73608663, 5306300.02809517)
578	2020-10-30	120319.62281209035	c(-1571875.05107343, -1581984.43839879, 5329373.89463168, 5345877.86963817)
603	2020-10-30	136008.83956572335	c(-1579927.13978075, -1571875.05107343, 5306300.02809517, 5329373.89463168)
578	2020-10-30	119835.85537819215	c(-1573834.6265609, -1555701.28871219, 5368921.28571775, 5375469.11346333)
604	2020-10-30	134357.67970594816	c(-1555701.28871219, -1547579.89794162, 5375469.11346333, 5398490.52441245)
605	2020-10-30	132695.16912249883	c(-1531268.80235795, -1523079.37875526, 5444481.10235971, 5467450.33306537)
606	2020-10-30	131021.60031560741	c(-1506633.48079847, -1498377.28591512, 5513336.84342599, 5536254.19173703)
607	2020-10-30	129337.26217770738	c(-1481799.10078056, -1473477.38819828, 5582037.25234568, 5604903.03814263)
583	2020-10-30	104946.66558822278	c(-1448383.42992892, -1457374.54078537, 5673397.87514376, 5689683.01316416)
608	2020-10-30	122614.5321916284	c(-1456769.41486777, -1448383.42992892, 5650583.31042312, 5673397.87514376)
583	2020-10-30	98912.40021925264	c(-1448892.82312858, -1431548.15065133, 5712464.1577592, 5718976.06315966)
584	2020-10-30	98250.67620218752	c(-1423099.13020914, -1431866.49823073, 5741739.76932424, 5757974.96466144)
609	2020-10-30	111514.1759818356	c(-1431548.15065133, -1423099.13020914, 5718976.06315966, 5741739.76932424)
598	2020-10-30	108251.7257120609	c(-1686457.22061402, -1697822.34978439, 4941431.80844766, 4958073.32244169)
622	2020-10-30	113372.38060700397	c(-1694044.22885708, -1686457.22061402, 4918066.17651378, 4941431.80844766)
604	2020-10-30	134357.67970594816	c(-1547579.89794162, -1529552.57517679, 5398490.52441245, 5405072.67517634)
605	2020-10-30	133528.98223027366	c(-1521460.03508764, -1531268.80235795, 5428072.82316365, 5444481.10235971)
629	2020-10-30	147844.2436821271	c(-1529552.57517679, -1521460.03508764, 5405072.67517634, 5428072.82316365)
605	2020-10-30	132695.16912249883	c(-1523079.37875526, -1505207.52319729, 5467450.33306537, 5474021.77459118)
606	2020-10-30	131860.88471779026	c(-1497047.82893907, -1506633.48079847, 5496970.64250639, 5513336.84342599)
630	2020-10-30	145987.27409402438	c(-1505207.52319729, -1497047.82893907, 5474021.77459118, 5496970.64250639)
606	2020-10-30	131021.60031560741	c(-1498377.28591512, -1480662.25555288, 5536254.19173703, 5542817.33000581)
607	2020-10-30	130181.87349841575	c(-1472436.65227254, -1481799.10078056, 5565715.21890397, 5582037.25234568)
631	2020-10-30	144117.88769846657	c(-1480662.25555288, -1472436.65227254, 5542817.33000581, 5565715.21890397)
607	2020-10-30	129337.26217770738	c(-1473477.38819828, -1455920.49997931, 5604903.03814263, 5611460.26623238)
608	2020-10-30	128492.23569005275	c(-1447630.2250589, -1456769.41486777, 5634307.49871281, 5650583.31042312)
632	2020-10-30	142236.39330054246	c(-1455920.49997931, -1447630.2250589, 5611460.26623238, 5634307.49871281)
622	2020-10-30	113372.38060700397	c(-1682538.67527262, -1694044.22885708, 4901452.3840836, 4918066.17651378)
647	2020-10-30	128864.30511648046	c(-1690026.60241834, -1682538.67527262, 4878061.398616, 4901452.3840836)
671	2020-10-30	131274.82810839004	c(-1695780.52147337, -1707782.31846368, 4751137.34344349, 4767711.62880723)
721	2020-10-30	133305.9315688576	c(-1719150.40354184, -1712116.2948254, 4616958.26886892, 4640520.0437441)
722	2020-10-30	141720.32570929982	c(-1697968.19584601, -1690854.48241393, 4687593.76565515, 4711105.71406029)
746	2020-10-30	139383.46315133962	c(-1700973.86087455, -1713596.6328145, 4560368.45689042, 4576854.20375128)
770	2020-10-30	120844.37319167732	c(-1707811.30191608, -1700973.86087455, 4536766.41278296, 4560368.45689042)
770	2020-10-30	120844.37319167732	c(-1695056.21406979, -1707811.30191608, 4520317.57285686, 4536766.41278296)
847	2020-10-30	139450.4701770731	c(-1656428.70347658, -1669364.53200006, 4471213.60239036, 4487541.09456929)
847	2020-10-30	139502.71307578043	c(-1636947.85363339, -1656428.70347658, 4478541.69048699, 4471213.60239036)
901	2020-10-30	159510.05423040624	c(-1623962.88779237, -1636947.85363339, 4462297.25705453, 4478541.69048699)
1137	2020-10-30	160073.04120702363	c(-1535528.06466841, -1529707.26315247, 4262896.33241966, 4286544.36312206)
1137	2020-10-30	160073.04120702363	c(-1521825.69708493, -1535528.06466841, 4247019.19550921, 4262896.33241966)
1163	2020-10-30	148067.03241243013	c(-1527554.58995571, -1521825.69708493, 4223359.5515246, 4247019.19550921)
1188	2020-10-30	122439.57147632516	c(-1536127.09972477, -1530566.90988447, 4112770.41590016, 4136477.12245291)
1163	2020-10-30	148067.03241243013	c(-1513731.58229527, -1527554.58995571, 4207525.00790046, 4223359.5515246)
1189	2020-10-30	146767.15792366076	c(-1519369.04356322, -1513731.58229527, 4183854.43514513, 4207525.00790046)
1188	2020-10-30	122439.57147632516	c(-1521989.14012942, -1536127.09972477, 4096985.2177366, 4112770.41590016)
1215	2020-10-30	139272.7467446656	c(-1527458.47942763, -1521989.14012942, 4073269.00446166, 4096985.2177366)
1188	2020-10-30	127052.83355846166	c(-1530566.90988447, -1510973.06980776, 4136477.12245291, 4144382.29238956)
1189	2020-10-30	146767.15792366076	c(-1505426.55040965, -1519369.04356322, 4168063.11844787, 4183854.43514513)
1216	2020-10-30	147211.4803186564	c(-1510973.06980776, -1505426.55040965, 4144382.29238956, 4168063.11844787)
1213	2020-10-30	129238.49802253663	c(-1545087.13453486, -1559726.13403732, 3915006.32389865, 3930725.4854735)
1239	2020-10-30	149857.88976195257	c(-1550309.2031332, -1545087.13453486, 3891212.52792416, 3915006.32389865)
1239	2020-10-30	159679.03431285179	c(-1535557.51010214, -1550309.2031332, 3875541.40445741, 3891212.52792416)
1266	2020-10-30	178268.74582045854	c(-1540690.0786067, -1535557.51010214, 3851740.92066254, 3875541.40445741)
1266	2020-10-30	178728.62475558548	c(-1525826.92552637, -1540690.0786067, 3836118.32138086, 3851740.92066254)
1292	2020-10-30	197033.04143578283	c(-1530870.5706018, -1525826.92552637, 3812311.78416542, 3836118.32138086)
6229	2020-10-30	179293.15215725958	c(1313706.70587726, 1315419.90177671, 3342623.5376141, 3319356.52764505)
6256	2020-10-30	178916.99175399548	c(1330377.13022681, 1313706.70587726, 3355569.92537823, 3342623.5376141)
6230	2020-10-30	211663.47672125965	c(1308502.36211815, 1310247.91199055, 3412419.34696483, 3389154.95069754)
6256	2020-10-30	190604.16950786437	c(1310247.91199055, 1328609.59589207, 3389154.95069754, 3378841.02220013)
6257	2020-10-30	219649.14716158228	c(1325041.53784724, 1308502.36211815, 3425380.380184, 3412419.34696483)
6256	2020-10-30	178916.99175399548	c(1328609.59589207, 1330377.13022681, 3378841.02220013, 3355569.92537823)
6257	2020-10-30	219649.14716158228	c(1323241.06392675, 1325041.53784724, 3448648.63410255, 3425380.380184)
6285	2020-10-30	234115.19222796336	c(1339698.22356944, 1323241.06392675, 3461648.46921985, 3448648.63410255)
6285	2020-10-30	234115.19222796336	c(1337842.12774609, 1339698.22356944, 3484920.46388356, 3461648.46921985)
6312	2020-10-30	253102.79825577998	c(1354216.29524751, 1337842.12774609, 3497959.24432344, 3484920.46388356)
6312	2020-10-30	253116.6293856692	c(1352303.88303111, 1354216.29524751, 3521234.85381842, 3497959.24432344)
6339	2020-10-30	272631.86796751723	c(1368594.07987144, 1352303.88303111, 3534312.70717613, 3521234.85381842)
6392	2020-10-30	253150.46044624786	c(1386848.97608001, 1368594.07987144, 3524140.14645682, 3534312.70717613)
6392	2020-10-30	253150.46044624786	c(1403107.10611788, 1386848.97608001, 3537282.55963246, 3524140.14645682)
6392	2020-10-30	253169.14085569856	c(1401057.37979922, 1403107.10611788, 3560572.26017216, 3537282.55963246)
6420	2020-10-30	272666.86240732454	c(1417230.092841, 1401057.37979922, 3573754.2420602, 3560572.26017216)
6420	2020-10-30	272666.86240732454	c(1415121.85249874, 1417230.092841, 3597047.23353295, 3573754.2420602)
6448	2020-10-30	291943.6360437712	c(1431208.15730387, 1415121.85249874, 3610268.8676326, 3597047.23353295)
6448	2020-10-30	292044.55861509923	c(1429040.71979635, 1431208.15730387, 3633564.98534237, 3610268.8676326)
6474	2020-10-30	311967.4632226896	c(1445039.62323906, 1429040.71979635, 3646826.3386857, 3633564.98534237)
6474	2020-10-30	314052.50731968007	c(1442812.30944402, 1445039.62323906, 3670125.40868561, 3646826.3386857)
6503	2020-10-30	335153.5385896125	c(1458722.81669583, 1442812.30944402, 3683426.5316911, 3670125.40868561)
6503	2020-10-30	339255.9632196952	c(1456434.95165313, 1458722.81669583, 3706728.37075653, 3683426.5316911)
6532	2020-10-30	348611.30726489535	c(1472256.06637177, 1456434.95165313, 3720069.29708633, 3706728.37075653)
6532	2020-10-30	344203.95694562816	c(1469906.9794285, 1472256.06637177, 3743373.71269227, 3720069.29708633)
6559	2020-10-30	325716.84215934813	c(1485637.70395324, 1469906.9794285, 3756754.45911343, 3743373.71269227)
6559	2020-10-30	323611.3148685714	c(1483226.72891113, 1485637.70395324, 3780061.24941607, 3756754.45911343)
6587	2020-10-30	306213.3049420347	c(1498866.06446439, 1483226.72891113, 3793481.81566591, 3780061.24941607)
6560	2020-10-30	321162.99028719345	c(1475915.90167215, 1478365.79272335, 3849969.99252367, 3826669.02131392)
6587	2020-10-30	305485.0151629806	c(1478365.79272335, 1496392.53972947, 3826669.02131392, 3816790.76948861)
6588	2020-10-30	303886.8446477714	c(1491406.00511642, 1475915.90167215, 3863402.55727852, 3849969.99252367)
6587	2020-10-30	305485.0151629806	c(1496392.53972947, 1498866.06446439, 3816790.76948861, 3793481.81566591)
6588	2020-10-30	303147.54572210787	c(1488893.06734391, 1491406.00511642, 3886705.3807155, 3863402.55727852)
6615	2020-10-30	286428.39086080546	c(1504289.31701006, 1488893.06734391, 3900177.39098124, 3886705.3807155)
6615	2020-10-30	285308.71083724266	c(1501712.68406948, 1504289.31701006, 3923481.83952406, 3900177.39098124)
6641	2020-10-30	268151.47534619493	c(1517014.08607333, 1501712.68406948, 3936993.23921353, 3923481.83952406)
6641	2020-10-30	267475.5669147356	c(1514373.114586, 1517014.08607333, 3960299.07645567, 3936993.23921353)
6667	2020-10-30	250926.12668735159	c(1529578.67487791, 1514373.114586, 3973849.79201723, 3960299.07645567)
6667	2020-10-30	249922.53407143574	c(1526872.72668911, 1529578.67487791, 3997156.77227234, 3973849.79201723)
6694	2020-10-30	232877.52378771626	c(1541981.45128537, 1526872.72668911, 4010746.7125822, 3997156.77227234)
6694	2020-10-30	232270.2613838438	c(1539209.89362193, 1541981.45128537, 4034054.5808942, 4010746.7125822)
6721	2020-10-30	215904.14169127794	c(1554220.7888419, 1539209.89362193, 4047683.6371541, 4034054.5808942)
6721	2020-10-30	215904.14169127794	c(1551382.99447125, 1554220.7888419, 4070992.12931209, 4047683.6371541)
6750	2020-10-30	204148.50138287668	c(1566295.06718016, 1551382.99447125, 4084660.17495245, 4070992.12931209)
6750	2020-10-30	204148.50138287668	c(1563390.41457095, 1566295.06718016, 4107969.01751055, 4084660.17495245)
6777	2020-10-30	197347.07879401266	c(1578202.67242814, 1563390.41457095, 4121675.90809928, 4107969.01751055)
6777	2020-10-30	196809.0917321928	c(1575230.54591211, 1578202.67242814, 4144984.81840145, 4121675.90809928)
6802	2020-10-30	180707.765957812	c(1589941.99762476, 1575230.54591211, 4158730.39155866, 4144984.81840145)
6802	2020-10-30	180707.765957812	c(1586901.78755976, 1589941.99762476, 4182039.07776856, 4158730.39155866)
6827	2020-10-30	170276.28175239317	c(1601511.44314176, 1586901.78755976, 4195823.15308731, 4182039.07776856)
6827	2020-10-30	170276.28175239317	c(1598402.54607595, 1601511.44314176, 4219131.31422329, 4195823.15308731)
6851	2020-10-30	168554.61408878604	c(1612909.41711201, 1598402.54607595, 4232953.69319655, 4219131.31422329)
6828	2020-10-30	193617.50337077887	c(1588989.60949651, 1592141.5830935, 4289037.27701816, 4265738.38088193)
6851	2020-10-30	177469.71072291862	c(1592141.5830935, 1609731.23594884, 4265738.38088193, 4256261.01917181)
6852	2020-10-30	177784.16544316892	c(1603331.3066191, 1588989.60949651, 4302866.04240703, 4289037.27701816)
6851	2020-10-30	168554.61408878604	c(1609731.23594884, 1612909.41711201, 4256261.01917181, 4232953.69319655)
6852	2020-10-30	177784.16544316892	c(1600109.65301694, 1603331.3066191, 4326163.73051424, 4302866.04240703)
6876	2020-10-30	167714.4047932133	c(1614346.21322873, 1600109.65301694, 4340029.99273258, 4326163.73051424)
6876	2020-10-30	167714.4047932133	c(1611054.29909392, 1614346.21322873, 4363326.14812477, 4340029.99273258)
6897	2020-10-30	166472.35629650377	c(1625184.74809765, 1611054.29909392, 4377229.65090862, 4363326.14812477)
6897	2020-10-30	166472.35629650377	c(1621821.9997391, 1625184.74809765, 4400523.9400159, 4377229.65090862)
6917	2020-10-30	165980.94540760646	c(1635845.36598018, 1621821.9997391, 4414464.4088702, 4400523.9400159)
6902	2020-10-30	185387.9394809493	c(1569651.60252441, 1573228.71361981, 4749519.49818925, 4726277.64634843)
6921	2020-10-30	183264.19269485568	c(1573228.71361981, 1590064.50239421, 4726277.64634843, 4716979.42947744)
6917	2020-10-30	165980.94540760646	c(1632411.21670849, 1635845.36598018, 4437756.48930066, 4414464.4088702)
6935	2020-10-30	165485.60780639705	c(1646326.53166046, 1632411.21670849, 4451733.63146334, 4437756.48930066)
6918	2020-10-30	193017.00168862432	c(1622020.38497409, 1625498.67502117, 4507611.09069374, 4484329.83372306)
6935	2020-10-30	173829.4540466047	c(1625498.67502117, 1642820.42195343, 4484329.83372306, 4475023.15207022)
6936	2020-10-30	188494.14794563237	c(1635763.61265922, 1622020.38497409, 4521590.98405363, 4507611.09069374)
6920	2020-10-30	190426.67147097472	c(1600845.62501315, 1604410.80413276, 4647222.62899895, 4623963.10044295)
6937	2020-10-30	188610.62636516668	c(1604410.80413276, 1621473.10327751, 4623963.10044295, 4614681.72329164)
6938	2020-10-30	172679.05019007597	c(1614240.24800659, 1600845.62501315, 4661204.58770371, 4647222.62899895)
6921	2020-10-30	183264.19269485568	c(1590064.50239421, 1593672.42158928, 4716979.42947744, 4693730.79525709)
6938	2020-10-30	169145.5086860855	c(1593672.42158928, 1610602.1062219, 4693730.79525709, 4684460.38583839)
6935	2020-10-30	165485.60780639705	c(1642820.42195343, 1646326.53166046, 4475023.15207022, 4451733.63146334)
6936	2020-10-30	187911.27483670873	c(1632213.01774818, 1635763.61265922, 4544869.28885249, 4521590.98405363)
6952	2020-10-30	172558.6845990128	c(1645845.92748019, 1632213.01774818, 4558884.85247758, 4544869.28885249)
6937	2020-10-30	188610.62636516668	c(1621473.10327751, 1625067.71025531, 4614681.72329164, 4591414.66114906)
6952	2020-10-30	175490.73356099997	c(1625067.71025531, 1642222.48621465, 4591414.66114906, 4582159.84047388)
6938	2020-10-30	169145.5086860855	c(1610602.1062219, 1614240.24800659, 4684460.38583839, 4661204.58770371)
6952	2020-10-30	172558.6845990128	c(1642222.48621465, 1645845.92748019, 4582159.84047388, 4558884.85247758)
333	2020-10-31	3621217.738806107	c(-1790810.65915963, -1801262.45808167, 5172864.75260648, 5189862.33232089)
355	2020-10-31	3621217.738806107	c(-1799273.90881696, -1790810.65915963, 5149649.897493, 5172864.75260648)
333	2020-10-31	3606603.7539251926	c(-1792697.30443996, -1773807.89389934, 5213043.85360438, 5219233.07902623)
356	2020-10-31	3599488.927869758	c(-1773807.89389934, -1765268.69817706, 5219233.07902623, 5242386.60951776)
357	2020-10-31	3578921.590451248	c(-1748115.47742687, -1739501.77000052, 5288632.56064328, 5311725.04652377)
358	2020-10-31	3559534.378486346	c(-1722200.95211758, -1713514.15689802, 5357849.20948347, 5380880.95773514)
359	2020-10-31	3541345.177148611	c(-1696068.57896271, -1687310.10904008, 5426883.97299083, 5449855.31695771)
360	2020-10-31	3524371.0279908334	c(-1669722.58614162, -1660893.84344157, 5495737.87708473, 5518649.17586252)
361	2020-10-31	3508628.053004113	c(-1643167.16801702, -1634269.54298332, 5564412.02432934, 5587263.66215533)
362	2020-10-31	3494131.380325829	c(-1616406.48420876, -1607441.35551178, 5632907.59210439, 5655699.97774855)
363	2020-10-31	3480895.072352988	c(-1589444.65874465, -1580413.39301508, 5701225.83077993, 5723959.39693774)
377	2020-10-31	3640857.4566125255	c(-1821964.81945572, -1813681.23653652, 5039562.10755631, 5062870.26119519)
355	2020-10-31	3617515.869620126	c(-1788674.49250572, -1799273.90881696, 5132673.00143133, 5149649.897493)
378	2020-10-31	3617515.869620126	c(-1797035.91322752, -1788674.49250572, 5109425.68406001, 5132673.00143133)
356	2020-10-31	3581151.4670859026	c(-1765268.69817706, -1746486.16090295, 5242386.60951776, 5248606.70347774)
357	2020-10-31	3574265.879848148	c(-1737973.35691672, -1748115.47742687, 5271733.06771758, 5288632.56064328)
380	2020-10-31	3574265.879848148	c(-1746486.16090295, -1737973.35691672, 5248606.70347774, 5271733.06771758)
357	2020-10-31	3560887.6452501803	c(-1739501.77000052, -1720873.87096083, 5311725.04652377, 5317925.66753345)
358	2020-10-31	3554396.3688876433	c(-1712287.50223643, -1722200.95211758, 5340991.96942716, 5357849.20948347)
381	2020-10-31	3554396.3688876433	c(-1720873.87096083, -1712287.50223643, 5317925.66753345, 5340991.96942716)
358	2020-10-31	3541812.852443986	c(-1713514.15689802, -1695042.29353954, 5380880.95773514, 5387064.75026156)
359	2020-10-31	3535721.923538272	c(-1686383.76449917, -1696068.57896271, 5410071.30131405, 5426883.97299083)
382	2020-10-31	3535721.923538272	c(-1695042.29353954, -1686383.76449917, 5387064.75026156, 5410071.30131405)
359	2020-10-31	3523944.9219768615	c(-1687310.10904008, -1668995.63139942, 5449855.31695771, 5456024.91208514)
360	2020-10-31	3518260.0949012334	c(-1660266.33588272, -1669722.58614162, 5478972.04957746, 5495737.87708473)
383	2020-10-31	3518260.0949012334	c(-1668995.63139942, -1660266.33588272, 5456024.91208514, 5478972.04957746)
360	2020-10-31	3507300.8146530143	c(-1660893.84344157, -1642738.05521713, 5518649.17586252, 5524807.19016061)
361	2020-10-31	3502027.535783808	c(-1633939.37615092, -1643167.16801702, 5547695.27655484, 5564412.02432934)
384	2020-10-31	3502027.535783808	c(-1642738.05521713, -1633939.37615092, 5524807.19016061, 5547695.27655484)
361	2020-10-31	3491896.5418883227	c(-1634269.54298332, -1616273.70262039, 5587263.66215533, 5593412.69659256)
362	2020-10-31	3487039.9243555926	c(-1607407.01171386, -1616406.48420876, 5616242.11893702, 5632907.59210439)
385	2020-10-31	3487039.9243555926	c(-1616273.70262039, -1607407.01171386, 5593412.69659256, 5616242.11893702)
362	2020-10-31	3477747.0907013444	c(-1607441.35551178, -1589606.67729884, 5655699.97774855, 5661842.61665024)
363	2020-10-31	3473311.889936616	c(-1580673.33476382, -1589444.65874465, 5684613.78598579, 5701225.83077993)
386	2020-10-31	3473311.889936616	c(-1589606.67729884, -1580673.33476382, 5661842.61665024, 5684613.78598579)
363	2020-10-31	3464866.351357854	c(-1580413.39301508, -1562741.04818943, 5723959.39693774, 5730098.20698816)
387	2020-10-31	3460856.9417017833	c(-1562741.04818943, -1553742.40248516, 5730098.20698816, 5752811.55775634)
377	2020-10-31	3621822.4746631524	c(-1813681.23653652, -1794549.38681992, 5062870.26119519, 5069191.76588161)
378	2020-10-31	3614009.646806052	c(-1786289.70271315, -1797035.91322752, 5092470.6750614, 5109425.68406001)
401	2020-10-31	3614009.646806052	c(-1794549.38681992, -1786289.70271315, 5069191.76588161, 5092470.6750614)
387	2020-10-31	3445038.452563988	c(-1553742.40248516, -1536178.95704769, 5752811.55775634, 5758991.5017903)
411	2020-10-31	3441293.9006648976	c(-1536178.95704769, -1527213.29102128, 5758991.5017903, 5781685.3944075)
423	2020-10-31	3660380.06451939	c(-1840210.6811182, -1832211.3966197, 4888676.84771899, 4912105.29950839)
400	2020-10-31	3634987.099084499	c(-1808053.03489162, -1819172.22321912, 4982271.64260264, 4999234.9076563)
424	2020-10-31	3634987.099084499	c(-1816132.41537844, -1808053.03489162, 4958902.68073558, 4982271.64260264)
445	2020-10-31	3685154.064754498	c(-1860145.84971484, -1852330.72397985, 4777768.0325149, 4801283.60574979)
423	2020-10-31	3658213.303910244	c(-1828721.25490159, -1840210.6811182, 4871712.6725859, 4888676.84771899)
446	2020-10-31	3658213.303910244	c(-1836618.26914223, -1828721.25490159, 4848255.91503961, 4871712.6725859)
423	2020-10-31	3640851.4052381385	c(-1832211.3966197, -1812846.4381913, 4912105.29950839, 4918567.4552139)
424	2020-10-31	3632352.494403286	c(-1804868.94916439, -1816132.41537844, 4941965.50816358, 4958902.68073558)
447	2020-10-31	3632352.494403286	c(-1812846.4381913, -1804868.94916439, 4918567.4552139, 4941965.50816358)
445	2020-10-31	3683653.44984111	c(-1848289.22363192, -1860145.84971484, 4760810.26302296, 4777768.0325149)
469	2020-10-31	3683653.44984111	c(-1856001.91527802, -1848289.22363192, 4737268.07452071, 4760810.26302296)
445	2020-10-31	3665266.490738152	c(-1852330.72397985, -1832781.29393363, 4801283.60574979, 4807836.61929395)
446	2020-10-31	3656250.342971451	c(-1824986.36770786, -1836618.26914223, 4831320.80411798, 4848255.91503961)
470	2020-10-31	3656250.342971451	c(-1832781.29393363, -1824986.36770786, 4807836.61929395, 4831320.80411798)
492	2020-10-31	3711269.3602744825	c(-1874279.05811618, -1866752.53357093, 4625956.14290489, 4649581.2947994)
469	2020-10-31	3682358.864293073	c(-1844004.74548001, -1856001.91527802, 4720342.28667012, 4737268.07452071)
493	2020-10-31	3682358.864293073	c(-1851615.22238531, -1844004.74548001, 4696774.3635306, 4720342.28667012)
492	2020-10-31	3710638.6356631876	c(-1861920.08445491, -1874279.05811618, 4609046.88826613, 4625956.14290489)
517	2020-10-31	3710638.6356631876	c(-1869344.3391728, -1861920.08445491, 4585397.71990314, 4609046.88826613)
492	2020-10-31	3690946.841809415	c(-1866752.53357093, -1846987.02458115, 4649581.2947994, 4656288.83610896)
493	2020-10-31	3681272.2532327147	c(-1839478.52583307, -1851615.22238531, 4679881.61769878, 4696774.3635306)
518	2020-10-31	3681272.2532327147	c(-1846987.02458115, -1839478.52583307, 4656288.83610896, 4679881.61769878)
517	2020-10-31	3710217.549419535	c(-1856847.94587956, -1869344.3391728, 4568524.32280982, 4585397.71990314)
541	2020-10-31	3710217.549419535	c(-1864170.20474351, -1856847.94587956, 4544852.01367304, 4568524.32280982)
541	2020-10-31	3710007.8678584644	c(-1851537.47336922, -1864170.20474351, 4528015.47102513, 4544852.01367304)
566	2020-10-31	3710007.8678584644	c(-1858758.02734879, -1851537.47336922, 4504320.89115342, 4528015.47102513)
566	2020-10-31	3710011.3148756633	c(-1845990.05520306, -1858758.02734879, 4487522.17723045, 4504320.89115342)
566	2020-10-31	3689327.5685112155	c(-1826085.44305534, -1845990.05520306, 4494466.36123979, 4487522.17723045)
616	2020-10-31	3679024.063369585	c(-1813266.95245188, -1826085.44305534, 4477753.97085617, 4494466.36123979)
641	2020-10-31	3679024.063369585	c(-1820269.70290961, -1813266.95245188, 4454049.8587927, 4477753.97085617)
641	2020-10-31	3679223.8516455684	c(-1807318.13164606, -1820269.70290961, 4437376.41246108, 4454049.8587927)
666	2020-10-31	3679223.8516455684	c(-1814220.67755966, -1807318.13164606, 4413652.58550728, 4437376.41246108)
666	2020-10-31	3679644.0580325737	c(-1801137.15276093, -1814220.67755966, 4397018.98762798, 4413652.58550728)
666	2020-10-31	3658830.625125958	c(-1781234.21026676, -1801137.15276093, 4404155.30562496, 4397018.98762798)
718	2020-10-31	3648675.5747326906	c(-1768102.66018066, -1781234.21026676, 4387607.77514395, 4404155.30562496)
743	2020-10-31	3648675.5747326906	c(-1774791.49875217, -1768102.66018066, 4363878.58152643, 4387607.77514395)
743	2020-10-31	3649308.9964254135	c(-1761530.1691193, -1774791.49875217, 4347371.88507742, 4363878.58152643)
743	2020-10-31	3628452.033806955	c(-1741662.3694521, -1761530.1691193, 4354639.05059716, 4347371.88507742)
818	2020-10-31	3618384.9282086743	c(-1734832.49097287, -1728354.41918949, 4314485.75066205, 4338217.95910924)
818	2020-10-31	3619242.9435890657	c(-1721396.93180965, -1734832.49097287, 4298106.39731829, 4314485.75066205)
844	2020-10-31	3619242.9435890657	c(-1727777.7108247, -1721396.93180965, 4274358.47192916, 4298106.39731829)
844	2020-10-31	3620334.12529822	c(-1714215.70556198, -1727777.7108247, 4258021.64446322, 4274358.47192916)
972	2020-10-31	3582284.3691267166	c(-1741027.49512212, -1735381.49681508, 3859212.2715813, 3883150.7613309)
973	2020-10-31	3587809.9032431054	c(-1724003.21253803, -1718271.16419712, 3930986.85291205, 3954884.40016518)
975	2020-10-31	3602519.6449921015	c(-1689186.62965155, -1683285.7014762, 4074166.13648569, 4097981.11963891)
976	2020-10-31	3592370.544797021	c(-1671400.78359556, -1665417.034471, 4145569.54954929, 4169342.95704021)
972	2020-10-31	3566983.6268540206	c(-1735381.49681508, -1715066.26300738, 3883150.7613309, 3890986.27712171)
973	2020-10-31	3568948.989599241	c(-1709428.64536767, -1724003.21253803, 3914893.33017742, 3930986.85291205)
999	2020-10-31	3566983.6268540206	c(-1715066.26300738, -1709428.64536767, 3890986.27712171, 3914893.33017742)
973	2020-10-31	3573289.4340371094	c(-1718271.16419712, -1698068.26488787, 3954884.40016518, 3962667.14784325)
1000	2020-10-31	3573289.4340371094	c(-1698068.26488787, -1692345.73675831, 3962667.14784325, 3986533.86082511)
975	2020-10-31	3583601.037717057	c(-1675010.21287598, -1689186.62965155, 4058052.92418503, 4074166.13648569)
1001	2020-10-31	3580820.0818801485	c(-1680816.59286375, -1675010.21287598, 4034226.77229969, 4058052.92418503)
975	2020-10-31	3589567.002040328	c(-1683285.7014762, -1663314.42748467, 4097981.11963891, 4105664.50998389)
976	2020-10-31	3592751.2751122597	c(-1657425.25880927, -1671400.78359556, 4129449.90228367, 4145569.54954929)
1002	2020-10-31	3589567.002040328	c(-1663314.42748467, -1657425.25880927, 4105664.50998389, 4129449.90228367)
1000	2020-10-31	3559267.0542389075	c(-1692345.73675831, -1672233.26377641, 3986533.86082511, 3994323.7175951)
1001	2020-10-31	3561903.914622438	c(-1666520.92594926, -1680816.59286375, 4018160.31262241, 4034226.77229969)
1027	2020-10-31	3559267.0542389075	c(-1672233.26377641, -1666520.92594926, 3994323.7175951, 4018160.31262241)
6497	2020-10-31	486049.6404731177	c(1497701.95522853, 1480962.61721103, 3263703.28203244, 3250496.9329823)
6497	2020-10-31	491502.96422788966	c(1495647.52318366, 1497701.95522853, 3287035.35636239, 3263703.28203244)
6526	2020-10-31	513922.69913576165	c(1512306.66517864, 1495647.52318366, 3300282.85422823, 3287035.35636239)
6580	2020-10-31	505073.2050574595	c(1531073.37041197, 1512306.66517864, 3290221.43641088, 3300282.85422823)
6580	2020-10-31	505073.2050574595	c(1547705.05405133, 1531073.37041197, 3303533.58673078, 3290221.43641088)
6580	2020-10-31	513118.5952955653	c(1545516.18491241, 1547705.05405133, 3326883.91414264, 3303533.58673078)
6607	2020-10-31	536228.8079144306	c(1562066.16181287, 1545516.18491241, 3340237.81219126, 3326883.91414264)
6658	2020-10-31	531536.6109465795	c(1580859.36957427, 1562066.16181287, 3330264.8833944, 3340237.81219126)
6658	2020-10-31	531536.6109465795	c(1597381.59188688, 1580859.36957427, 3343684.3644514, 3330264.8833944)
6658	2020-10-31	541829.1358069567	c(1595055.52758781, 1597381.59188688, 3367053.17139978, 3343684.3644514)
6685	2020-10-31	565271.6270106505	c(1611494.49961243, 1595055.52758781, 3380514.95799516, 3367053.17139978)
6740	2020-10-31	564381.292249671	c(1630315.12156801, 1611494.49961243, 3370631.81551257, 3380514.95799516)
6740	2020-10-31	564381.292249671	c(1646726.00325722, 1630315.12156801, 3384160.10949105, 3370631.81551257)
6988	2020-10-31	849497.2391682871	c(1799591.78425964, 1802855.11929079, 3854091.07250963, 3830677.20711988)
7004	2020-10-31	869925.9572422372	c(1802855.11929079, 1821433.20542295, 3830677.20711988, 3821334.54633181)
7005	2020-10-31	830676.3839062089	c(1814816.95629358, 1799591.78425964, 3868175.41879143, 3854091.07250963)
6989	2020-10-31	789268.8575834599	c(1789699.41910334, 1793013.88289418, 3924308.21596125, 3900906.58678678)
7005	2020-10-31	809196.9626653478	c(1793013.88289418, 1811482.87931509, 3900906.58678678, 3891589.55387756)
7006	2020-10-31	770198.8301135264	c(1804763.08158945, 1789699.41910334, 3938405.17112921, 3924308.21596125)
6990	2020-10-31	730164.0037486955	c(1779654.59472282, 1783019.72315351, 3994488.47821668, 3971099.17083719)
7006	2020-10-31	749642.7739009892	c(1783019.72315351, 1801377.46586646, 3971099.17083719, 3961806.63375953)
7007	2020-10-31	710884.8451998454	c(1794555.06474237, 1779654.59472282, 4008596.81998911, 3994488.47821668)
6991	2020-10-31	673396.3888161649	c(1769458.71404112, 1772874.03772433, 4064631.61506839, 4041254.70879599)
7007	2020-10-31	691559.9236976303	c(1772874.03772433, 1791118.38554401, 4041254.70879599, 4031985.52549232)
7008	2020-10-31	653797.6659972786	c(1784194.33682645, 1769458.71404112, 4078750.11783755, 4064631.61506839)
7005	2020-10-31	810320.7872570778	c(1811482.87931509, 1814816.95629358, 3891589.55387756, 3868175.41879143)
7006	2020-10-31	750301.1606153271	c(1801377.46586646, 1804763.08158945, 3961806.63375953, 3938405.17112921)
7007	2020-10-31	691559.9236976303	c(1791118.38554401, 1794555.06474237, 4031985.52549232, 4008596.81998911)
7008	2020-10-31	635412.6484451714	c(1780707.07465914, 1784194.33682645, 4102125.9880258, 4078750.11783755)
7024	2020-10-31	615751.6500950148	c(1795339.64073999, 1780707.07465914, 4116284.79226377, 4102125.9880258)
7009	2020-10-31	582613.3403860794	c(1770144.98497131, 1773682.34449566, 4172227.7997854, 4148864.83660432)
7024	2020-10-31	597639.0695290772	c(1773682.34449566, 1791779.83820954, 4148864.83660432, 4139659.26421214)
7025	2020-10-31	562686.8416846175	c(1784609.659065, 1770144.98497131, 4186394.87733457, 4172227.7997854)
7024	2020-10-31	597639.0695290772	c(1791779.83820954, 1795339.64073999, 4139659.26421214, 4116284.79226377)
7025	2020-10-31	545928.1662610612	c(1780999.393401, 1784609.659065, 4209756.0036679, 4186394.87733457)
7041	2020-10-31	525952.4804533125	c(1795358.56745349, 1780999.393401, 4223962.45198953, 4209756.0036679)
7041	2020-10-31	509679.4363088978	c(1791674.81194539, 1795358.56745349, 4247321.36430282, 4223962.45198953)
7057	2020-10-31	489663.15197294037	c(1805927.46361461, 1791674.81194539, 4261566.8930599, 4247321.36430282)
7042	2020-10-31	464768.0678522035	c(1780522.820965, 1784256.88144325, 4317370.41161534, 4294025.35055721)
7057	2020-10-31	473965.58913255006	c(1784256.88144325, 1802169.64205852, 4294025.35055721, 4284923.20497215)
7058	2020-10-31	444734.60274970636	c(1794603.24465626, 1780522.820965, 4331621.54247722, 4317370.41161534)
7057	2020-10-31	473965.58913255006	c(1802169.64205852, 1805927.46361461, 4284923.20497215, 4261566.8930599)
7058	2020-10-31	431347.1262054331	c(1790794.78582625, 1794603.24465626, 4354963.55570181, 4331621.54247722)
7074	2020-10-31	411394.9572934546	c(1804766.30604661, 1790794.78582625, 4369252.71338091, 4354963.55570181)
7066	2020-10-31	164592.35764413254	c(1694500.83267767, 1698694.98491805, 4913729.05881485, 4890502.71249865)
7081	2020-10-31	171179.0983638079	c(1698694.98491805, 1715528.94629239, 4890502.71249865, 4881556.6243839)
7074	2020-10-31	399054.6194532572	c(1800882.89174331, 1804766.30604661, 4392591.27820451, 4369252.71338091)
7090	2020-10-31	379254.4479242426	c(1814744.50506139, 1800882.89174331, 4406918.1122607, 4392591.27820451)
7081	2020-10-31	171179.0983638079	c(1715528.94629239, 1719753.70195755, 4881556.6243839, 4858322.29158519)
7096	2020-10-31	185576.76505740642	c(1719753.70195755, 1736683.86916192, 4858322.29158519, 4849405.16814617)
7090	2020-10-31	368184.7729866363	c(1810785.58617456, 1814744.50506139, 4430252.81923352, 4406918.1122607)
7106	2020-10-31	348641.8014338521	c(1824536.29330705, 1810785.58617456, 4444616.96019516, 4430252.81923352)
7096	2020-10-31	185576.76505740642	c(1736683.86916192, 1740938.6622884, 4849405.16814617, 4826162.42595404)
7111	2020-10-31	204379.33163719485	c(1740938.6622884, 1757964.64069104, 4826162.42595404, 4817273.808228)
7106	2020-10-31	338267.8818344168	c(1820501.32891503, 1824536.29330705, 4467947.39107882, 4444616.96019516)
7121	2020-10-31	318650.107830858	c(1834140.13504776, 1820501.32891503, 4482348.4504345, 4467947.39107882)
7110	2020-10-31	219561.9777209545	c(1770768.84830572, 1775004.40187089, 4747503.25120394, 4724235.85936185)
7124	2020-10-31	216211.89272330888	c(1775004.40187089, 1792260.38903361, 4724235.85936185, 4715362.81604246)
7125	2020-10-31	202100.41627116498	c(1783683.46427462, 1770768.84830572, 4761900.78478873, 4747503.25120394)
7111	2020-10-31	204834.70722878678	c(1757964.64069104, 1762248.90313519, 4817273.808228, 4794022.22659601)
7125	2020-10-31	198954.5494350049	c(1762248.90313519, 1779370.30288734, 4794022.22659601, 4785161.64300447)
7121	2020-10-31	308307.3043623542	c(1830028.59259407, 1834140.13504776, 4505674.1783017, 4482348.4504345)
7137	2020-10-31	289060.20131915493	c(1843554.50770642, 1830028.59259407, 4520111.74850053, 4505674.1783017)
7122	2020-10-31	277020.0105909456	c(1817591.28381716, 1821754.10292443, 4575619.01535557, 4552309.46476738)
7137	2020-10-31	278294.79926168045	c(1821754.10292443, 1839365.86317546, 4552309.46476738, 4543432.33784061)
7138	2020-10-31	257719.95841398026	c(1830936.90445632, 1817591.28381716, 4590056.87909188, 4575619.01535557)
7124	2020-10-31	216211.89272330888	c(1792260.38903361, 1796524.02162091, 4715362.81604246, 4692085.70822557)
7139	2020-10-31	217270.9653550626	c(1796524.02162091, 1813874.1406588, 4692085.70822557, 4683239.31770033)
7125	2020-10-31	198954.5494350049	c(1779370.30288734, 1783683.46427462, 4785161.64300447, 4761900.78478873)
7137	2020-10-31	278294.79926168045	c(1839365.86317546, 1843554.50770642, 4543432.33784061, 4520111.74850053)
7138	2020-10-31	248162.41238656497	c(1826696.72091713, 1830936.90445632, 4613360.82382105, 4590056.87909188)
7153	2020-10-31	228742.66219142696	c(1839927.19423614, 1826696.72091713, 4627833.90325019, 4613360.82382105)
7139	2020-10-31	217270.9653550626	c(1813874.1406588, 1818165.27324189, 4683239.31770033, 4659952.04580688)
7153	2020-10-31	218330.01872241325	c(1818165.27324189, 1835609.14311723, 4659952.04580688, 4651131.79424055)
7153	2020-10-31	218330.01872241325	c(1835609.14311723, 1839927.19423614, 4651131.79424055, 4627833.90325019)
6759	2020-11-01	2294067.999453968	c(1685823.29113523, 1683789.79360519, 2785351.7874213, 2808789.57565166)
6759	2020-11-01	2316092.6007349873	c(1705395.04383448, 1685823.29113523, 2775242.5196302, 2785351.7874213)
7247	2020-11-01	372602.7815074225	c(1826815.55112943, 1838885.78923618, 5011624.20412802, 5026241.61861811)
7247	2020-11-01	359650.6981024956	c(1838885.78923618, 1855812.46760518, 5026241.61861811, 5017686.75208026)
7247	2020-11-01	359650.6981024956	c(1855812.46760518, 1860711.81719995, 5017686.75208026, 4994475.03566435)
7262	2020-11-01	352694.20701489196	c(1860711.81719995, 1877736.65660955, 4994475.03566435, 4985950.1945813)
7293	2020-11-01	335285.5354472284	c(1877736.65660955, 1889819.48467684, 4985950.1945813, 5000676.87852389)
7293	2020-11-01	323999.10554731434	c(1889819.48467684, 1906899.84502717, 5000676.87852389, 4992221.82400348)
7293	2020-11-01	323999.10554731434	c(1906899.84502717, 1911939.80391823, 4992221.82400348, 4968999.87109881)
7306	2020-11-01	322007.5882232151	c(1911939.80391823, 1929118.14148043, 4968999.87109881, 4960574.33576916)
7306	2020-11-01	322007.5882232151	c(1929118.14148043, 1934186.87949323, 4960574.33576916, 4937341.34535281)
7318	2020-11-01	323744.23276830965	c(1934186.87949323, 1951462.87234711, 4937341.34535281, 4928944.83315077)
7317	2020-11-01	354521.97577686136	c(1966698.78913844, 1971740.60660614, 4859188.72105227, 4835921.65667686)
7328	2020-11-01	356302.0735756949	c(1971740.60660614, 1989251.28864826, 4835921.65667686, 4827539.55183594)
7329	2020-11-01	335515.59534260497	c(1979057.82510063, 1966698.78913844, 4874075.7458139, 4859188.72105227)
7318	2020-11-01	323744.23276830965	c(1951462.87234711, 1956559.84198415, 4928944.83315077, 4905700.30801857)
7329	2020-11-01	325481.98858570645	c(1956559.84198415, 1973933.17363522, 4905700.30801857, 4897332.3102448)
7328	2020-11-01	356302.0735756949	c(1989251.28864826, 1994319.93871677, 4827539.55183594, 4804259.92069644)
7338	2020-11-01	358084.2182753135	c(1994319.93871677, 2011926.83409722, 4804259.92069644, 4795904.79643722)
7329	2020-11-01	325481.98858570645	c(1973933.17363522, 1979057.82510063, 4897332.3102448, 4874075.7458139)
7338	2020-11-01	358084.2182753135	c(2011926.83409722, 2017021.75746515, 4795904.79643722, 4772612.08248018)
7348	2020-11-01	362820.33859082055	c(2017021.75746515, 2034724.56018063, 4772612.08248018, 4764283.38705299)
7348	2020-11-01	362820.33859082055	c(2034724.56018063, 2039845.19497209, 4764283.38705299, 4740977.06700153)
7358	2020-11-01	371522.87109313044	c(2039845.19497209, 2057643.6042939, 4740977.06700153, 4732674.23597668)
7358	2020-11-01	371522.87109313044	c(2057643.6042939, 2062789.38597403, 4732674.23597668, 4709353.77936152)
7367	2020-11-01	383942.28047926	c(2062789.38597403, 2080683.10642201, 4709353.77936152, 4701076.23561237)
7367	2020-11-01	383942.28047926	c(2080683.10642201, 2085853.46770884, 4701076.23561237, 4677741.10480327)
7376	2020-11-01	399751.8535786991	c(2085853.46770884, 2103842.20902085, 4677741.10480327, 4669488.25848694)
7376	2020-11-01	399751.8535786991	c(2103842.20902085, 2109036.57979347, 4669488.25848694, 4646137.90872455)
7385	2020-11-01	418347.35977520654	c(2109036.57979347, 2127120.05689047, 4646137.90872455, 4637909.15726017)
7485	2020-11-02	Inf	c(2184776.86929938, 2191102.55317606, 5170965.69051561, 5147798.94660286)
7492	2020-11-02	Inf	c(2191102.55317606, 2208659.26691477, 5147798.94660286, 5140147.51833025)
7493	2020-11-02	Inf	c(2195890.40439094, 2184776.86929938, 5186477.86389317, 5170965.69051561)
7486	2020-11-02	Inf	c(2165678.364725, 2172064.67158221, 5240399.53614104, 5217265.97383043)
7493	2020-11-02	Inf	c(2172064.67158221, 2189475.33653204, 5217265.97383043, 5209626.12083402)
7492	2020-11-02	Inf	c(2208659.26691477, 2215012.85203632, 5140147.51833025, 5116965.40770728)
7498	2020-11-02	Inf	c(2215012.85203632, 2232670.52910333, 5116965.40770728, 5109344.56583466)
7493	2020-11-02	Inf	c(2189475.33653204, 2195890.40439094, 5209626.12083402, 5186477.86389317)
7498	2020-11-02	Inf	c(2232670.52910333, 2239051.50894485, 5109344.56583466, 5086146.48655674)
7505	2020-11-02	Inf	c(2239051.50894485, 2256809.95282624, 5086146.48655674, 5078555.67631542)
7505	2020-11-02	Inf	c(2256809.95282624, 2263217.81849624, 5078555.67631542, 5055341.01837512)
7511	2020-11-02	Inf	c(2263217.81849624, 2281076.83928618, 5055341.01837512, 5047779.67222093)
7511	2020-11-02	Inf	c(2281076.83928618, 2287511.07942528, 5047779.67222093, 5024547.81755269)
7517	2020-11-02	Inf	c(2287511.07942528, 2305470.49381456, 5024547.81755269, 5017015.3551194)
7531	2020-11-02	Inf	c(2305470.49381456, 2316953.20905611, 5017015.3551194, 5032760.46606745)
7531	2020-11-02	Inf	c(2316953.20905611, 2334970.68572725, 5032760.46606745, 5025302.58007089)
