i,j
06083,06111
06083,06079
06083,06029
06073,06059
06073,06025
06073,06065
06059,06037
06059,06065
06059,06071
06111,06037
06111,06029
06037,06029
06037,06071
06079,06053
06079,06029
06079,06031
06025,06065
06025,04027
06025,04012
06053,06087
06053,06069
06053,06031
06053,06019
06065,06071
06065,04012
04027,04019
04027,04012
04027,04013
06029,06031
06029,06071
06029,06107
06029,06027
06087,06069
06087,06081
06087,06085
06069,06085
06069,06047
06069,06019
06031,06107
06031,06019
06081,06075
06081,06085
06081,06001
06075,06001
06075,06041
06075,06013
04023,04019
04023,04003
06085,06001
06085,06047
06085,06099
04019,04013
04019,04003
04019,04021
04019,04009
06071,04012
06071,06027
06071,32003
06071,04015
04012,04013
04012,04025
04012,04015
06001,06013
06001,06099
06001,06077
06107,06019
06107,06027
06041,06013
06041,06097
06041,06095
06047,06019
06047,06099
06047,06039
06047,06043
06019,06039
06019,06027
06019,06051
06013,06097
06013,06077
06013,06095
06013,06067
06099,06077
06099,06043
06099,06009
06099,06109
04013,04021
04013,04025
04013,04007
06097,06095
06097,06055
06097,06033
06097,06045
06039,06043
06039,06109
06039,06051
06077,06067
06077,06009
06077,06005
06095,06055
06095,06113
06095,06067
04003,35023
04003,04009
04003,04011
04021,04009
04021,04007
06055,06113
06055,06033
06043,06109
06027,06051
06027,32003
06027,32009
06027,32023
06113,06067
06113,06033
06113,06011
06113,06101
06067,06005
06067,06101
06067,06017
06067,06061
06033,06045
06033,06011
06033,06021
06009,06109
06009,06005
06009,06003
06045,06021
06045,06023
06045,06103
06045,06105
35023,35029
35023,04011
35023,35017
06109,06051
06109,06003
06005,06017
06005,06003
06011,06101
06011,06021
06011,06007
06101,06115
06101,06061
06101,06007
04009,04007
04009,04011
04009,04017
04009,04001
04025,04007
04025,04015
04025,04005
06051,06003
06051,32009
06051,32005
06051,32021
06051,32019
06017,06003
06017,06061
06017,32005
06021,06007
06021,06103
04007,04005
04007,04017
32003,04015
32003,32023
32003,32017
06115,06061
06115,06057
06115,06007
06115,06091
06115,06063
06003,32005
06061,06057
06061,32005
06061,32031
04015,04005
04015,32017
04015,49053
04015,49025
35029,35017
35029,35051
32009,32021
32009,32023
06057,06091
06057,32031
04011,35017
04011,35003
04011,04001
06007,06103
06007,06063
35017,35051
35017,35003
06023,06105
06023,06015
06023,06093
32005,32019
48377,48043
48377,48229
48377,48243
06103,06105
06103,06063
06103,06089
32021,32019
32021,32023
32021,32001
06105,06089
06105,06093
06091,06063
06091,06035
06091,32031
32019,32029
32019,32001
32019,32031
48141,48229
48141,35035
48043,48243
48043,48443
48043,48371
32023,32017
32023,32001
32023,32015
32023,32011
32023,32033
06063,06089
06063,06035
32029,32031
48229,48243
48229,48109
48229,35035
48243,48109
48243,48389
48243,48371
06089,06035
06089,06093
06089,06049
48427,48505
48427,48215
48427,48247
48427,48047
48505,48247
48505,48479
04005,04017
04005,49025
04005,49037
35051,35003
35051,35035
35051,35053
35051,35027
35003,04001
35003,35053
35003,35006
32017,49053
32017,49021
32017,49001
32017,32033
32017,49027
06015,06093
06015,41015
06015,41033
48215,48061
48215,48047
48215,48489
48215,48261
48109,35035
48109,48389
48109,35015
32001,32031
32001,32027
32001,32015
48247,48479
48247,48047
48247,48131
04017,04001
04017,49037
49053,49021
49053,49025
35035,35015
35035,35027
35035,35005
06035,32031
06035,06049
48061,48489
48479,48323
48479,48127
48479,48131
48479,48283
48479,48311
06093,41033
06093,06049
06093,41029
06093,41035
48389,48371
48389,48301
48389,48475
48389,35015
48323,48127
48323,48271
48323,48507
48323,48463
48047,48131
48047,48261
48047,48249
48047,48273
48489,48261
48443,48371
48443,48465
48443,48105
41015,41033
41015,41011
41015,41019
48127,48507
48127,48283
48127,48163
48371,48475
48371,48103
48371,48105
04001,35006
04001,35031
04001,35045
04001,49037
04001,08083
32031,32027
32031,06049
32031,32013
32031,41037
32031,41025
41033,41029
41033,41019
35053,35006
35053,35027
35053,35061
35053,35057
48131,48283
48131,48249
48131,48311
48131,48297
48261,48273
48465,48271
48465,48105
48465,48137
48465,48435
48271,48507
48271,48463
48271,48137
48507,48463
48507,48163
48507,48325
49021,49025
49021,49001
49021,49017
32027,32015
32027,32013
48283,48311
48283,48163
48283,48013
48301,48475
48301,35015
48301,48495
48301,35025
48475,48495
48475,48103
48475,48135
35015,35005
35015,35025
35006,35031
35006,35061
35006,35001
35006,35043
32015,32011
32015,32013
32015,32007
06049,41035
06049,41037
41029,41035
41029,41019
49025,49017
49025,49037
48249,48273
48249,48355
48249,48297
48249,48409
48273,48355
48495,48135
48495,35025
48495,48003
48103,48105
48103,48461
48103,48135
41011,41019
48463,48163
48463,48137
48463,48385
48463,48325
48463,48019
48311,48297
48311,48013
48163,48325
48163,48013
48105,48461
48105,48435
48105,48383
48105,48413
48105,48235
49001,49017
49001,49031
49001,49027
49001,49041
35027,35005
35027,35057
35027,35011
35027,35019
35031,35045
35031,35043
32011,32033
32011,32007
48137,48385
48137,48435
48137,48265
48137,48267
48461,48135
48461,48383
48461,48329
48461,48173
35061,35001
35061,35057
48355,48409
48355,48007
32033,49027
32033,49023
32033,32007
32033,49045
48135,48003
48135,48329
48297,48409
48297,48013
48297,48025
48297,48255
48385,48019
48385,48265
35005,35025
35005,35011
35005,35041
48325,48013
48325,48019
48325,48029
48409,48025
48409,48007
48409,48391
41035,41019
41035,41037
41035,41039
41035,41017
41019,41039
48013,48029
48013,48255
48013,48493
48435,48413
48435,48267
48435,48327
49017,49031
49017,49055
49017,49037
48383,48329
48383,48235
48383,48173
48383,48431
48383,48451
35025,48003
35025,48165
35025,48501
35025,35041
35025,48079
35001,35057
35001,35043
35001,35049
49031,49055
49031,49041
48003,48329
48003,48165
48003,48317
48025,48255
48025,48391
48025,48175
49027,49041
49027,49023
49027,49039
48329,48173
48329,48317
48019,48265
48019,48029
48019,48259
35057,35049
35057,35019
35057,35047
32013,32007
32013,41025
32013,41045
32013,16073
48413,48235
48413,48267
48413,48327
48413,48451
48413,48095
48235,48451
48265,48267
48265,48259
48265,48171
48007,48391
48007,48057
48029,48493
48029,48259
48029,48091
48029,48187
48255,48493
48255,48175
48255,48123
48255,48177
48173,48317
48173,48431
48173,48227
48267,48327
48267,48171
48267,48319
48391,48175
48391,48057
48391,48469
35045,35043
35045,49037
35045,08083
35045,35039
35045,08067
35045,08007
48165,48317
48165,48501
48165,48115
48165,48445
48493,48187
48493,48177
35043,35049
35043,35028
35043,35039
48317,48227
48317,48115
48317,48033
48175,48123
48175,48469
41037,41017
41037,41025
49055,49041
49055,49037
49055,49015
49055,49019
49041,49039
49041,49015
49037,08083
49037,49015
49037,08033
49037,08113
49037,49019
49037,08085
49037,08077
41039,41041
41039,41003
41039,41017
41039,41043
48259,48171
48259,48091
48259,48031
48327,48451
48327,48319
48327,48095
48327,48307
48431,48451
48431,48227
48431,48081
48431,48335
48501,48445
48501,48079
48501,48219
48451,48081
48451,48095
48451,48399
35011,35019
35011,35041
35011,35037
48171,48319
48171,48031
48171,48299
48227,48115
48227,48335
48227,48033
35049,35028
35049,35039
35049,35047
35049,35033
48091,48187
48091,48031
48091,48209
48115,48445
48115,48033
48115,48305
48187,48177
48187,48209
48187,48055
48123,48469
48123,48177
48123,48285
48057,48469
48057,48239
48057,48321
48319,48307
48319,48299
48319,48411
48469,48239
48469,48285
35028,35039
35019,35047
35019,35037
41041,41003
41041,41053
41041,41057
48081,48335
48081,48399
48081,48353
48445,48079
48445,48305
48445,48219
48445,48303
08083,08067
08083,08033
08083,08111
41003,41043
41003,41053
35041,48079
35041,48017
35041,35009
35041,35037
48095,48307
48095,48399
48095,48083
49023,49039
49023,49045
49023,49049
48079,48219
48079,48017
48079,48279
48177,48055
48177,48285
48177,48149
48031,48209
48031,48299
48031,48453
48031,48053
32007,49045
32007,16073
32007,49003
32007,16083
32007,16031
48335,48033
48335,48353
48335,48415
48335,48151
48033,48305
48033,48415
48033,48169
48209,48055
48209,48453
48307,48411
48307,48083
48307,48049
48299,48411
48299,48053
41017,41043
41017,41025
41017,41013
41017,41031
48055,48453
48055,48021
48055,48149
35039,08007
35039,35033
35039,35055
35039,08021
49039,49015
49039,49049
49039,49007
48305,48219
48305,48169
48305,48303
48305,48107
48239,48285
48239,48321
48239,48481
48239,48089
41043,41053
41043,41047
41043,41031
48219,48017
48219,48303
48219,48279
48219,48189
08067,08033
08067,08007
08067,08111
08067,08053
48399,48353
48399,48441
48399,48083
41025,41013
41025,41045
41025,41023
49015,49019
49015,49007
49015,49047
08033,08113
08033,08111
48285,48149
48285,48089
41053,41047
41053,41071
41053,41057
48017,35009
48017,48279
48017,48369
48353,48415
48353,48441
48353,48151
48353,48253
35047,35033
35047,35037
35047,35021
48415,48169
48415,48151
48415,48263
49045,49049
49045,49035
49045,49003
49045,49011
49045,49057
48411,48053
48411,48049
48411,48281
48411,48333
35009,48369
35009,35037
35009,48117
48453,48053
48453,48021
48453,48491
48321,48481
48321,48039
48169,48303
48169,48263
48169,48107
48169,48125
48303,48279
48303,48107
48303,48189
48303,48153
48053,48491
48053,48281
48053,48027
08113,08111
08113,08085
08113,08091
08007,08053
08007,08079
08007,08021
08007,08105
48021,48149
48021,48491
48021,48287
41047,41071
41047,41031
41047,41005
41047,41065
48279,48369
48279,48189
48279,48069
41071,41057
41071,41005
41071,41067
48441,48083
48441,48151
48441,48059
48441,48253
48149,48089
48149,48287
48149,48015
48149,48477
48481,48089
48481,48015
48481,48039
48481,48157
41057,41067
41057,41007
41057,41009
48083,48049
48083,48059
48151,48263
48151,48253
48151,48433
35033,35055
35033,35021
35033,35007
48369,48069
48369,48117
41013,41031
41013,41069
41013,41023
48089,48015
08111,08053
08111,08091
35037,48117
35037,35021
35037,48359
35037,48205
35037,35059
48049,48333
48049,48059
48049,48093
48049,48133
49049,49007
49049,49035
49049,49051
49049,49013
49019,08085
49019,08077
49019,49047
49019,08045
35055,08021
35055,35007
35055,08023
48491,48287
48491,48027
48491,48331
48263,48107
48263,48433
48263,48125
48263,48269
48281,48333
48281,48027
48281,48099
48281,48193
48333,48093
48333,48193
48107,48189
48107,48125
48107,48153
48107,48345
41031,41065
41031,41069
48189,48069
48189,48153
48189,48437
49007,49013
49007,49047
08053,08091
08053,08079
08053,08109
08053,08051
41045,16073
41045,41023
41045,16027
41045,16075
41045,41001
41045,16087
48287,48477
48287,48331
48287,48051
48059,48253
48059,48133
48059,48417
41005,41067
41005,41051
41005,41065
41005,41027
08085,08091
08085,08077
08085,08029
08085,08051
16073,16083
16073,16027
16073,16001
16073,16039
08091,08051
41067,41007
41067,41051
41067,41009
48253,48433
48253,48417
48253,48207
08079,08105
08079,08109
48069,48117
48069,48437
48069,48381
08021,08105
08021,08023
08021,08003
48015,48157
48015,48477
48015,48473
48039,48157
48039,48167
48039,48201
48433,48125
48433,48207
48433,48269
48433,48275
08105,08003
08105,08109
48117,48359
48117,48381
48117,48375
49035,49051
49035,49011
49035,49029
49035,49043
48125,48153
48125,48269
48125,48345
48125,48101
48157,48473
48157,48201
48027,48099
48027,48331
48027,48145
48027,48309
35021,35007
35021,35059
48153,48437
48153,48345
48153,48045
48093,48193
48093,48133
48093,48143
49051,49013
49051,49043
41007,41009
41007,53069
41007,53049
41051,41009
41051,53011
41051,41027
41051,53059
48099,48193
48099,48035
48099,48309
48477,48051
48477,48473
48477,48041
48477,48185
48193,48143
48193,48035
48331,48051
48331,48145
48331,48395
48437,48381
48437,48045
48437,48011
48133,48417
48133,48429
48133,48143
48133,48363
48051,48041
48051,48395
48417,48207
48417,48429
48417,48447
49003,49011
49003,49057
49003,16031
49003,49005
49003,16071
49011,49029
49011,49057
41065,41069
41065,41027
41065,41055
41065,41021
41065,53039
35007,08023
35007,35059
35007,08071
41009,53011
41009,53069
41009,53015
41069,41023
41069,41021
41069,41049
48473,48201
48473,48185
48473,48339
08077,08029
08077,08051
08077,08045
08077,08097
16083,16031
16083,16053
16083,16047
16083,16039
53011,53015
53011,53059
48207,48269
48207,48447
48207,48275
48207,48023
48269,48345
48269,48275
48269,48101
48269,48155
41027,53059
41027,53039
48345,48045
48345,48101
48345,48191
08023,08003
08023,08055
08023,08071
49013,49043
49013,49047
49013,49009
48167,48201
48167,48071
48359,48381
48359,48205
48359,48375
48359,48341
08003,08109
08003,08055
41023,41049
41023,41001
41023,41059
41023,41061
08029,08051
48381,48011
48381,48375
48381,48065
53069,53049
53069,53015
53069,53041
48045,48011
48045,48191
48045,48129
48429,48447
48429,48363
48429,48503
48143,48035
48143,48425
48143,48363
48143,48221
48201,48339
48201,48071
48201,48291
48041,48185
48041,48395
48041,48313
48041,48289
49029,49057
49029,49043
49029,49033
16027,16001
16027,16075
16027,16045
08109,08051
08109,08055
08109,08027
08109,08015
08109,08043
49057,49005
49057,49033
48145,48309
48145,48395
48145,48293
53049,53041
53049,53027
16001,16039
16001,16045
16001,16015
48035,48309
48035,48425
48035,48217
48035,48251
41055,41021
41055,53039
48447,48275
48447,48503
48447,48023
48447,48009
48309,48217
48309,48293
53015,53059
53015,53041
49043,49033
49043,56041
49043,49009
49043,56037
48275,48155
48275,48023
48185,48339
48185,48313
48185,48471
48395,48313
48395,48293
48395,48289
08051,08015
08051,08097
16031,16053
16031,16071
16031,16067
16031,16077
16031,16013
49047,08045
49047,08103
49047,49009
49047,08081
48101,48191
48101,48155
48101,48075
48101,48197
53059,53039
53059,53041
53059,53077
48205,35059
48205,48111
48205,48341
48205,48421
16053,16047
16053,16063
16053,16067
48011,48375
48011,48129
48011,48065
48011,48179
16047,16039
16047,16063
16047,16025
41021,53039
41021,41049
48425,48221
48425,48251
35059,48111
35059,08071
35059,40025
35059,08009
48339,48471
48339,48291
48339,48407
48375,48065
48375,48341
48191,48129
48191,48075
48191,48087
48363,48221
48363,48503
48363,48367
48363,48237
16039,16025
16039,16015
16039,16013
16039,16037
16075,16045
16075,16087
48071,48291
48071,48245
48221,48251
48221,48367
48155,48023
48155,48197
48155,48487
48503,48023
48503,48009
48503,48237
08055,08027
08055,08071
08055,08101
48023,48009
48023,48487
48023,48485
48217,48293
48217,48251
48217,48349
48217,48139
48313,48471
48313,48289
48313,48225
48293,48289
48293,48161
48293,48349
53039,41049
53039,53077
53039,53005
49005,16071
49005,49033
49005,16041
49005,16007
08045,08103
08045,08097
08045,08037
08045,08107
41049,41059
41049,53005
16063,16067
16063,16025
16063,16013
48129,48065
48129,48087
48129,48179
48129,48483
48471,48407
48471,48455
48471,48225
16045,16087
16045,16015
16045,16003
16045,16085
16071,16077
16071,16041
16071,16005
08027,08043
08027,08101
48075,48197
48075,48087
48075,40057
53041,53027
53041,53067
53041,53077
53041,53053
48065,48341
48065,48179
48065,48233
48065,48393
48111,48341
48111,48421
48111,40025
53027,53067
53027,53045
53027,53031
08015,08097
08015,08043
08015,08065
08015,08093
41001,16087
41001,41061
41001,16003
41001,41063
48291,48407
48291,48245
48291,48199
48291,48373
48341,48233
48341,48421
48341,48195
08071,08101
08071,08089
08071,08009
08071,08011
48251,48367
48251,48139
48251,48439
16067,16013
49033,56041
49033,16041
49033,16007
49033,56023
48197,48487
48197,40057
48197,40065
48367,48237
48367,48439
48367,48497
56041,56023
56041,56037
16025,16013
08103,08081
08103,08107
48289,48161
48289,48225
48289,48001
48407,48373
48407,48455
08097,08065
08097,08037
16087,16003
53067,53045
53067,53053
48009,48237
48009,48487
48009,48485
48009,48077
16015,16085
16015,16037
48237,48497
48237,48077
48237,48337
48487,48485
48487,40065
48487,40141
08043,08101
08043,08093
08043,08119
08043,08041
49009,08081
49009,56037
48245,48199
48245,48361
48245,22023
16077,16013
16077,16005
16077,16011
16041,16005
16041,16007
16041,16029
48087,48179
48087,40057
48087,48483
48087,40009
48161,48349
48161,48001
48161,48213
48179,48483
48179,48393
48179,48211
48233,48421
48233,48393
48233,48195
48349,48139
48349,48213
40057,40065
40057,40055
40057,40009
48139,48439
48139,48113
48139,48213
48139,48257
08065,08037
08065,08093
08065,08117
48421,40025
48421,48195
48421,40139
48439,48497
48439,48113
48439,48121
16013,16011
16013,16023
16013,16037
41059,41061
41059,53005
41059,41063
41059,53071
41059,53013
53045,53053
53045,53031
53045,53035
40025,08009
40025,40139
40025,20129
48199,48373
48199,48361
48199,48457
48199,48241
41061,41063
48485,48077
48485,40141
48485,40033
53077,53053
53077,53005
53077,53033
53077,53037
53077,53025
48373,48455
48373,48457
48373,48005
48455,48225
48455,48005
48225,48001
48225,48005
48225,48073
53053,53035
53053,53033
53053,53037
08101,08089
08101,08025
08101,08041
08101,08073
40065,40141
40065,40055
40065,40075
48497,48337
48497,48121
48497,48097
16005,16011
16005,16029
08037,08117
08037,08107
08037,08049
16007,56023
16007,16029
48077,48337
48077,40033
48077,40067
08081,08107
08081,56037
08081,56007
48361,22023
48361,48241
48361,22019
48361,48351
40141,40033
40141,40075
40141,40031
48483,48393
48483,40009
48483,48211
48483,40129
08093,08119
08093,08117
08093,08019
08093,08059
48393,48195
48393,48211
48393,48357
48393,48295
08089,08025
08089,08011
08089,08061
40055,40009
40055,40075
16003,16085
16003,41063
16003,16049
48195,40139
48195,48357
53005,53071
53005,53021
53005,53025
48113,48121
48113,48257
48113,48397
48113,48085
08119,08041
08119,08035
08119,08059
48001,48213
48001,48073
53031,53035
53031,53009
53031,53029
53031,53055
48457,48005
48457,48241
48337,40067
48337,48097
48337,40085
48121,48097
48121,48085
48121,48181
08117,08019
08117,08049
56023,16029
56023,56037
56023,16019
56023,56035
56023,56039
08009,08011
08009,20129
08009,08099
08009,20187
53035,53033
53035,53029
53035,53061
53009,53055
48213,48257
48213,48073
48213,48467
48213,48423
40009,40075
40009,40129
40009,40149
40009,40039
40033,40067
40033,40031
40033,40137
48257,48397
48257,48467
48257,48231
16085,16037
16085,16059
16085,16049
16011,16029
16011,16023
16011,16019
16011,16051
22023,22019
22023,22053
22023,22113
16029,16019
48211,40129
48211,48295
48211,40045
48005,48241
48005,48073
48005,48347
48005,48405
48241,48351
48241,48405
48241,48403
16023,16037
16023,16051
16023,16059
16023,16033
40139,48357
40139,20129
40139,20189
40139,40007
40139,20175
08025,08041
08025,08061
08025,08073
48357,48295
48357,40007
40075,40031
40075,40149
40075,40015
08041,08035
08041,08039
08041,08073
53033,53037
53033,53061
53033,53007
41063,53013
41063,53003
41063,53023
41063,16069
41063,16049
48397,48085
48397,48231
16037,16059
48073,48347
48073,48423
48073,48401
22019,48351
22019,22011
22019,22053
08011,08099
08011,08061
40067,40085
40067,40137
40067,40019
53037,53025
53037,53007
53037,53017
48097,40085
48097,48181
40031,40137
40031,40015
40031,40051
53071,53021
53071,53013
08107,08049
08107,08057
08107,56007
08019,08059
08019,08049
08019,08047
48467,48423
48467,48379
48467,48231
48467,48499
48085,48231
48085,48181
48085,48147
20129,20189
20129,20187
40129,40039
40129,40045
40129,40043
56037,56035
56037,56007
56037,56013
48351,22011
48351,48403
48351,22115
48351,22085
53021,53013
53021,53025
53021,53001
53021,53075
08035,08059
08035,08039
08035,08005
48347,48405
48347,48401
48347,48419
08059,08047
08059,08031
08059,08013
08059,08014
08059,08005
08059,08001
08049,08047
08049,08057
08049,08013
08049,08069
40149,40015
40149,40039
48295,40007
48295,40045
40085,48181
40085,40019
40085,40095
53029,53055
53029,53061
53029,53057
08047,08013
40137,40019
40137,40051
40137,40049
48405,48403
48405,48419
22011,22053
22011,22003
22011,22115
53013,53023
53013,53075
48423,48401
48423,48499
48423,48183
48423,48459
48379,48231
48379,48499
48379,48223
48231,48147
48231,48223
48231,48119
48181,40095
48181,48147
48181,40013
16019,16051
16019,16065
16019,16081
16019,56039
22053,22113
22053,22003
22053,22001
22053,22039
20189,20187
20189,20175
20189,20067
20189,20081
22113,22045
22113,22001
22113,22055
08099,20187
08099,08061
08099,20075
08099,20071
16051,16065
16051,16033
16051,16043
20187,20067
20187,20075
20187,20093
48401,48419
48401,48183
48401,48365
48401,48203
53055,53057
53055,53073
40019,40095
40019,40099
40019,40049
40019,40069
48403,48419
48403,22085
53003,53023
53003,16069
53003,53075
53061,53007
53061,53057
40015,40039
40015,40051
40015,40011
40015,40017
40039,40043
40039,40011
40007,40045
40007,20175
40007,20119
40007,40059
40007,20025
40045,40043
40045,40153
40045,40059
08031,08005
08031,08001
48499,48223
48499,48459
48499,48159
48499,48063
08057,08069
08057,56007
08057,56001
08013,08014
08013,08069
08013,08123
08061,08073
08061,08017
08061,20071
53025,53001
53025,53017
53025,53043
53025,53047
08039,08073
08039,08005
22045,22055
22045,22101
22045,22099
22045,22007
22045,22047
53023,53075
56035,56039
56035,56013
40095,40013
40095,40069
48419,48365
48419,22085
48419,22031
08014,08001
08014,08123
08073,08005
08073,08017
08073,08063
08073,08121
20175,20081
20175,20119
22003,22115
22003,22039
22003,22079
22001,22055
22001,22039
22001,22097
20067,20075
20067,20081
20067,20093
20067,20055
40051,40049
40051,40087
40051,40017
48183,48459
48183,48203
16065,16081
16065,16043
48147,48119
48147,40013
48147,48277
48223,48119
48223,48159
53001,53075
53001,53043
16059,16033
16059,16049
16059,30001
16059,30081
53007,53057
53007,53017
53007,53047
08005,08001
08005,08121
22115,22085
22115,22079
22115,22069
40043,40153
40043,40011
40043,40093
20075,20093
20075,20071
20075,20203
40099,40049
40099,40069
40099,40123
48365,48203
48365,22031
48365,22017
48459,48063
48459,48203
48459,48343
48459,48315
40049,40087
40049,40123
16069,16061
16069,16049
16069,53075
16069,16057
16069,16035
48119,48159
48119,48277
48119,48387
16033,16043
16033,30001
22085,22031
22085,22069
16061,16049
16061,16035
22055,22099
22055,22097
22101,22109
22101,22099
22101,22007
16081,16043
16081,56039
40013,40069
40013,48277
40013,40005
40013,40023
16049,16035
16049,30081
16049,30063
53057,53073
53057,53047
40069,40123
40069,40005
40069,40029
08001,08123
08001,08087
08001,08121
20081,20119
20081,20093
20081,20069
20081,20055
48159,48063
48159,48449
48159,48387
48063,48449
48063,48343
40087,40017
40087,40027
40087,40123
40087,40125
53017,53047
40153,40059
40153,40093
40153,40151
20119,20025
20119,20069
20119,20057
08069,08123
08069,56001
08069,56021
22039,22097
22039,22079
22039,22009
08017,20071
08017,08063
08017,20199
53075,16057
53075,53043
53075,16009
53075,53063
48203,48315
48203,22017
40059,20025
40059,40151
40059,20033
40011,40017
40011,40093
40011,40073
20093,20055
20093,20203
20093,20171
40017,40027
40017,40073
40017,40109
40017,40083
22031,22069
22031,22017
22031,22081
22109,22007
22109,22057
48277,40023
48277,48387
22099,22097
22099,22007
22099,22047
22099,22077
56007,56013
56007,56001
56007,56025
56007,56009
48449,48343
48449,48387
16043,30001
16043,56039
16043,30057
16043,30031
20071,20203
20071,20199
40027,40109
40027,40125
22097,22077
22097,22009
40123,40029
40123,40125
40123,40133
40123,40063
53073,53047
48343,48315
48343,48387
48343,48067
48343,48037
48315,22017
48315,48067
16057,16035
16057,16009
16057,16079
22079,22069
22079,22043
22079,22009
22069,22081
22069,22043
22069,22127
22069,22013
20025,20033
20025,20057
20025,20097
53043,53047
53043,53063
53043,53019
53043,53065
40093,40073
40093,40151
40093,40003
40093,40047
20069,20055
20069,20057
20069,20083
30001,30081
30001,30057
30001,30023
30001,30093
40005,40029
40005,40023
40005,40127
40005,40121
40029,40063
40029,40121
22007,22047
22007,22057
22007,22093
22007,22005
22017,22081
22017,48067
22017,22015
22017,05091
22081,22015
22081,22013
40023,48387
40023,40127
40023,40089
40073,40109
40073,40083
40073,40047
08063,20199
08063,08121
08063,20181
08063,08125
08063,20023
48387,48037
48387,40089
40109,40125
40109,40083
40109,40081
22047,22077
22047,22121
22047,22005
22047,22033
20055,20171
20055,20101
20055,20083
20055,20135
56039,56013
56039,56029
56039,30031
40125,40133
40125,40081
40125,40107
20203,20199
20203,20171
20203,20109
48067,48037
48067,05091
40151,20033
40151,40003
40151,20007
08123,08087
08123,56021
08123,08075
08123,31105
56013,56017
56013,56029
56013,56025
56013,56043
22057,22093
22057,22051
22057,22089
22057,22095
08087,08121
08087,08075
22043,22127
20199,20109
20199,20181
22077,22009
22077,22121
22077,22125
22077,22029
22009,22125
22009,22025
22009,22029
16035,16079
16035,30061
16035,30063
22121,22033
22121,22125
22121,22037
20033,20097
20033,20007
40133,40063
40133,40107
08121,08125
08121,08075
20057,20097
20057,20083
20057,20047
22093,22005
22093,22095
22015,22013
22015,22119
22015,05091
22015,05073
40083,40047
40083,40081
40083,40119
40083,40103
30081,30023
30081,30039
30081,30063
16009,53063
16009,16055
16009,16079
20171,20109
20171,20101
20171,20063
22005,22033
22005,22095
22005,22063
48037,05091
48037,40089
48037,05081
56001,56021
56001,56031
56001,56009
53047,53019
53063,16055
53063,53065
53063,53051
53063,16017
40063,40121
40063,40107
40063,40091
22127,22013
22127,22049
22127,22021
40127,40121
40127,40089
40127,40077
40127,40079
22013,22119
22013,22049
22013,22027
22013,22061
40003,40047
40003,20007
40003,40053
40003,20077
22033,22063
22033,22037
22033,22091
22051,22089
22051,22095
22051,22075
22051,22071
22051,22105
22051,22103
22125,22037
22125,28157
22125,22029
40047,40053
40047,40103
40047,40071
40081,40107
40081,40119
40081,40037
22089,22095
22089,22105
22119,05073
22119,22027
22119,05027
20097,20007
20097,20047
20097,20151
20109,20181
20109,20063
20109,20193
22095,22063
22095,22105
05091,05081
05091,05073
05091,05057
20101,20135
20101,20063
20181,20023
20181,20193
20181,20153
20083,20047
20083,20135
20083,20145
30057,30093
30057,30031
30057,30043
20007,20151
20007,20077
20007,20095
56021,31105
56021,56031
56021,31007
56021,56015
40121,40077
40121,40091
40121,40061
40089,05081
40089,05133
40089,05113
40089,40079
22063,22091
22063,22105
05081,05133
05081,05057
05081,05061
40107,40037
40107,40091
40107,40111
22037,28157
22037,22091
22037,28005
53019,53065
05073,05027
05073,05057
05073,05099
16055,16079
16055,16017
22049,22061
22049,22021
22049,22073
08125,20023
08125,08075
08125,08095
08125,31057
08125,31029
28157,22029
28157,28001
28157,28005
28157,28037
16079,30061
16079,16017
16079,30089
22025,22029
22025,22021
22025,22041
22025,22107
40119,40103
40119,40037
40119,40117
22029,28001
22029,22107
30023,30093
30023,30039
30023,30043
30023,30077
20047,20151
20047,20145
20047,20185
30093,30043
56017,56029
56017,56043
40053,20077
40053,40071
40053,20191
40103,40117
40103,40071
40103,40113
22027,22061
22027,05027
22027,22111
22027,05139
05133,05061
05133,05113
22061,22073
22061,22111
40077,40061
40077,40079
22021,22073
22021,22041
22021,22083
20135,20063
20135,20145
20135,20195
20135,20165
20135,20051
30061,30063
30061,30089
30039,30063
30039,30077
22075,22071
22075,22087
20151,20095
20151,20185
20151,20155
22091,22105
22091,28005
53065,53051
20063,20193
20063,20195
20063,20179
20063,20065
56029,30031
56029,56043
56029,30067
56029,56003
56029,30009
22071,22103
22071,22087
20023,31057
20023,20153
20193,20153
20193,20179
20193,20039
20077,20095
20077,20191
28001,28037
28001,22107
28001,28063
05027,05099
05027,05139
05027,05103
56025,56043
56025,56009
56025,56019
08075,31105
08075,08095
08075,31033
08075,08115
40037,40111
40037,40117
40037,40143
22105,28005
22105,22103
22105,28113
22105,22117
40091,40111
40091,40061
40091,40101
31105,31007
31105,31033
40111,40101
40111,40143
40111,40145
05057,05061
05057,05099
05057,05109
20145,20185
20145,20165
20145,20009
40117,40143
40117,40113
05061,05113
05061,05109
05061,05097
30031,30043
30031,30067
30031,30007
30031,30059
22073,22111
22073,22083
22073,22067
28005,28037
28005,28113
28005,28085
22103,22087
22103,22117
22103,28045
22103,28109
56031,56015
56031,56009
56031,56027
20095,20191
20095,20155
20095,20173
22041,22107
22041,22083
22041,22065
40071,20191
40071,40113
40071,20035
20185,20155
20185,20009
20185,20159
22111,05139
22111,22067
22111,05003
05099,05109
05099,05103
05099,05019
30043,30077
30043,30007
30043,30049
05113,40079
05113,05109
05113,05127
05113,05097
40061,40079
40061,40101
40061,40135
40079,05127
40079,40135
40079,05131
08095,08115
08095,31029
08095,31135
28037,28063
28037,28085
30063,30089
30063,30077
30063,30047
30063,30029
20195,20051
20195,20065
20195,20163
20165,20009
20165,20051
20165,20167
31057,20153
31057,31029
31057,31087
31057,31085
20153,31087
20153,20039
20153,31145
20179,20065
20179,20039
20179,20137
53051,16017
53051,16021
56043,56003
56043,56019
22087,28045
22087,28047
31007,31033
31007,56015
31007,31157
31007,31123
30067,30009
30067,30097
30067,30095
30067,30059
20191,20173
20191,20035
20191,20015
22107,28063
22107,28021
22107,22065
22107,28149
16017,30089
16017,16021
16017,30053
05139,05103
05139,22067
05139,05013
05139,05011
05139,05003
28063,28021
28063,28085
28063,28029
22083,22067
22083,22065
22083,22123
22083,22035
05109,05019
05109,05097
40101,40145
40101,40135
40101,40021
28113,22117
28113,28147
28113,28085
30089,30047
30089,30053
30089,30029
22117,28147
22117,28109
22117,28091
31033,08115
31033,31049
31033,31123
31033,31069
40143,40113
40143,40145
40143,40131
40143,40147
56015,31157
56015,31165
56015,56027
05103,05019
05103,05013
05103,05039
28045,28109
28045,28047
28045,28131
08115,31049
08115,31135
30077,30049
30077,30029
40113,20035
40113,40147
40113,20019
20155,20173
20155,20159
20155,20079
20155,20113
40145,40131
40145,40021
40145,40097
20009,20159
20009,20167
20009,20053
31029,31135
31029,31085
31157,31123
31157,31165
31157,31013
20051,20167
20051,20163
20051,20141
28147,28085
28147,28091
28147,28077
56009,56019
56009,56027
56009,56005
56009,56045
28021,28029
28021,28149
28021,28049
28085,28029
28085,28077
05019,05097
05019,05039
05019,05059
20065,20163
20065,20137
20065,20147
22067,22123
22067,05003
22067,05017
31087,31085
31087,31145
31087,31063
20039,31145
20039,20137
20039,31065
05127,05097
05127,05131
05127,05083
05127,05149
05097,05059
05097,05051
05097,05149
22065,28149
22065,22035
28109,28047
28109,28091
28109,28131
28109,28073
28109,28035
30007,30049
30007,30059
05013,05011
05013,05039
05013,05025
40135,05131
40135,40021
40135,40001
40135,05033
31049,31135
31049,31101
31049,31069
56003,30009
56003,56019
56003,56033
56003,30003
20173,20035
20173,20079
20173,20015
20035,20019
20035,20015
20035,20049
30047,30029
05131,05033
05131,05083
05131,05047
16021,30053
28047,28131
28047,28059
20159,20053
20159,20113
30009,30095
30009,30003
30009,30111
40131,40147
40131,40097
40131,40105
40131,40035
22123,22035
22123,05017
28091,28077
28091,28073
28091,28065
40021,40097
40021,40001
40021,40041
05011,05003
05011,05025
05011,05043
31123,31069
31123,31013
31123,31161
28029,28077
28029,28049
28029,28127
28029,28121
31135,31085
31135,31101
31135,31111
28077,28065
28077,28127
40147,20019
40147,40105
40147,20125
05039,05059
05039,05025
05039,05053
20167,20053
20167,20141
20167,20105
05003,05043
05003,05017
30097,30095
30097,30059
30097,30107
30097,30037
31085,31063
31085,31111
28149,22035
28149,28055
28149,28049
28149,28163
20163,20141
20163,20147
20163,20183
22035,28055
22035,05017
31145,31063
31145,31065
20137,20147
20137,31065
20137,31083
05059,05051
05059,05053
05059,05125
56019,56033
56019,56005
30049,30059
30049,30029
30049,30013
30049,30099
40097,40041
40097,40035
20079,20015
20079,20113
20079,20115
30053,30029
05051,05149
05051,05125
05051,05105
20019,20049
20019,20125
28131,28059
28131,28035
28131,28111
28131,28039
28073,28065
28073,28035
28073,28031
30095,30037
30095,30111
40001,05033
40001,40041
40001,05143
40001,05007
20053,20113
20053,20105
20053,20169
28065,28127
28065,28031
05033,05047
05033,05143
05033,05087
31165,56027
31165,31013
31165,31045
31165,46047
28055,05017
28055,28125
28055,28151
28055,28163
28049,28127
28049,28121
28049,28163
28049,28089
31101,31069
31101,31005
31101,31111
31101,31117
05083,05149
05083,05047
05083,05071
05083,05115
40105,20125
40105,40035
40105,20099
31069,31005
31069,31075
31069,31161
28059,28039
28059,01097
20015,20049
20015,20115
20015,20073
20015,20017
05025,05043
05025,05053
05025,05079
05025,05069
20113,20115
20113,20169
20113,20041
30059,30107
30059,30013
30059,30045
05149,05105
05149,05115
05149,05029
56027,56045
56027,46047
56027,46033
31013,31045
31013,31161
28035,28031
28035,28111
28035,28067
05043,05017
05043,05079
05043,05041
05047,05071
05047,05087
28127,28031
28127,28121
28127,28129
20141,20105
20141,20183
20141,20123
20141,20089
20049,20125
20049,20073
20049,20205
20147,31083
20147,20183
20147,31061
31063,31065
31063,31111
31063,31073
31063,31047
31065,31083
31065,31073
31065,31137
05053,05125
05053,05069
05053,05119
05017,28151
05017,05041
05017,28011
28031,28067
28031,28129
40041,40035
40041,05007
40041,40115
40041,29119
20105,20169
20105,20123
20105,20143
28125,28151
28125,28163
28125,28053
30029,30099
30029,30073
30029,30035
20125,20099
20125,20205
20125,20133
40035,20099
40035,40115
40035,20021
05143,05007
05143,05087
28111,28039
28111,28067
28111,28041
28111,28153
05125,05105
05125,05119
28039,01097
28039,28041
31005,31075
31005,31117
31005,31091
05105,05119
05105,05029
05105,05045
20115,20169
20115,20017
20115,20041
20115,20127
56033,56005
56033,30003
56033,30075
20169,20143
20169,20041
28121,28129
28121,28089
28121,28123
05079,05069
05079,05041
05079,05001
31111,31117
31111,31047
31111,31113
31111,31041
28151,28053
28151,28011
28151,28133
28163,28089
28163,28053
28163,28051
28163,28007
30107,30037
30107,30045
30107,30027
31083,31061
31083,31137
31083,31099
05071,05087
05071,05115
05071,05101
28067,28129
28067,28061
28067,28153
31073,31137
31073,31047
31045,31161
31045,46047
20183,31061
20183,20089
20183,31181
20073,20205
20073,20017
20073,20207
20073,20111
20073,20031
05069,05119
05069,05085
05069,05001
30013,30099
30013,30045
30013,30015
01097,28041
01097,01003
01097,01129
20123,20143
20123,20089
20123,20029
28129,28061
28129,28123
28129,28101
05007,05087
05007,29119
05007,05015
05007,29009
20099,20021
20099,20133
20099,20037
56005,56045
56005,56011
56005,30075
20205,20207
20205,20133
20205,20001
30099,30073
30099,30015
31075,31161
31075,31091
31075,31031
28041,28153
28041,01129
40115,29119
40115,20021
40115,29145
30003,30111
30003,30103
30003,30075
30003,30087
28089,28123
28089,28051
28089,28079
28089,28007
20017,20127
20017,20111
05119,05085
05119,05045
28053,28051
28053,28133
28053,28083
05087,05101
05087,05015
20143,20041
20143,20029
20143,20027
05041,28011
05041,05001
05041,05107
05115,05029
05115,05101
05115,05141
05115,05129
30037,30111
30037,30065
30037,30027
31117,31091
31117,31113
31117,31171
30111,30065
30111,30103
30111,30087
56045,46033
56045,56011
56045,46081
56045,46103
29119,29145
29119,29009
31061,31137
31061,31181
31061,31099
31161,31031
20041,20127
20041,20061
20041,20027
46047,46033
30045,30027
30045,30015
31137,31047
31137,31099
31137,31019
05029,05045
05029,05141
31047,31019
31047,31041
20207,20133
20207,20001
20207,20031
20207,20003
28061,28123
28061,28153
28061,28101
28061,28023
28061,28075
28123,28079
28123,28101
20021,29145
20021,20037
20021,29097
20089,20029
20089,31181
20089,20157
20089,31129
20133,20037
20133,20001
20133,20011
01003,01129
01003,12033
01003,01025
01003,01053
01003,01099
28153,01129
28153,28023
28153,01023
28011,28133
28011,05107
28011,28027
20127,20111
20127,20061
20127,20197
05101,05015
05101,05129
05101,05009
05085,05001
05085,05045
05085,05117
05085,05145
05001,05117
05001,05095
05001,05107
05045,05141
05045,05145
05045,05023
28051,28083
28051,28007
28051,28015
31091,31171
31091,31031
28133,28083
28133,28027
28133,28135
20029,20027
20029,20157
20029,20201
29145,29009
29145,29097
29145,29109
30073,30035
30073,30015
30073,30101
30073,30051
31181,31099
31181,31129
31181,31001
31181,31035
31113,31171
31113,31041
31113,31009
31099,31019
31099,31001
20111,20031
20111,20197
20111,20139
05015,29009
05015,05009
05015,29209
05015,29213
01129,01023
01129,01025
28079,28101
28079,28007
28079,28099
28079,28159
30035,30101
20061,20027
20061,20161
20061,20197
20037,29097
20037,20011
20037,29011
20037,29217
28101,28023
28101,28099
28101,28075
28101,28069
20001,20031
20001,20011
20001,20003
20001,20107
28083,28015
28083,28135
28083,28043
29009,29209
29009,29109
20031,20003
20031,20139
20031,20059
20027,20161
20027,20201
12033,12113
12033,01053
05141,05129
05141,05023
05141,05137
30065,30027
30065,30087
30065,30069
28023,01023
28023,28075
46033,46103
29097,29011
29097,29109
29097,29057
05117,05095
05117,05145
05117,05147
31019,31001
31019,31041
31019,31079
31019,31163
31019,31093
20157,31129
20157,20201
20157,31169
20157,31095
31171,31031
31171,31009
05129,05009
05129,05089
05129,05137
05129,05005
31129,31169
31129,31035
31129,31059
28007,28015
28007,28099
28007,28097
28007,28159
28007,28019
31001,31035
31001,31079
31001,31081
31041,31163
31041,31009
31041,31115
31041,31175
31041,31071
28015,28097
28015,28043
05009,05089
05009,29213
05095,05107
05095,05147
05095,05077
05095,05123
20161,20197
20161,20201
20161,20149
20161,20117
28099,28075
28099,28159
28099,28069
20011,20003
20011,20107
20011,29217
56011,46081
56011,30075
56011,46019
56011,30011
20003,20059
20003,20107
20003,20121
05107,28027
05107,05077
05107,28143
05145,05023
05145,05147
05145,05063
05145,05067
29209,29109
29209,29213
29209,29043
20197,20139
20197,20149
20197,20177
28027,28135
28027,28119
28027,28143
29011,29057
29011,29217
29011,29039
30027,30015
30027,30069
30027,30005
30027,30071
05023,05137
05023,05063
12113,01053
12113,12091
30103,30087
29109,29057
29109,29043
29109,29077
01023,28075
01023,01025
01023,01119
01023,01091
28075,28069
28075,01119
20139,20059
20139,20177
20139,20045
30015,30051
30015,30041
30015,30005
28135,28043
28135,28119
28135,28161
28135,28107
31031,31009
31031,46007
31031,31017
31031,46121
31031,31103
31031,46123
20201,31169
20201,31095
20201,20117
20201,31067
01025,01099
01025,01091
01025,01131
31169,31095
31169,31059
31169,31151
28097,28043
28097,28019
28097,28155
05089,29213
05089,05005
05089,29153
31035,31059
31035,31081
31035,31185
30101,30051
31079,31093
31079,31081
31079,31121
46081,46103
46081,46019
46081,46093
31163,31093
31163,31175
31163,31077
30075,30087
30075,30011
30075,30017
31009,31115
31009,31017
05137,05005
05137,05063
05137,05065
29213,29043
29213,29153
29213,29067
01053,12091
01053,01099
01053,01035
01053,01039
28043,28155
28043,28161
28043,28013
28119,28143
28119,28107
20059,20107
20059,20045
20059,20121
20059,20091
20149,20177
20149,20117
20149,20085
20149,20131
20107,29217
20107,20121
20107,29013
28159,28019
28159,28069
28159,28103
28159,28105
30087,30069
30087,30017
30087,30033
29057,29077
29057,29039
29057,29167
05147,05123
05147,05067
05147,05037
29217,29039
29217,29013
29217,29185
05077,28143
05077,05123
05077,05035
46007,46071
46007,46121
46007,46095
28019,28155
28019,28105
28069,01119
28069,28103
12091,12131
12091,01039
20177,20045
20177,20085
20177,20087
29043,29077
29043,29067
29043,29225
46103,46071
46103,46093
46103,46055
01099,01035
01099,01131
01099,01013
05005,05065
05005,29153
05005,05049
30051,30041
30069,30033
30069,30071
31095,31059
31095,31151
31095,31067
31059,31151
31059,31185
31059,31159
31115,31017
31115,31071
31115,31149
31115,31089
31093,31121
31093,31077
31093,31125
31081,31121
31081,31185
31081,31143
31175,31077
31175,31071
31175,31183
20117,31067
20117,20131
20117,31133
29077,29167
29077,29225
29077,29059
28155,28105
28155,28013
28155,28025
28155,28017
28143,28107
28143,28137
28143,28033
28143,05035
05063,05065
05063,05067
05063,05135
05063,05075
28161,28107
28161,28013
28161,28071
05123,05037
05123,05035
29039,29167
29039,29185
01119,01091
01119,28103
01119,01063
01119,01107
20045,20121
20045,20087
20045,20091
20045,20103
05065,05049
05065,05135
20121,29013
20121,20091
20121,29037
28107,28137
28107,28071
01091,01131
01091,01063
01091,01065
01091,01047
01091,01105
01035,01039
01035,01013
31017,31149
31017,31103
29153,29067
29153,05049
29153,29091
05067,05037
05067,05111
05067,05075
05067,05031
29013,29185
29013,29037
29013,29083
20085,20087
20085,20131
20085,20005
20085,20013
12131,12005
12131,01039
12131,12133
12131,12059
12131,01061
28103,28105
28103,28087
28103,01107
28105,28025
28105,28087
28013,28071
28013,28017
28013,28115
05037,05035
05037,05111
31121,31125
31121,31143
31121,31141
31151,31185
31151,31067
31151,31159
31151,31109
31185,31159
31185,31143
31185,31023
29167,29185
29167,29059
29167,29085
31077,31125
31077,31183
31077,31011
01131,01013
01131,01047
01131,01085
20087,20103
20087,20005
46071,46121
46071,46095
46071,46055
46071,46075
31067,31133
31067,31097
31067,31109
31067,31131
12005,12045
12005,12133
12005,12013
12005,12063
29067,29225
29067,29229
29067,29091
29067,29215
31071,31183
31071,31089
28137,28071
28137,28033
28137,28093
46019,30011
46019,46093
46019,46063
46019,46105
20131,31133
20131,20013
20131,31147
29225,29059
29225,29229
29225,29105
20091,20103
20091,29037
20091,20209
20091,29095
30011,30017
30011,46063
30011,30025
29185,29085
29185,29083
29185,29015
05049,05135
05049,29091
05049,29149
12045,12037
12045,12013
12045,12077
01039,01013
01039,01061
01039,01041
01039,01031
46121,31103
46121,46095
46121,46123
01063,01065
01063,01107
01063,01125
28025,28017
28025,28087
28025,28095
30041,30005
28071,28115
28071,28093
28071,28145
05135,05075
05135,05121
05135,29149
31149,31103
31149,31089
31149,31015
31125,31011
31125,31141
20103,20005
20103,20209
20103,29165
29037,29083
29037,29095
29037,29101
28033,05035
28033,28093
28033,47157
31133,31097
31133,31147
31133,31127
30017,30033
30017,30079
30017,30025
05035,05111
05035,47157
05035,05093
05035,47167
28017,28115
28017,28095
28017,28081
46093,46055
46093,46137
46093,46105
05111,05031
05111,05093
31159,31143
31159,31109
31159,31023
31143,31023
31143,31141
28087,01107
28087,28095
28087,01075
12133,12059
12133,12063
29059,29085
29059,29105
29059,29029
20005,20013
20005,29165
20005,20043
20005,29021
29085,29015
29085,29029
20209,29095
20209,29165
20209,29047
01013,01041
01013,01085
05075,05031
05075,05121
05075,05055
31183,31011
31183,31089
31183,31003
29229,29105
29229,29215
01065,01105
01065,01125
01065,01007
12059,01061
12059,12063
29091,29149
29091,29215
29091,29203
29083,29015
29083,29101
29083,29159
20013,31147
20013,20043
01107,01075
01107,01125
01107,01057
12037,12077
12037,12129
28115,28145
28115,28081
31011,31141
31011,31003
31011,31119
31097,31109
31097,31127
31097,31131
01047,01105
01047,01085
01047,01001
01047,01021
30033,30079
30033,30071
30033,30055
30033,30105
31103,31089
31103,46123
31103,46053
31103,31015
46095,46123
46095,46075
46095,46085
31109,31023
31109,31131
31109,31155
31109,31025
28093,47157
28093,28145
28093,28009
28093,47047
05031,05055
05031,05093
05031,29069
12087,12021
12087,12086
12013,12077
12013,12063
12013,12039
29095,29101
29095,29047
29095,29107
29095,29177
01061,01031
01061,12063
01061,01045
01061,01069
30005,30071
01105,01007
01105,01021
47157,05093
47157,47167
47157,47047
29165,29047
29165,29021
29165,29049
31147,20043
31147,31127
31147,29087
12071,12021
12071,12015
12071,12051
12071,12043
28095,28081
28095,01075
28095,28057
28095,01093
31023,31141
31023,31155
31023,31037
31023,31053
12115,12015
12115,12081
12115,12027
29105,29215
29105,29029
29105,29169
46055,46075
46055,46137
46055,46117
46055,46041
01041,01031
01041,01085
01041,01109
01041,01101
01031,01045
01031,01109
05121,29149
05121,05055
05121,29181
05121,05021
31089,31003
31089,31015
31089,31107
29149,29181
29149,29203
29149,29035
20043,29021
20043,29087
20043,29003
29015,29029
29015,29159
29015,29141
28145,28081
28145,28009
28145,28139
28145,28117
31141,31119
31141,31037
31141,31167
01085,01001
01085,01101
29101,29107
29101,29159
12077,12063
12077,12129
12077,12039
12077,12073
31127,31131
31127,29087
31127,29005
12021,12086
12021,12051
12021,12011
31131,31025
31131,29005
31131,19071
29047,29049
29047,29177
46063,30025
46063,38011
46063,46105
46063,38001
28081,28057
28081,28117
12015,12027
12015,12051
12015,12043
12015,12055
29215,29169
29215,29203
29215,29065
29215,29161
28009,47047
28009,28139
28009,47069
29021,29049
29021,29003
29021,29063
46123,46053
46123,46085
12103,12057
12103,12101
29029,29169
29029,29141
29029,29131
05055,05021
05055,29069
01075,01057
01075,01093
12063,01069
12063,12039
12063,13253
12081,12027
12081,12057
12081,12049
12081,12105
46075,46117
46075,46085
31003,31119
31003,31139
31003,31107
01125,01007
01125,01057
01125,01127
01125,01073
29087,29005
29087,29003
29087,29147
30079,30025
30079,30055
30079,30021
30079,30109
30071,30105
05093,47167
05093,29069
05093,47097
05093,29155
05093,47045
47167,47047
47167,47097
47167,47075
31119,31167
31119,31139
31119,31179
30025,38011
30025,38087
30025,30109
30025,38033
31155,31025
31155,31153
31155,31053
31155,31055
47047,47069
47047,47075
31037,31167
31037,31053
31037,31039
28139,28117
28139,47069
28139,28003
29107,29159
29107,29177
29107,29195
29107,29033
01007,01021
01007,01117
01007,01073
31025,31153
31025,19071
31025,19129
01045,01109
01045,01069
01045,01067
01045,01005
01001,01101
01001,01021
01001,01051
01109,01101
01109,01011
01109,01005
28057,28117
28057,01093
28057,28141
28057,01059
29049,29177
29049,29063
29049,29025
29181,05021
29181,29035
29181,29023
29005,19071
29005,29147
29005,19145
29159,29141
29159,29195
29159,29053
29169,29131
29169,29161
29169,29125
29177,29025
29177,29033
01069,13253
01069,01067
01069,13099
12129,12073
12129,12065
01057,01093
01057,01127
46053,31015
46053,46085
46053,46023
29203,29035
29203,29065
29203,29179
31015,31107
31015,46023
29141,29131
29141,29135
29141,29053
29003,29063
29003,29147
29003,29075
01101,01011
01101,01051
01101,01087
12027,12049
12027,12043
12027,12055
05021,29069
05021,29023
12057,12049
12057,12101
12057,12105
28117,28003
28117,28141
12039,13253
12039,12073
12039,13087
12039,13131
01021,01051
01021,01117
01021,01037
31153,31055
31153,19129
31153,19155
31167,31139
31167,31039
31167,31179
12086,12011
19071,19129
19071,19145
19071,19137
29131,29135
29131,29125
29131,29051
29131,29151
29035,29023
29035,29179
29035,29223
29069,29023
29069,29155
29069,29143
29069,29207
38011,38087
38011,38001
46137,46105
46137,46117
46137,46041
46137,46031
13253,13087
13253,13099
13253,13201
46105,38001
46105,46031
47097,47075
47097,47045
47097,47033
31139,31107
31139,31179
31139,31027
31053,31055
31053,31039
31053,31177
31053,31021
46117,46085
46117,46065
46117,46041
46117,46119
12051,12043
12051,12011
12051,12099
12051,12093
12051,12085
29063,29025
29063,29075
29063,29061
01093,01127
01093,01059
01093,01133
47069,28003
47069,47075
47069,47109
47069,47113
47069,47023
46085,46023
46085,46015
46085,46065
46085,46017
46085,46069
31055,31177
31055,19155
28003,28141
28003,47109
28003,47071
12049,12055
12049,12105
29147,19145
29147,29075
29147,29227
29147,19173
12101,12053
12101,12105
12101,12119
47075,47033
47075,47113
29025,29033
29025,29061
29025,29117
01067,13099
01067,01005
01067,13061
29065,29161
29065,29179
29065,29055
29065,29093
12073,12065
12073,13131
12073,13275
29161,29125
29161,29055
29161,29073
31107,46023
31107,46009
31107,31027
31107,46135
01011,01005
01011,01087
01011,01113
13087,13201
13087,13131
13087,13007
13087,13205
29023,29223
29023,29207
30055,30021
30055,30105
30055,30083
30055,30085
19129,19145
19129,19137
19129,19155
29195,29053
29195,29033
29195,29089
29195,29041
31039,31179
31039,31021
31039,31173
01051,01037
01051,01087
01051,01123
29135,29053
29135,29051
29135,29019
01127,01073
01127,01133
01127,01043
01127,01009
46023,46015
46023,46009
46023,46043
46023,46003
46023,46067
29053,29089
29053,29019
28141,01059
28141,01033
28141,47071
28141,01077
29155,47045
29155,47095
29155,29143
31177,31021
31177,19155
31177,19085
29033,29117
29033,29041
31179,31027
31179,31173
31179,31051
13099,13201
13099,13061
13099,13007
13099,13037
01005,13061
01005,13239
01005,01113
01005,13259
19145,19137
19145,19173
19145,19003
12043,12055
12043,12099
12043,12093
12043,12085
13201,13007
29125,29151
29125,29073
12053,12017
12053,12119
29075,29061
29075,29227
29075,29081
01117,01073
01117,01037
01117,01121
01117,01115
01059,01133
01059,01033
01059,01079
29179,29223
29179,29093
30021,30109
30021,30083
29051,29151
29051,29019
29051,29027
38087,38001
38087,38033
38087,38041
38087,38007
38087,38089
47109,47023
47109,47071
01073,01115
01073,01009
12123,12029
12123,12065
12123,12067
12123,12079
30109,38033
30109,30083
30109,38053
29061,29117
29061,29081
29061,29079
46015,46017
46015,46003
46015,46073
12011,12099
01037,01123
01037,01121
01037,01027
12029,12075
12029,12067
12029,12041
47045,47033
47045,47095
47045,47053
47045,47131
47033,47113
47033,47053
13061,13239
13061,13037
13061,13243
30105,30085
30105,30019
12055,12105
12055,12093
12055,12097
01087,01123
01087,01113
01087,01081
12065,13275
12065,12079
12065,13027
46065,46119
46065,46069
12017,12075
12017,12119
12017,12083
31021,31173
31021,19085
31021,19133
01133,01079
01133,01043
46009,46135
46009,46067
47113,47023
47113,47053
47113,47077
47113,47017
13131,13275
13131,13205
29223,29207
29223,29093
29223,29123
29223,29017
47023,47071
47023,47077
19137,19155
19137,19173
19137,19003
19137,19029
29117,29041
29117,29079
29117,29115
19155,19085
19155,19029
19155,19165
31027,31051
31027,46135
31027,46027
29227,19173
29227,29081
29227,19159
38001,38041
38001,46031
38001,38037
38001,38085
46043,46003
46043,46067
46043,46035
12105,12119
12105,12093
12105,12069
12105,12097
12105,12095
12075,12041
12075,12083
12075,12001
01033,01079
01033,01077
19173,19003
19173,19159
19173,19175
29055,29093
29055,29073
29055,29221
29055,29071
29089,29041
29089,29019
29089,29175
47095,29143
47095,47131
47095,21075
13239,13243
13239,13259
38033,38007
38033,38053
31173,31051
31173,31043
31173,19133
31173,19193
29151,29073
29151,29027
29151,29139
46017,46069
46017,46073
46017,46059
46041,46119
46041,46031
46041,46107
46041,46129
13007,13037
13007,13205
13007,13095
19085,19133
19085,19165
19085,19047
13037,13243
13037,13273
13037,13095
47071,01077
47071,47077
47071,47181
47071,47039
29143,29207
29143,21075
29143,29201
29143,29133
29207,29017
29207,29201
29207,29031
46119,46069
46119,46107
31051,31043
31051,46027
31051,46127
46003,46035
46003,46073
46003,46111
29081,29079
29081,19159
29081,29129
29081,19053
29041,29115
29041,29175
29041,29121
01123,01081
01123,01027
01123,01017
01123,01111
47053,47131
47053,47017
47053,47183
29019,29027
29019,29175
29019,29007
13243,13259
13243,13273
13243,13307
12067,12079
12067,12041
12067,12121
29093,29221
29093,29123
29093,29187
12099,12093
12099,12085
13275,13205
13275,13027
13275,13071
12119,12069
12119,12083
01113,01081
01113,13259
01113,13053
01113,13215
31043,19193
31043,46127
13205,13095
13205,13071
13205,13321
01079,01077
01079,01043
01079,01103
01079,01083
01121,01115
01121,01027
01121,01015
01121,01029
29079,29115
29079,29129
29079,29211
46135,46067
46135,46027
46135,46125
19003,19159
19003,19029
19003,19175
19003,19001
12079,13027
12079,12121
12079,13185
12079,12047
29073,29071
29073,29139
29073,29219
01077,47181
01077,47099
01077,01083
01077,47055
01043,01009
01043,01103
01043,01095
47131,21075
47131,47183
47131,21105
29221,29187
29221,29071
29221,29099
47077,47039
47077,47017
29027,29007
29027,29139
12041,12121
12041,12001
12041,12023
12093,12085
12093,12097
12093,12111
12093,12061
29123,29017
29123,29187
29123,29157
19159,19175
19159,19053
19159,19039
46067,46035
46067,46061
46067,46125
46067,46087
01081,01017
01081,13215
01081,13145
19133,19193
19133,19047
19133,19093
46069,46107
46069,46059
46069,46049
38041,38089
38041,38037
13259,13307
13259,13053
13259,13197
29115,29211
29115,29121
29115,29001
38007,38089
38007,38053
38007,38025
19029,19165
19029,19001
19029,19009
19029,19077
46035,46061
46035,46111
46031,46129
46031,38085
46031,46021
46031,38029
01115,01009
01115,01015
01115,01055
01009,01095
01009,01055
47181,47039
47181,47135
47181,47099
47181,47101
29175,29007
29175,29121
29175,29137
01027,01111
01027,01029
19165,19047
19165,19009
19165,19027
21075,29133
21075,21105
29017,29031
29017,29157
46027,46127
46027,46125
46027,46083
46073,46059
46073,46111
46073,46005
30083,30085
30083,38053
30083,38105
13273,13095
13273,13307
13273,13177
13273,13261
13095,13177
13095,13321
13027,13071
13027,13185
13027,12047
13027,13075
47039,47017
47039,47135
47039,47005
12121,12047
12121,12023
29187,29186
29187,29099
29187,29157
29129,19053
29129,29211
29129,29171
29129,19185
47017,47183
47017,47005
47017,47079
01017,01111
01017,13145
01017,13285
46107,46129
46107,46049
46107,46045
29201,29133
29201,29031
29201,17003
12085,12111
01103,01083
01103,01095
01103,01089
13307,13197
13307,13261
29071,29219
29071,29099
29071,29183
29071,29189
19193,46127
19193,19047
19193,19149
19193,19093
19193,19035
12069,12097
12069,12083
12069,12095
12069,12117
12069,12127
46127,19149
46127,46083
46127,19167
29133,21105
29133,17003
29133,21039
29133,21007
13071,13321
13071,13075
13071,13277
12097,12095
12097,12061
12097,12009
19175,19053
19175,19001
19175,19039
19175,19121
47183,21105
47183,47079
47183,21083
38089,38037
38089,38025
38089,38059
38089,38057
12083,12001
12083,12107
12083,12127
13053,13215
13053,13197
13053,13263
46061,46111
46061,46087
46061,46097
19053,19039
19053,19185
19053,19117
46059,46005
46059,46049
46059,46115
29211,29171
29211,29001
13215,13145
13215,13263
12001,12023
12001,12125
12001,12007
12001,12107
46125,46087
46125,46083
46125,46099
19001,19009
19001,19077
19001,19121
19001,19049
30085,30019
30085,38053
30085,30091
30085,38105
29007,29139
29007,29137
29007,29173
29007,29163
21105,21039
21105,21083
19047,19009
19047,19093
19047,19027
19047,19161
19009,19077
19009,19027
29121,29137
29121,29001
29121,29205
29121,29103
47135,47005
47135,47101
47135,47085
47135,47081
12111,12061
46111,46005
46111,46097
46111,46077
29139,29219
29139,29113
29139,29163
13177,13321
13177,13261
13177,13081
13185,12047
13185,13075
13185,13101
13185,13173
13185,13019
47099,47101
47099,47055
47099,47119
01083,47055
01083,01089
01083,47103
12095,12117
12095,12009
12095,12127
29031,17003
29031,29157
29031,17181
38037,38085
38037,38059
12047,12023
12047,13101
19149,19167
19149,19035
19149,19141
01111,13285
01111,01029
01111,13149
01111,13045
13321,13277
13321,13287
13321,13081
29186,29099
29186,29157
29186,17133
29186,17157
13145,13285
13145,13263
13145,13199
29219,29183
29219,29113
29137,29205
29137,29173
29137,29127
13197,13261
13197,13249
13197,13263
13197,13269
17003,21007
17003,17153
17003,17181
46129,46021
46129,46045
46129,46089
29099,17133
29099,29189
12061,12009
13075,13277
13075,13019
12023,12125
12023,13101
12023,12003
12023,13065
21039,21007
21039,21083
21039,21145
01015,01055
01015,01029
01015,01019
13261,13249
13261,13081
13261,13193
13261,13093
38085,38059
38085,38029
01095,01055
01095,01089
01095,01049
01095,01071
46087,46097
46087,46099
46087,46079
30019,30091
19039,19185
19039,19121
19039,19117
19039,19181
47005,47079
47005,47085
47005,47083
47005,47161
01055,01019
01055,01049
47101,47081
47101,47119
29157,17181
29157,17157
29157,17077
13249,13269
13249,13193
47079,21083
47079,21035
47079,47161
46083,19167
46083,46099
46083,19119
19093,19035
19093,19161
19093,19021
13285,13149
13285,13199
13285,13077
12125,12007
12125,12003
29171,19185
29171,29001
29171,19007
29171,29197
19185,19117
19185,19007
19185,19135
46005,46115
46005,46077
46005,46025
19077,19121
19077,19027
19077,19049
19077,19073
21007,17153
21007,21145
21083,21035
21083,21145
21083,21157
13277,13287
13277,13019
13277,13155
29001,29103
29001,29197
29001,29199
19121,19049
19121,19181
19121,19153
47055,47119
47055,47103
47055,47117
29205,29103
29205,29127
29205,29111
13101,13173
13101,13065
17153,17181
17153,21145
17153,17127
17153,17087
46049,46045
46049,46115
46049,46013
01029,01019
01029,13045
01029,13143
01029,13233
46097,46079
46097,46077
13149,13045
13149,13077
12007,12107
12007,12003
12007,12019
12117,12009
12117,12127
19027,19161
19027,19073
19027,19025
38053,38025
38053,38105
38053,38061
01089,47103
01089,01071
01089,47051
13173,13019
13173,13065
13173,13003
13263,13269
13263,13199
13263,13293
47085,47081
47085,47083
47085,47043
13287,13081
13287,13155
13287,13315
13287,13017
13019,13155
13019,13003
13019,13069
19167,19035
19167,19119
19167,19141
19167,19143
17133,17157
17133,29189
17133,17163
38025,38057
38025,38061
38025,38055
13081,13093
13081,13315
17181,17077
17181,17087
17181,17199
12009,12127
47081,47119
47081,47043
47081,47187
46021,38029
46021,46089
46021,38051
19035,19161
19035,19141
19035,19021
19035,19041
12107,12127
12107,12019
12107,12035
12107,12109
29183,29113
29183,29189
29183,17013
29183,17083
29183,17119
21035,21157
21035,47161
21035,21221
19161,19021
19161,19025
19161,19151
17157,17077
17157,17163
17157,17145
17157,17189
12003,13065
12003,12019
12003,13299
12003,13049
12003,12031
12003,12089
29113,29163
29113,17013
21145,17127
21145,21157
21145,21139
19117,19007
19117,19181
19117,19135
19117,19125
13269,13193
13269,13293
13269,13079
13269,13225
29173,29163
29173,29127
29173,17149
29189,17163
29189,17119
01019,01049
01019,13233
01019,13115
01019,13055
46099,46079
46099,19119
46099,27133
46099,46101
46099,27117
13199,13077
13199,13293
13199,13231
13199,13255
13193,13093
13193,13079
13193,13225
13193,13153
29103,29111
29103,29199
29103,29045
13093,13315
13093,13235
13093,13153
19007,29197
19007,19135
19007,19051
19007,19179
12127,12035
38059,38029
38059,38057
38059,38065
38059,38015
29197,29199
29197,19051
29163,17013
29163,17149
19049,19181
19049,19073
19049,19153
19049,19015
13065,13003
13065,13299
17077,17145
17077,17199
17077,17055
47119,47117
47119,47187
46045,46089
46045,46013
19181,19153
19181,19125
13045,13143
13045,13077
13045,13097
13045,13223
13045,13121
13155,13017
13155,13069
47103,47117
47103,47127
47103,47003
47103,47051
30091,38105
30091,38023
12019,12109
12019,12031
17127,17087
17127,21139
17127,17151
46079,46077
46079,46101
46079,46011
29127,29111
29127,17149
29127,17001
19119,19141
19119,27133
19119,19143
19119,27105
21157,21139
21157,21221
21157,21143
47083,47161
47083,47043
47083,47125
13143,13233
13143,13223
19073,19025
19073,19015
19073,19187
13077,13113
13077,13255
13077,13121
46115,46025
46115,46013
46115,46037
46077,46025
46077,46011
46077,46057
01049,01071
01049,13055
01049,13083
01049,13295
17087,17199
17087,17151
17087,17165
13003,13299
13003,13069
47161,21221
47161,47125
47161,21047
13293,13231
13293,13079
13293,13171
13293,13207
47117,47187
47117,47003
47117,47149
13315,13017
13315,13235
13315,13091
13315,13271
17163,17189
17163,17119
17163,17027
19141,19021
19141,19143
19141,19041
19141,19059
12035,12109
19021,19025
19021,19041
19021,19151
19021,19147
38029,38051
38029,38015
38029,38047
38029,38043
19025,19151
19025,19187
17013,17083
17013,17149
17013,17061
01071,47051
01071,13083
01071,47115
13231,13171
13231,13255
47043,47187
47043,47125
47043,47021
29111,29045
29111,17001
29111,17067
38057,38065
38057,38055
19135,19051
19135,19125
19135,19179
19135,19123
13017,13069
13017,13271
29199,19051
29199,29045
29199,19177
13233,13115
13233,13223
13233,13015
13079,13225
13079,13153
13079,13207
13079,13021
17145,17189
17145,17055
17145,17081
38105,38023
38105,38061
38105,38013
27133,46101
27133,27117
27133,27105
27133,27101
13225,13153
17199,17151
17199,17055
17199,17165
21139,17151
21139,21143
21139,21055
21139,17069
19051,19179
19051,19177
19051,19101
19153,19125
19153,19015
19153,19099
19153,19169
46101,46011
46101,27117
46101,27081
47127,47003
47127,47051
47127,47031
13235,13153
13235,13091
13235,13023
19125,19123
19125,19099
38065,38015
38065,38055
17151,17165
17151,17069
13153,13021
13153,13023
13153,13289
13299,13069
13299,13049
13299,13229
13299,13005
13299,13025
13069,13271
13069,13161
13069,13005
46089,38051
46089,46013
46089,38021
17083,17119
17083,17061
17083,17117
21221,21143
21221,21033
21221,21047
21143,21055
21143,21033
13097,13223
13097,13121
13097,13067
19015,19187
19015,19169
19015,19079
13113,13255
13113,13063
13113,13121
47187,47021
47187,47037
47187,47149
13049,12089
13049,13025
13049,13039
12109,12031
13171,13255
13171,13207
13171,13035
46025,46057
46025,46029
46025,46037
47003,47031
47003,47149
47051,47031
47051,47115
47051,47061
19143,19041
19143,27105
19143,19059
19143,27063
13255,13063
13255,13151
13255,13035
17149,17001
17149,17061
17149,17171
17149,17009
17149,17137
13115,13055
13115,13015
13115,13295
13115,13129
17189,17027
17189,17081
17189,17121
13223,13067
13223,13015
19041,19151
19041,19059
19041,19147
19041,19063
19151,19187
19151,19147
19151,19091
19151,19109
17119,17027
17119,17117
17119,17005
17119,17135
47125,47021
47125,21047
47125,47147
47125,21219
12031,12089
29045,19177
29045,19111
29045,17067
13055,13295
47021,47037
47021,47147
17001,17009
17001,17067
17001,17169
38051,38047
38051,38021
38051,38045
17055,17165
17055,17081
17055,17065
13091,13271
13091,13023
13091,13309
13091,13175
13207,13021
13207,13035
13207,13169
13207,13159
13063,13121
13063,13151
13063,13089
13271,13161
13271,13309
19179,19177
19179,19123
19179,19101
19179,19107
19187,19079
19187,19091
19187,19197
46011,27117
46011,46057
46011,27081
46011,46039
17061,17171
17061,17117
17061,17137
13021,13289
13021,13169
12089,13039
27117,27101
27117,27081
27117,27083
46057,46029
46057,46039
13023,13289
13023,13175
13023,13319
27105,27101
27105,27063
27105,27033
17165,17069
17165,17059
17165,17065
21055,17069
21055,21033
21055,21225
21055,21233
17069,17059
17069,21225
21033,21047
21033,21107
21033,21233
19177,19101
19177,19111
19177,19087
19123,19099
19123,19107
19123,19157
17027,17005
17027,17121
17027,17051
13083,13295
13083,47115
13083,47065
19099,19169
19099,19127
19099,19157
19099,19171
13121,13067
13121,13089
13121,13057
13121,13135
13121,13117
13151,13035
13151,13089
13151,13247
13151,13217
47037,47149
47037,47147
47037,47189
47037,47165
19169,19079
19169,19127
19169,19083
46013,46037
46013,38021
46013,46091
46013,38081
13289,13169
13289,13175
13289,13319
38015,38055
38015,38043
38015,38083
47031,47149
47031,47061
47031,47015
47031,47177
13067,13015
13067,13057
21047,21219
21047,21107
21047,21177
38023,38013
47149,47015
47149,47189
19059,19147
19059,27063
19059,19063
13035,13159
13035,13217
13161,13005
13161,13309
13161,13001
13161,13209
13161,13279
13015,13129
13015,13057
13015,13227
13295,13129
13295,13047
13295,13313
13295,47065
17171,17137
13229,13005
13229,13025
13229,13001
13229,13305
13005,13001
38061,38055
38061,38013
38061,38101
17081,17065
17081,17121
17081,17191
38055,38101
38055,38083
38055,38049
19147,19091
19147,19063
19147,19109
47115,47061
47115,47153
47115,47065
38047,38043
38047,38045
38047,38093
17009,17137
17009,17169
17009,17017
17117,17137
17117,17135
17117,17167
19079,19197
19079,19083
19079,19069
13025,13039
13025,13305
13025,13127
19101,19107
19101,19087
19101,19183
19091,19197
19091,19109
19091,19081
46029,46037
46029,46039
46029,46051
13169,13159
13169,13319
13169,13009
13169,13237
13309,13175
13309,13209
13309,13283
17059,17065
17059,21225
17059,17193
17059,18129
13089,13247
13089,13135
17005,17135
17005,17051
19111,17067
19111,19087
19111,19057
19111,17071
17065,17193
17065,17191
17067,17169
17067,17109
17067,17071
47147,21219
47147,21141
47147,47165
47147,21213
27101,27083
27101,27033
27101,27127
13129,13057
13129,13313
13129,13227
13129,13213
13129,13123
47061,47177
47061,47153
21219,21141
21219,21177
13175,13319
13175,13283
13175,13167
13175,13107
13039,13127
27081,46039
27081,27083
27081,27173
13247,13217
13247,13135
13247,13297
46037,46051
46037,46091
46037,46109
13159,13217
13159,13237
13159,13211
13001,13305
13001,13279
13001,13267
47015,47189
47015,47177
47015,47041
19107,19157
19107,19183
19107,19095
46039,46051
46039,27173
46039,27073
21225,21233
21225,18129
21225,21101
13047,13313
13047,47065
27063,19063
27063,27033
27063,27091
27063,27165
13217,13297
13217,13211
17137,17017
17137,17167
13319,13009
13319,13167
13319,13303
21107,21233
21107,21177
21107,21149
19127,19157
19127,19083
19127,19171
19127,19075
13057,13227
13057,13117
13057,13085
19157,19095
19157,19171
19157,19011
19063,19109
19063,27091
13313,47065
13313,13213
13313,47011
47189,47165
47189,47041
47189,47169
47189,47159
17121,17191
17121,17051
17121,17025
21233,21101
21233,21149
17169,17017
17169,17109
17169,17057
17169,17125
38021,38045
38021,38081
38021,38073
13209,13279
13209,13283
38043,38083
38043,38093
38043,38103
47177,47153
47177,47041
47177,47175
47177,47185
19197,19083
19197,19109
19197,19081
19197,19069
19197,19033
19087,19183
19087,19057
19087,19115
17135,17051
17135,17167
17135,17021
17135,17173
13009,13237
13009,13303
13009,13141
19083,19069
19083,19075
19083,19023
47153,47065
47153,47175
47153,47007
47065,47011
47065,47007
47065,47143
47065,47121
13305,13127
13305,13267
13305,13183
13305,13191
17193,17191
17193,18129
17193,17047
17193,17185
17193,18051
21141,21177
21141,21213
21141,21031
21141,21227
13227,13123
13227,13085
47165,21213
47165,47169
47165,47111
47165,21003
13135,13297
13135,13117
13135,13013
13135,13139
13135,13157
17017,17167
17017,17129
17017,17125
27083,27173
27083,27127
19109,19081
19109,27091
19109,19189
19109,27043
38013,38101
38013,38075
13279,13283
13279,13267
13279,13107
13279,13043
13283,13167
13283,13107
38101,38075
38101,38049
13237,13211
13237,13141
13237,13133
13213,13123
13213,47011
13213,13111
13213,47139
17191,17025
17191,17047
17191,17159
21177,21149
21177,21031
21177,21183
13127,13191
27033,27127
27033,27165
27033,27015
17051,17025
17051,17049
17051,17173
19183,19095
19183,19115
19183,19103
17109,17071
17109,17057
17109,17187
13297,13211
13297,13013
13297,13219
47041,47159
47041,47185
47041,47141
46051,27073
46051,46109
46051,27011
46091,46109
46091,38081
46091,38077
13117,13085
13117,13139
21213,21003
21213,21227
19057,17071
19057,19115
19057,17131
38083,38103
38083,38049
38083,38069
18129,21101
18129,18163
18129,18051
13211,13219
13211,13133
19095,19171
19095,19103
19095,19011
19095,19113
47169,47159
47169,47111
19171,19075
19171,19011
19171,19013
13167,13303
13167,13107
13167,13163
47175,47007
47175,47185
47175,47035
21101,21149
21101,18163
21101,21059
21101,18173
38045,38093
38045,38073
38045,38003
13123,13085
13123,13111
13267,13183
13267,13107
13267,13109
13267,13043
13267,13179
17071,17187
17071,17131
19081,19069
19081,19189
19081,19033
19081,19195
27091,27165
27091,27043
27091,27013
21149,21183
21149,21059
47159,47111
47159,47141
47159,47087
47011,47139
47011,47121
47011,47107
19069,19075
19069,19033
19069,19023
19069,19067
17167,17021
17167,17129
17167,17107
17167,17115
13085,13139
13085,13111
13085,13187
13183,13191
13183,13179
13303,13141
13303,13125
13303,13163
27173,27073
27173,27127
27173,27023
27173,27129
19075,19023
19075,19013
13013,13219
13013,13139
13013,13157
13013,13059
17025,17049
17025,17159
17025,17079
47007,47143
47007,47035
13141,13133
13141,13125
13141,13265
13141,13301
19115,19103
19115,19139
19115,17131
19115,17161
27073,27011
27073,27023
27073,27151
17047,17185
17047,17159
17021,17173
17021,17115
47185,47141
47185,47035
18163,18051
18163,18173
17129,17125
17129,17107
13219,13133
13219,13157
13219,13059
13219,13221
27127,27015
27127,27129
13191,13179
38093,38103
38093,38031
38093,38003
38093,38039
46109,38081
46109,27011
46109,27155
46109,38077
21031,21227
21031,21183
21031,21061
21031,21085
47111,21003
47111,47087
47111,47027
47111,21171
13107,13043
13107,13163
13107,13031
13107,13165
13107,13033
38081,38073
38081,38077
13133,13265
13133,13221
21003,21227
21003,21171
21003,21009
27165,27015
27165,27013
13109,13043
13109,13179
13109,13029
13109,13031
17057,17125
17057,17187
17057,17095
17057,17179
17057,17143
13139,13187
13139,13157
13139,13011
13139,13311
13139,13137
21227,21061
21227,21009
38075,38049
38075,38009
17049,17173
17049,17079
17049,17035
13111,47139
13111,13187
13111,13291
13111,37039
47139,47107
47139,37039
47139,47123
17125,17107
17125,17179
13043,13031
17187,17131
17187,17095
19103,19011
19103,19139
19103,19113
19103,19031
19189,19033
19189,27043
19189,19195
19189,27047
13187,13291
13187,13311
47141,47087
47141,47035
47141,47133
47141,47049
21183,21059
21183,21091
21183,21085
21183,21027
47143,47121
47143,47035
47143,47145
13157,13059
13157,13011
13157,13195
19011,19013
19011,19113
19011,19019
21059,18173
21059,18147
21059,21091
17185,17159
17185,18051
17185,17101
17185,18083
47087,47027
47087,47133
47121,47107
47121,47145
13059,13221
13059,13195
38103,38031
38103,38069
38103,38027
38103,38005
19033,19023
19033,19195
19033,19067
19033,19131
17159,17079
17159,17101
17159,17033
13179,13029
13179,13051
27011,27155
27011,27151
27011,27149
19023,19013
19023,19067
19023,19017
19023,19037
17173,17115
17173,17035
17173,17139
17173,17029
38049,38069
38049,38009
27015,27013
27015,27129
27015,27103
27043,27013
27043,27047
27043,27161
18051,18173
18051,18125
18051,18083
13125,13163
13125,13301
47107,47123
47107,47145
47107,47105
19139,19031
19139,17161
19139,19163
13265,13301
13265,13221
13265,13317
13163,13301
13163,13189
13163,13033
13163,13245
19013,19017
19013,19019
19013,19065
18173,18147
18173,18125
18173,18037
17131,17095
17131,17161
17131,17073
13291,13311
13291,37039
13291,13281
13291,37043
13301,13317
13301,13189
38073,38003
38073,38077
38073,38017
13221,13195
13221,13317
13221,13105
13029,13031
13029,13051
13029,13103
13011,13195
13011,13137
13011,13119
13011,13257
17079,17035
17079,17033
17079,17023
13031,13165
13031,13103
13031,13251
27023,27129
27023,27151
27023,27067
47035,47145
47035,47049
47035,47129
13311,13137
13311,13281
17107,17115
17107,17179
17107,17039
17107,17113
47027,21171
47027,47133
47027,21057
47027,47137
47027,21053
21171,21009
21171,21169
21171,21057
21061,21009
21061,21085
21061,21099
18147,21091
18147,18123
18147,18037
19195,27047
19195,19131
19195,27099
21009,21169
21009,21099
13195,13119
13195,13105
13195,13147
19113,19031
19113,19019
19113,19105
19113,19055
17101,18083
17101,17033
17095,17143
17095,17073
17095,17175
47133,47049
47133,47137
27155,27149
27155,38077
27155,27051
27155,27167
21091,21027
21091,18123
19067,19017
19067,19131
19067,19037
19067,19089
17115,17139
17115,17039
17115,17147
27013,27103
27013,27161
27013,27079
13165,13033
13165,13251
27129,27103
27129,27143
27129,27067
27129,27085
27129,27093
37039,47123
37039,37043
37039,37075
37039,37113
21085,21027
21085,21099
21085,21093
27151,27149
27151,27067
27151,27121
19031,19163
19031,19105
19031,19045
17035,17029
17035,17023
38031,38027
38031,38039
38003,38039
38003,38017
38003,38091
17139,17029
17139,17147
17139,17041
19017,19019
19017,19037
19017,19065
13317,13189
13317,13105
13317,13181
13137,13281
13137,13257
13137,13241
13137,45073
13189,13073
13189,13245
13189,13181
18125,18083
18125,18037
18125,18027
47123,47105
47123,37075
47123,47009
13281,37043
13281,13241
38069,38009
38069,38005
38069,38079
38069,38095
27149,27051
27149,27121
27149,27041
17179,17143
17179,17203
17179,17113
13119,13257
13119,13147
13119,45073
38077,27167
38077,38017
38077,27027
19019,19055
19019,19065
19019,19043
38009,38079
13051,13103
13051,45053
27047,27161
27047,27147
27047,27099
27103,27143
27103,27079
13033,13251
13033,13245
13033,45005
13033,45011
13033,45003
17161,19163
17161,17073
17161,19045
17161,17195
17143,17175
17143,17203
17143,17123
18083,17033
18083,18027
18083,18153
18083,18055
17033,17023
17033,18153
47145,47105
47145,47129
47145,47001
47145,47093
21027,18123
21027,21093
21027,21163
13257,45073
21169,21057
21169,21099
21169,21087
21169,21001
37043,13241
37043,37113
13103,13251
13103,45053
13103,45049
21057,21053
21057,21001
21057,21207
19131,19037
19131,27099
19131,19089
13105,13147
13105,13181
13105,45065
13105,45001
13105,45007
17029,17023
17029,17041
17029,17045
13251,45005
13251,45049
21099,21087
21099,21093
21099,21123
38027,38005
38027,38039
38027,38063
47105,47009
47105,47093
47049,47137
47049,47129
47049,47151
19163,19045
27161,27079
27161,27147
27161,27131
17039,17147
17039,17113
18123,18037
18123,21163
18123,18025
47137,21053
47137,47151
47137,21231
19037,19065
19037,19089
19037,19191
38005,38063
38005,38071
38005,38095
13073,13245
13073,13181
13073,45065
13073,45037
13147,45073
13147,45007
47129,47001
47129,47151
13245,45037
13245,45003
13181,45065
19105,19055
19105,19045
19105,19097
19105,19061
18037,18027
18037,18025
18037,18101
18037,18117
27143,27079
27143,27085
27143,27019
27143,27139
27067,27121
27067,27093
27067,27145
13241,45073
13241,37113
13241,37099
37075,37113
37075,47009
37075,37173
21053,21207
21053,21231
17073,17175
17073,17011
17073,17195
17147,17041
17147,17113
17147,17019
27051,27121
27051,27167
27051,27041
27051,27111
17175,17123
17175,17011
17023,18153
17023,17045
17023,18167
38039,38091
38039,38063
18027,18101
18027,18055
17041,17045
17041,17019
17041,17183
27121,27041
27121,27145
19055,19065
19055,19061
19055,19043
19065,19043
19065,19191
19065,19005
21087,21001
21087,21123
21087,21217
27079,27131
27079,27139
27167,27027
27167,27111
21093,21163
21093,21123
21093,18061
21093,21029
21093,21179
21093,21111
18153,18055
18153,18167
18153,18021
45065,45001
45065,45037
45065,45047
27147,27099
27147,27039
27147,27131
38017,38091
38017,27027
38017,38097
38017,27107
27099,19089
27099,27039
27099,27045
27099,27109
21163,18025
21163,18061
27085,27093
27085,27019
27085,27171
45053,45049
45053,45013
45073,37113
45073,45007
45073,37099
45073,45077
45073,37175
37113,37173
37113,37099
19045,19097
19045,17195
19045,17015
47009,47093
47009,37173
47009,47155
19089,19191
19089,27045
21001,21207
21001,21217
21001,21045
17203,17113
17203,17123
17203,17105
17203,17099
21123,21217
21123,21155
21123,21179
17113,17019
17113,17053
17113,17105
18025,18117
18025,18061
18025,18175
27093,27145
27093,27171
45001,45007
45001,45047
45001,45059
45001,45045
45005,45049
45005,45011
45005,45009
45005,45029
21207,21231
21207,21045
21207,21199
18101,18117
18101,18055
18101,18093
47001,47151
47001,47093
47001,47013
47001,47173
47151,21231
47151,21147
47151,47013
38079,38095
17123,17155
17123,17011
17123,17099
21231,21147
21231,21199
45049,45013
45049,45009
45049,45029
45007,45077
45007,45059
45007,45045
45037,45003
45037,45047
45037,45081
38091,38063
38091,38097
38091,38035
17045,17019
17045,18167
17045,18165
17045,17183
21217,21155
21217,21045
19097,19061
19097,17015
19097,17085
27041,27145
27041,27111
27041,27153
27039,27131
27039,27109
27039,27049
27131,27139
27131,27037
27131,27049
18117,18093
18117,18175
45013,45029
47093,47155
47093,47173
47093,47089
47093,47057
17019,17053
17019,17183
18061,18043
18061,18175
18061,21111
18055,18021
18055,18093
18055,18119
18055,18105
19061,19043
19061,17085
19061,55043
45011,45003
45011,45009
45011,45075
18167,18021
18167,18165
18167,18121
19043,19191
19043,19005
19043,55043
19043,55023
19191,27045
19191,19005
19191,27055
37173,37099
37173,47155
37173,37087
45003,45081
45003,45063
45003,45075
27019,27139
27019,27171
27019,27053
17155,17011
17155,17099
17011,17195
17011,17099
17011,17103
38063,38071
38063,38035
38063,38099
38071,38095
38071,38019
38071,38099
27139,27037
27139,27053
17195,17015
17195,17103
17195,17141
45047,45081
45047,45059
45047,45071
37099,37175
37099,37087
21147,47013
21147,21199
21147,21235
21147,21125
47013,47173
47013,21235
47013,47025
21029,21179
21029,21111
21029,21215
45077,37175
45077,45045
21155,21179
21155,21045
21155,21229
21155,21021
38095,38019
27145,27171
27145,27153
27145,27141
27145,27009
27145,27097
47155,47089
47155,37087
47155,47029
27027,27111
27027,27107
27027,27005
21179,21229
21179,21215
21179,21005
18021,18119
18021,18121
18021,18133
27045,27109
27045,27055
27045,27169
18093,18175
18093,18105
18093,18071
27111,27153
27111,27005
27111,27159
21045,21199
21045,21021
21045,21137
18043,18175
18043,21111
18043,18019
27171,27053
27171,27141
38097,38035
38097,27107
38097,27119
27109,27049
27109,27157
27109,27169
45009,45029
45009,45075
47173,47057
47173,47025
18165,17183
18165,18121
18165,18045
18165,18171
37175,45045
37175,37087
37175,37089
45081,45063
45081,45071
18175,18019
18175,18071
18175,18143
17015,17085
17015,17141
17015,17177
18119,18105
18119,18133
18119,18109
21199,21137
21199,21125
21199,21203
19005,27055
19005,55023
19005,55123
21111,21215
21111,18019
21111,21185
21111,21211
17053,17105
17053,17183
17053,17075
17053,17091
17105,17099
17105,17063
17105,17091
45029,45075
45029,45035
45029,45019
21229,21021
21229,21167
21229,21005
17183,17075
17183,18171
17183,18007
17085,55043
17085,55065
17085,17177
27037,27049
27037,27053
27037,27123
27037,27163
27037,55093
27049,27157
27049,55093
27049,55091
21235,47025
21235,21125
21235,21121
21235,21013
27053,27141
27053,27123
27053,27003
47089,47057
47089,47029
47089,47063
45059,45045
45059,45071
45059,45083
45059,45087
27153,27097
27153,27159
27153,27021
45045,37089
45045,45083
45045,37149
18121,18133
18121,18045
18121,18107
37087,47029
37087,37089
37087,37021
37087,37115
18105,18071
18105,18013
18105,18109
55043,55023
55043,55065
55043,55049
55043,55103
21215,21211
21215,21005
17099,17103
17099,17063
17099,17093
17099,17037
21021,21137
21021,21167
21021,21079
17103,17141
17103,17037
38035,38099
38035,27119
38035,27089
18019,18143
18019,21185
18019,21223
18019,18077
21137,21203
21137,21079
47057,47025
47057,47063
47057,47067
47057,47073
27107,27005
27107,27087
27107,27119
27055,27169
27055,55123
27055,55063
47029,47063
47029,37115
47029,47059
47025,21013
47025,47067
47025,51105
18133,18109
18133,18107
18133,18063
27141,27009
27141,27003
27141,27059
27141,27095
55023,55123
55023,55103
45063,45071
45063,45075
45063,45017
45063,45079
18071,18143
18071,18013
18071,18005
18071,18079
27157,27169
27157,55011
27157,55091
45071,45087
45071,45079
45071,45039
21167,21005
21167,21079
21167,21113
21167,21239
18143,18077
18143,18079
21185,21211
21185,21223
21185,21103
27169,55011
27169,55063
27169,55121
27005,27159
27005,27087
27005,27057
27005,27029
27123,27003
27123,27163
38019,38099
38019,38067
45075,45035
45075,45017
45075,45015
45075,45027
37089,37021
37089,37149
37089,37161
55065,17177
55065,55049
55065,55045
18045,18171
18045,18107
18045,18157
27009,27097
27009,27095
18013,18109
18013,18005
18013,18081
47063,47059
47063,47073
21125,21121
21125,21203
21125,21109
21125,21051
21211,21005
21211,21103
21211,21073
21005,21239
21005,21073
17141,17177
17141,17037
17141,17201
17141,17007
21121,21013
21121,21051
21203,21079
21203,21109
21203,21151
17177,55045
17177,17201
17075,18007
17075,17091
17075,18111
21013,21051
21013,51105
21013,21095
21013,21131
38099,38067
38099,27089
45035,45019
45035,45015
18109,18063
18109,18081
18109,18097
18171,18007
18171,18157
21079,21113
21079,21151
45083,37149
45083,45087
45083,45021
45083,37161
17063,17093
17063,17091
17063,17197
27097,27095
27097,27035
27097,27021
27003,27163
27003,27059
27003,27025
27163,55093
27163,55109
27163,27025
27163,55095
27159,27057
27159,27021
37021,37115
37021,37161
37021,37199
37021,37111
55093,55109
55093,55091
55093,55033
45017,45079
45017,45027
45017,45085
18107,18063
18107,18157
18107,18011
18107,18023
37115,47059
37115,37199
37115,47171
37149,37161
21223,21103
21223,18077
21223,21041
45087,45039
45087,45021
45087,45023
45087,45091
21113,21239
21113,21151
21113,21067
21239,21073
21239,21067
21239,21209
18063,18011
18063,18097
45019,45015
45019,45043
18005,18079
18005,18081
18005,18145
18005,18031
21103,21073
21103,21041
21103,21187
55049,55045
55049,55103
55049,55111
55049,55025
47067,47073
47067,51105
47067,51169
27087,27119
27087,27029
18077,18079
18077,21041
18077,18155
18077,18137
21073,21187
21073,21209
55123,55063
55123,55103
55123,55081
55123,55111
55123,55057
18079,18031
18079,18137
17093,17037
17093,17197
17093,17089
17093,17043
21109,21151
21109,21051
21109,21065
21109,21189
21109,21129
17037,17201
17037,17089
17037,17007
17037,17111
27119,27125
27119,27029
27119,27113
27119,27089
47059,47073
47059,47171
47059,47179
18007,18157
18007,18111
18007,18181
18007,18073
27059,27095
27059,27025
27059,27065
27059,27115
55011,55091
55011,55121
55011,55035
45079,45039
45079,45085
45079,45055
18081,18097
18081,18145
17091,17197
17091,18111
17091,18089
21151,21067
21151,21065
21151,21049
55063,55121
55063,55081
55063,55053
55045,17201
55045,55105
55045,55025
21051,21131
21051,21189
21051,21193
55103,55111
17201,17007
17201,55105
45039,45023
45039,45055
45039,45057
55109,55033
55109,55095
55109,55005
27095,27035
27095,27065
27095,27001
21041,21187
21041,18155
21041,21077
47073,47179
47073,51169
47073,47163
18157,18023
18157,18181
18157,18015
21067,21209
21067,21049
21067,21017
55091,55033
55091,55035
51105,21095
51105,51169
51105,51195
45021,37161
45021,37045
45021,45091
37161,37111
37161,37045
37161,37023
18011,18097
18011,18023
18011,18057
38067,27089
38067,27069
17197,17043
17197,18089
17197,17031
21187,21209
21187,21077
21187,21081
55121,55053
55121,55035
27025,27065
27025,55095
27025,27115
27025,55013
21095,21131
21095,21193
21095,21133
21095,51195
18097,18145
18097,18057
18097,18059
37199,37111
37199,47171
37199,37121
18111,18073
18111,18089
45015,45027
45015,45089
45015,45043
21209,21017
21209,21081
21209,21097
21131,21193
21065,21049
21065,21129
21065,21197
27125,27113
21189,21129
21189,21193
21189,21025
18145,18031
18145,18059
18145,18139
17089,17043
17089,17111
17089,17031
37111,37121
37111,37023
37111,37011
45023,45091
45023,45057
47171,47179
47171,37121
47171,47019
17007,55105
17007,17111
17007,55127
18155,18137
18155,21077
18155,18115
18155,21015
27057,27029
27057,27021
27057,27007
27035,27021
27035,27001
18031,18137
18031,18139
18031,18047
45027,45085
45027,45089
45027,45041
21049,21197
21049,21017
21049,21173
27065,27115
27065,27001
18137,18115
18137,18029
18137,18047
45085,45055
45085,45061
45085,45041
47179,47019
47179,47163
18023,18057
18023,18015
18023,18159
18023,18067
21077,21081
21077,21015
21129,21197
21129,21025
21129,21237
55033,55095
55033,55035
55033,55005
55033,55017
55081,55053
55081,55057
55105,55025
55105,55127
55105,55055
37045,45091
37045,37023
37045,37071
37045,37109
37121,47019
37121,37011
55111,55025
55111,55057
55111,55021
55111,55001
27029,27113
27029,27007
18115,18029
18115,21015
17043,17031
18181,18073
18181,18015
18181,18131
18181,18017
21197,21173
21197,21237
21197,21165
21017,21097
21017,21173
21017,21181
21017,21011
45091,45057
45091,37071
45091,37119
55095,55005
55095,55013
27113,27089
27113,27007
18073,18089
18073,18131
18073,18127
18073,18149
18073,18091
21081,21097
21081,21015
21081,21191
21081,21117
45055,45061
45055,45057
45055,45031
45055,45025
55025,55021
55025,55055
55025,55027
21193,21025
21193,21133
21193,21119
18057,18059
18057,18159
18057,18095
18059,18139
18059,18095
18059,18065
18015,18067
18015,18017
27089,27069
27089,27007
27089,27135
27021,27001
27021,27007
27021,27061
21097,21181
21097,21191
21097,21201
21097,21023
21173,21181
21173,21165
21173,21011
17111,55127
17111,17031
17111,17097
17111,55059
51169,47163
51169,51195
51169,51191
51169,51167
55053,55035
55053,55057
55053,55019
55053,55141
18139,18047
18139,18041
18139,18065
18029,21015
18029,18047
18029,39061
18029,39017
37023,37011
37023,37109
37023,37027
37023,37035
55035,55017
55035,55019
21025,21237
21025,21119
21025,21153
21015,21117
21015,39061
27069,27135
18089,17031
18089,18127
45061,45041
45061,45031
45057,37119
45057,37179
45057,45025
47019,37011
47019,47163
47019,47091
21237,21165
21237,21153
21237,21175
37011,37027
37011,37189
37011,47091
47163,47091
47163,51191
18159,18067
18159,18095
18159,18053
21133,51195
21133,21119
21133,21195
21181,21011
21181,21201
21181,21069
37071,37109
37071,37119
21191,21117
21191,21037
21191,21023
21191,39025
45089,45043
45089,45041
45089,45067
18047,18041
18047,39061
18047,18161
18047,39017
55057,55021
55057,55001
55057,55141
21165,21011
21165,21175
21165,21205
21117,21037
21117,39061
51195,51051
51195,51167
51195,21195
55127,55055
55127,55133
55127,55059
55127,55101
21011,21069
21011,21205
18067,18017
18067,18103
18067,18053
17031,18127
17031,17097
17031,26021
21119,21153
21119,21071
21119,21195
27115,27001
27115,55013
27115,27017
27115,55031
18131,18017
18131,18149
18131,18049
18131,18099
21201,21023
21201,21069
21201,21161
37109,37035
37109,37119
37109,37097
27001,27017
27001,27061
27001,27137
18041,18065
18041,18161
18041,18177
18017,18103
18017,18049
18095,18065
18095,18035
18095,18053
55005,55013
55005,55017
55005,55129
55005,55107
55005,55113
55013,55129
55013,55031
18065,18035
18065,18177
18065,18135
55021,55001
55021,55077
55021,55027
55021,55047
55017,55019
55017,55107
55017,55119
21037,39061
21037,39025
18127,18149
18127,18091
18127,26021
55055,55133
55055,55027
37027,37035
37027,37189
37027,37003
37027,37193
21023,21161
21023,39025
21023,39015
45043,45067
45043,45051
27007,27135
27007,27061
27007,27077
27007,27071
37035,37003
37035,37097
37119,37179
37119,37025
37119,37097
37189,47091
37189,37009
37189,37193
39061,39017
39061,39025
39061,39165
21153,21175
21153,21071
21153,21115
21069,21161
21069,21205
21069,21135
21175,21205
21175,21063
21175,21115
21175,21127
47091,51191
47091,37009
47091,51077
55001,55077
55001,55141
55001,55137
55001,55097
18161,18177
18161,39017
18161,39135
45041,45031
45041,45067
45041,45069
45041,45033
37179,45025
37179,37025
37179,37007
37179,37167
45031,45025
45031,45069
18149,18049
18149,18091
18149,18099
18149,18141
21161,39015
21161,21135
21161,39001
55019,55141
55019,55119
55019,55073
18103,18049
18103,18053
18103,18169
21205,21063
21205,21135
21205,21043
45025,37007
45025,45069
45025,37153
51051,51167
51051,21195
51051,51027
18035,18053
18035,18135
18035,18009
18035,18075
21071,21115
21071,21195
21071,21159
18049,18169
18049,18099
18049,18085
55077,55047
55077,55137
18177,39135
18177,18135
18177,39037
39017,39135
39017,39165
39017,39113
51191,51167
51191,51173
51191,51077
18053,18169
18053,18009
18053,18069
18053,18179
39025,39015
39025,39165
39025,39027
37003,37097
37003,37193
18091,26021
18091,18141
51167,51027
51167,51173
51167,51185
27135,27077
55141,55097
55141,55073
55133,55027
55133,55131
55133,55101
55133,55079
55133,55089
55129,55107
55129,55113
55129,55031
55129,55007
21063,21043
21063,21127
21115,21159
21115,21127
39015,39001
39015,39071
39015,39027
55027,55047
55027,55131
55027,55039
37009,37193
37009,37005
37009,51077
27017,55031
27017,27137
17097,26021
17097,55059
17097,26159
17097,26005
37025,37097
37025,37167
37025,37159
39135,39113
39135,39037
18169,18069
18169,18085
18169,18183
55107,55119
55107,55113
55107,55099
37097,37193
37097,37159
37097,37059
37097,37197
21195,51027
21195,21159
21195,54059
18099,18141
18099,18085
18099,18039
45067,45051
45067,45033
21135,21043
21135,39001
21135,21089
21135,39145
26021,18141
26021,26027
26021,26159
55047,55137
55047,55039
55047,55139
18135,18075
18135,39037
37007,45069
37007,37167
37007,37153
37007,37123
18009,18075
18009,18179
37193,37005
37193,37197
37193,37171
39165,39113
39165,39027
39165,39057
21043,21127
21043,21089
21043,21019
27061,27071
27061,27137
45069,45033
45069,37153
45069,37165
45069,37155
51027,54059
51027,51185
51027,54047
55137,55097
55137,55139
55137,55135
21159,21127
21159,54059
21159,54099
37167,37159
37167,37153
37167,37123
37167,37057
37159,37059
37159,37123
37159,37057
55059,55101
55059,26005
21127,21019
21127,54099
39001,39071
39001,39145
39001,39131
18069,18179
18069,18183
18069,18003
55119,55073
55119,55099
55119,55069
51173,51077
51173,51185
51173,51197
51173,51021
18141,18039
18141,26027
45051,45033
45051,37155
45051,37047
45051,37019
45033,37155
45033,37047
18085,18183
18085,18039
18085,18113
18075,39037
18075,18179
18075,18001
18075,39107
55131,55039
55131,55079
55131,55089
55131,55117
39113,39037
39113,39057
39113,39109
39113,39023
55097,55073
55097,55135
55097,55115
37005,51077
37005,37171
39037,39109
39037,39107
39037,39149
55101,55079
55101,26005
55101,26139
55113,55031
55113,55099
55113,55007
55113,55003
18179,18001
18179,18003
55031,27137
55031,55007
55031,27075
51077,37171
51077,51197
51077,51035
39071,39027
39071,39131
39071,39047
39071,39141
37153,37123
37153,37165
37153,37093
37153,37125
39027,39057
39027,39047
37059,37197
37059,37057
37059,37067
55039,55139
55039,55015
55039,55117
54059,54099
54059,54047
54059,54045
54059,54109
54059,54043
21089,21019
21089,39145
21089,39087
51185,54047
51185,51021
51185,54055
18183,18113
18183,18003
27077,27071
37197,37171
37197,37067
55073,55135
55073,55069
55073,55115
55073,55067
21019,54099
21019,39087
37123,37057
37123,37125
37123,37151
37165,37155
37165,37093
37165,37125
55079,55089
55079,26139
55079,26121
54099,39087
54099,54043
54099,54011
39057,39047
39057,39023
39057,39097
55139,55135
55139,55015
55139,55087
18039,26027
18039,18113
18039,18087
18039,26149
54047,54109
54047,54055
39109,39023
39109,39149
39109,39021
39145,39131
39145,39087
39145,39079
18001,39107
18001,18003
18001,39161
37057,37067
37057,37151
37057,37081
39107,39149
39107,39161
39107,39011
37171,37067
37171,51035
37171,37169
37171,51141
54045,54109
54045,54043
54045,54005
55135,55087
55135,55115
51197,51021
51197,51035
51197,51155
37155,37047
37155,37093
37155,37017
37155,37051
27071,27137
26027,26159
26027,26149
26027,26077
55099,55069
55099,55003
55099,55085
55099,55051
55099,55125
39131,39141
39131,39079
18113,18003
18113,18087
18113,18033
18113,18151
18003,39161
18003,18033
18003,39125
18003,39039
26159,26005
26159,26149
26159,26077
39047,39141
39047,39097
39047,39129
55089,55117
55089,26121
55089,26127
26005,26139
26005,26077
26005,26015
26005,26081
37067,37169
37067,37081
37067,37157
39087,54011
39087,39079
39087,39053
51021,54055
51021,51155
51021,51071
39023,39021
39023,39097
39149,39011
39149,39021
39149,39091
37047,37019
37047,37017
37047,37141
54109,54005
54109,54055
54109,54081
54043,54011
54043,54005
54043,54079
54043,54039
37093,37125
37093,37051
51035,51155
51035,51141
51035,51063
37125,37151
37125,37051
37125,37105
37125,37037
37125,37085
55069,55067
55069,55085
37151,37081
37151,37037
37151,37001
55015,55117
55015,55087
55015,55009
55015,55071
54011,39053
54011,54079
54011,54053
18087,18033
18087,26149
18087,18151
18087,26023
39141,39079
39141,39129
39141,39163
39141,39073
39161,39011
39161,39125
39161,39003
39161,39137
55117,26127
55117,55071
55117,26105
27137,27075
55087,55115
55087,55009
39011,39091
39011,39003
39011,39065
55007,55003
55007,27075
39021,39097
39021,39091
39021,39159
54005,54081
54005,54039
37169,37081
37169,51141
37169,37157
37169,51089
37019,37129
37019,37141
54055,54081
54055,51071
54055,54089
39079,39053
39079,39163
18033,18151
18033,39039
18033,39171
26139,26121
26139,26081
26149,26077
26149,26023
26149,26025
55115,55067
55115,55078
55115,55009
55115,55083
39097,39129
39097,39159
39097,39049
51155,51071
51155,51063
51155,51121
39053,54053
39053,39163
39053,39105
37017,37051
37017,37163
37017,37141
39125,39039
39125,39137
37081,37157
37081,37001
51141,51063
51141,51089
51141,51067
54081,54039
54081,54089
54081,54019
39129,39049
39129,39073
39129,39045
39091,39159
39091,39065
54079,54053
54079,54039
54079,54035
37051,37085
37051,37163
39003,39137
39003,39065
39003,39063
37105,37037
37105,37085
18151,26023
18151,39171
18151,26059
55067,55078
55067,55085
55067,55083
55067,55041
55003,55051
55003,27075
55003,26053
55003,27031
55003,26131
26121,26127
26121,26081
26121,26123
51071,54089
51071,51121
51071,54063
51071,51045
55078,55083
51063,51121
51063,51161
51063,51067
55085,55125
55085,55041
54053,39105
54053,54035
39163,39073
39163,39105
39163,39009
26077,26023
26077,26025
26077,26015
37037,37085
37037,37001
37037,37135
37037,37063
37037,37183
55051,55125
55051,26053
55009,55071
55009,55083
55009,55061
55009,55029
39039,39137
39039,39171
39039,39069
37157,51089
37157,37001
37157,37033
37157,51143
51089,51067
51089,51143
54039,54019
54039,54035
54039,54087
54039,54015
54039,54067
26023,26059
26023,26025
39137,39069
39137,39063
39137,39173
37085,37163
37085,37183
37085,37101
54089,54019
54089,54063
54089,54025
39159,39049
39159,39065
39159,39041
39159,39101
37129,37141
37001,37135
37001,37033
51121,51161
51121,51045
39049,39045
39049,39041
39049,39089
39065,39063
39065,39101
39065,39175
39171,26059
39171,39069
39171,39051
39073,39045
39073,39009
39073,39127
26127,26105
26127,26123
26127,26085
54019,54067
54019,54025
55071,26105
55071,55061
55071,26101
39105,54035
39105,39009
39105,54107
37163,37141
37163,37061
37163,37101
37163,37191
27075,27031
39045,39127
39045,39089
54063,51045
54063,54025
54063,51005
55125,26053
55125,55041
55125,26071
55083,55041
55083,55075
55083,55029
54035,54087
54035,54105
54035,54107
37141,37061
37141,37133
26059,26025
26059,39051
26059,26091
26059,26075
39041,39101
39041,39089
39041,39117
39041,39083
39069,39063
39069,39051
39069,39173
39069,39095
26025,26015
26025,26045
26025,26075
37135,37033
37135,37063
37135,37145
39009,39127
39009,54107
39009,39115
39009,39167
51161,51067
51161,51045
51161,51023
51161,51019
51067,51143
51067,51019
39063,39175
39063,39173
39063,39147
26015,26081
26015,26045
26015,26067
37033,51143
37033,37145
37033,51083
26053,26071
26053,26131
55041,55075
55041,55037
55041,26071
51045,51023
51045,51005
39101,39175
39101,39117
39101,39033
54087,54015
54087,54105
54087,54013
26105,26123
26105,26101
26105,26085
54015,54067
54015,54013
54015,54007
39051,26091
39051,39095
39127,39089
39127,39115
39127,39119
37063,37183
37063,37145
37063,37077
39175,39033
39175,39147
37183,37101
37183,37077
37183,37069
37183,37127
37061,37191
37061,37133
37061,37107
37061,37103
26081,26123
26081,26067
26081,26117
54067,54025
54067,54007
54067,54101
37101,37191
37101,37069
37101,37195
37101,37127
55061,26101
55061,55029
55061,26019
54025,51005
54025,54101
54025,54075
54025,51017
39089,39083
39089,39119
39089,39031
54105,54107
54105,54013
54105,54085
51143,51019
51143,51083
51143,51031
39117,39033
39117,39083
39117,39139
39173,39147
39173,39143
39173,39095
39173,39123
54107,39167
54107,54085
54107,54073
55075,55037
55075,55029
55075,26109
55075,26043
37145,37077
37145,51083
39115,39167
39115,39119
39115,39121
26045,26075
26045,26067
26045,26065
26045,26037
54013,54007
54013,54021
54013,54085
26091,26075
26091,39095
26091,26161
26091,26115
26075,26065
26075,26161
26075,26093
37191,37107
37191,37195
37191,37079
37133,37103
37133,37031
26123,26117
26123,26085
26123,26107
26123,26133
55037,26071
55037,26043
39033,39147
39033,39139
39033,39077
26067,26117
26067,26037
26067,26057
51023,51005
51023,51019
51023,51163
51005,51017
51005,51163
26101,26085
26101,26019
26101,26165
26101,26055
39083,39139
39083,39031
39083,39005
39083,39075
39147,39143
39147,39077
39167,54073
39167,39121
39167,54095
39167,39111
37077,51083
37077,37069
37077,37181
37077,51117
51019,51031
51019,51163
51019,51009
39119,39121
39119,39031
39119,39059
54007,54021
54007,54101
54007,54041
27031,26131
27031,26083
26071,26131
26071,26043
26071,26013
26071,26061
26071,26103
51083,51031
51083,51037
51083,51117
54021,54085
54021,54041
54021,54017
37107,37103
37107,37079
37107,37049
37107,37147
54085,54073
54085,54017
54085,54095
54101,54075
54101,54041
54101,54097
54101,54083
39143,39123
39143,39077
39143,39043
39095,26115
39095,39123
37069,37181
37069,37127
37069,37185
37069,37083
39139,39077
39139,39005
26117,26107
26117,26037
26117,26057
26117,26073
54073,54095
26065,26037
26065,26093
26065,26155
55029,26019
55029,26109
55029,26041
55029,26089
37195,37079
37195,37127
37195,37147
37195,37065
37103,37049
37103,37031
26085,26107
26085,26133
26085,26165
37079,37147
39121,39059
39121,39111
39121,39013
37181,51117
37181,37185
26019,26165
26019,26089
26019,26055
39031,39059
39031,39075
39031,39157
51031,51037
51031,51009
51031,51011
26109,26043
26109,26041
26109,26103
26107,26133
26107,26073
26107,26035
26037,26057
26037,26155
26161,26115
26161,26093
26161,26163
26161,26125
26131,26061
26131,26083
26115,26163
37127,37185
37127,37065
37127,37083
54075,51017
54075,51091
54075,54083
54075,54071
51017,51163
51017,51091
51017,51015
39123,39043
39077,39005
39077,39043
39077,39093
26043,26103
39005,39075
39005,39169
39005,39103
39005,39093
51163,51009
51163,51125
51163,51015
39059,39157
39059,39013
39059,39067
54041,54017
54041,54097
54041,54033
54017,54095
54017,54033
54017,54103
39075,39169
39075,39157
39075,39151
54095,39111
54095,54103
51037,51117
51037,51011
51037,51111
51037,51147
39111,54103
39111,39013
39111,54051
37049,37147
37049,37031
37049,37137
37049,37013
51117,37185
51117,51111
51117,51025
26093,26155
26093,26125
26093,26049
37185,37083
37185,51025
37185,37131
51009,51011
51009,51125
26057,26155
26057,26073
26057,26145
26057,26111
54097,54033
54097,54083
54097,54001
26133,26073
26133,26165
26133,26035
26133,26113
37147,37065
37147,37013
37147,37117
37065,37083
37065,37117
26155,26145
26155,26049
51011,51147
51011,51125
51011,51029
26013,26061
26013,26103
26073,26035
26073,26111
26073,26051
26165,26055
26165,26113
26165,26079
26061,26103
26061,26083
39169,39103
39169,39151
39169,39153
51091,51015
51091,54071
54033,54103
54033,54001
54033,54049
54033,54091
39157,39067
39157,39151
39157,39019
39043,39093
26163,26125
26163,26099
54103,54051
54103,54049
54103,54061
54103,42059
54083,54001
54083,54071
54083,54093
54083,54023
51111,51147
51111,51025
51111,51135
37031,37137
37031,37095
37083,37117
37083,37131
37083,37015
39013,39067
39013,54051
39013,54069
39013,39081
51147,51029
51147,51135
51147,51049
51147,51007
51125,51015
51125,51029
51125,51003
37137,37013
37137,37095
26041,26089
26041,26103
26041,26153
26041,26003
39103,39093
39103,39153
39103,39035
39067,39019
39067,39081
26035,26111
26035,26113
26035,26051
26035,26143
51015,54071
51015,51003
51015,51165
54051,54069
54051,42059
54051,42125
39093,39035
54001,54091
54001,54093
54001,54077
26125,26049
26125,26099
26125,26087
37013,37117
37013,37187
37013,37095
26089,26055
26089,26009
26089,26153
26089,26029
26145,26111
26145,26049
26145,26017
26145,26157
37117,37015
37117,37187
26055,26113
26055,26079
26055,26009
26111,26051
26111,26017
51025,51135
51025,37131
51025,51081
51025,51053
26049,26087
26049,26157
51029,51049
51029,51003
51029,51065
26113,26079
26113,26143
26113,26039
54049,54091
54049,54061
54091,54061
54091,54077
39151,39019
39151,39153
39151,39133
39151,39029
39151,39099
51135,51007
51135,51053
26103,26083
26103,26003
39019,39081
39019,39029
37131,51081
37131,37015
37131,37091
37131,51175
54071,51165
54071,54023
54071,54031
54069,39081
54069,54009
54069,42125
51081,51053
51081,51175
51081,51183
39153,39133
39153,39035
39153,39055
51049,51007
51049,51065
51049,51145
51049,51075
26051,26017
26051,26143
26051,26129
26051,26011
54061,42059
54061,54077
54061,42051
39081,54009
39081,54029
39081,39029
37015,37187
37015,37091
37015,37041
54093,54077
54093,54023
42059,42125
42059,42051
26079,26143
26079,26009
26079,26039
26079,26137
51007,51053
51007,51145
51007,51041
51003,51165
51003,51065
51003,51079
51003,51109
51003,51137
54009,54029
54009,42125
26099,26087
26099,26147
26017,26157
26017,26011
26017,26063
26143,26039
26143,26129
26143,26135
51165,51079
51165,54031
51165,51139
51165,51171
51065,51075
51065,51109
51053,51183
51053,51041
51053,51149
26087,26157
26087,26147
26087,26151
54077,54023
54077,42051
54077,24023
37187,37095
37187,37041
37187,37177
37187,37143
37091,51175
37091,37041
37091,37073
26009,26039
26009,26029
26009,26137
39133,39035
39133,39099
39133,39055
39133,39155
54029,42125
54029,39029
54029,42007
51145,51075
51145,51041
51145,51087
37095,37177
37095,37055
42125,42051
42125,42007
42125,42003
42125,42129
39029,39099
39029,42007
39029,42073
39035,39055
39035,39085
26157,26151
26157,26063
26153,26029
26153,26003
26153,26097
26153,26095
54023,54031
54023,24023
54023,54057
54023,54027
26083,26003
51079,51139
51079,51113
51079,51137
51175,51183
51175,37073
51175,51093
51175,51181
51183,51149
51183,51181
37041,37073
37041,37143
26039,26129
26039,26137
26039,26135
26039,26119
51075,51041
51075,51109
51075,51087
51075,51085
51041,51149
51041,51087
51041,51036
26029,26137
26029,26047
26029,26097
26029,26031
26147,26151
26129,26011
26129,26135
26129,26069
26129,26001
39099,39155
39099,42073
39099,42085
37073,37143
37073,37139
37073,37029
26011,26063
26011,26069
39055,39085
39055,39155
39055,39007
51109,51137
51109,51085
51109,51177
54031,51171
54031,54057
54031,54027
54031,51069
42051,24023
42051,42129
42051,42111
51139,51113
51139,51171
51139,51157
51139,51187
42007,42003
42007,42073
42007,42019
24023,54057
24023,24001
24023,42111
51113,51137
51113,51157
51113,51047
37177,37143
37177,37055
37177,37139
37177,37029
37177,37053
37143,37139
51149,51181
51149,51036
51171,51187
51171,51069
39085,39007
26137,26135
26137,26119
26137,26031
51137,51047
51137,51177
42003,42129
42003,42019
42003,42005
39155,42085
39155,39007
39155,42039
51087,51085
51087,51036
51087,51127
54057,54027
54057,24001
26135,26119
26135,26069
26135,26007
26135,26001
37055,37053
51085,51177
51085,51127
51085,51101
51085,51033
37139,37029
42073,42019
42073,42085
51093,51181
51093,51095
26047,26097
26047,26031
51181,51036
51181,51095
51036,51127
51036,51095
51157,51047
51157,51187
51157,51061
26151,26063
51047,51177
51047,51061
51047,51179
37029,37053
26003,26095
51177,51033
51177,51179
54027,24001
54027,51069
54027,54065
42129,42111
42129,42005
42129,42063
42129,42021
51187,51069
51187,51061
51187,51043
26119,26031
26119,26007
26119,26001
26119,26141
51127,51095
51127,51101
51127,51097
26097,26031
26097,26095
26097,26033
26097,26141
51095,51097
51095,51199
51095,51073
42019,42085
42019,42005
42019,42121
42019,42031
26063,26069
51101,51033
51101,51097
51033,51097
51033,51179
51033,51057
51033,51099
42085,42039
42085,42121
24001,42111
24001,54065
24001,42009
24001,42057
24001,24043
26031,26141
42111,42009
42111,42021
39007,42039
39007,42049
51069,51043
51069,54065
51069,54003
51069,54037
51061,51179
51061,51043
51061,51153
51061,51107
51097,51073
51097,51057
51097,51119
51179,51099
51179,51153
51179,24017
51043,54003
51043,54037
51043,51107
51199,51073
51199,51115
51199,51131
51073,51119
51073,51115
42005,42063
42005,42031
42005,42065
51057,51099
51057,51119
51057,51159
51057,51193
51057,51103
26069,26001
26007,26001
26007,26141
51099,51193
51099,24017
54065,54003
54065,24043
51153,51107
51153,24017
51153,51059
51119,51159
51119,51115
51119,51103
51119,51131
51119,51001
26095,26033
42039,42121
42039,42049
42039,42123
54003,54037
54003,24043
42063,42021
42063,42065
42063,42033
51159,51193
51159,51103
51159,51133
42009,42021
42009,42057
42009,42013
42009,42061
42121,42031
42121,42053
42121,42123
54037,51107
54037,24043
51115,51131
51115,51001
51107,51059
51107,24043
51107,24031
51107,24021
51193,24017
51193,51133
51193,24037
51103,51133
51103,51001
42031,42065
42031,42053
24017,51059
24017,24037
24017,24033
24017,24009
51059,51013
51059,24031
51059,24033
42021,42013
42021,42033
26033,26141
51133,24037
51133,51001
51133,24039
42057,24043
42057,42055
42057,42061
51131,51001
24043,24021
24043,42055
42049,42123
42049,36013
51013,24031
24037,24009
24037,24039
24037,24019
42065,42053
42065,42033
42065,42047
24031,24021
24031,24033
24031,24027
42053,42123
42053,42047
42013,42061
42013,42033
42013,42027
24021,42055
24021,24027
24021,24013
24021,42001
24033,24009
24033,24027
24033,24003
42055,42061
42055,42001
42055,42041
42055,42067
42055,42099
24009,24003
24009,24019
24009,24041
42123,42047
42123,36013
42123,42083
42123,36009
51001,24039
51001,24047
42061,42087
42061,42027
42061,42067
42033,42047
42033,42027
42033,42023
42033,42035
24027,24003
24027,24013
24027,24005
24039,24019
24039,24045
24039,24047
24003,24041
24003,24005
24003,24035
24003,24029
24013,42001
24013,24005
24013,42133
42047,42083
42047,42023
24019,24041
24019,24045
24019,24011
24019,10005
36013,36009
36013,36029
42001,42041
42001,42133
24041,24035
24041,24011
42041,42099
42041,42133
42041,42043
24005,42133
24005,24029
24005,24025
42087,42027
42087,42067
42087,42109
42087,42119
42027,42035
42027,42119
24045,24047
24045,10005
42083,42023
42083,36009
42083,42105
42083,36003
42067,42099
42067,42043
42067,42109
42067,42097
42023,42035
42023,42105
42099,42043
42099,42097
24035,24011
24035,24029
24035,10001
42133,24025
42133,42043
42133,42071
24047,10005
24011,10005
24011,10001
24029,24025
24029,24015
24029,10001
24029,10003
36009,36029
36009,36003
36009,36121
24025,24015
24025,42071
42035,42105
42035,42119
42035,42081
42043,42071
42043,42075
42043,42097
42043,42107
10005,10001
10005,34009
42109,42119
42109,42097
42105,36003
42105,42081
42105,42117
42105,36101
36029,36121
36029,36063
36029,36037
24015,42071
24015,10003
24015,42029
10001,10003
10001,34033
10001,34011
10001,34009
42119,42097
42119,42081
42071,42075
42071,42029
42071,42011
42075,42107
42075,42011
36003,36121
36003,36101
36003,36051
10003,42029
10003,34033
10003,42045
10003,34015
42097,42081
42097,42093
42097,42107
42097,42037
42081,42093
42081,42117
42081,42037
42081,42113
42081,42015
36121,36037
36121,36051
42093,42037
42029,42011
42029,42045
42029,42091
42117,36101
42117,42015
42117,36015
36063,36037
36063,36073
34033,34011
34033,34015
34011,34009
34011,34015
34011,34001
42107,42011
42107,42037
42107,42077
42107,42079
42107,42025
34009,34001
42011,42091
42011,42077
36037,36051
36037,36073
36037,36055
42037,42113
42037,42079
42045,34015
42045,42091
42045,42101
36101,36051
36101,36015
36101,36097
36101,36069
36101,36123
36051,36069
36051,36055
34015,42101
34015,34007
34015,34001
42113,42079
42113,42015
42113,42131
42091,42101
42091,42077
42091,42017
36073,36055
42101,34007
42101,42017
42101,34005
34007,34001
34007,34005
42077,42025
42077,42017
42077,42095
34001,34005
34001,34029
42079,42025
42079,42131
42079,42089
42079,42069
42015,36015
42015,42131
42015,36107
42015,42115
42025,42095
42025,42089
36015,36097
36015,36107
36015,36109
36097,36123
36097,36099
36097,36109
36069,36123
36069,36055
36069,36099
36069,36117
36123,36099
42017,34005
42017,42095
42017,34021
42017,34019
42017,34041
34005,34021
34005,34029
34005,34025
42131,42069
42131,42115
42095,42089
42095,34041
36055,36117
34021,34019
34021,34035
34021,34023
34021,34025
36107,36109
36107,42115
36107,36007
36107,36023
36099,36109
36099,36117
36099,36011
42089,42069
42089,34041
42089,42103
42089,42127
42089,34037
34019,34041
34019,34035
34019,34027
42069,42115
42069,42127
36109,36011
36109,36023
34029,34025
34041,34027
34041,34037
42115,36007
42115,42127
34035,34023
34035,34027
34035,34039
36117,36011
34023,34025
34023,34039
34023,36085
36011,36023
36011,36067
36011,36075
36011,36045
36007,42127
36007,36023
36007,36017
36007,36025
42103,42127
42103,34037
42103,36105
42103,36071
42127,36105
42127,36025
34025,36085
34025,36081
36023,36067
36023,36017
36023,36053
34027,34039
34027,34037
34027,34013
34027,34031
34039,36085
34039,34013
34039,34017
34037,34031
34037,36071
36067,36075
36067,36053
36085,34017
36085,36047
36085,36081
34013,34017
34013,34031
34013,34003
36017,36053
36017,36025
36017,36077
34017,36047
34017,36061
34017,34003
34031,34003
34031,36071
34031,36087
36047,36061
36047,36081
36105,36025
36105,36071
36105,36111
36061,36081
36061,34003
36061,36005
36075,36053
36075,36065
36075,36045
36075,36049
36081,36005
36081,36059
34003,36005
34003,36087
34003,36119
36053,36077
36053,36065
36025,36077
36025,36111
36025,36095
36025,36039
36071,36087
36071,36111
36071,36079
36071,36027
36005,36059
36005,36119
36087,36119
36087,36079
36059,36119
36059,09001
36059,36103
36077,36065
36077,36095
36077,36057
36077,36043
36119,36079
36119,09001
36065,36049
36065,36043
36045,36049
36045,36089
36111,36027
36111,36039
36111,36021
36079,09001
36079,36027
09001,36027
09001,36103
09001,09009
09001,09005
36095,36039
36095,36057
36095,36001
36095,36093
36027,36021
36027,09005
36027,25003
36049,36043
36049,36089
36039,36001
36039,36021
36039,36083
36057,36043
36057,36035
36057,36093
36057,36091
36043,36035
36043,36041
36043,36089
36103,09009
36103,09007
36103,09011
36103,44009
36035,36041
36035,36091
36001,36021
36001,36093
36001,36091
36001,36083
36021,36083
36021,25003
09009,09005
09009,09007
09009,09003
09005,25003
09005,09003
09005,25013
36093,36091
36041,36089
36041,36091
36041,36113
36041,36033
36041,36031
36089,36033
09007,09003
09007,09011
36091,36083
36091,36113
36091,36115
36083,25003
36083,36115
36083,50003
25003,25013
25003,25015
25003,50003
25003,25011
09003,25013
09003,09011
09003,09013
36113,36115
36113,36031
25013,09013
25013,25015
25013,25027
09011,09013
09011,09015
09011,44009
09011,44003
09013,09015
09013,25027
25015,25011
25015,25027
36115,50003
36115,36031
36115,50021
36115,50001
50003,25011
50003,50025
50003,50021
50003,50027
36033,36031
36033,36019
25011,50025
25011,25027
25011,33005
09015,44003
09015,25027
09015,44007
44009,44003
44009,44005
36031,50001
36031,36019
36031,50007
50025,33005
50025,50027
50025,33019
44003,44007
44003,44005
44003,44001
50021,50001
50021,50027
25027,44007
25027,33005
25027,25021
25027,25017
25027,33011
44007,44001
44007,25005
44007,25021
44005,44001
44005,25005
33005,33019
33005,33011
50001,50027
50001,50007
50001,50023
50001,50017
44001,25005
36019,50007
36019,50013
50027,33019
50027,50017
50027,33009
25005,25007
25005,25021
25005,25023
25005,25001
25007,25019
25007,25001
33019,33011
33019,33013
33019,33009
50007,50013
50007,50023
50007,50011
50007,50015
50013,50011
25021,25017
25021,25025
25021,25023
25017,33011
25017,25025
25017,25009
33011,33013
33011,25009
33011,33015
50023,50017
50023,50015
50023,50005
50017,33009
50017,50005
25025,25023
25025,25009
25023,25001
33013,33009
33013,33015
33013,33001
33013,33017
50011,50015
50011,50019
50015,50005
50015,50019
25009,33015
33009,33001
33009,50005
33009,33003
33009,50009
33009,33007
33015,33017
33015,23031
33001,33017
33001,33003
50005,50019
50005,50009
33017,33003
33017,23031
50019,50009
33003,23031
33003,33007
33003,23017
50009,33007
23031,23005
23031,23017
33007,23017
23005,23017
23005,23001
23005,23023
23017,23001
23017,23007
23001,23023
23001,23007
23001,23011
23023,23015
23023,23011
23007,23011
23007,23025
23015,23011
23015,23013
23015,23027
23011,23025
23011,23027
23013,23027
23013,23009
23025,23027
23025,23021
23025,23019
23025,23003
23027,23009
23027,23019
23009,23019
23009,23029
23021,23019
23021,23003
23019,23029
23019,23003
23029,23003
06111,06083
06079,06083
06029,06083
06059,06073
06025,06073
06065,06073
06037,06059
06065,06059
06071,06059
06037,06111
06029,06111
06029,06037
06071,06037
06053,06079
06029,06079
06031,06079
06065,06025
04027,06025
04012,06025
06087,06053
06069,06053
06031,06053
06019,06053
06071,06065
04012,06065
04019,04027
04012,04027
04013,04027
06031,06029
06071,06029
06107,06029
06027,06029
06069,06087
06081,06087
06085,06087
06085,06069
06047,06069
06019,06069
06107,06031
06019,06031
06075,06081
06085,06081
06001,06081
06001,06075
06041,06075
06013,06075
04019,04023
04003,04023
06001,06085
06047,06085
06099,06085
04013,04019
04003,04019
04021,04019
04009,04019
04012,06071
06027,06071
32003,06071
04015,06071
04013,04012
04025,04012
04015,04012
06013,06001
06099,06001
06077,06001
06019,06107
06027,06107
06013,06041
06097,06041
06095,06041
06019,06047
06099,06047
06039,06047
06043,06047
06039,06019
06027,06019
06051,06019
06097,06013
06077,06013
06095,06013
06067,06013
06077,06099
06043,06099
06009,06099
06109,06099
04021,04013
04025,04013
04007,04013
06095,06097
06055,06097
06033,06097
06045,06097
06043,06039
06109,06039
06051,06039
06067,06077
06009,06077
06005,06077
06055,06095
06113,06095
06067,06095
35023,04003
04009,04003
04011,04003
04009,04021
04007,04021
06113,06055
06033,06055
06109,06043
06051,06027
32003,06027
32009,06027
32023,06027
06067,06113
06033,06113
06011,06113
06101,06113
06005,06067
06101,06067
06017,06067
06061,06067
06045,06033
06011,06033
06021,06033
06109,06009
06005,06009
06003,06009
06021,06045
06023,06045
06103,06045
06105,06045
35029,35023
04011,35023
35017,35023
06051,06109
06003,06109
06017,06005
06003,06005
06101,06011
06021,06011
06007,06011
06115,06101
06061,06101
06007,06101
04007,04009
04011,04009
04017,04009
04001,04009
04007,04025
04015,04025
04005,04025
06003,06051
32009,06051
32005,06051
32021,06051
32019,06051
06003,06017
06061,06017
32005,06017
06007,06021
06103,06021
04005,04007
04017,04007
04015,32003
32023,32003
32017,32003
06061,06115
06057,06115
06007,06115
06091,06115
06063,06115
32005,06003
06057,06061
32005,06061
32031,06061
04005,04015
32017,04015
49053,04015
49025,04015
35017,35029
35051,35029
32021,32009
32023,32009
06091,06057
32031,06057
35017,04011
35003,04011
04001,04011
06103,06007
06063,06007
35051,35017
35003,35017
06105,06023
06015,06023
06093,06023
32019,32005
48043,48377
48229,48377
48243,48377
06105,06103
06063,06103
06089,06103
32019,32021
32023,32021
32001,32021
06089,06105
06093,06105
06063,06091
06035,06091
32031,06091
32029,32019
32001,32019
32031,32019
48229,48141
35035,48141
48243,48043
48443,48043
48371,48043
32017,32023
32001,32023
32015,32023
32011,32023
32033,32023
06089,06063
06035,06063
32031,32029
48243,48229
48109,48229
35035,48229
48109,48243
48389,48243
48371,48243
06035,06089
06093,06089
06049,06089
48505,48427
48215,48427
48247,48427
48047,48427
48247,48505
48479,48505
04017,04005
49025,04005
49037,04005
35003,35051
35035,35051
35053,35051
35027,35051
04001,35003
35053,35003
35006,35003
49053,32017
49021,32017
49001,32017
32033,32017
49027,32017
06093,06015
41015,06015
41033,06015
48061,48215
48047,48215
48489,48215
48261,48215
35035,48109
48389,48109
35015,48109
32031,32001
32027,32001
32015,32001
48479,48247
48047,48247
48131,48247
04001,04017
49037,04017
49021,49053
49025,49053
35015,35035
35027,35035
35005,35035
32031,06035
06049,06035
48489,48061
48323,48479
48127,48479
48131,48479
48283,48479
48311,48479
41033,06093
06049,06093
41029,06093
41035,06093
48371,48389
48301,48389
48475,48389
35015,48389
48127,48323
48271,48323
48507,48323
48463,48323
48131,48047
48261,48047
48249,48047
48273,48047
48261,48489
48371,48443
48465,48443
48105,48443
41033,41015
41011,41015
41019,41015
48507,48127
48283,48127
48163,48127
48475,48371
48103,48371
48105,48371
35006,04001
35031,04001
35045,04001
49037,04001
08083,04001
32027,32031
06049,32031
32013,32031
41037,32031
41025,32031
41029,41033
41019,41033
35006,35053
35027,35053
35061,35053
35057,35053
48283,48131
48249,48131
48311,48131
48297,48131
48273,48261
48271,48465
48105,48465
48137,48465
48435,48465
48507,48271
48463,48271
48137,48271
48463,48507
48163,48507
48325,48507
49025,49021
49001,49021
49017,49021
32015,32027
32013,32027
48311,48283
48163,48283
48013,48283
48475,48301
35015,48301
48495,48301
35025,48301
48495,48475
48103,48475
48135,48475
35005,35015
35025,35015
35031,35006
35061,35006
35001,35006
35043,35006
32011,32015
32013,32015
32007,32015
41035,06049
41037,06049
41035,41029
41019,41029
49017,49025
49037,49025
48273,48249
48355,48249
48297,48249
48409,48249
48355,48273
48135,48495
35025,48495
48003,48495
48105,48103
48461,48103
48135,48103
41019,41011
48163,48463
48137,48463
48385,48463
48325,48463
48019,48463
48297,48311
48013,48311
48325,48163
48013,48163
48461,48105
48435,48105
48383,48105
48413,48105
48235,48105
49017,49001
49031,49001
49027,49001
49041,49001
35005,35027
35057,35027
35011,35027
35019,35027
35045,35031
35043,35031
32033,32011
32007,32011
48385,48137
48435,48137
48265,48137
48267,48137
48135,48461
48383,48461
48329,48461
48173,48461
35001,35061
35057,35061
48409,48355
48007,48355
49027,32033
49023,32033
32007,32033
49045,32033
48003,48135
48329,48135
48409,48297
48013,48297
48025,48297
48255,48297
48019,48385
48265,48385
35025,35005
35011,35005
35041,35005
48013,48325
48019,48325
48029,48325
48025,48409
48007,48409
48391,48409
41019,41035
41037,41035
41039,41035
41017,41035
41039,41019
48029,48013
48255,48013
48493,48013
48413,48435
48267,48435
48327,48435
49031,49017
49055,49017
49037,49017
48329,48383
48235,48383
48173,48383
48431,48383
48451,48383
48003,35025
48165,35025
48501,35025
35041,35025
48079,35025
35057,35001
35043,35001
35049,35001
49055,49031
49041,49031
48329,48003
48165,48003
48317,48003
48255,48025
48391,48025
48175,48025
49041,49027
49023,49027
49039,49027
48173,48329
48317,48329
48265,48019
48029,48019
48259,48019
35049,35057
35019,35057
35047,35057
32007,32013
41025,32013
41045,32013
16073,32013
48235,48413
48267,48413
48327,48413
48451,48413
48095,48413
48451,48235
48267,48265
48259,48265
48171,48265
48391,48007
48057,48007
48493,48029
48259,48029
48091,48029
48187,48029
48493,48255
48175,48255
48123,48255
48177,48255
48317,48173
48431,48173
48227,48173
48327,48267
48171,48267
48319,48267
48175,48391
48057,48391
48469,48391
35043,35045
49037,35045
08083,35045
35039,35045
08067,35045
08007,35045
48317,48165
48501,48165
48115,48165
48445,48165
48187,48493
48177,48493
35049,35043
35028,35043
35039,35043
48227,48317
48115,48317
48033,48317
48123,48175
48469,48175
41017,41037
41025,41037
49041,49055
49037,49055
49015,49055
49019,49055
49039,49041
49015,49041
08083,49037
49015,49037
08033,49037
08113,49037
49019,49037
08085,49037
08077,49037
41041,41039
41003,41039
41017,41039
41043,41039
48171,48259
48091,48259
48031,48259
48451,48327
48319,48327
48095,48327
48307,48327
48451,48431
48227,48431
48081,48431
48335,48431
48445,48501
48079,48501
48219,48501
48081,48451
48095,48451
48399,48451
35019,35011
35041,35011
35037,35011
48319,48171
48031,48171
48299,48171
48115,48227
48335,48227
48033,48227
35028,35049
35039,35049
35047,35049
35033,35049
48187,48091
48031,48091
48209,48091
48445,48115
48033,48115
48305,48115
48177,48187
48209,48187
48055,48187
48469,48123
48177,48123
48285,48123
48469,48057
48239,48057
48321,48057
48307,48319
48299,48319
48411,48319
48239,48469
48285,48469
35039,35028
35047,35019
35037,35019
41003,41041
41053,41041
41057,41041
48335,48081
48399,48081
48353,48081
48079,48445
48305,48445
48219,48445
48303,48445
08067,08083
08033,08083
08111,08083
41043,41003
41053,41003
48079,35041
48017,35041
35009,35041
35037,35041
48307,48095
48399,48095
48083,48095
49039,49023
49045,49023
49049,49023
48219,48079
48017,48079
48279,48079
48055,48177
48285,48177
48149,48177
48209,48031
48299,48031
48453,48031
48053,48031
49045,32007
16073,32007
49003,32007
16083,32007
16031,32007
48033,48335
48353,48335
48415,48335
48151,48335
48305,48033
48415,48033
48169,48033
48055,48209
48453,48209
48411,48307
48083,48307
48049,48307
48411,48299
48053,48299
41043,41017
41025,41017
41013,41017
41031,41017
48453,48055
48021,48055
48149,48055
08007,35039
35033,35039
35055,35039
08021,35039
49015,49039
49049,49039
49007,49039
48219,48305
48169,48305
48303,48305
48107,48305
48285,48239
48321,48239
48481,48239
48089,48239
41053,41043
41047,41043
41031,41043
48017,48219
48303,48219
48279,48219
48189,48219
08033,08067
08007,08067
08111,08067
08053,08067
48353,48399
48441,48399
48083,48399
41013,41025
41045,41025
41023,41025
49019,49015
49007,49015
49047,49015
08113,08033
08111,08033
48149,48285
48089,48285
41047,41053
41071,41053
41057,41053
35009,48017
48279,48017
48369,48017
48415,48353
48441,48353
48151,48353
48253,48353
35033,35047
35037,35047
35021,35047
48169,48415
48151,48415
48263,48415
49049,49045
49035,49045
49003,49045
49011,49045
49057,49045
48053,48411
48049,48411
48281,48411
48333,48411
48369,35009
35037,35009
48117,35009
48053,48453
48021,48453
48491,48453
48481,48321
48039,48321
48303,48169
48263,48169
48107,48169
48125,48169
48279,48303
48107,48303
48189,48303
48153,48303
48491,48053
48281,48053
48027,48053
08111,08113
08085,08113
08091,08113
08053,08007
08079,08007
08021,08007
08105,08007
48149,48021
48491,48021
48287,48021
41071,41047
41031,41047
41005,41047
41065,41047
48369,48279
48189,48279
48069,48279
41057,41071
41005,41071
41067,41071
48083,48441
48151,48441
48059,48441
48253,48441
48089,48149
48287,48149
48015,48149
48477,48149
48089,48481
48015,48481
48039,48481
48157,48481
41067,41057
41007,41057
41009,41057
48049,48083
48059,48083
48263,48151
48253,48151
48433,48151
35055,35033
35021,35033
35007,35033
48069,48369
48117,48369
41031,41013
41069,41013
41023,41013
48015,48089
08053,08111
08091,08111
48117,35037
35021,35037
48359,35037
48205,35037
35059,35037
48333,48049
48059,48049
48093,48049
48133,48049
49007,49049
49035,49049
49051,49049
49013,49049
08085,49019
08077,49019
49047,49019
08045,49019
08021,35055
35007,35055
08023,35055
48287,48491
48027,48491
48331,48491
48107,48263
48433,48263
48125,48263
48269,48263
48333,48281
48027,48281
48099,48281
48193,48281
48093,48333
48193,48333
48189,48107
48125,48107
48153,48107
48345,48107
41065,41031
41069,41031
48069,48189
48153,48189
48437,48189
49013,49007
49047,49007
08091,08053
08079,08053
08109,08053
08051,08053
16073,41045
41023,41045
16027,41045
16075,41045
41001,41045
16087,41045
48477,48287
48331,48287
48051,48287
48253,48059
48133,48059
48417,48059
41067,41005
41051,41005
41065,41005
41027,41005
08091,08085
08077,08085
08029,08085
08051,08085
16083,16073
16027,16073
16001,16073
16039,16073
08051,08091
41007,41067
41051,41067
41009,41067
48433,48253
48417,48253
48207,48253
08105,08079
08109,08079
48117,48069
48437,48069
48381,48069
08105,08021
08023,08021
08003,08021
48157,48015
48477,48015
48473,48015
48157,48039
48167,48039
48201,48039
48125,48433
48207,48433
48269,48433
48275,48433
08003,08105
08109,08105
48359,48117
48381,48117
48375,48117
49051,49035
49011,49035
49029,49035
49043,49035
48153,48125
48269,48125
48345,48125
48101,48125
48473,48157
48201,48157
48099,48027
48331,48027
48145,48027
48309,48027
35007,35021
35059,35021
48437,48153
48345,48153
48045,48153
48193,48093
48133,48093
48143,48093
49013,49051
49043,49051
41009,41007
53069,41007
53049,41007
41009,41051
53011,41051
41027,41051
53059,41051
48193,48099
48035,48099
48309,48099
48051,48477
48473,48477
48041,48477
48185,48477
48143,48193
48035,48193
48051,48331
48145,48331
48395,48331
48381,48437
48045,48437
48011,48437
48417,48133
48429,48133
48143,48133
48363,48133
48041,48051
48395,48051
48207,48417
48429,48417
48447,48417
49011,49003
49057,49003
16031,49003
49005,49003
16071,49003
49029,49011
49057,49011
41069,41065
41027,41065
41055,41065
41021,41065
53039,41065
08023,35007
35059,35007
08071,35007
53011,41009
53069,41009
53015,41009
41023,41069
41021,41069
41049,41069
48201,48473
48185,48473
48339,48473
08029,08077
08051,08077
08045,08077
08097,08077
16031,16083
16053,16083
16047,16083
16039,16083
53015,53011
53059,53011
48269,48207
48447,48207
48275,48207
48023,48207
48345,48269
48275,48269
48101,48269
48155,48269
53059,41027
53039,41027
48045,48345
48101,48345
48191,48345
08003,08023
08055,08023
08071,08023
49043,49013
49047,49013
49009,49013
48201,48167
48071,48167
48381,48359
48205,48359
48375,48359
48341,48359
08109,08003
08055,08003
41049,41023
41001,41023
41059,41023
41061,41023
08051,08029
48011,48381
48375,48381
48065,48381
53049,53069
53015,53069
53041,53069
48011,48045
48191,48045
48129,48045
48447,48429
48363,48429
48503,48429
48035,48143
48425,48143
48363,48143
48221,48143
48339,48201
48071,48201
48291,48201
48185,48041
48395,48041
48313,48041
48289,48041
49057,49029
49043,49029
49033,49029
16001,16027
16075,16027
16045,16027
08051,08109
08055,08109
08027,08109
08015,08109
08043,08109
49005,49057
49033,49057
48309,48145
48395,48145
48293,48145
53041,53049
53027,53049
16039,16001
16045,16001
16015,16001
48309,48035
48425,48035
48217,48035
48251,48035
41021,41055
53039,41055
48275,48447
48503,48447
48023,48447
48009,48447
48217,48309
48293,48309
53059,53015
53041,53015
49033,49043
56041,49043
49009,49043
56037,49043
48155,48275
48023,48275
48339,48185
48313,48185
48471,48185
48313,48395
48293,48395
48289,48395
08015,08051
08097,08051
16053,16031
16071,16031
16067,16031
16077,16031
16013,16031
08045,49047
08103,49047
49009,49047
08081,49047
48191,48101
48155,48101
48075,48101
48197,48101
53039,53059
53041,53059
53077,53059
35059,48205
48111,48205
48341,48205
48421,48205
16047,16053
16063,16053
16067,16053
48375,48011
48129,48011
48065,48011
48179,48011
16039,16047
16063,16047
16025,16047
53039,41021
41049,41021
48221,48425
48251,48425
48111,35059
08071,35059
40025,35059
08009,35059
48471,48339
48291,48339
48407,48339
48065,48375
48341,48375
48129,48191
48075,48191
48087,48191
48221,48363
48503,48363
48367,48363
48237,48363
16025,16039
16015,16039
16013,16039
16037,16039
16045,16075
16087,16075
48291,48071
48245,48071
48251,48221
48367,48221
48023,48155
48197,48155
48487,48155
48023,48503
48009,48503
48237,48503
08027,08055
08071,08055
08101,08055
48009,48023
48487,48023
48485,48023
48293,48217
48251,48217
48349,48217
48139,48217
48471,48313
48289,48313
48225,48313
48289,48293
48161,48293
48349,48293
41049,53039
53077,53039
53005,53039
16071,49005
49033,49005
16041,49005
16007,49005
08103,08045
08097,08045
08037,08045
08107,08045
41059,41049
53005,41049
16067,16063
16025,16063
16013,16063
48065,48129
48087,48129
48179,48129
48483,48129
48407,48471
48455,48471
48225,48471
16087,16045
16015,16045
16003,16045
16085,16045
16077,16071
16041,16071
16005,16071
08043,08027
08101,08027
48197,48075
48087,48075
40057,48075
53027,53041
53067,53041
53077,53041
53053,53041
48341,48065
48179,48065
48233,48065
48393,48065
48341,48111
48421,48111
40025,48111
53067,53027
53045,53027
53031,53027
08097,08015
08043,08015
08065,08015
08093,08015
16087,41001
41061,41001
16003,41001
41063,41001
48407,48291
48245,48291
48199,48291
48373,48291
48233,48341
48421,48341
48195,48341
08101,08071
08089,08071
08009,08071
08011,08071
48367,48251
48139,48251
48439,48251
16013,16067
56041,49033
16041,49033
16007,49033
56023,49033
48487,48197
40057,48197
40065,48197
48237,48367
48439,48367
48497,48367
56023,56041
56037,56041
16013,16025
08081,08103
08107,08103
48161,48289
48225,48289
48001,48289
48373,48407
48455,48407
08065,08097
08037,08097
16003,16087
53045,53067
53053,53067
48237,48009
48487,48009
48485,48009
48077,48009
16085,16015
16037,16015
48497,48237
48077,48237
48337,48237
48485,48487
40065,48487
40141,48487
08101,08043
08093,08043
08119,08043
08041,08043
08081,49009
56037,49009
48199,48245
48361,48245
22023,48245
16013,16077
16005,16077
16011,16077
16005,16041
16007,16041
16029,16041
48179,48087
40057,48087
48483,48087
40009,48087
48349,48161
48001,48161
48213,48161
48483,48179
48393,48179
48211,48179
48421,48233
48393,48233
48195,48233
48139,48349
48213,48349
40065,40057
40055,40057
40009,40057
48439,48139
48113,48139
48213,48139
48257,48139
08037,08065
08093,08065
08117,08065
40025,48421
48195,48421
40139,48421
48497,48439
48113,48439
48121,48439
16011,16013
16023,16013
16037,16013
41061,41059
53005,41059
41063,41059
53071,41059
53013,41059
53053,53045
53031,53045
53035,53045
08009,40025
40139,40025
20129,40025
48373,48199
48361,48199
48457,48199
48241,48199
41063,41061
48077,48485
40141,48485
40033,48485
53053,53077
53005,53077
53033,53077
53037,53077
53025,53077
48455,48373
48457,48373
48005,48373
48225,48455
48005,48455
48001,48225
48005,48225
48073,48225
53035,53053
53033,53053
53037,53053
08089,08101
08025,08101
08041,08101
08073,08101
40141,40065
40055,40065
40075,40065
48337,48497
48121,48497
48097,48497
16011,16005
16029,16005
08117,08037
08107,08037
08049,08037
56023,16007
16029,16007
48337,48077
40033,48077
40067,48077
08107,08081
56037,08081
56007,08081
22023,48361
48241,48361
22019,48361
48351,48361
40033,40141
40075,40141
40031,40141
48393,48483
40009,48483
48211,48483
40129,48483
08119,08093
08117,08093
08019,08093
08059,08093
48195,48393
48211,48393
48357,48393
48295,48393
08025,08089
08011,08089
08061,08089
40009,40055
40075,40055
16085,16003
41063,16003
16049,16003
40139,48195
48357,48195
53071,53005
53021,53005
53025,53005
48121,48113
48257,48113
48397,48113
48085,48113
08041,08119
08035,08119
08059,08119
48213,48001
48073,48001
53035,53031
53009,53031
53029,53031
53055,53031
48005,48457
48241,48457
40067,48337
48097,48337
40085,48337
48097,48121
48085,48121
48181,48121
08019,08117
08049,08117
16029,56023
56037,56023
16019,56023
56035,56023
56039,56023
08011,08009
20129,08009
08099,08009
20187,08009
53033,53035
53029,53035
53061,53035
53055,53009
48257,48213
48073,48213
48467,48213
48423,48213
40075,40009
40129,40009
40149,40009
40039,40009
40067,40033
40031,40033
40137,40033
48397,48257
48467,48257
48231,48257
16037,16085
16059,16085
16049,16085
16029,16011
16023,16011
16019,16011
16051,16011
22019,22023
22053,22023
22113,22023
16019,16029
40129,48211
48295,48211
40045,48211
48241,48005
48073,48005
48347,48005
48405,48005
48351,48241
48405,48241
48403,48241
16037,16023
16051,16023
16059,16023
16033,16023
48357,40139
20129,40139
20189,40139
40007,40139
20175,40139
08041,08025
08061,08025
08073,08025
48295,48357
40007,48357
40031,40075
40149,40075
40015,40075
08035,08041
08039,08041
08073,08041
53037,53033
53061,53033
53007,53033
53013,41063
53003,41063
53023,41063
16069,41063
16049,41063
48085,48397
48231,48397
16059,16037
48347,48073
48423,48073
48401,48073
48351,22019
22011,22019
22053,22019
08099,08011
08061,08011
40085,40067
40137,40067
40019,40067
53025,53037
53007,53037
53017,53037
40085,48097
48181,48097
40137,40031
40015,40031
40051,40031
53021,53071
53013,53071
08049,08107
08057,08107
56007,08107
08059,08019
08049,08019
08047,08019
48423,48467
48379,48467
48231,48467
48499,48467
48231,48085
48181,48085
48147,48085
20189,20129
20187,20129
40039,40129
40045,40129
40043,40129
56035,56037
56007,56037
56013,56037
22011,48351
48403,48351
22115,48351
22085,48351
53013,53021
53025,53021
53001,53021
53075,53021
08059,08035
08039,08035
08005,08035
48405,48347
48401,48347
48419,48347
08047,08059
08031,08059
08013,08059
08014,08059
08005,08059
08001,08059
08047,08049
08057,08049
08013,08049
08069,08049
40015,40149
40039,40149
40007,48295
40045,48295
48181,40085
40019,40085
40095,40085
53055,53029
53061,53029
53057,53029
08013,08047
40019,40137
40051,40137
40049,40137
48403,48405
48419,48405
22053,22011
22003,22011
22115,22011
53023,53013
53075,53013
48401,48423
48499,48423
48183,48423
48459,48423
48231,48379
48499,48379
48223,48379
48147,48231
48223,48231
48119,48231
40095,48181
48147,48181
40013,48181
16051,16019
16065,16019
16081,16019
56039,16019
22113,22053
22003,22053
22001,22053
22039,22053
20187,20189
20175,20189
20067,20189
20081,20189
22045,22113
22001,22113
22055,22113
20187,08099
08061,08099
20075,08099
20071,08099
16065,16051
16033,16051
16043,16051
20067,20187
20075,20187
20093,20187
48419,48401
48183,48401
48365,48401
48203,48401
53057,53055
53073,53055
40095,40019
40099,40019
40049,40019
40069,40019
48419,48403
22085,48403
53023,53003
16069,53003
53075,53003
53007,53061
53057,53061
40039,40015
40051,40015
40011,40015
40017,40015
40043,40039
40011,40039
40045,40007
20175,40007
20119,40007
40059,40007
20025,40007
40043,40045
40153,40045
40059,40045
08005,08031
08001,08031
48223,48499
48459,48499
48159,48499
48063,48499
08069,08057
56007,08057
56001,08057
08014,08013
08069,08013
08123,08013
08073,08061
08017,08061
20071,08061
53001,53025
53017,53025
53043,53025
53047,53025
08073,08039
08005,08039
22055,22045
22101,22045
22099,22045
22007,22045
22047,22045
53075,53023
56039,56035
56013,56035
40013,40095
40069,40095
48365,48419
22085,48419
22031,48419
08001,08014
08123,08014
08005,08073
08017,08073
08063,08073
08121,08073
20081,20175
20119,20175
22115,22003
22039,22003
22079,22003
22055,22001
22039,22001
22097,22001
20075,20067
20081,20067
20093,20067
20055,20067
40049,40051
40087,40051
40017,40051
48459,48183
48203,48183
16081,16065
16043,16065
48119,48147
40013,48147
48277,48147
48119,48223
48159,48223
53075,53001
53043,53001
16033,16059
16049,16059
30001,16059
30081,16059
53057,53007
53017,53007
53047,53007
08001,08005
08121,08005
22085,22115
22079,22115
22069,22115
40153,40043
40011,40043
40093,40043
20093,20075
20071,20075
20203,20075
40049,40099
40069,40099
40123,40099
48203,48365
22031,48365
22017,48365
48063,48459
48203,48459
48343,48459
48315,48459
40087,40049
40123,40049
16061,16069
16049,16069
53075,16069
16057,16069
16035,16069
48159,48119
48277,48119
48387,48119
16043,16033
30001,16033
22031,22085
22069,22085
16049,16061
16035,16061
22099,22055
22097,22055
22109,22101
22099,22101
22007,22101
16043,16081
56039,16081
40069,40013
48277,40013
40005,40013
40023,40013
16035,16049
30081,16049
30063,16049
53073,53057
53047,53057
40123,40069
40005,40069
40029,40069
08123,08001
08087,08001
08121,08001
20119,20081
20093,20081
20069,20081
20055,20081
48063,48159
48449,48159
48387,48159
48449,48063
48343,48063
40017,40087
40027,40087
40123,40087
40125,40087
53047,53017
40059,40153
40093,40153
40151,40153
20025,20119
20069,20119
20057,20119
08123,08069
56001,08069
56021,08069
22097,22039
22079,22039
22009,22039
20071,08017
08063,08017
20199,08017
16057,53075
53043,53075
16009,53075
53063,53075
48315,48203
22017,48203
20025,40059
40151,40059
20033,40059
40017,40011
40093,40011
40073,40011
20055,20093
20203,20093
20171,20093
40027,40017
40073,40017
40109,40017
40083,40017
22069,22031
22017,22031
22081,22031
22007,22109
22057,22109
40023,48277
48387,48277
22097,22099
22007,22099
22047,22099
22077,22099
56013,56007
56001,56007
56025,56007
56009,56007
48343,48449
48387,48449
30001,16043
56039,16043
30057,16043
30031,16043
20203,20071
20199,20071
40109,40027
40125,40027
22077,22097
22009,22097
40029,40123
40125,40123
40133,40123
40063,40123
53047,53073
48315,48343
48387,48343
48067,48343
48037,48343
22017,48315
48067,48315
16035,16057
16009,16057
16079,16057
22069,22079
22043,22079
22009,22079
22081,22069
22043,22069
22127,22069
22013,22069
20033,20025
20057,20025
20097,20025
53047,53043
53063,53043
53019,53043
53065,53043
40073,40093
40151,40093
40003,40093
40047,40093
20055,20069
20057,20069
20083,20069
30081,30001
30057,30001
30023,30001
30093,30001
40029,40005
40023,40005
40127,40005
40121,40005
40063,40029
40121,40029
22047,22007
22057,22007
22093,22007
22005,22007
22081,22017
48067,22017
22015,22017
05091,22017
22015,22081
22013,22081
48387,40023
40127,40023
40089,40023
40109,40073
40083,40073
40047,40073
20199,08063
08121,08063
20181,08063
08125,08063
20023,08063
48037,48387
40089,48387
40125,40109
40083,40109
40081,40109
22077,22047
22121,22047
22005,22047
22033,22047
20171,20055
20101,20055
20083,20055
20135,20055
56013,56039
56029,56039
30031,56039
40133,40125
40081,40125
40107,40125
20199,20203
20171,20203
20109,20203
48037,48067
05091,48067
20033,40151
40003,40151
20007,40151
08087,08123
56021,08123
08075,08123
31105,08123
56017,56013
56029,56013
56025,56013
56043,56013
22093,22057
22051,22057
22089,22057
22095,22057
08121,08087
08075,08087
22127,22043
20109,20199
20181,20199
22009,22077
22121,22077
22125,22077
22029,22077
22125,22009
22025,22009
22029,22009
16079,16035
30061,16035
30063,16035
22033,22121
22125,22121
22037,22121
20097,20033
20007,20033
40063,40133
40107,40133
08125,08121
08075,08121
20097,20057
20083,20057
20047,20057
22005,22093
22095,22093
22013,22015
22119,22015
05091,22015
05073,22015
40047,40083
40081,40083
40119,40083
40103,40083
30023,30081
30039,30081
30063,30081
53063,16009
16055,16009
16079,16009
20109,20171
20101,20171
20063,20171
22033,22005
22095,22005
22063,22005
05091,48037
40089,48037
05081,48037
56021,56001
56031,56001
56009,56001
53019,53047
16055,53063
53065,53063
53051,53063
16017,53063
40121,40063
40107,40063
40091,40063
22013,22127
22049,22127
22021,22127
40121,40127
40089,40127
40077,40127
40079,40127
22119,22013
22049,22013
22027,22013
22061,22013
40047,40003
20007,40003
40053,40003
20077,40003
22063,22033
22037,22033
22091,22033
22089,22051
22095,22051
22075,22051
22071,22051
22105,22051
22103,22051
22037,22125
28157,22125
22029,22125
40053,40047
40103,40047
40071,40047
40107,40081
40119,40081
40037,40081
22095,22089
22105,22089
05073,22119
22027,22119
05027,22119
20007,20097
20047,20097
20151,20097
20181,20109
20063,20109
20193,20109
22063,22095
22105,22095
05081,05091
05073,05091
05057,05091
20135,20101
20063,20101
20023,20181
20193,20181
20153,20181
20047,20083
20135,20083
20145,20083
30093,30057
30031,30057
30043,30057
20151,20007
20077,20007
20095,20007
31105,56021
56031,56021
31007,56021
56015,56021
40077,40121
40091,40121
40061,40121
05081,40089
05133,40089
05113,40089
40079,40089
22091,22063
22105,22063
05133,05081
05057,05081
05061,05081
40037,40107
40091,40107
40111,40107
28157,22037
22091,22037
28005,22037
53065,53019
05027,05073
05057,05073
05099,05073
16079,16055
16017,16055
22061,22049
22021,22049
22073,22049
20023,08125
08075,08125
08095,08125
31057,08125
31029,08125
22029,28157
28001,28157
28005,28157
28037,28157
30061,16079
16017,16079
30089,16079
22029,22025
22021,22025
22041,22025
22107,22025
40103,40119
40037,40119
40117,40119
28001,22029
22107,22029
30093,30023
30039,30023
30043,30023
30077,30023
20151,20047
20145,20047
20185,20047
30043,30093
56029,56017
56043,56017
20077,40053
40071,40053
20191,40053
40117,40103
40071,40103
40113,40103
22061,22027
05027,22027
22111,22027
05139,22027
05061,05133
05113,05133
22073,22061
22111,22061
40061,40077
40079,40077
22073,22021
22041,22021
22083,22021
20063,20135
20145,20135
20195,20135
20165,20135
20051,20135
30063,30061
30089,30061
30063,30039
30077,30039
22071,22075
22087,22075
20095,20151
20185,20151
20155,20151
22105,22091
28005,22091
53051,53065
20193,20063
20195,20063
20179,20063
20065,20063
30031,56029
56043,56029
30067,56029
56003,56029
30009,56029
22103,22071
22087,22071
31057,20023
20153,20023
20153,20193
20179,20193
20039,20193
20095,20077
20191,20077
28037,28001
22107,28001
28063,28001
05099,05027
05139,05027
05103,05027
56043,56025
56009,56025
56019,56025
31105,08075
08095,08075
31033,08075
08115,08075
40111,40037
40117,40037
40143,40037
28005,22105
22103,22105
28113,22105
22117,22105
40111,40091
40061,40091
40101,40091
31007,31105
31033,31105
40101,40111
40143,40111
40145,40111
05061,05057
05099,05057
05109,05057
20185,20145
20165,20145
20009,20145
40143,40117
40113,40117
05113,05061
05109,05061
05097,05061
30043,30031
30067,30031
30007,30031
30059,30031
22111,22073
22083,22073
22067,22073
28037,28005
28113,28005
28085,28005
22087,22103
22117,22103
28045,22103
28109,22103
56015,56031
56009,56031
56027,56031
20191,20095
20155,20095
20173,20095
22107,22041
22083,22041
22065,22041
20191,40071
40113,40071
20035,40071
20155,20185
20009,20185
20159,20185
05139,22111
22067,22111
05003,22111
05109,05099
05103,05099
05019,05099
30077,30043
30007,30043
30049,30043
40079,05113
05109,05113
05127,05113
05097,05113
40079,40061
40101,40061
40135,40061
05127,40079
40135,40079
05131,40079
08115,08095
31029,08095
31135,08095
28063,28037
28085,28037
30089,30063
30077,30063
30047,30063
30029,30063
20051,20195
20065,20195
20163,20195
20009,20165
20051,20165
20167,20165
20153,31057
31029,31057
31087,31057
31085,31057
31087,20153
20039,20153
31145,20153
20065,20179
20039,20179
20137,20179
16017,53051
16021,53051
56003,56043
56019,56043
28045,22087
28047,22087
31033,31007
56015,31007
31157,31007
31123,31007
30009,30067
30097,30067
30095,30067
30059,30067
20173,20191
20035,20191
20015,20191
28063,22107
28021,22107
22065,22107
28149,22107
30089,16017
16021,16017
30053,16017
05103,05139
22067,05139
05013,05139
05011,05139
05003,05139
28021,28063
28085,28063
28029,28063
22067,22083
22065,22083
22123,22083
22035,22083
05019,05109
05097,05109
40145,40101
40135,40101
40021,40101
22117,28113
28147,28113
28085,28113
30047,30089
30053,30089
30029,30089
28147,22117
28109,22117
28091,22117
08115,31033
31049,31033
31123,31033
31069,31033
40113,40143
40145,40143
40131,40143
40147,40143
31157,56015
31165,56015
56027,56015
05019,05103
05013,05103
05039,05103
28109,28045
28047,28045
28131,28045
31049,08115
31135,08115
30049,30077
30029,30077
20035,40113
40147,40113
20019,40113
20173,20155
20159,20155
20079,20155
20113,20155
40131,40145
40021,40145
40097,40145
20159,20009
20167,20009
20053,20009
31135,31029
31085,31029
31123,31157
31165,31157
31013,31157
20167,20051
20163,20051
20141,20051
28085,28147
28091,28147
28077,28147
56019,56009
56027,56009
56005,56009
56045,56009
28029,28021
28149,28021
28049,28021
28029,28085
28077,28085
05097,05019
05039,05019
05059,05019
20163,20065
20137,20065
20147,20065
22123,22067
05003,22067
05017,22067
31085,31087
31145,31087
31063,31087
31145,20039
20137,20039
31065,20039
05097,05127
05131,05127
05083,05127
05149,05127
05059,05097
05051,05097
05149,05097
28149,22065
22035,22065
28047,28109
28091,28109
28131,28109
28073,28109
28035,28109
30049,30007
30059,30007
05011,05013
05039,05013
05025,05013
05131,40135
40021,40135
40001,40135
05033,40135
31135,31049
31101,31049
31069,31049
30009,56003
56019,56003
56033,56003
30003,56003
20035,20173
20079,20173
20015,20173
20019,20035
20015,20035
20049,20035
30029,30047
05033,05131
05083,05131
05047,05131
30053,16021
28131,28047
28059,28047
20053,20159
20113,20159
30095,30009
30003,30009
30111,30009
40147,40131
40097,40131
40105,40131
40035,40131
22035,22123
05017,22123
28077,28091
28073,28091
28065,28091
40097,40021
40001,40021
40041,40021
05003,05011
05025,05011
05043,05011
31069,31123
31013,31123
31161,31123
28077,28029
28049,28029
28127,28029
28121,28029
31085,31135
31101,31135
31111,31135
28065,28077
28127,28077
20019,40147
40105,40147
20125,40147
05059,05039
05025,05039
05053,05039
20053,20167
20141,20167
20105,20167
05043,05003
05017,05003
30095,30097
30059,30097
30107,30097
30037,30097
31063,31085
31111,31085
22035,28149
28055,28149
28049,28149
28163,28149
20141,20163
20147,20163
20183,20163
28055,22035
05017,22035
31063,31145
31065,31145
20147,20137
31065,20137
31083,20137
05051,05059
05053,05059
05125,05059
56033,56019
56005,56019
30059,30049
30029,30049
30013,30049
30099,30049
40041,40097
40035,40097
20015,20079
20113,20079
20115,20079
30029,30053
05149,05051
05125,05051
05105,05051
20049,20019
20125,20019
28059,28131
28035,28131
28111,28131
28039,28131
28065,28073
28035,28073
28031,28073
30037,30095
30111,30095
05033,40001
40041,40001
05143,40001
05007,40001
20113,20053
20105,20053
20169,20053
28127,28065
28031,28065
05047,05033
05143,05033
05087,05033
56027,31165
31013,31165
31045,31165
46047,31165
05017,28055
28125,28055
28151,28055
28163,28055
28127,28049
28121,28049
28163,28049
28089,28049
31069,31101
31005,31101
31111,31101
31117,31101
05149,05083
05047,05083
05071,05083
05115,05083
20125,40105
40035,40105
20099,40105
31005,31069
31075,31069
31161,31069
28039,28059
01097,28059
20049,20015
20115,20015
20073,20015
20017,20015
05043,05025
05053,05025
05079,05025
05069,05025
20115,20113
20169,20113
20041,20113
30107,30059
30013,30059
30045,30059
05105,05149
05115,05149
05029,05149
56045,56027
46047,56027
46033,56027
31045,31013
31161,31013
28031,28035
28111,28035
28067,28035
05017,05043
05079,05043
05041,05043
05071,05047
05087,05047
28031,28127
28121,28127
28129,28127
20105,20141
20183,20141
20123,20141
20089,20141
20125,20049
20073,20049
20205,20049
31083,20147
20183,20147
31061,20147
31065,31063
31111,31063
31073,31063
31047,31063
31083,31065
31073,31065
31137,31065
05125,05053
05069,05053
05119,05053
28151,05017
05041,05017
28011,05017
28067,28031
28129,28031
40035,40041
05007,40041
40115,40041
29119,40041
20169,20105
20123,20105
20143,20105
28151,28125
28163,28125
28053,28125
30099,30029
30073,30029
30035,30029
20099,20125
20205,20125
20133,20125
20099,40035
40115,40035
20021,40035
05007,05143
05087,05143
28039,28111
28067,28111
28041,28111
28153,28111
05105,05125
05119,05125
01097,28039
28041,28039
31075,31005
31117,31005
31091,31005
05119,05105
05029,05105
05045,05105
20169,20115
20017,20115
20041,20115
20127,20115
56005,56033
30003,56033
30075,56033
20143,20169
20041,20169
28129,28121
28089,28121
28123,28121
05069,05079
05041,05079
05001,05079
31117,31111
31047,31111
31113,31111
31041,31111
28053,28151
28011,28151
28133,28151
28089,28163
28053,28163
28051,28163
28007,28163
30037,30107
30045,30107
30027,30107
31061,31083
31137,31083
31099,31083
05087,05071
05115,05071
05101,05071
28129,28067
28061,28067
28153,28067
31137,31073
31047,31073
31161,31045
46047,31045
31061,20183
20089,20183
31181,20183
20205,20073
20017,20073
20207,20073
20111,20073
20031,20073
05119,05069
05085,05069
05001,05069
30099,30013
30045,30013
30015,30013
28041,01097
01003,01097
01129,01097
20143,20123
20089,20123
20029,20123
28061,28129
28123,28129
28101,28129
05087,05007
29119,05007
05015,05007
29009,05007
20021,20099
20133,20099
20037,20099
56045,56005
56011,56005
30075,56005
20207,20205
20133,20205
20001,20205
30073,30099
30015,30099
31161,31075
31091,31075
31031,31075
28153,28041
01129,28041
29119,40115
20021,40115
29145,40115
30111,30003
30103,30003
30075,30003
30087,30003
28123,28089
28051,28089
28079,28089
28007,28089
20127,20017
20111,20017
05085,05119
05045,05119
28051,28053
28133,28053
28083,28053
05101,05087
05015,05087
20041,20143
20029,20143
20027,20143
28011,05041
05001,05041
05107,05041
05029,05115
05101,05115
05141,05115
05129,05115
30111,30037
30065,30037
30027,30037
31091,31117
31113,31117
31171,31117
30065,30111
30103,30111
30087,30111
46033,56045
56011,56045
46081,56045
46103,56045
29145,29119
29009,29119
31137,31061
31181,31061
31099,31061
31031,31161
20127,20041
20061,20041
20027,20041
46033,46047
30027,30045
30015,30045
31047,31137
31099,31137
31019,31137
05045,05029
05141,05029
31019,31047
31041,31047
20133,20207
20001,20207
20031,20207
20003,20207
28123,28061
28153,28061
28101,28061
28023,28061
28075,28061
28079,28123
28101,28123
29145,20021
20037,20021
29097,20021
20029,20089
31181,20089
20157,20089
31129,20089
20037,20133
20001,20133
20011,20133
01129,01003
12033,01003
01025,01003
01053,01003
01099,01003
01129,28153
28023,28153
01023,28153
28133,28011
05107,28011
28027,28011
20111,20127
20061,20127
20197,20127
05015,05101
05129,05101
05009,05101
05001,05085
05045,05085
05117,05085
05145,05085
05117,05001
05095,05001
05107,05001
05141,05045
05145,05045
05023,05045
28083,28051
28007,28051
28015,28051
31171,31091
31031,31091
28083,28133
28027,28133
28135,28133
20027,20029
20157,20029
20201,20029
29009,29145
29097,29145
29109,29145
30035,30073
30015,30073
30101,30073
30051,30073
31099,31181
31129,31181
31001,31181
31035,31181
31171,31113
31041,31113
31009,31113
31019,31099
31001,31099
20031,20111
20197,20111
20139,20111
29009,05015
05009,05015
29209,05015
29213,05015
01023,01129
01025,01129
28101,28079
28007,28079
28099,28079
28159,28079
30101,30035
20027,20061
20161,20061
20197,20061
29097,20037
20011,20037
29011,20037
29217,20037
28023,28101
28099,28101
28075,28101
28069,28101
20031,20001
20011,20001
20003,20001
20107,20001
28015,28083
28135,28083
28043,28083
29209,29009
29109,29009
20003,20031
20139,20031
20059,20031
20161,20027
20201,20027
12113,12033
01053,12033
05129,05141
05023,05141
05137,05141
30027,30065
30087,30065
30069,30065
01023,28023
28075,28023
46103,46033
29011,29097
29109,29097
29057,29097
05095,05117
05145,05117
05147,05117
31001,31019
31041,31019
31079,31019
31163,31019
31093,31019
31129,20157
20201,20157
31169,20157
31095,20157
31031,31171
31009,31171
05009,05129
05089,05129
05137,05129
05005,05129
31169,31129
31035,31129
31059,31129
28015,28007
28099,28007
28097,28007
28159,28007
28019,28007
31035,31001
31079,31001
31081,31001
31163,31041
31009,31041
31115,31041
31175,31041
31071,31041
28097,28015
28043,28015
05089,05009
29213,05009
05107,05095
05147,05095
05077,05095
05123,05095
20197,20161
20201,20161
20149,20161
20117,20161
28075,28099
28159,28099
28069,28099
20003,20011
20107,20011
29217,20011
46081,56011
30075,56011
46019,56011
30011,56011
20059,20003
20107,20003
20121,20003
28027,05107
05077,05107
28143,05107
05023,05145
05147,05145
05063,05145
05067,05145
29109,29209
29213,29209
29043,29209
20139,20197
20149,20197
20177,20197
28135,28027
28119,28027
28143,28027
29057,29011
29217,29011
29039,29011
30015,30027
30069,30027
30005,30027
30071,30027
05137,05023
05063,05023
01053,12113
12091,12113
30087,30103
29057,29109
29043,29109
29077,29109
28075,01023
01025,01023
01119,01023
01091,01023
28069,28075
01119,28075
20059,20139
20177,20139
20045,20139
30051,30015
30041,30015
30005,30015
28043,28135
28119,28135
28161,28135
28107,28135
31009,31031
46007,31031
31017,31031
46121,31031
31103,31031
46123,31031
31169,20201
31095,20201
20117,20201
31067,20201
01099,01025
01091,01025
01131,01025
31095,31169
31059,31169
31151,31169
28043,28097
28019,28097
28155,28097
29213,05089
05005,05089
29153,05089
31059,31035
31081,31035
31185,31035
30051,30101
31093,31079
31081,31079
31121,31079
46103,46081
46019,46081
46093,46081
31093,31163
31175,31163
31077,31163
30087,30075
30011,30075
30017,30075
31115,31009
31017,31009
05005,05137
05063,05137
05065,05137
29043,29213
29153,29213
29067,29213
12091,01053
01099,01053
01035,01053
01039,01053
28155,28043
28161,28043
28013,28043
28143,28119
28107,28119
20107,20059
20045,20059
20121,20059
20091,20059
20177,20149
20117,20149
20085,20149
20131,20149
29217,20107
20121,20107
29013,20107
28019,28159
28069,28159
28103,28159
28105,28159
30069,30087
30017,30087
30033,30087
29077,29057
29039,29057
29167,29057
05123,05147
05067,05147
05037,05147
29039,29217
29013,29217
29185,29217
28143,05077
05123,05077
05035,05077
46071,46007
46121,46007
46095,46007
28155,28019
28105,28019
01119,28069
28103,28069
12131,12091
01039,12091
20045,20177
20085,20177
20087,20177
29077,29043
29067,29043
29225,29043
46071,46103
46093,46103
46055,46103
01035,01099
01131,01099
01013,01099
05065,05005
29153,05005
05049,05005
30041,30051
30033,30069
30071,30069
31059,31095
31151,31095
31067,31095
31151,31059
31185,31059
31159,31059
31017,31115
31071,31115
31149,31115
31089,31115
31121,31093
31077,31093
31125,31093
31121,31081
31185,31081
31143,31081
31077,31175
31071,31175
31183,31175
31067,20117
20131,20117
31133,20117
29167,29077
29225,29077
29059,29077
28105,28155
28013,28155
28025,28155
28017,28155
28107,28143
28137,28143
28033,28143
05035,28143
05065,05063
05067,05063
05135,05063
05075,05063
28107,28161
28013,28161
28071,28161
05037,05123
05035,05123
29167,29039
29185,29039
01091,01119
28103,01119
01063,01119
01107,01119
20121,20045
20087,20045
20091,20045
20103,20045
05049,05065
05135,05065
29013,20121
20091,20121
29037,20121
28137,28107
28071,28107
01131,01091
01063,01091
01065,01091
01047,01091
01105,01091
01039,01035
01013,01035
31149,31017
31103,31017
29067,29153
05049,29153
29091,29153
05037,05067
05111,05067
05075,05067
05031,05067
29185,29013
29037,29013
29083,29013
20087,20085
20131,20085
20005,20085
20013,20085
12005,12131
01039,12131
12133,12131
12059,12131
01061,12131
28105,28103
28087,28103
01107,28103
28025,28105
28087,28105
28071,28013
28017,28013
28115,28013
05035,05037
05111,05037
31125,31121
31143,31121
31141,31121
31185,31151
31067,31151
31159,31151
31109,31151
31159,31185
31143,31185
31023,31185
29185,29167
29059,29167
29085,29167
31125,31077
31183,31077
31011,31077
01013,01131
01047,01131
01085,01131
20103,20087
20005,20087
46121,46071
46095,46071
46055,46071
46075,46071
31133,31067
31097,31067
31109,31067
31131,31067
12045,12005
12133,12005
12013,12005
12063,12005
29225,29067
29229,29067
29091,29067
29215,29067
31183,31071
31089,31071
28071,28137
28033,28137
28093,28137
30011,46019
46093,46019
46063,46019
46105,46019
31133,20131
20013,20131
31147,20131
29059,29225
29229,29225
29105,29225
20103,20091
29037,20091
20209,20091
29095,20091
30017,30011
46063,30011
30025,30011
29085,29185
29083,29185
29015,29185
05135,05049
29091,05049
29149,05049
12037,12045
12013,12045
12077,12045
01013,01039
01061,01039
01041,01039
01031,01039
31103,46121
46095,46121
46123,46121
01065,01063
01107,01063
01125,01063
28017,28025
28087,28025
28095,28025
30005,30041
28115,28071
28093,28071
28145,28071
05075,05135
05121,05135
29149,05135
31103,31149
31089,31149
31015,31149
31011,31125
31141,31125
20005,20103
20209,20103
29165,20103
29083,29037
29095,29037
29101,29037
05035,28033
28093,28033
47157,28033
31097,31133
31147,31133
31127,31133
30033,30017
30079,30017
30025,30017
05111,05035
47157,05035
05093,05035
47167,05035
28115,28017
28095,28017
28081,28017
46055,46093
46137,46093
46105,46093
05031,05111
05093,05111
31143,31159
31109,31159
31023,31159
31023,31143
31141,31143
01107,28087
28095,28087
01075,28087
12059,12133
12063,12133
29085,29059
29105,29059
29029,29059
20013,20005
29165,20005
20043,20005
29021,20005
29015,29085
29029,29085
29095,20209
29165,20209
29047,20209
01041,01013
01085,01013
05031,05075
05121,05075
05055,05075
31011,31183
31089,31183
31003,31183
29105,29229
29215,29229
01105,01065
01125,01065
01007,01065
01061,12059
12063,12059
29149,29091
29215,29091
29203,29091
29015,29083
29101,29083
29159,29083
31147,20013
20043,20013
01075,01107
01125,01107
01057,01107
12077,12037
12129,12037
28145,28115
28081,28115
31141,31011
31003,31011
31119,31011
31109,31097
31127,31097
31131,31097
01105,01047
01085,01047
01001,01047
01021,01047
30079,30033
30071,30033
30055,30033
30105,30033
31089,31103
46123,31103
46053,31103
31015,31103
46123,46095
46075,46095
46085,46095
31023,31109
31131,31109
31155,31109
31025,31109
47157,28093
28145,28093
28009,28093
47047,28093
05055,05031
05093,05031
29069,05031
12021,12087
12086,12087
12077,12013
12063,12013
12039,12013
29101,29095
29047,29095
29107,29095
29177,29095
01031,01061
12063,01061
01045,01061
01069,01061
30071,30005
01007,01105
01021,01105
05093,47157
47167,47157
47047,47157
29047,29165
29021,29165
29049,29165
20043,31147
31127,31147
29087,31147
12021,12071
12015,12071
12051,12071
12043,12071
28081,28095
01075,28095
28057,28095
01093,28095
31141,31023
31155,31023
31037,31023
31053,31023
12015,12115
12081,12115
12027,12115
29215,29105
29029,29105
29169,29105
46075,46055
46137,46055
46117,46055
46041,46055
01031,01041
01085,01041
01109,01041
01101,01041
01045,01031
01109,01031
29149,05121
05055,05121
29181,05121
05021,05121
31003,31089
31015,31089
31107,31089
29181,29149
29203,29149
29035,29149
29021,20043
29087,20043
29003,20043
29029,29015
29159,29015
29141,29015
28081,28145
28009,28145
28139,28145
28117,28145
31119,31141
31037,31141
31167,31141
01001,01085
01101,01085
29107,29101
29159,29101
12063,12077
12129,12077
12039,12077
12073,12077
31131,31127
29087,31127
29005,31127
12086,12021
12051,12021
12011,12021
31025,31131
29005,31131
19071,31131
29049,29047
29177,29047
30025,46063
38011,46063
46105,46063
38001,46063
28057,28081
28117,28081
12027,12015
12051,12015
12043,12015
12055,12015
29169,29215
29203,29215
29065,29215
29161,29215
47047,28009
28139,28009
47069,28009
29049,29021
29003,29021
29063,29021
46053,46123
46085,46123
12057,12103
12101,12103
29169,29029
29141,29029
29131,29029
05021,05055
29069,05055
01057,01075
01093,01075
01069,12063
12039,12063
13253,12063
12027,12081
12057,12081
12049,12081
12105,12081
46117,46075
46085,46075
31119,31003
31139,31003
31107,31003
01007,01125
01057,01125
01127,01125
01073,01125
29005,29087
29003,29087
29147,29087
30025,30079
30055,30079
30021,30079
30109,30079
30105,30071
47167,05093
29069,05093
47097,05093
29155,05093
47045,05093
47047,47167
47097,47167
47075,47167
31167,31119
31139,31119
31179,31119
38011,30025
38087,30025
30109,30025
38033,30025
31025,31155
31153,31155
31053,31155
31055,31155
47069,47047
47075,47047
31167,31037
31053,31037
31039,31037
28117,28139
47069,28139
28003,28139
29159,29107
29177,29107
29195,29107
29033,29107
01021,01007
01117,01007
01073,01007
31153,31025
19071,31025
19129,31025
01109,01045
01069,01045
01067,01045
01005,01045
01101,01001
01021,01001
01051,01001
01101,01109
01011,01109
01005,01109
28117,28057
01093,28057
28141,28057
01059,28057
29177,29049
29063,29049
29025,29049
05021,29181
29035,29181
29023,29181
19071,29005
29147,29005
19145,29005
29141,29159
29195,29159
29053,29159
29131,29169
29161,29169
29125,29169
29025,29177
29033,29177
13253,01069
01067,01069
13099,01069
12073,12129
12065,12129
01093,01057
01127,01057
31015,46053
46085,46053
46023,46053
29035,29203
29065,29203
29179,29203
31107,31015
46023,31015
29131,29141
29135,29141
29053,29141
29063,29003
29147,29003
29075,29003
01011,01101
01051,01101
01087,01101
12049,12027
12043,12027
12055,12027
29069,05021
29023,05021
12049,12057
12101,12057
12105,12057
28003,28117
28141,28117
13253,12039
12073,12039
13087,12039
13131,12039
01051,01021
01117,01021
01037,01021
31055,31153
19129,31153
19155,31153
31139,31167
31039,31167
31179,31167
12011,12086
19129,19071
19145,19071
19137,19071
29135,29131
29125,29131
29051,29131
29151,29131
29023,29035
29179,29035
29223,29035
29023,29069
29155,29069
29143,29069
29207,29069
38087,38011
38001,38011
46105,46137
46117,46137
46041,46137
46031,46137
13087,13253
13099,13253
13201,13253
38001,46105
46031,46105
47075,47097
47045,47097
47033,47097
31107,31139
31179,31139
31027,31139
31055,31053
31039,31053
31177,31053
31021,31053
46085,46117
46065,46117
46041,46117
46119,46117
12043,12051
12011,12051
12099,12051
12093,12051
12085,12051
29025,29063
29075,29063
29061,29063
01127,01093
01059,01093
01133,01093
28003,47069
47075,47069
47109,47069
47113,47069
47023,47069
46023,46085
46015,46085
46065,46085
46017,46085
46069,46085
31177,31055
19155,31055
28141,28003
47109,28003
47071,28003
12055,12049
12105,12049
19145,29147
29075,29147
29227,29147
19173,29147
12053,12101
12105,12101
12119,12101
47033,47075
47113,47075
29033,29025
29061,29025
29117,29025
13099,01067
01005,01067
13061,01067
29161,29065
29179,29065
29055,29065
29093,29065
12065,12073
13131,12073
13275,12073
29125,29161
29055,29161
29073,29161
46023,31107
46009,31107
31027,31107
46135,31107
01005,01011
01087,01011
01113,01011
13201,13087
13131,13087
13007,13087
13205,13087
29223,29023
29207,29023
30021,30055
30105,30055
30083,30055
30085,30055
19145,19129
19137,19129
19155,19129
29053,29195
29033,29195
29089,29195
29041,29195
31179,31039
31021,31039
31173,31039
01037,01051
01087,01051
01123,01051
29053,29135
29051,29135
29019,29135
01073,01127
01133,01127
01043,01127
01009,01127
46015,46023
46009,46023
46043,46023
46003,46023
46067,46023
29089,29053
29019,29053
01059,28141
01033,28141
47071,28141
01077,28141
47045,29155
47095,29155
29143,29155
31021,31177
19155,31177
19085,31177
29117,29033
29041,29033
31027,31179
31173,31179
31051,31179
13201,13099
13061,13099
13007,13099
13037,13099
13061,01005
13239,01005
01113,01005
13259,01005
19137,19145
19173,19145
19003,19145
12055,12043
12099,12043
12093,12043
12085,12043
13007,13201
29151,29125
29073,29125
12017,12053
12119,12053
29061,29075
29227,29075
29081,29075
01073,01117
01037,01117
01121,01117
01115,01117
01133,01059
01033,01059
01079,01059
29223,29179
29093,29179
30109,30021
30083,30021
29151,29051
29019,29051
29027,29051
38001,38087
38033,38087
38041,38087
38007,38087
38089,38087
47023,47109
47071,47109
01115,01073
01009,01073
12029,12123
12065,12123
12067,12123
12079,12123
38033,30109
30083,30109
38053,30109
29117,29061
29081,29061
29079,29061
46017,46015
46003,46015
46073,46015
12099,12011
01123,01037
01121,01037
01027,01037
12075,12029
12067,12029
12041,12029
47033,47045
47095,47045
47053,47045
47131,47045
47113,47033
47053,47033
13239,13061
13037,13061
13243,13061
30085,30105
30019,30105
12105,12055
12093,12055
12097,12055
01123,01087
01113,01087
01081,01087
13275,12065
12079,12065
13027,12065
46119,46065
46069,46065
12075,12017
12119,12017
12083,12017
31173,31021
19085,31021
19133,31021
01079,01133
01043,01133
46135,46009
46067,46009
47023,47113
47053,47113
47077,47113
47017,47113
13275,13131
13205,13131
29207,29223
29093,29223
29123,29223
29017,29223
47071,47023
47077,47023
19155,19137
19173,19137
19003,19137
19029,19137
29041,29117
29079,29117
29115,29117
19085,19155
19029,19155
19165,19155
31051,31027
46135,31027
46027,31027
19173,29227
29081,29227
19159,29227
38041,38001
46031,38001
38037,38001
38085,38001
46003,46043
46067,46043
46035,46043
12119,12105
12093,12105
12069,12105
12097,12105
12095,12105
12041,12075
12083,12075
12001,12075
01079,01033
01077,01033
19003,19173
19159,19173
19175,19173
29093,29055
29073,29055
29221,29055
29071,29055
29041,29089
29019,29089
29175,29089
29143,47095
47131,47095
21075,47095
13243,13239
13259,13239
38007,38033
38053,38033
31051,31173
31043,31173
19133,31173
19193,31173
29073,29151
29027,29151
29139,29151
46069,46017
46073,46017
46059,46017
46119,46041
46031,46041
46107,46041
46129,46041
13037,13007
13205,13007
13095,13007
19133,19085
19165,19085
19047,19085
13243,13037
13273,13037
13095,13037
01077,47071
47077,47071
47181,47071
47039,47071
29207,29143
21075,29143
29201,29143
29133,29143
29017,29207
29201,29207
29031,29207
46069,46119
46107,46119
31043,31051
46027,31051
46127,31051
46035,46003
46073,46003
46111,46003
29079,29081
19159,29081
29129,29081
19053,29081
29115,29041
29175,29041
29121,29041
01081,01123
01027,01123
01017,01123
01111,01123
47131,47053
47017,47053
47183,47053
29027,29019
29175,29019
29007,29019
13259,13243
13273,13243
13307,13243
12079,12067
12041,12067
12121,12067
29221,29093
29123,29093
29187,29093
12093,12099
12085,12099
13205,13275
13027,13275
13071,13275
12069,12119
12083,12119
01081,01113
13259,01113
13053,01113
13215,01113
19193,31043
46127,31043
13095,13205
13071,13205
13321,13205
01077,01079
01043,01079
01103,01079
01083,01079
01115,01121
01027,01121
01015,01121
01029,01121
29115,29079
29129,29079
29211,29079
46067,46135
46027,46135
46125,46135
19159,19003
19029,19003
19175,19003
19001,19003
13027,12079
12121,12079
13185,12079
12047,12079
29071,29073
29139,29073
29219,29073
47181,01077
47099,01077
01083,01077
47055,01077
01009,01043
01103,01043
01095,01043
21075,47131
47183,47131
21105,47131
29187,29221
29071,29221
29099,29221
47039,47077
47017,47077
29007,29027
29139,29027
12121,12041
12001,12041
12023,12041
12085,12093
12097,12093
12111,12093
12061,12093
29017,29123
29187,29123
29157,29123
19175,19159
19053,19159
19039,19159
46035,46067
46061,46067
46125,46067
46087,46067
01017,01081
13215,01081
13145,01081
19193,19133
19047,19133
19093,19133
46107,46069
46059,46069
46049,46069
38089,38041
38037,38041
13307,13259
13053,13259
13197,13259
29211,29115
29121,29115
29001,29115
38089,38007
38053,38007
38025,38007
19165,19029
19001,19029
19009,19029
19077,19029
46061,46035
46111,46035
46129,46031
38085,46031
46021,46031
38029,46031
01009,01115
01015,01115
01055,01115
01095,01009
01055,01009
47039,47181
47135,47181
47099,47181
47101,47181
29007,29175
29121,29175
29137,29175
01111,01027
01029,01027
19047,19165
19009,19165
19027,19165
29133,21075
21105,21075
29031,29017
29157,29017
46127,46027
46125,46027
46083,46027
46059,46073
46111,46073
46005,46073
30085,30083
38053,30083
38105,30083
13095,13273
13307,13273
13177,13273
13261,13273
13177,13095
13321,13095
13071,13027
13185,13027
12047,13027
13075,13027
47017,47039
47135,47039
47005,47039
12047,12121
12023,12121
29186,29187
29099,29187
29157,29187
19053,29129
29211,29129
29171,29129
19185,29129
47183,47017
47005,47017
47079,47017
01111,01017
13145,01017
13285,01017
46129,46107
46049,46107
46045,46107
29133,29201
29031,29201
17003,29201
12111,12085
01083,01103
01095,01103
01089,01103
13197,13307
13261,13307
29219,29071
29099,29071
29183,29071
29189,29071
46127,19193
19047,19193
19149,19193
19093,19193
19035,19193
12097,12069
12083,12069
12095,12069
12117,12069
12127,12069
19149,46127
46083,46127
19167,46127
21105,29133
17003,29133
21039,29133
21007,29133
13321,13071
13075,13071
13277,13071
12095,12097
12061,12097
12009,12097
19053,19175
19001,19175
19039,19175
19121,19175
21105,47183
47079,47183
21083,47183
38037,38089
38025,38089
38059,38089
38057,38089
12001,12083
12107,12083
12127,12083
13215,13053
13197,13053
13263,13053
46111,46061
46087,46061
46097,46061
19039,19053
19185,19053
19117,19053
46005,46059
46049,46059
46115,46059
29171,29211
29001,29211
13145,13215
13263,13215
12023,12001
12125,12001
12007,12001
12107,12001
46087,46125
46083,46125
46099,46125
19009,19001
19077,19001
19121,19001
19049,19001
30019,30085
38053,30085
30091,30085
38105,30085
29139,29007
29137,29007
29173,29007
29163,29007
21039,21105
21083,21105
19009,19047
19093,19047
19027,19047
19161,19047
19077,19009
19027,19009
29137,29121
29001,29121
29205,29121
29103,29121
47005,47135
47101,47135
47085,47135
47081,47135
12061,12111
46005,46111
46097,46111
46077,46111
29219,29139
29113,29139
29163,29139
13321,13177
13261,13177
13081,13177
12047,13185
13075,13185
13101,13185
13173,13185
13019,13185
47101,47099
47055,47099
47119,47099
47055,01083
01089,01083
47103,01083
12117,12095
12009,12095
12127,12095
17003,29031
29157,29031
17181,29031
38085,38037
38059,38037
12023,12047
13101,12047
19167,19149
19035,19149
19141,19149
13285,01111
01029,01111
13149,01111
13045,01111
13277,13321
13287,13321
13081,13321
29099,29186
29157,29186
17133,29186
17157,29186
13285,13145
13263,13145
13199,13145
29183,29219
29113,29219
29205,29137
29173,29137
29127,29137
13261,13197
13249,13197
13263,13197
13269,13197
21007,17003
17153,17003
17181,17003
46021,46129
46045,46129
46089,46129
17133,29099
29189,29099
12009,12061
13277,13075
13019,13075
12125,12023
13101,12023
12003,12023
13065,12023
21007,21039
21083,21039
21145,21039
01055,01015
01029,01015
01019,01015
13249,13261
13081,13261
13193,13261
13093,13261
38059,38085
38029,38085
01055,01095
01089,01095
01049,01095
01071,01095
46097,46087
46099,46087
46079,46087
30091,30019
19185,19039
19121,19039
19117,19039
19181,19039
47079,47005
47085,47005
47083,47005
47161,47005
01019,01055
01049,01055
47081,47101
47119,47101
17181,29157
17157,29157
17077,29157
13269,13249
13193,13249
21083,47079
21035,47079
47161,47079
19167,46083
46099,46083
19119,46083
19035,19093
19161,19093
19021,19093
13149,13285
13199,13285
13077,13285
12007,12125
12003,12125
19185,29171
29001,29171
19007,29171
29197,29171
19117,19185
19007,19185
19135,19185
46115,46005
46077,46005
46025,46005
19121,19077
19027,19077
19049,19077
19073,19077
17153,21007
21145,21007
21035,21083
21145,21083
21157,21083
13287,13277
13019,13277
13155,13277
29103,29001
29197,29001
29199,29001
19049,19121
19181,19121
19153,19121
47119,47055
47103,47055
47117,47055
29103,29205
29127,29205
29111,29205
13173,13101
13065,13101
17181,17153
21145,17153
17127,17153
17087,17153
46045,46049
46115,46049
46013,46049
01019,01029
13045,01029
13143,01029
13233,01029
46079,46097
46077,46097
13045,13149
13077,13149
12107,12007
12003,12007
12019,12007
12009,12117
12127,12117
19161,19027
19073,19027
19025,19027
38025,38053
38105,38053
38061,38053
47103,01089
01071,01089
47051,01089
13019,13173
13065,13173
13003,13173
13269,13263
13199,13263
13293,13263
47081,47085
47083,47085
47043,47085
13081,13287
13155,13287
13315,13287
13017,13287
13155,13019
13003,13019
13069,13019
19035,19167
19119,19167
19141,19167
19143,19167
17157,17133
29189,17133
17163,17133
38057,38025
38061,38025
38055,38025
13093,13081
13315,13081
17077,17181
17087,17181
17199,17181
12127,12009
47119,47081
47043,47081
47187,47081
38029,46021
46089,46021
38051,46021
19161,19035
19141,19035
19021,19035
19041,19035
12127,12107
12019,12107
12035,12107
12109,12107
29113,29183
29189,29183
17013,29183
17083,29183
17119,29183
21157,21035
47161,21035
21221,21035
19021,19161
19025,19161
19151,19161
17077,17157
17163,17157
17145,17157
17189,17157
13065,12003
12019,12003
13299,12003
13049,12003
12031,12003
12089,12003
29163,29113
17013,29113
17127,21145
21157,21145
21139,21145
19007,19117
19181,19117
19135,19117
19125,19117
13193,13269
13293,13269
13079,13269
13225,13269
29163,29173
29127,29173
17149,29173
17163,29189
17119,29189
01049,01019
13233,01019
13115,01019
13055,01019
46079,46099
19119,46099
27133,46099
46101,46099
27117,46099
13077,13199
13293,13199
13231,13199
13255,13199
13093,13193
13079,13193
13225,13193
13153,13193
29111,29103
29199,29103
29045,29103
13315,13093
13235,13093
13153,13093
29197,19007
19135,19007
19051,19007
19179,19007
12035,12127
38029,38059
38057,38059
38065,38059
38015,38059
29199,29197
19051,29197
17013,29163
17149,29163
19181,19049
19073,19049
19153,19049
19015,19049
13003,13065
13299,13065
17145,17077
17199,17077
17055,17077
47117,47119
47187,47119
46089,46045
46013,46045
19153,19181
19125,19181
13143,13045
13077,13045
13097,13045
13223,13045
13121,13045
13017,13155
13069,13155
47117,47103
47127,47103
47003,47103
47051,47103
38105,30091
38023,30091
12109,12019
12031,12019
17087,17127
21139,17127
17151,17127
46077,46079
46101,46079
46011,46079
29111,29127
17149,29127
17001,29127
19141,19119
27133,19119
19143,19119
27105,19119
21139,21157
21221,21157
21143,21157
47161,47083
47043,47083
47125,47083
13233,13143
13223,13143
19025,19073
19015,19073
19187,19073
13113,13077
13255,13077
13121,13077
46025,46115
46013,46115
46037,46115
46025,46077
46011,46077
46057,46077
01071,01049
13055,01049
13083,01049
13295,01049
17199,17087
17151,17087
17165,17087
13299,13003
13069,13003
21221,47161
47125,47161
21047,47161
13231,13293
13079,13293
13171,13293
13207,13293
47187,47117
47003,47117
47149,47117
13017,13315
13235,13315
13091,13315
13271,13315
17189,17163
17119,17163
17027,17163
19021,19141
19143,19141
19041,19141
19059,19141
12109,12035
19025,19021
19041,19021
19151,19021
19147,19021
38051,38029
38015,38029
38047,38029
38043,38029
19151,19025
19187,19025
17083,17013
17149,17013
17061,17013
47051,01071
13083,01071
47115,01071
13171,13231
13255,13231
47187,47043
47125,47043
47021,47043
29045,29111
17001,29111
17067,29111
38065,38057
38055,38057
19051,19135
19125,19135
19179,19135
19123,19135
13069,13017
13271,13017
19051,29199
29045,29199
19177,29199
13115,13233
13223,13233
13015,13233
13225,13079
13153,13079
13207,13079
13021,13079
17189,17145
17055,17145
17081,17145
38023,38105
38061,38105
38013,38105
46101,27133
27117,27133
27105,27133
27101,27133
13153,13225
17151,17199
17055,17199
17165,17199
17151,21139
21143,21139
21055,21139
17069,21139
19179,19051
19177,19051
19101,19051
19125,19153
19015,19153
19099,19153
19169,19153
46011,46101
27117,46101
27081,46101
47003,47127
47051,47127
47031,47127
13153,13235
13091,13235
13023,13235
19123,19125
19099,19125
38015,38065
38055,38065
17165,17151
17069,17151
13021,13153
13023,13153
13289,13153
13069,13299
13049,13299
13229,13299
13005,13299
13025,13299
13271,13069
13161,13069
13005,13069
38051,46089
46013,46089
38021,46089
17119,17083
17061,17083
17117,17083
21143,21221
21033,21221
21047,21221
21055,21143
21033,21143
13223,13097
13121,13097
13067,13097
19187,19015
19169,19015
19079,19015
13255,13113
13063,13113
13121,13113
47021,47187
47037,47187
47149,47187
12089,13049
13025,13049
13039,13049
12031,12109
13255,13171
13207,13171
13035,13171
46057,46025
46029,46025
46037,46025
47031,47003
47149,47003
47031,47051
47115,47051
47061,47051
19041,19143
27105,19143
19059,19143
27063,19143
13063,13255
13151,13255
13035,13255
17001,17149
17061,17149
17171,17149
17009,17149
17137,17149
13055,13115
13015,13115
13295,13115
13129,13115
17027,17189
17081,17189
17121,17189
13067,13223
13015,13223
19151,19041
19059,19041
19147,19041
19063,19041
19187,19151
19147,19151
19091,19151
19109,19151
17027,17119
17117,17119
17005,17119
17135,17119
47021,47125
21047,47125
47147,47125
21219,47125
12089,12031
19177,29045
19111,29045
17067,29045
13295,13055
47037,47021
47147,47021
17009,17001
17067,17001
17169,17001
38047,38051
38021,38051
38045,38051
17165,17055
17081,17055
17065,17055
13271,13091
13023,13091
13309,13091
13175,13091
13021,13207
13035,13207
13169,13207
13159,13207
13121,13063
13151,13063
13089,13063
13161,13271
13309,13271
19177,19179
19123,19179
19101,19179
19107,19179
19079,19187
19091,19187
19197,19187
27117,46011
46057,46011
27081,46011
46039,46011
17171,17061
17117,17061
17137,17061
13289,13021
13169,13021
13039,12089
27101,27117
27081,27117
27083,27117
46029,46057
46039,46057
13289,13023
13175,13023
13319,13023
27101,27105
27063,27105
27033,27105
17069,17165
17059,17165
17065,17165
17069,21055
21033,21055
21225,21055
21233,21055
17059,17069
21225,17069
21047,21033
21107,21033
21233,21033
19101,19177
19111,19177
19087,19177
19099,19123
19107,19123
19157,19123
17005,17027
17121,17027
17051,17027
13295,13083
47115,13083
47065,13083
19169,19099
19127,19099
19157,19099
19171,19099
13067,13121
13089,13121
13057,13121
13135,13121
13117,13121
13035,13151
13089,13151
13247,13151
13217,13151
47149,47037
47147,47037
47189,47037
47165,47037
19079,19169
19127,19169
19083,19169
46037,46013
38021,46013
46091,46013
38081,46013
13169,13289
13175,13289
13319,13289
38055,38015
38043,38015
38083,38015
47149,47031
47061,47031
47015,47031
47177,47031
13015,13067
13057,13067
21219,21047
21107,21047
21177,21047
38013,38023
47015,47149
47189,47149
19147,19059
27063,19059
19063,19059
13159,13035
13217,13035
13005,13161
13309,13161
13001,13161
13209,13161
13279,13161
13129,13015
13057,13015
13227,13015
13129,13295
13047,13295
13313,13295
47065,13295
17137,17171
13005,13229
13025,13229
13001,13229
13305,13229
13001,13005
38055,38061
38013,38061
38101,38061
17065,17081
17121,17081
17191,17081
38101,38055
38083,38055
38049,38055
19091,19147
19063,19147
19109,19147
47061,47115
47153,47115
47065,47115
38043,38047
38045,38047
38093,38047
17137,17009
17169,17009
17017,17009
17137,17117
17135,17117
17167,17117
19197,19079
19083,19079
19069,19079
13039,13025
13305,13025
13127,13025
19107,19101
19087,19101
19183,19101
19197,19091
19109,19091
19081,19091
46037,46029
46039,46029
46051,46029
13159,13169
13319,13169
13009,13169
13237,13169
13175,13309
13209,13309
13283,13309
17065,17059
21225,17059
17193,17059
18129,17059
13247,13089
13135,13089
17135,17005
17051,17005
17067,19111
19087,19111
19057,19111
17071,19111
17193,17065
17191,17065
17169,17067
17109,17067
17071,17067
21219,47147
21141,47147
47165,47147
21213,47147
27083,27101
27033,27101
27127,27101
13057,13129
13313,13129
13227,13129
13213,13129
13123,13129
47177,47061
47153,47061
21141,21219
21177,21219
13319,13175
13283,13175
13167,13175
13107,13175
13127,13039
46039,27081
27083,27081
27173,27081
13217,13247
13135,13247
13297,13247
46051,46037
46091,46037
46109,46037
13217,13159
13237,13159
13211,13159
13305,13001
13279,13001
13267,13001
47189,47015
47177,47015
47041,47015
19157,19107
19183,19107
19095,19107
46051,46039
27173,46039
27073,46039
21233,21225
18129,21225
21101,21225
13313,13047
47065,13047
19063,27063
27033,27063
27091,27063
27165,27063
13297,13217
13211,13217
17017,17137
17167,17137
13009,13319
13167,13319
13303,13319
21233,21107
21177,21107
21149,21107
19157,19127
19083,19127
19171,19127
19075,19127
13227,13057
13117,13057
13085,13057
19095,19157
19171,19157
19011,19157
19109,19063
27091,19063
47065,13313
13213,13313
47011,13313
47165,47189
47041,47189
47169,47189
47159,47189
17191,17121
17051,17121
17025,17121
21101,21233
21149,21233
17017,17169
17109,17169
17057,17169
17125,17169
38045,38021
38081,38021
38073,38021
13279,13209
13283,13209
38083,38043
38093,38043
38103,38043
47153,47177
47041,47177
47175,47177
47185,47177
19083,19197
19109,19197
19081,19197
19069,19197
19033,19197
19183,19087
19057,19087
19115,19087
17051,17135
17167,17135
17021,17135
17173,17135
13237,13009
13303,13009
13141,13009
19069,19083
19075,19083
19023,19083
47065,47153
47175,47153
47007,47153
47011,47065
47007,47065
47143,47065
47121,47065
13127,13305
13267,13305
13183,13305
13191,13305
17191,17193
18129,17193
17047,17193
17185,17193
18051,17193
21177,21141
21213,21141
21031,21141
21227,21141
13123,13227
13085,13227
21213,47165
47169,47165
47111,47165
21003,47165
13297,13135
13117,13135
13013,13135
13139,13135
13157,13135
17167,17017
17129,17017
17125,17017
27173,27083
27127,27083
19081,19109
27091,19109
19189,19109
27043,19109
38101,38013
38075,38013
13283,13279
13267,13279
13107,13279
13043,13279
13167,13283
13107,13283
38075,38101
38049,38101
13211,13237
13141,13237
13133,13237
13123,13213
47011,13213
13111,13213
47139,13213
17025,17191
17047,17191
17159,17191
21149,21177
21031,21177
21183,21177
13191,13127
27127,27033
27165,27033
27015,27033
17025,17051
17049,17051
17173,17051
19095,19183
19115,19183
19103,19183
17071,17109
17057,17109
17187,17109
13211,13297
13013,13297
13219,13297
47159,47041
47185,47041
47141,47041
27073,46051
46109,46051
27011,46051
46109,46091
38081,46091
38077,46091
13085,13117
13139,13117
21003,21213
21227,21213
17071,19057
19115,19057
17131,19057
38103,38083
38049,38083
38069,38083
21101,18129
18163,18129
18051,18129
13219,13211
13133,13211
19171,19095
19103,19095
19011,19095
19113,19095
47159,47169
47111,47169
19075,19171
19011,19171
19013,19171
13303,13167
13107,13167
13163,13167
47007,47175
47185,47175
47035,47175
21149,21101
18163,21101
21059,21101
18173,21101
38093,38045
38073,38045
38003,38045
13085,13123
13111,13123
13183,13267
13107,13267
13109,13267
13043,13267
13179,13267
17187,17071
17131,17071
19069,19081
19189,19081
19033,19081
19195,19081
27165,27091
27043,27091
27013,27091
21183,21149
21059,21149
47111,47159
47141,47159
47087,47159
47139,47011
47121,47011
47107,47011
19075,19069
19033,19069
19023,19069
19067,19069
17021,17167
17129,17167
17107,17167
17115,17167
13139,13085
13111,13085
13187,13085
13191,13183
13179,13183
13141,13303
13125,13303
13163,13303
27073,27173
27127,27173
27023,27173
27129,27173
19023,19075
19013,19075
13219,13013
13139,13013
13157,13013
13059,13013
17049,17025
17159,17025
17079,17025
47143,47007
47035,47007
13133,13141
13125,13141
13265,13141
13301,13141
19103,19115
19139,19115
17131,19115
17161,19115
27011,27073
27023,27073
27151,27073
17185,17047
17159,17047
17173,17021
17115,17021
47141,47185
47035,47185
18051,18163
18173,18163
17125,17129
17107,17129
13133,13219
13157,13219
13059,13219
13221,13219
27015,27127
27129,27127
13179,13191
38103,38093
38031,38093
38003,38093
38039,38093
38081,46109
27011,46109
27155,46109
38077,46109
21227,21031
21183,21031
21061,21031
21085,21031
21003,47111
47087,47111
47027,47111
21171,47111
13043,13107
13163,13107
13031,13107
13165,13107
13033,13107
38073,38081
38077,38081
13265,13133
13221,13133
21227,21003
21171,21003
21009,21003
27015,27165
27013,27165
13043,13109
13179,13109
13029,13109
13031,13109
17125,17057
17187,17057
17095,17057
17179,17057
17143,17057
13187,13139
13157,13139
13011,13139
13311,13139
13137,13139
21061,21227
21009,21227
38049,38075
38009,38075
17173,17049
17079,17049
17035,17049
47139,13111
13187,13111
13291,13111
37039,13111
47107,47139
37039,47139
47123,47139
17107,17125
17179,17125
13031,13043
17131,17187
17095,17187
19011,19103
19139,19103
19113,19103
19031,19103
19033,19189
27043,19189
19195,19189
27047,19189
13291,13187
13311,13187
47087,47141
47035,47141
47133,47141
47049,47141
21059,21183
21091,21183
21085,21183
21027,21183
47121,47143
47035,47143
47145,47143
13059,13157
13011,13157
13195,13157
19013,19011
19113,19011
19019,19011
18173,21059
18147,21059
21091,21059
17159,17185
18051,17185
17101,17185
18083,17185
47027,47087
47133,47087
47107,47121
47145,47121
13221,13059
13195,13059
38031,38103
38069,38103
38027,38103
38005,38103
19023,19033
19195,19033
19067,19033
19131,19033
17079,17159
17101,17159
17033,17159
13029,13179
13051,13179
27155,27011
27151,27011
27149,27011
19013,19023
19067,19023
19017,19023
19037,19023
17115,17173
17035,17173
17139,17173
17029,17173
38069,38049
38009,38049
27013,27015
27129,27015
27103,27015
27013,27043
27047,27043
27161,27043
18173,18051
18125,18051
18083,18051
13163,13125
13301,13125
47123,47107
47145,47107
47105,47107
19031,19139
17161,19139
19163,19139
13301,13265
13221,13265
13317,13265
13301,13163
13189,13163
13033,13163
13245,13163
19017,19013
19019,19013
19065,19013
18147,18173
18125,18173
18037,18173
17095,17131
17161,17131
17073,17131
13311,13291
37039,13291
13281,13291
37043,13291
13317,13301
13189,13301
38003,38073
38077,38073
38017,38073
13195,13221
13317,13221
13105,13221
13031,13029
13051,13029
13103,13029
13195,13011
13137,13011
13119,13011
13257,13011
17035,17079
17033,17079
17023,17079
13165,13031
13103,13031
13251,13031
27129,27023
27151,27023
27067,27023
47145,47035
47049,47035
47129,47035
13137,13311
13281,13311
17115,17107
17179,17107
17039,17107
17113,17107
21171,47027
47133,47027
21057,47027
47137,47027
21053,47027
21009,21171
21169,21171
21057,21171
21009,21061
21085,21061
21099,21061
21091,18147
18123,18147
18037,18147
27047,19195
19131,19195
27099,19195
21169,21009
21099,21009
13119,13195
13105,13195
13147,13195
19031,19113
19019,19113
19105,19113
19055,19113
18083,17101
17033,17101
17143,17095
17073,17095
17175,17095
47049,47133
47137,47133
27149,27155
38077,27155
27051,27155
27167,27155
21027,21091
18123,21091
19017,19067
19131,19067
19037,19067
19089,19067
17139,17115
17039,17115
17147,17115
27103,27013
27161,27013
27079,27013
13033,13165
13251,13165
27103,27129
27143,27129
27067,27129
27085,27129
27093,27129
47123,37039
37043,37039
37075,37039
37113,37039
21027,21085
21099,21085
21093,21085
27149,27151
27067,27151
27121,27151
19163,19031
19105,19031
19045,19031
17029,17035
17023,17035
38027,38031
38039,38031
38039,38003
38017,38003
38091,38003
17029,17139
17147,17139
17041,17139
19019,19017
19037,19017
19065,19017
13189,13317
13105,13317
13181,13317
13281,13137
13257,13137
13241,13137
45073,13137
13073,13189
13245,13189
13181,13189
18083,18125
18037,18125
18027,18125
47105,47123
37075,47123
47009,47123
37043,13281
13241,13281
38009,38069
38005,38069
38079,38069
38095,38069
27051,27149
27121,27149
27041,27149
17143,17179
17203,17179
17113,17179
13257,13119
13147,13119
45073,13119
27167,38077
38017,38077
27027,38077
19055,19019
19065,19019
19043,19019
38079,38009
13103,13051
45053,13051
27161,27047
27147,27047
27099,27047
27143,27103
27079,27103
13251,13033
13245,13033
45005,13033
45011,13033
45003,13033
19163,17161
17073,17161
19045,17161
17195,17161
17175,17143
17203,17143
17123,17143
17033,18083
18027,18083
18153,18083
18055,18083
17023,17033
18153,17033
47105,47145
47129,47145
47001,47145
47093,47145
18123,21027
21093,21027
21163,21027
45073,13257
21057,21169
21099,21169
21087,21169
21001,21169
13241,37043
37113,37043
13251,13103
45053,13103
45049,13103
21053,21057
21001,21057
21207,21057
19037,19131
27099,19131
19089,19131
13147,13105
13181,13105
45065,13105
45001,13105
45007,13105
17023,17029
17041,17029
17045,17029
45005,13251
45049,13251
21087,21099
21093,21099
21123,21099
38005,38027
38039,38027
38063,38027
47009,47105
47093,47105
47137,47049
47129,47049
47151,47049
19045,19163
27079,27161
27147,27161
27131,27161
17147,17039
17113,17039
18037,18123
21163,18123
18025,18123
21053,47137
47151,47137
21231,47137
19065,19037
19089,19037
19191,19037
38063,38005
38071,38005
38095,38005
13245,13073
13181,13073
45065,13073
45037,13073
45073,13147
45007,13147
47001,47129
47151,47129
45037,13245
45003,13245
45065,13181
19055,19105
19045,19105
19097,19105
19061,19105
18027,18037
18025,18037
18101,18037
18117,18037
27079,27143
27085,27143
27019,27143
27139,27143
27121,27067
27093,27067
27145,27067
45073,13241
37113,13241
37099,13241
37113,37075
47009,37075
37173,37075
21207,21053
21231,21053
17175,17073
17011,17073
17195,17073
17041,17147
17113,17147
17019,17147
27121,27051
27167,27051
27041,27051
27111,27051
17123,17175
17011,17175
18153,17023
17045,17023
18167,17023
38091,38039
38063,38039
18101,18027
18055,18027
17045,17041
17019,17041
17183,17041
27041,27121
27145,27121
19065,19055
19061,19055
19043,19055
19043,19065
19191,19065
19005,19065
21001,21087
21123,21087
21217,21087
27131,27079
27139,27079
27027,27167
27111,27167
21163,21093
21123,21093
18061,21093
21029,21093
21179,21093
21111,21093
18055,18153
18167,18153
18021,18153
45001,45065
45037,45065
45047,45065
27099,27147
27039,27147
27131,27147
38091,38017
27027,38017
38097,38017
27107,38017
19089,27099
27039,27099
27045,27099
27109,27099
18025,21163
18061,21163
27093,27085
27019,27085
27171,27085
45049,45053
45013,45053
37113,45073
45007,45073
37099,45073
45077,45073
37175,45073
37173,37113
37099,37113
19097,19045
17195,19045
17015,19045
47093,47009
37173,47009
47155,47009
19191,19089
27045,19089
21207,21001
21217,21001
21045,21001
17113,17203
17123,17203
17105,17203
17099,17203
21217,21123
21155,21123
21179,21123
17019,17113
17053,17113
17105,17113
18117,18025
18061,18025
18175,18025
27145,27093
27171,27093
45007,45001
45047,45001
45059,45001
45045,45001
45049,45005
45011,45005
45009,45005
45029,45005
21231,21207
21045,21207
21199,21207
18117,18101
18055,18101
18093,18101
47151,47001
47093,47001
47013,47001
47173,47001
21231,47151
21147,47151
47013,47151
38095,38079
17155,17123
17011,17123
17099,17123
21147,21231
21199,21231
45013,45049
45009,45049
45029,45049
45077,45007
45059,45007
45045,45007
45003,45037
45047,45037
45081,45037
38063,38091
38097,38091
38035,38091
17019,17045
18167,17045
18165,17045
17183,17045
21155,21217
21045,21217
19061,19097
17015,19097
17085,19097
27145,27041
27111,27041
27153,27041
27131,27039
27109,27039
27049,27039
27139,27131
27037,27131
27049,27131
18093,18117
18175,18117
45029,45013
47155,47093
47173,47093
47089,47093
47057,47093
17053,17019
17183,17019
18043,18061
18175,18061
21111,18061
18021,18055
18093,18055
18119,18055
18105,18055
19043,19061
17085,19061
55043,19061
45003,45011
45009,45011
45075,45011
18021,18167
18165,18167
18121,18167
19191,19043
19005,19043
55043,19043
55023,19043
27045,19191
19005,19191
27055,19191
37099,37173
47155,37173
37087,37173
45081,45003
45063,45003
45075,45003
27139,27019
27171,27019
27053,27019
17011,17155
17099,17155
17195,17011
17099,17011
17103,17011
38071,38063
38035,38063
38099,38063
38095,38071
38019,38071
38099,38071
27037,27139
27053,27139
17015,17195
17103,17195
17141,17195
45081,45047
45059,45047
45071,45047
37175,37099
37087,37099
47013,21147
21199,21147
21235,21147
21125,21147
47173,47013
21235,47013
47025,47013
21179,21029
21111,21029
21215,21029
37175,45077
45045,45077
21179,21155
21045,21155
21229,21155
21021,21155
38019,38095
27171,27145
27153,27145
27141,27145
27009,27145
27097,27145
47089,47155
37087,47155
47029,47155
27111,27027
27107,27027
27005,27027
21229,21179
21215,21179
21005,21179
18119,18021
18121,18021
18133,18021
27109,27045
27055,27045
27169,27045
18175,18093
18105,18093
18071,18093
27153,27111
27005,27111
27159,27111
21199,21045
21021,21045
21137,21045
18175,18043
21111,18043
18019,18043
27053,27171
27141,27171
38035,38097
27107,38097
27119,38097
27049,27109
27157,27109
27169,27109
45029,45009
45075,45009
47057,47173
47025,47173
17183,18165
18121,18165
18045,18165
18171,18165
45045,37175
37087,37175
37089,37175
45063,45081
45071,45081
18019,18175
18071,18175
18143,18175
17085,17015
17141,17015
17177,17015
18105,18119
18133,18119
18109,18119
21137,21199
21125,21199
21203,21199
27055,19005
55023,19005
55123,19005
21215,21111
18019,21111
21185,21111
21211,21111
17105,17053
17183,17053
17075,17053
17091,17053
17099,17105
17063,17105
17091,17105
45075,45029
45035,45029
45019,45029
21021,21229
21167,21229
21005,21229
17075,17183
18171,17183
18007,17183
55043,17085
55065,17085
17177,17085
27049,27037
27053,27037
27123,27037
27163,27037
55093,27037
27157,27049
55093,27049
55091,27049
47025,21235
21125,21235
21121,21235
21013,21235
27141,27053
27123,27053
27003,27053
47057,47089
47029,47089
47063,47089
45045,45059
45071,45059
45083,45059
45087,45059
27097,27153
27159,27153
27021,27153
37089,45045
45083,45045
37149,45045
18133,18121
18045,18121
18107,18121
47029,37087
37089,37087
37021,37087
37115,37087
18071,18105
18013,18105
18109,18105
55023,55043
55065,55043
55049,55043
55103,55043
21211,21215
21005,21215
17103,17099
17063,17099
17093,17099
17037,17099
21137,21021
21167,21021
21079,21021
17141,17103
17037,17103
38099,38035
27119,38035
27089,38035
18143,18019
21185,18019
21223,18019
18077,18019
21203,21137
21079,21137
47025,47057
47063,47057
47067,47057
47073,47057
27005,27107
27087,27107
27119,27107
27169,27055
55123,27055
55063,27055
47063,47029
37115,47029
47059,47029
21013,47025
47067,47025
51105,47025
18109,18133
18107,18133
18063,18133
27009,27141
27003,27141
27059,27141
27095,27141
55123,55023
55103,55023
45071,45063
45075,45063
45017,45063
45079,45063
18143,18071
18013,18071
18005,18071
18079,18071
27169,27157
55011,27157
55091,27157
45087,45071
45079,45071
45039,45071
21005,21167
21079,21167
21113,21167
21239,21167
18077,18143
18079,18143
21211,21185
21223,21185
21103,21185
55011,27169
55063,27169
55121,27169
27159,27005
27087,27005
27057,27005
27029,27005
27003,27123
27163,27123
38099,38019
38067,38019
45035,45075
45017,45075
45015,45075
45027,45075
37021,37089
37149,37089
37161,37089
17177,55065
55049,55065
55045,55065
18171,18045
18107,18045
18157,18045
27097,27009
27095,27009
18109,18013
18005,18013
18081,18013
47059,47063
47073,47063
21121,21125
21203,21125
21109,21125
21051,21125
21005,21211
21103,21211
21073,21211
21239,21005
21073,21005
17177,17141
17037,17141
17201,17141
17007,17141
21013,21121
21051,21121
21079,21203
21109,21203
21151,21203
55045,17177
17201,17177
18007,17075
17091,17075
18111,17075
21051,21013
51105,21013
21095,21013
21131,21013
38067,38099
27089,38099
45019,45035
45015,45035
18063,18109
18081,18109
18097,18109
18007,18171
18157,18171
21113,21079
21151,21079
37149,45083
45087,45083
45021,45083
37161,45083
17093,17063
17091,17063
17197,17063
27095,27097
27035,27097
27021,27097
27163,27003
27059,27003
27025,27003
55093,27163
55109,27163
27025,27163
55095,27163
27057,27159
27021,27159
37115,37021
37161,37021
37199,37021
37111,37021
55109,55093
55091,55093
55033,55093
45079,45017
45027,45017
45085,45017
18063,18107
18157,18107
18011,18107
18023,18107
47059,37115
37199,37115
47171,37115
37161,37149
21103,21223
18077,21223
21041,21223
45039,45087
45021,45087
45023,45087
45091,45087
21239,21113
21151,21113
21067,21113
21073,21239
21067,21239
21209,21239
18011,18063
18097,18063
45015,45019
45043,45019
18079,18005
18081,18005
18145,18005
18031,18005
21073,21103
21041,21103
21187,21103
55045,55049
55103,55049
55111,55049
55025,55049
47073,47067
51105,47067
51169,47067
27119,27087
27029,27087
18079,18077
21041,18077
18155,18077
18137,18077
21187,21073
21209,21073
55063,55123
55103,55123
55081,55123
55111,55123
55057,55123
18031,18079
18137,18079
17037,17093
17197,17093
17089,17093
17043,17093
21151,21109
21051,21109
21065,21109
21189,21109
21129,21109
17201,17037
17089,17037
17007,17037
17111,17037
27125,27119
27029,27119
27113,27119
27089,27119
47073,47059
47171,47059
47179,47059
18157,18007
18111,18007
18181,18007
18073,18007
27095,27059
27025,27059
27065,27059
27115,27059
55091,55011
55121,55011
55035,55011
45039,45079
45085,45079
45055,45079
18097,18081
18145,18081
17197,17091
18111,17091
18089,17091
21067,21151
21065,21151
21049,21151
55121,55063
55081,55063
55053,55063
17201,55045
55105,55045
55025,55045
21131,21051
21189,21051
21193,21051
55111,55103
17007,17201
55105,17201
45023,45039
45055,45039
45057,45039
55033,55109
55095,55109
55005,55109
27035,27095
27065,27095
27001,27095
21187,21041
18155,21041
21077,21041
47179,47073
51169,47073
47163,47073
18023,18157
18181,18157
18015,18157
21209,21067
21049,21067
21017,21067
55033,55091
55035,55091
21095,51105
51169,51105
51195,51105
37161,45021
37045,45021
45091,45021
37111,37161
37045,37161
37023,37161
18097,18011
18023,18011
18057,18011
27089,38067
27069,38067
17043,17197
18089,17197
17031,17197
21209,21187
21077,21187
21081,21187
55053,55121
55035,55121
27065,27025
55095,27025
27115,27025
55013,27025
21131,21095
21193,21095
21133,21095
51195,21095
18145,18097
18057,18097
18059,18097
37111,37199
47171,37199
37121,37199
18073,18111
18089,18111
45027,45015
45089,45015
45043,45015
21017,21209
21081,21209
21097,21209
21193,21131
21049,21065
21129,21065
21197,21065
27113,27125
21129,21189
21193,21189
21025,21189
18031,18145
18059,18145
18139,18145
17043,17089
17111,17089
17031,17089
37121,37111
37023,37111
37011,37111
45091,45023
45057,45023
47179,47171
37121,47171
47019,47171
55105,17007
17111,17007
55127,17007
18137,18155
21077,18155
18115,18155
21015,18155
27029,27057
27021,27057
27007,27057
27021,27035
27001,27035
18137,18031
18139,18031
18047,18031
45085,45027
45089,45027
45041,45027
21197,21049
21017,21049
21173,21049
27115,27065
27001,27065
18115,18137
18029,18137
18047,18137
45055,45085
45061,45085
45041,45085
47019,47179
47163,47179
18057,18023
18015,18023
18159,18023
18067,18023
21081,21077
21015,21077
21197,21129
21025,21129
21237,21129
55095,55033
55035,55033
55005,55033
55017,55033
55053,55081
55057,55081
55025,55105
55127,55105
55055,55105
45091,37045
37023,37045
37071,37045
37109,37045
47019,37121
37011,37121
55025,55111
55057,55111
55021,55111
55001,55111
27113,27029
27007,27029
18029,18115
21015,18115
17031,17043
18073,18181
18015,18181
18131,18181
18017,18181
21173,21197
21237,21197
21165,21197
21097,21017
21173,21017
21181,21017
21011,21017
45057,45091
37071,45091
37119,45091
55005,55095
55013,55095
27089,27113
27007,27113
18089,18073
18131,18073
18127,18073
18149,18073
18091,18073
21097,21081
21015,21081
21191,21081
21117,21081
45061,45055
45057,45055
45031,45055
45025,45055
55021,55025
55055,55025
55027,55025
21025,21193
21133,21193
21119,21193
18059,18057
18159,18057
18095,18057
18139,18059
18095,18059
18065,18059
18067,18015
18017,18015
27069,27089
27007,27089
27135,27089
27001,27021
27007,27021
27061,27021
21181,21097
21191,21097
21201,21097
21023,21097
21181,21173
21165,21173
21011,21173
55127,17111
17031,17111
17097,17111
55059,17111
47163,51169
51195,51169
51191,51169
51167,51169
55035,55053
55057,55053
55019,55053
55141,55053
18047,18139
18041,18139
18065,18139
21015,18029
18047,18029
39061,18029
39017,18029
37011,37023
37109,37023
37027,37023
37035,37023
55017,55035
55019,55035
21237,21025
21119,21025
21153,21025
21117,21015
39061,21015
27135,27069
17031,18089
18127,18089
45041,45061
45031,45061
37119,45057
37179,45057
45025,45057
37011,47019
47163,47019
47091,47019
21165,21237
21153,21237
21175,21237
37027,37011
37189,37011
47091,37011
47091,47163
51191,47163
18067,18159
18095,18159
18053,18159
51195,21133
21119,21133
21195,21133
21011,21181
21201,21181
21069,21181
37109,37071
37119,37071
21117,21191
21037,21191
21023,21191
39025,21191
45043,45089
45041,45089
45067,45089
18041,18047
39061,18047
18161,18047
39017,18047
55021,55057
55001,55057
55141,55057
21011,21165
21175,21165
21205,21165
21037,21117
39061,21117
51051,51195
51167,51195
21195,51195
55055,55127
55133,55127
55059,55127
55101,55127
21069,21011
21205,21011
18017,18067
18103,18067
18053,18067
18127,17031
17097,17031
26021,17031
21153,21119
21071,21119
21195,21119
27001,27115
55013,27115
27017,27115
55031,27115
18017,18131
18149,18131
18049,18131
18099,18131
21023,21201
21069,21201
21161,21201
37035,37109
37119,37109
37097,37109
27017,27001
27061,27001
27137,27001
18065,18041
18161,18041
18177,18041
18103,18017
18049,18017
18065,18095
18035,18095
18053,18095
55013,55005
55017,55005
55129,55005
55107,55005
55113,55005
55129,55013
55031,55013
18035,18065
18177,18065
18135,18065
55001,55021
55077,55021
55027,55021
55047,55021
55019,55017
55107,55017
55119,55017
39061,21037
39025,21037
18149,18127
18091,18127
26021,18127
55133,55055
55027,55055
37035,37027
37189,37027
37003,37027
37193,37027
21161,21023
39025,21023
39015,21023
45067,45043
45051,45043
27135,27007
27061,27007
27077,27007
27071,27007
37003,37035
37097,37035
37179,37119
37025,37119
37097,37119
47091,37189
37009,37189
37193,37189
39017,39061
39025,39061
39165,39061
21175,21153
21071,21153
21115,21153
21161,21069
21205,21069
21135,21069
21205,21175
21063,21175
21115,21175
21127,21175
51191,47091
37009,47091
51077,47091
55077,55001
55141,55001
55137,55001
55097,55001
18177,18161
39017,18161
39135,18161
45031,45041
45067,45041
45069,45041
45033,45041
45025,37179
37025,37179
37007,37179
37167,37179
45025,45031
45069,45031
18049,18149
18091,18149
18099,18149
18141,18149
39015,21161
21135,21161
39001,21161
55141,55019
55119,55019
55073,55019
18049,18103
18053,18103
18169,18103
21063,21205
21135,21205
21043,21205
37007,45025
45069,45025
37153,45025
51167,51051
21195,51051
51027,51051
18053,18035
18135,18035
18009,18035
18075,18035
21115,21071
21195,21071
21159,21071
18169,18049
18099,18049
18085,18049
55047,55077
55137,55077
39135,18177
18135,18177
39037,18177
39135,39017
39165,39017
39113,39017
51167,51191
51173,51191
51077,51191
18169,18053
18009,18053
18069,18053
18179,18053
39015,39025
39165,39025
39027,39025
37097,37003
37193,37003
26021,18091
18141,18091
51027,51167
51173,51167
51185,51167
27077,27135
55097,55141
55073,55141
55027,55133
55131,55133
55101,55133
55079,55133
55089,55133
55107,55129
55113,55129
55031,55129
55007,55129
21043,21063
21127,21063
21159,21115
21127,21115
39001,39015
39071,39015
39027,39015
55047,55027
55131,55027
55039,55027
37193,37009
37005,37009
51077,37009
55031,27017
27137,27017
26021,17097
55059,17097
26159,17097
26005,17097
37097,37025
37167,37025
37159,37025
39113,39135
39037,39135
18069,18169
18085,18169
18183,18169
55119,55107
55113,55107
55099,55107
37193,37097
37159,37097
37059,37097
37197,37097
51027,21195
21159,21195
54059,21195
18141,18099
18085,18099
18039,18099
45051,45067
45033,45067
21043,21135
39001,21135
21089,21135
39145,21135
18141,26021
26027,26021
26159,26021
55137,55047
55039,55047
55139,55047
18075,18135
39037,18135
45069,37007
37167,37007
37153,37007
37123,37007
18075,18009
18179,18009
37005,37193
37197,37193
37171,37193
39113,39165
39027,39165
39057,39165
21127,21043
21089,21043
21019,21043
27071,27061
27137,27061
45033,45069
37153,45069
37165,45069
37155,45069
54059,51027
51185,51027
54047,51027
55097,55137
55139,55137
55135,55137
21127,21159
54059,21159
54099,21159
37159,37167
37153,37167
37123,37167
37057,37167
37059,37159
37123,37159
37057,37159
55101,55059
26005,55059
21019,21127
54099,21127
39071,39001
39145,39001
39131,39001
18179,18069
18183,18069
18003,18069
55073,55119
55099,55119
55069,55119
51077,51173
51185,51173
51197,51173
51021,51173
18039,18141
26027,18141
45033,45051
37155,45051
37047,45051
37019,45051
37155,45033
37047,45033
18183,18085
18039,18085
18113,18085
39037,18075
18179,18075
18001,18075
39107,18075
55039,55131
55079,55131
55089,55131
55117,55131
39037,39113
39057,39113
39109,39113
39023,39113
55073,55097
55135,55097
55115,55097
51077,37005
37171,37005
39109,39037
39107,39037
39149,39037
55079,55101
26005,55101
26139,55101
55031,55113
55099,55113
55007,55113
55003,55113
18001,18179
18003,18179
27137,55031
55007,55031
27075,55031
37171,51077
51197,51077
51035,51077
39027,39071
39131,39071
39047,39071
39141,39071
37123,37153
37165,37153
37093,37153
37125,37153
39057,39027
39047,39027
37197,37059
37057,37059
37067,37059
55139,55039
55015,55039
55117,55039
54099,54059
54047,54059
54045,54059
54109,54059
54043,54059
21019,21089
39145,21089
39087,21089
54047,51185
51021,51185
54055,51185
18113,18183
18003,18183
27071,27077
37171,37197
37067,37197
55135,55073
55069,55073
55115,55073
55067,55073
54099,21019
39087,21019
37057,37123
37125,37123
37151,37123
37155,37165
37093,37165
37125,37165
55089,55079
26139,55079
26121,55079
39087,54099
54043,54099
54011,54099
39047,39057
39023,39057
39097,39057
55135,55139
55015,55139
55087,55139
26027,18039
18113,18039
18087,18039
26149,18039
54109,54047
54055,54047
39023,39109
39149,39109
39021,39109
39131,39145
39087,39145
39079,39145
39107,18001
18003,18001
39161,18001
37067,37057
37151,37057
37081,37057
39149,39107
39161,39107
39011,39107
37067,37171
51035,37171
37169,37171
51141,37171
54109,54045
54043,54045
54005,54045
55087,55135
55115,55135
51021,51197
51035,51197
51155,51197
37047,37155
37093,37155
37017,37155
37051,37155
27137,27071
26159,26027
26149,26027
26077,26027
55069,55099
55003,55099
55085,55099
55051,55099
55125,55099
39141,39131
39079,39131
18003,18113
18087,18113
18033,18113
18151,18113
39161,18003
18033,18003
39125,18003
39039,18003
26005,26159
26149,26159
26077,26159
39141,39047
39097,39047
39129,39047
55117,55089
26121,55089
26127,55089
26139,26005
26077,26005
26015,26005
26081,26005
37169,37067
37081,37067
37157,37067
54011,39087
39079,39087
39053,39087
54055,51021
51155,51021
51071,51021
39021,39023
39097,39023
39011,39149
39021,39149
39091,39149
37019,37047
37017,37047
37141,37047
54005,54109
54055,54109
54081,54109
54011,54043
54005,54043
54079,54043
54039,54043
37125,37093
37051,37093
51155,51035
51141,51035
51063,51035
37151,37125
37051,37125
37105,37125
37037,37125
37085,37125
55067,55069
55085,55069
37081,37151
37037,37151
37001,37151
55117,55015
55087,55015
55009,55015
55071,55015
39053,54011
54079,54011
54053,54011
18033,18087
26149,18087
18151,18087
26023,18087
39079,39141
39129,39141
39163,39141
39073,39141
39011,39161
39125,39161
39003,39161
39137,39161
26127,55117
55071,55117
26105,55117
27075,27137
55115,55087
55009,55087
39091,39011
39003,39011
39065,39011
55003,55007
27075,55007
39097,39021
39091,39021
39159,39021
54081,54005
54039,54005
37081,37169
51141,37169
37157,37169
51089,37169
37129,37019
37141,37019
54081,54055
51071,54055
54089,54055
39053,39079
39163,39079
18151,18033
39039,18033
39171,18033
26121,26139
26081,26139
26077,26149
26023,26149
26025,26149
55067,55115
55078,55115
55009,55115
55083,55115
39129,39097
39159,39097
39049,39097
51071,51155
51063,51155
51121,51155
54053,39053
39163,39053
39105,39053
37051,37017
37163,37017
37141,37017
39039,39125
39137,39125
37157,37081
37001,37081
51063,51141
51089,51141
51067,51141
54039,54081
54089,54081
54019,54081
39049,39129
39073,39129
39045,39129
39159,39091
39065,39091
54053,54079
54039,54079
54035,54079
37085,37051
37163,37051
39137,39003
39065,39003
39063,39003
37037,37105
37085,37105
26023,18151
39171,18151
26059,18151
55078,55067
55085,55067
55083,55067
55041,55067
55051,55003
27075,55003
26053,55003
27031,55003
26131,55003
26127,26121
26081,26121
26123,26121
54089,51071
51121,51071
54063,51071
51045,51071
55083,55078
51121,51063
51161,51063
51067,51063
55125,55085
55041,55085
39105,54053
54035,54053
39073,39163
39105,39163
39009,39163
26023,26077
26025,26077
26015,26077
37085,37037
37001,37037
37135,37037
37063,37037
37183,37037
55125,55051
26053,55051
55071,55009
55083,55009
55061,55009
55029,55009
39137,39039
39171,39039
39069,39039
51089,37157
37001,37157
37033,37157
51143,37157
51067,51089
51143,51089
54019,54039
54035,54039
54087,54039
54015,54039
54067,54039
26059,26023
26025,26023
39069,39137
39063,39137
39173,39137
37163,37085
37183,37085
37101,37085
54019,54089
54063,54089
54025,54089
39049,39159
39065,39159
39041,39159
39101,39159
37141,37129
37135,37001
37033,37001
51161,51121
51045,51121
39045,39049
39041,39049
39089,39049
39063,39065
39101,39065
39175,39065
26059,39171
39069,39171
39051,39171
39045,39073
39009,39073
39127,39073
26105,26127
26123,26127
26085,26127
54067,54019
54025,54019
26105,55071
55061,55071
26101,55071
54035,39105
39009,39105
54107,39105
37141,37163
37061,37163
37101,37163
37191,37163
27031,27075
39127,39045
39089,39045
51045,54063
54025,54063
51005,54063
26053,55125
55041,55125
26071,55125
55041,55083
55075,55083
55029,55083
54087,54035
54105,54035
54107,54035
37061,37141
37133,37141
26025,26059
39051,26059
26091,26059
26075,26059
39101,39041
39089,39041
39117,39041
39083,39041
39063,39069
39051,39069
39173,39069
39095,39069
26015,26025
26045,26025
26075,26025
37033,37135
37063,37135
37145,37135
39127,39009
54107,39009
39115,39009
39167,39009
51067,51161
51045,51161
51023,51161
51019,51161
51143,51067
51019,51067
39175,39063
39173,39063
39147,39063
26081,26015
26045,26015
26067,26015
51143,37033
37145,37033
51083,37033
26071,26053
26131,26053
55075,55041
55037,55041
26071,55041
51023,51045
51005,51045
39175,39101
39117,39101
39033,39101
54015,54087
54105,54087
54013,54087
26123,26105
26101,26105
26085,26105
54067,54015
54013,54015
54007,54015
26091,39051
39095,39051
39089,39127
39115,39127
39119,39127
37183,37063
37145,37063
37077,37063
39033,39175
39147,39175
37101,37183
37077,37183
37069,37183
37127,37183
37191,37061
37133,37061
37107,37061
37103,37061
26123,26081
26067,26081
26117,26081
54025,54067
54007,54067
54101,54067
37191,37101
37069,37101
37195,37101
37127,37101
26101,55061
55029,55061
26019,55061
51005,54025
54101,54025
54075,54025
51017,54025
39083,39089
39119,39089
39031,39089
54107,54105
54013,54105
54085,54105
51019,51143
51083,51143
51031,51143
39033,39117
39083,39117
39139,39117
39147,39173
39143,39173
39095,39173
39123,39173
39167,54107
54085,54107
54073,54107
55037,55075
55029,55075
26109,55075
26043,55075
37077,37145
51083,37145
39167,39115
39119,39115
39121,39115
26075,26045
26067,26045
26065,26045
26037,26045
54007,54013
54021,54013
54085,54013
26075,26091
39095,26091
26161,26091
26115,26091
26065,26075
26161,26075
26093,26075
37107,37191
37195,37191
37079,37191
37103,37133
37031,37133
26117,26123
26085,26123
26107,26123
26133,26123
26071,55037
26043,55037
39147,39033
39139,39033
39077,39033
26117,26067
26037,26067
26057,26067
51005,51023
51019,51023
51163,51023
51017,51005
51163,51005
26085,26101
26019,26101
26165,26101
26055,26101
39139,39083
39031,39083
39005,39083
39075,39083
39143,39147
39077,39147
54073,39167
39121,39167
54095,39167
39111,39167
51083,37077
37069,37077
37181,37077
51117,37077
51031,51019
51163,51019
51009,51019
39121,39119
39031,39119
39059,39119
54021,54007
54101,54007
54041,54007
26131,27031
26083,27031
26131,26071
26043,26071
26013,26071
26061,26071
26103,26071
51031,51083
51037,51083
51117,51083
54085,54021
54041,54021
54017,54021
37103,37107
37079,37107
37049,37107
37147,37107
54073,54085
54017,54085
54095,54085
54075,54101
54041,54101
54097,54101
54083,54101
39123,39143
39077,39143
39043,39143
26115,39095
39123,39095
37181,37069
37127,37069
37185,37069
37083,37069
39077,39139
39005,39139
26107,26117
26037,26117
26057,26117
26073,26117
54095,54073
26037,26065
26093,26065
26155,26065
26019,55029
26109,55029
26041,55029
26089,55029
37079,37195
37127,37195
37147,37195
37065,37195
37049,37103
37031,37103
26107,26085
26133,26085
26165,26085
37147,37079
39059,39121
39111,39121
39013,39121
51117,37181
37185,37181
26165,26019
26089,26019
26055,26019
39059,39031
39075,39031
39157,39031
51037,51031
51009,51031
51011,51031
26043,26109
26041,26109
26103,26109
26133,26107
26073,26107
26035,26107
26057,26037
26155,26037
26115,26161
26093,26161
26163,26161
26125,26161
26061,26131
26083,26131
26163,26115
37185,37127
37065,37127
37083,37127
51017,54075
51091,54075
54083,54075
54071,54075
51163,51017
51091,51017
51015,51017
39043,39123
39005,39077
39043,39077
39093,39077
26103,26043
39075,39005
39169,39005
39103,39005
39093,39005
51009,51163
51125,51163
51015,51163
39157,39059
39013,39059
39067,39059
54017,54041
54097,54041
54033,54041
54095,54017
54033,54017
54103,54017
39169,39075
39157,39075
39151,39075
39111,54095
54103,54095
51117,51037
51011,51037
51111,51037
51147,51037
54103,39111
39013,39111
54051,39111
37147,37049
37031,37049
37137,37049
37013,37049
37185,51117
51111,51117
51025,51117
26155,26093
26125,26093
26049,26093
37083,37185
51025,37185
37131,37185
51011,51009
51125,51009
26155,26057
26073,26057
26145,26057
26111,26057
54033,54097
54083,54097
54001,54097
26073,26133
26165,26133
26035,26133
26113,26133
37065,37147
37013,37147
37117,37147
37083,37065
37117,37065
26145,26155
26049,26155
51147,51011
51125,51011
51029,51011
26061,26013
26103,26013
26035,26073
26111,26073
26051,26073
26055,26165
26113,26165
26079,26165
26103,26061
26083,26061
39103,39169
39151,39169
39153,39169
51015,51091
54071,51091
54103,54033
54001,54033
54049,54033
54091,54033
39067,39157
39151,39157
39019,39157
39093,39043
26125,26163
26099,26163
54051,54103
54049,54103
54061,54103
42059,54103
54001,54083
54071,54083
54093,54083
54023,54083
51147,51111
51025,51111
51135,51111
37137,37031
37095,37031
37117,37083
37131,37083
37015,37083
39067,39013
54051,39013
54069,39013
39081,39013
51029,51147
51135,51147
51049,51147
51007,51147
51015,51125
51029,51125
51003,51125
37013,37137
37095,37137
26089,26041
26103,26041
26153,26041
26003,26041
39093,39103
39153,39103
39035,39103
39019,39067
39081,39067
26111,26035
26113,26035
26051,26035
26143,26035
54071,51015
51003,51015
51165,51015
54069,54051
42059,54051
42125,54051
39035,39093
54091,54001
54093,54001
54077,54001
26049,26125
26099,26125
26087,26125
37117,37013
37187,37013
37095,37013
26055,26089
26009,26089
26153,26089
26029,26089
26111,26145
26049,26145
26017,26145
26157,26145
37015,37117
37187,37117
26113,26055
26079,26055
26009,26055
26051,26111
26017,26111
51135,51025
37131,51025
51081,51025
51053,51025
26087,26049
26157,26049
51049,51029
51003,51029
51065,51029
26079,26113
26143,26113
26039,26113
54091,54049
54061,54049
54061,54091
54077,54091
39019,39151
39153,39151
39133,39151
39029,39151
39099,39151
51007,51135
51053,51135
26083,26103
26003,26103
39081,39019
39029,39019
51081,37131
37015,37131
37091,37131
51175,37131
51165,54071
54023,54071
54031,54071
39081,54069
54009,54069
42125,54069
51053,51081
51175,51081
51183,51081
39133,39153
39035,39153
39055,39153
51007,51049
51065,51049
51145,51049
51075,51049
26017,26051
26143,26051
26129,26051
26011,26051
42059,54061
54077,54061
42051,54061
54009,39081
54029,39081
39029,39081
37187,37015
37091,37015
37041,37015
54077,54093
54023,54093
42125,42059
42051,42059
26143,26079
26009,26079
26039,26079
26137,26079
51053,51007
51145,51007
51041,51007
51165,51003
51065,51003
51079,51003
51109,51003
51137,51003
54029,54009
42125,54009
26087,26099
26147,26099
26157,26017
26011,26017
26063,26017
26039,26143
26129,26143
26135,26143
51079,51165
54031,51165
51139,51165
51171,51165
51075,51065
51109,51065
51183,51053
51041,51053
51149,51053
26157,26087
26147,26087
26151,26087
54023,54077
42051,54077
24023,54077
37095,37187
37041,37187
37177,37187
37143,37187
51175,37091
37041,37091
37073,37091
26039,26009
26029,26009
26137,26009
39035,39133
39099,39133
39055,39133
39155,39133
42125,54029
39029,54029
42007,54029
51075,51145
51041,51145
51087,51145
37177,37095
37055,37095
42051,42125
42007,42125
42003,42125
42129,42125
39099,39029
42007,39029
42073,39029
39055,39035
39085,39035
26151,26157
26063,26157
26029,26153
26003,26153
26097,26153
26095,26153
54031,54023
24023,54023
54057,54023
54027,54023
26003,26083
51139,51079
51113,51079
51137,51079
51183,51175
37073,51175
51093,51175
51181,51175
51149,51183
51181,51183
37073,37041
37143,37041
26129,26039
26137,26039
26135,26039
26119,26039
51041,51075
51109,51075
51087,51075
51085,51075
51149,51041
51087,51041
51036,51041
26137,26029
26047,26029
26097,26029
26031,26029
26151,26147
26011,26129
26135,26129
26069,26129
26001,26129
39155,39099
42073,39099
42085,39099
37143,37073
37139,37073
37029,37073
26063,26011
26069,26011
39085,39055
39155,39055
39007,39055
51137,51109
51085,51109
51177,51109
51171,54031
54057,54031
54027,54031
51069,54031
24023,42051
42129,42051
42111,42051
51113,51139
51171,51139
51157,51139
51187,51139
42003,42007
42073,42007
42019,42007
54057,24023
24001,24023
42111,24023
51137,51113
51157,51113
51047,51113
37143,37177
37055,37177
37139,37177
37029,37177
37053,37177
37139,37143
51181,51149
51036,51149
51187,51171
51069,51171
39007,39085
26135,26137
26119,26137
26031,26137
51047,51137
51177,51137
42129,42003
42019,42003
42005,42003
42085,39155
39007,39155
42039,39155
51085,51087
51036,51087
51127,51087
54027,54057
24001,54057
26119,26135
26069,26135
26007,26135
26001,26135
37053,37055
51177,51085
51127,51085
51101,51085
51033,51085
37029,37139
42019,42073
42085,42073
51181,51093
51095,51093
26097,26047
26031,26047
51036,51181
51095,51181
51127,51036
51095,51036
51047,51157
51187,51157
51061,51157
26063,26151
51177,51047
51061,51047
51179,51047
37053,37029
26095,26003
51033,51177
51179,51177
24001,54027
51069,54027
54065,54027
42111,42129
42005,42129
42063,42129
42021,42129
51069,51187
51061,51187
51043,51187
26031,26119
26007,26119
26001,26119
26141,26119
51095,51127
51101,51127
51097,51127
26031,26097
26095,26097
26033,26097
26141,26097
51097,51095
51199,51095
51073,51095
42085,42019
42005,42019
42121,42019
42031,42019
26069,26063
51033,51101
51097,51101
51097,51033
51179,51033
51057,51033
51099,51033
42039,42085
42121,42085
42111,24001
54065,24001
42009,24001
42057,24001
24043,24001
26141,26031
42009,42111
42021,42111
42039,39007
42049,39007
51043,51069
54065,51069
54003,51069
54037,51069
51179,51061
51043,51061
51153,51061
51107,51061
51073,51097
51057,51097
51119,51097
51099,51179
51153,51179
24017,51179
54003,51043
54037,51043
51107,51043
51073,51199
51115,51199
51131,51199
51119,51073
51115,51073
42063,42005
42031,42005
42065,42005
51099,51057
51119,51057
51159,51057
51193,51057
51103,51057
26001,26069
26001,26007
26141,26007
51193,51099
24017,51099
54003,54065
24043,54065
51107,51153
24017,51153
51059,51153
51159,51119
51115,51119
51103,51119
51131,51119
51001,51119
26033,26095
42121,42039
42049,42039
42123,42039
54037,54003
24043,54003
42021,42063
42065,42063
42033,42063
51193,51159
51103,51159
51133,51159
42021,42009
42057,42009
42013,42009
42061,42009
42031,42121
42053,42121
42123,42121
51107,54037
24043,54037
51131,51115
51001,51115
51059,51107
24043,51107
24031,51107
24021,51107
24017,51193
51133,51193
24037,51193
51133,51103
51001,51103
42065,42031
42053,42031
51059,24017
24037,24017
24033,24017
24009,24017
51013,51059
24031,51059
24033,51059
42013,42021
42033,42021
26141,26033
24037,51133
51001,51133
24039,51133
24043,42057
42055,42057
42061,42057
51001,51131
24021,24043
42055,24043
42123,42049
36013,42049
24031,51013
24009,24037
24039,24037
24019,24037
42053,42065
42033,42065
42047,42065
24021,24031
24033,24031
24027,24031
42123,42053
42047,42053
42061,42013
42033,42013
42027,42013
42055,24021
24027,24021
24013,24021
42001,24021
24009,24033
24027,24033
24003,24033
42061,42055
42001,42055
42041,42055
42067,42055
42099,42055
24003,24009
24019,24009
24041,24009
42047,42123
36013,42123
42083,42123
36009,42123
24039,51001
24047,51001
42087,42061
42027,42061
42067,42061
42047,42033
42027,42033
42023,42033
42035,42033
24003,24027
24013,24027
24005,24027
24019,24039
24045,24039
24047,24039
24041,24003
24005,24003
24035,24003
24029,24003
42001,24013
24005,24013
42133,24013
42083,42047
42023,42047
24041,24019
24045,24019
24011,24019
10005,24019
36009,36013
36029,36013
42041,42001
42133,42001
24035,24041
24011,24041
42099,42041
42133,42041
42043,42041
42133,24005
24029,24005
24025,24005
42027,42087
42067,42087
42109,42087
42119,42087
42035,42027
42119,42027
24047,24045
10005,24045
42023,42083
36009,42083
42105,42083
36003,42083
42099,42067
42043,42067
42109,42067
42097,42067
42035,42023
42105,42023
42043,42099
42097,42099
24011,24035
24029,24035
10001,24035
24025,42133
42043,42133
42071,42133
10005,24047
10005,24011
10001,24011
24025,24029
24015,24029
10001,24029
10003,24029
36029,36009
36003,36009
36121,36009
24015,24025
42071,24025
42105,42035
42119,42035
42081,42035
42071,42043
42075,42043
42097,42043
42107,42043
10001,10005
34009,10005
42119,42109
42097,42109
36003,42105
42081,42105
42117,42105
36101,42105
36121,36029
36063,36029
36037,36029
42071,24015
10003,24015
42029,24015
10003,10001
34033,10001
34011,10001
34009,10001
42097,42119
42081,42119
42075,42071
42029,42071
42011,42071
42107,42075
42011,42075
36121,36003
36101,36003
36051,36003
42029,10003
34033,10003
42045,10003
34015,10003
42081,42097
42093,42097
42107,42097
42037,42097
42093,42081
42117,42081
42037,42081
42113,42081
42015,42081
36037,36121
36051,36121
42037,42093
42011,42029
42045,42029
42091,42029
36101,42117
42015,42117
36015,42117
36037,36063
36073,36063
34011,34033
34015,34033
34009,34011
34015,34011
34001,34011
42011,42107
42037,42107
42077,42107
42079,42107
42025,42107
34001,34009
42091,42011
42077,42011
36051,36037
36073,36037
36055,36037
42113,42037
42079,42037
34015,42045
42091,42045
42101,42045
36051,36101
36015,36101
36097,36101
36069,36101
36123,36101
36069,36051
36055,36051
42101,34015
34007,34015
34001,34015
42079,42113
42015,42113
42131,42113
42101,42091
42077,42091
42017,42091
36055,36073
34007,42101
42017,42101
34005,42101
34001,34007
34005,34007
42025,42077
42017,42077
42095,42077
34005,34001
34029,34001
42025,42079
42131,42079
42089,42079
42069,42079
36015,42015
42131,42015
36107,42015
42115,42015
42095,42025
42089,42025
36097,36015
36107,36015
36109,36015
36123,36097
36099,36097
36109,36097
36123,36069
36055,36069
36099,36069
36117,36069
36099,36123
34005,42017
42095,42017
34021,42017
34019,42017
34041,42017
34021,34005
34029,34005
34025,34005
42069,42131
42115,42131
42089,42095
34041,42095
36117,36055
34019,34021
34035,34021
34023,34021
34025,34021
36109,36107
42115,36107
36007,36107
36023,36107
36109,36099
36117,36099
36011,36099
42069,42089
34041,42089
42103,42089
42127,42089
34037,42089
34041,34019
34035,34019
34027,34019
42115,42069
42127,42069
36011,36109
36023,36109
34025,34029
34027,34041
34037,34041
36007,42115
42127,42115
34023,34035
34027,34035
34039,34035
36011,36117
34025,34023
34039,34023
36085,34023
36023,36011
36067,36011
36075,36011
36045,36011
42127,36007
36023,36007
36017,36007
36025,36007
42127,42103
34037,42103
36105,42103
36071,42103
36105,42127
36025,42127
36085,34025
36081,34025
36067,36023
36017,36023
36053,36023
34039,34027
34037,34027
34013,34027
34031,34027
36085,34039
34013,34039
34017,34039
34031,34037
36071,34037
36075,36067
36053,36067
34017,36085
36047,36085
36081,36085
34017,34013
34031,34013
34003,34013
36053,36017
36025,36017
36077,36017
36047,34017
36061,34017
34003,34017
34003,34031
36071,34031
36087,34031
36061,36047
36081,36047
36025,36105
36071,36105
36111,36105
36081,36061
34003,36061
36005,36061
36053,36075
36065,36075
36045,36075
36049,36075
36005,36081
36059,36081
36005,34003
36087,34003
36119,34003
36077,36053
36065,36053
36077,36025
36111,36025
36095,36025
36039,36025
36087,36071
36111,36071
36079,36071
36027,36071
36059,36005
36119,36005
36119,36087
36079,36087
36119,36059
09001,36059
36103,36059
36065,36077
36095,36077
36057,36077
36043,36077
36079,36119
09001,36119
36049,36065
36043,36065
36049,36045
36089,36045
36027,36111
36039,36111
36021,36111
09001,36079
36027,36079
36027,09001
36103,09001
09009,09001
09005,09001
36039,36095
36057,36095
36001,36095
36093,36095
36021,36027
09005,36027
25003,36027
36043,36049
36089,36049
36001,36039
36021,36039
36083,36039
36043,36057
36035,36057
36093,36057
36091,36057
36035,36043
36041,36043
36089,36043
09009,36103
09007,36103
09011,36103
44009,36103
36041,36035
36091,36035
36021,36001
36093,36001
36091,36001
36083,36001
36083,36021
25003,36021
09005,09009
09007,09009
09003,09009
25003,09005
09003,09005
25013,09005
36091,36093
36089,36041
36091,36041
36113,36041
36033,36041
36031,36041
36033,36089
09003,09007
09011,09007
36083,36091
36113,36091
36115,36091
25003,36083
36115,36083
50003,36083
25013,25003
25015,25003
50003,25003
25011,25003
25013,09003
09011,09003
09013,09003
36115,36113
36031,36113
09013,25013
25015,25013
25027,25013
09013,09011
09015,09011
44009,09011
44003,09011
09015,09013
25027,09013
25011,25015
25027,25015
50003,36115
36031,36115
50021,36115
50001,36115
25011,50003
50025,50003
50021,50003
50027,50003
36031,36033
36019,36033
50025,25011
25027,25011
33005,25011
44003,09015
25027,09015
44007,09015
44003,44009
44005,44009
50001,36031
36019,36031
50007,36031
33005,50025
50027,50025
33019,50025
44007,44003
44005,44003
44001,44003
50001,50021
50027,50021
44007,25027
33005,25027
25021,25027
25017,25027
33011,25027
44001,44007
25005,44007
25021,44007
44001,44005
25005,44005
33019,33005
33011,33005
50027,50001
50007,50001
50023,50001
50017,50001
25005,44001
50007,36019
50013,36019
33019,50027
50017,50027
33009,50027
25007,25005
25021,25005
25023,25005
25001,25005
25019,25007
25001,25007
33011,33019
33013,33019
33009,33019
50013,50007
50023,50007
50011,50007
50015,50007
50011,50013
25017,25021
25025,25021
25023,25021
33011,25017
25025,25017
25009,25017
33013,33011
25009,33011
33015,33011
50017,50023
50015,50023
50005,50023
33009,50017
50005,50017
25023,25025
25009,25025
25001,25023
33009,33013
33015,33013
33001,33013
33017,33013
50015,50011
50019,50011
50005,50015
50019,50015
33015,25009
33001,33009
50005,33009
33003,33009
50009,33009
33007,33009
33017,33015
23031,33015
33017,33001
33003,33001
50019,50005
50009,50005
33003,33017
23031,33017
50009,50019
23031,33003
33007,33003
23017,33003
33007,50009
23005,23031
23017,23031
23017,33007
23017,23005
23001,23005
23023,23005
23001,23017
23007,23017
23023,23001
23007,23001
23011,23001
23015,23023
23011,23023
23011,23007
23025,23007
23011,23015
23013,23015
23027,23015
23025,23011
23027,23011
23027,23013
23009,23013
23027,23025
23021,23025
23019,23025
23003,23025
23009,23027
23019,23027
23019,23009
23029,23009
23019,23021
23003,23021
23029,23019
23003,23019
23003,23029
